# Blender 4.2.0
# www.blender.org
mtllib bottombun.mtl
o pain
v 1.036564 0.435852 -0.716834
v 1.128610 0.435852 -0.498533
v 1.139810 0.390782 -0.503480
v 1.046850 0.390783 -0.723948
v 1.180642 0.435853 -0.255460
v 1.192357 0.390782 -0.257995
v 1.148655 0.340160 -0.507388
v 1.054974 0.340160 -0.729566
v 1.201611 0.340160 -0.259997
v 0.891519 0.472947 -0.889374
v 1.026632 0.472947 -0.709966
v 0.900144 0.435852 -0.897977
v 1.117797 0.472947 -0.493757
v 1.169330 0.472947 -0.253012
v 1.185548 0.472947 -0.000000
v 1.197017 0.435852 -0.000000
v 1.208895 0.390783 -0.000000
v 1.218277 0.340160 -0.000000
v 1.222257 0.286408 -0.000000
v 1.205537 0.286409 -0.260846
v 1.152408 0.286408 -0.509045
v 1.058421 0.286408 -0.731950
v 0.916131 0.340160 -0.913926
v 0.919124 0.286408 -0.916912
v 0.909076 0.390783 -0.906888
v -0.251056 0.500170 1.152318
v -0.248898 0.517739 1.142412
v -0.485927 0.517738 1.093406
v -0.490140 0.500170 1.102887
v -0.245695 0.526395 1.127713
v -0.479675 0.526395 1.079338
v -0.699219 0.517738 1.005813
v -0.705282 0.500170 1.014535
v -0.690222 0.526395 0.992872
v 0.000000 0.472947 1.176965
v 0.000000 0.500170 1.167710
v -0.253046 0.472947 1.161451
v 0.000000 0.517739 1.157672
v 0.000000 0.526395 1.142777
v 0.000000 0.526882 1.118950
v -0.240573 0.526882 1.104201
v -0.469674 0.526882 1.056834
v -0.675832 0.526882 0.972171
v -0.847575 0.526882 0.845535
v -0.865623 0.526395 0.863539
v -0.876906 0.517739 0.874795
v -0.884509 0.500170 0.882380
v -0.710872 0.472947 1.022575
v -0.891519 0.472947 0.889374
v -0.494025 0.472947 1.111628
v -1.160135 0.500170 -0.251023
v -1.150162 0.517738 -0.248865
v -1.099474 0.517739 -0.485663
v -1.109007 0.500170 -0.489874
v -1.135363 0.526395 -0.245663
v -1.085327 0.526395 -0.479414
v -1.009804 0.517738 -0.698329
v -1.018560 0.500170 -0.704384
v -0.996811 0.526395 -0.689344
v -1.185548 0.472947 0.000000
v -1.176226 0.500170 0.000000
v -1.169330 0.472947 -0.253012
v -1.166115 0.517739 0.000000
v -1.151111 0.526395 0.000000
v -1.127110 0.526882 0.000000
v -1.111691 0.526882 -0.240541
v -1.062699 0.526882 -0.469419
v -0.976028 0.526882 -0.674971
v -0.847575 0.526882 -0.845535
v -0.865623 0.526395 -0.863539
v -0.876906 0.517739 -0.874795
v -0.884509 0.500170 -0.882380
v -1.026632 0.472947 -0.709966
v -0.891519 0.472947 -0.889374
v -1.117797 0.472947 -0.493757
v 0.251056 0.500170 -1.152318
v 0.248898 0.517738 -1.142412
v 0.485927 0.517738 -1.093406
v 0.490140 0.500170 -1.102887
v 0.245695 0.526395 -1.127713
v 0.479675 0.526395 -1.079337
v 0.699219 0.517738 -1.005813
v 0.705282 0.500170 -1.014535
v 0.690222 0.526395 -0.992872
v -0.000000 0.472947 -1.176965
v -0.000000 0.500170 -1.167710
v 0.253046 0.472947 -1.161451
v -0.000000 0.517739 -1.157672
v -0.000000 0.526395 -1.142777
v -0.000000 0.526882 -1.118950
v 0.240573 0.526882 -1.104201
v 0.469674 0.526882 -1.056834
v 0.675832 0.526882 -0.972171
v 0.847575 0.526882 -0.845535
v 0.865623 0.526395 -0.863539
v 0.876906 0.517739 -0.874795
v 0.884509 0.500170 -0.882380
v 0.710872 0.472947 -1.022575
v 0.494025 0.472947 -1.111628
v 0.284216 0.006069 -0.282305
v 0.276061 0.007137 -0.546841
v 0.533324 0.008170 -0.530395
v 0.550547 0.007137 -0.274561
v 0.265885 0.010035 -0.775917
v 0.510638 0.010971 -0.749416
v 0.753618 0.010971 -0.508640
v 0.781185 0.010034 -0.264890
v 0.714336 0.013470 -0.711361
v -0.000000 0.005763 0.000000
v -0.000000 0.005916 -0.285448
v 0.287529 0.005916 -0.000000
v -0.000000 0.006989 -0.553136
v -0.000000 0.009901 -0.785306
v -0.000000 0.015571 -0.964198
v 0.257096 0.015675 -0.952167
v 0.492310 0.016411 -0.916106
v 0.684017 0.018223 -0.858782
v 0.803864 0.020474 -0.801227
v 0.862490 0.018223 -0.682076
v 0.921279 0.016410 -0.491138
v 0.958637 0.015675 -0.256555
v 0.791033 0.009901 -0.000000
v 0.971229 0.015571 -0.000000
v 0.557170 0.006989 -0.000000
v -0.943818 0.520390 -0.653422
v -1.027277 0.520344 -0.454715
v -0.972986 0.509522 -0.437336
v -0.896213 0.509891 -0.625580
v -1.074498 0.520323 -0.233100
v -1.016731 0.509350 -0.224850
v -0.892922 0.497490 -0.421030
v -0.828716 0.498655 -0.595439
v -0.930689 0.496968 -0.217897
v -0.820025 0.520418 -0.818039
v -1.089382 0.520320 0.000000
v -1.030679 0.509325 0.000000
v -0.943130 0.496893 0.000000
v -0.818859 0.486018 0.000000
v -0.808478 0.486147 -0.214835
v -0.778631 0.487057 -0.413428
v -0.733054 0.489299 -0.579119
v -0.733197 0.499464 -0.731116
v -0.688283 0.492084 -0.686060
v -0.781633 0.510112 -0.779650
v 0.251617 0.061642 -1.151432
v 0.490955 0.061660 -1.102140
v 0.487863 0.040004 -1.077124
v 0.251036 0.039865 -1.124556
v 0.705847 0.061697 -1.014106
v 0.697150 0.040302 -0.992898
v 0.486228 0.025523 -1.021107
v 0.252390 0.025101 -1.064242
v 0.684697 0.026465 -0.946477
v -0.000000 0.092081 -1.178613
v 0.253400 0.092081 -1.163077
v -0.000000 0.061640 -1.166798
v 0.494717 0.092081 -1.113184
v 0.711867 0.092081 -1.024007
v 0.892767 0.092081 -0.890619
v 0.884562 0.061719 -0.882417
v 0.869061 0.040481 -0.866842
v 0.839241 0.027119 -0.836827
v -0.000000 0.025041 -1.078096
v -0.000000 0.039845 -1.139461
v -1.159244 0.061642 -0.251575
v -1.108260 0.061660 -0.490674
v -1.083126 0.040004 -0.487486
v -1.132187 0.039865 -0.250939
v -1.018139 0.061697 -0.704931
v -0.996914 0.040302 -0.696124
v -1.026844 0.025523 -0.485584
v -1.071470 0.025101 -0.252143
v -0.950455 0.026465 -0.683367
v -1.187208 0.092081 0.000000
v -1.170967 0.092081 -0.253366
v -1.175307 0.061640 0.000000
v -1.119362 0.092081 -0.494448
v -1.028069 0.092081 -0.710960
v -0.892767 0.092081 -0.890619
v -0.884562 0.061719 -0.882417
v -0.869061 0.040481 -0.866842
v -0.839241 0.027119 -0.836827
v -0.803864 0.020474 -0.801227
v -0.862490 0.018223 -0.682076
v -0.921279 0.016411 -0.491138
v -0.958637 0.015675 -0.256555
v -1.085958 0.025041 0.000000
v -0.971229 0.015571 0.000000
v -1.147770 0.039845 0.000000
v -0.251617 0.061642 1.151432
v -0.490955 0.061660 1.102140
v -0.487863 0.040004 1.077124
v -0.251036 0.039865 1.124556
v -0.705847 0.061697 1.014106
v -0.697150 0.040302 0.992898
v -0.486228 0.025523 1.021107
v -0.252390 0.025101 1.064242
v -0.684697 0.026465 0.946477
v 0.000000 0.092081 1.178612
v -0.253400 0.092081 1.163077
v 0.000000 0.061640 1.166799
v -0.494717 0.092081 1.113184
v -0.711867 0.092081 1.024007
v -0.892767 0.092081 0.890619
v -0.884562 0.061719 0.882417
v -0.869061 0.040481 0.866842
v -0.839241 0.027119 0.836827
v -0.803864 0.020474 0.801227
v -0.684017 0.018223 0.858782
v -0.492310 0.016411 0.916106
v -0.257096 0.015676 0.952167
v 0.000000 0.025041 1.078096
v 0.000000 0.015571 0.964198
v 0.000000 0.039845 1.139461
v 1.037877 0.132089 -0.717743
v 1.047838 0.179648 -0.724631
v 1.140885 0.179648 -0.503955
v 1.130041 0.132089 -0.499165
v 1.055501 0.232005 -0.729931
v 1.149230 0.232005 -0.507641
v 1.193483 0.179648 -0.258238
v 1.182138 0.132089 -0.255783
v 1.202212 0.232005 -0.260127
v 0.901285 0.132089 -0.899115
v 1.028069 0.092081 -0.710960
v 0.909934 0.179648 -0.907744
v 0.916589 0.232005 -0.914383
v 1.218886 0.232005 -0.000000
v 1.210036 0.179648 -0.000000
v 1.198534 0.132089 -0.000000
v 1.170967 0.092081 -0.253366
v 1.187208 0.092081 -0.000000
v 1.119362 0.092081 -0.494448
v -0.717748 0.435852 -1.032468
v -0.498804 0.435852 -1.122382
v -0.503754 0.390782 -1.133519
v -0.724871 0.390783 -1.042713
v -0.255494 0.435853 -1.172687
v -0.258029 0.390783 -1.184323
v -0.507663 0.340160 -1.142316
v -0.730496 0.340160 -1.050805
v -0.260031 0.340160 -1.193515
v -0.710872 0.472947 -1.022575
v -0.900144 0.435852 -0.897977
v -0.494025 0.472947 -1.111628
v -0.253046 0.472947 -1.161451
v -0.000000 0.435852 -1.188351
v -0.000000 0.390783 -1.200143
v -0.000000 0.340160 -1.209457
v -0.000000 0.286408 -1.213409
v -0.260881 0.286409 -1.197414
v -0.509322 0.286409 -1.146048
v -0.732883 0.286408 -1.054238
v -0.916131 0.340160 -0.913926
v -0.919124 0.286408 -0.916912
v -0.909076 0.390783 -0.906888
v -1.036564 0.435852 0.716834
v -1.128610 0.435852 0.498533
v -1.139810 0.390783 0.503480
v -1.046850 0.390783 0.723948
v -1.180642 0.435852 0.255460
v -1.192357 0.390783 0.257995
v -1.148655 0.340160 0.507388
v -1.054974 0.340160 0.729566
v -1.201611 0.340160 0.259997
v -1.026632 0.472947 0.709966
v -0.900144 0.435853 0.897977
v -1.117797 0.472947 0.493757
v -1.169330 0.472947 0.253012
v -1.197017 0.435852 0.000000
v -1.208895 0.390783 0.000000
v -1.218277 0.340160 0.000000
v -1.222257 0.286408 0.000000
v -1.205537 0.286409 0.260846
v -1.152408 0.286408 0.509045
v -1.058421 0.286408 0.731950
v -0.916131 0.340160 0.913926
v -0.919124 0.286408 0.916912
v -0.909076 0.390783 0.906888
v -1.074498 0.520323 0.233100
v -1.027277 0.520344 0.454715
v -0.972986 0.509522 0.437336
v -1.016731 0.509350 0.224850
v -0.943818 0.520390 0.653422
v -0.896213 0.509891 0.625580
v -0.892922 0.497490 0.421030
v -0.930689 0.496968 0.217897
v -0.828716 0.498655 0.595440
v -1.111692 0.526882 0.240541
v -1.062699 0.526882 0.469419
v -0.976028 0.526882 0.674971
v -0.820025 0.520418 0.818039
v -0.781633 0.510112 0.779650
v -0.733197 0.499464 0.731116
v -0.688283 0.492084 0.686060
v -0.733054 0.489300 0.579119
v -0.778631 0.487057 0.413428
v -0.808478 0.486148 0.214835
v 0.265885 0.010034 0.775918
v 0.276061 0.007137 0.546841
v 0.533324 0.008170 0.530395
v 0.510638 0.010970 0.749416
v 0.284216 0.006069 0.282305
v 0.550547 0.007137 0.274561
v 0.753618 0.010971 0.508640
v 0.714336 0.013470 0.711361
v 0.781185 0.010034 0.264890
v 0.000000 0.009901 0.785306
v 0.257096 0.015676 0.952167
v 0.000000 0.006989 0.553136
v 0.000000 0.005916 0.285448
v 0.958637 0.015676 0.256555
v 0.921279 0.016410 0.491138
v 0.862490 0.018223 0.682076
v 0.684017 0.018223 0.858782
v 0.803864 0.020474 0.801227
v 0.492310 0.016411 0.916106
v -0.714336 0.013470 0.711361
v -0.753618 0.010971 0.508640
v -0.533324 0.008170 0.530395
v -0.510638 0.010971 0.749416
v -0.781185 0.010034 0.264890
v -0.550547 0.007137 0.274561
v -0.276061 0.007137 0.546841
v -0.265885 0.010034 0.775917
v -0.284216 0.006069 0.282305
v -0.862490 0.018223 0.682076
v -0.921279 0.016411 0.491138
v -0.958637 0.015676 0.256555
v -0.791033 0.009901 0.000000
v -0.557170 0.006989 0.000000
v -0.287529 0.005917 0.000000
v 1.074498 0.520323 -0.233100
v 1.027277 0.520344 -0.454715
v 0.972986 0.509522 -0.437336
v 1.016731 0.509350 -0.224850
v 0.943818 0.520390 -0.653422
v 0.896213 0.509891 -0.625580
v 0.892922 0.497490 -0.421030
v 0.930689 0.496968 -0.217897
v 0.828716 0.498655 -0.595439
v 1.127110 0.526882 -0.000000
v 1.111692 0.526882 -0.240541
v 1.089382 0.520320 -0.000000
v 1.062699 0.526882 -0.469419
v 0.976028 0.526882 -0.674971
v 0.820025 0.520418 -0.818039
v 0.781633 0.510112 -0.779650
v 0.733197 0.499464 -0.731116
v 0.688283 0.492084 -0.686060
v 0.733054 0.489299 -0.579119
v 0.778631 0.487057 -0.413428
v 0.808478 0.486147 -0.214835
v 0.943130 0.496893 -0.000000
v 0.818859 0.486018 -0.000000
v 1.030679 0.509325 -0.000000
v 1.159244 0.061642 0.251575
v 1.108260 0.061660 0.490675
v 1.083126 0.040004 0.487486
v 1.132187 0.039865 0.250939
v 1.018139 0.061697 0.704931
v 0.996914 0.040302 0.696125
v 1.026844 0.025523 0.485584
v 1.071470 0.025101 0.252143
v 0.950455 0.026465 0.683367
v 1.170967 0.092081 0.253366
v 1.175307 0.061640 -0.000000
v 1.119362 0.092081 0.494448
v 1.028069 0.092081 0.710960
v 0.892767 0.092081 0.890619
v 0.884562 0.061719 0.882417
v 0.869061 0.040481 0.866842
v 0.839241 0.027119 0.836827
v 1.085958 0.025041 -0.000000
v 1.147770 0.039845 -0.000000
v 0.717749 0.435852 1.032467
v 0.498804 0.435852 1.122381
v 0.503754 0.390783 1.133519
v 0.724871 0.390782 1.042713
v 0.255494 0.435852 1.172686
v 0.258029 0.390783 1.184323
v 0.507663 0.340160 1.142316
v 0.730496 0.340160 1.050805
v 0.260031 0.340160 1.193514
v 0.891519 0.472947 0.889374
v 0.710872 0.472947 1.022575
v 0.900144 0.435852 0.897977
v 0.494025 0.472947 1.111627
v 0.253046 0.472947 1.161451
v 0.000000 0.435852 1.188351
v 0.000000 0.390783 1.200143
v 0.000000 0.340160 1.209457
v 0.000000 0.286409 1.213409
v 0.260881 0.286408 1.197414
v 0.509322 0.286409 1.146048
v 0.732883 0.286409 1.054238
v 0.916131 0.340160 0.913926
v 0.919124 0.286408 0.916912
v 0.909076 0.390783 0.906888
v 0.943818 0.520390 0.653422
v 1.027277 0.520344 0.454715
v 0.972986 0.509522 0.437336
v 0.896213 0.509890 0.625580
v 1.074498 0.520323 0.233100
v 1.016731 0.509350 0.224850
v 0.892922 0.497490 0.421030
v 0.828716 0.498655 0.595440
v 0.930689 0.496968 0.217897
v 0.847575 0.526882 0.845535
v 0.976028 0.526882 0.674971
v 0.820025 0.520418 0.818038
v 1.062699 0.526882 0.469419
v 1.111691 0.526882 0.240541
v 0.808478 0.486147 0.214835
v 0.778631 0.487057 0.413428
v 0.733054 0.489300 0.579119
v 0.733197 0.499464 0.731116
v 0.688283 0.492084 0.686060
v 0.781633 0.510112 0.779650
v -0.781185 0.010034 -0.264890
v -0.753618 0.010971 -0.508640
v -0.533324 0.008170 -0.530395
v -0.550547 0.007137 -0.274561
v -0.714336 0.013470 -0.711361
v -0.510638 0.010971 -0.749416
v -0.276061 0.007137 -0.546841
v -0.284216 0.006069 -0.282305
v -0.265885 0.010034 -0.775917
v -0.684017 0.018223 -0.858782
v -0.492311 0.016411 -0.916106
v -0.257096 0.015676 -0.952167
v 0.230020 0.474263 0.228474
v 0.224220 0.475584 0.445812
v 0.436230 0.476862 0.433843
v 0.448832 0.475584 0.223007
v 0.218153 0.479169 0.640938
v 0.421647 0.480327 0.620831
v 0.624302 0.480327 0.420017
v 0.645287 0.479169 0.217348
v 0.596611 0.483419 0.594152
v -0.000000 0.473884 0.000000
v -0.000000 0.474074 0.230903
v 0.232586 0.474074 -0.000000
v -0.000000 0.475401 0.450737
v -0.000000 0.479003 0.648436
v -0.000000 0.486018 0.812931
v 0.215273 0.486148 0.803024
v 0.414388 0.487057 0.774270
v 0.580734 0.489300 0.729930
v 0.653165 0.479003 -0.000000
v 0.454024 0.475401 -0.000000
v 0.218153 0.479169 -0.640938
v 0.224220 0.475584 -0.445812
v 0.436230 0.476862 -0.433843
v 0.421647 0.480327 -0.620831
v 0.230020 0.474263 -0.228474
v 0.448832 0.475584 -0.223007
v 0.624302 0.480327 -0.420017
v 0.596611 0.483419 -0.594152
v 0.645287 0.479169 -0.217348
v -0.000000 0.486018 -0.812931
v -0.000000 0.479003 -0.648436
v 0.215273 0.486147 -0.803024
v -0.000000 0.475401 -0.450737
v -0.000000 0.474074 -0.230903
v 0.580734 0.489300 -0.729930
v 0.414388 0.487057 -0.774270
v -0.596611 0.483419 -0.594152
v -0.624302 0.480327 -0.420017
v -0.436230 0.476862 -0.433843
v -0.421647 0.480327 -0.620831
v -0.645287 0.479169 -0.217348
v -0.448832 0.475584 -0.223007
v -0.224220 0.475584 -0.445812
v -0.218153 0.479169 -0.640938
v -0.230020 0.474263 -0.228474
v -0.580734 0.489300 -0.729930
v -0.653165 0.479003 0.000000
v -0.454024 0.475401 0.000000
v -0.232586 0.474074 0.000000
v -0.215273 0.486147 -0.803024
v -0.414388 0.487057 -0.774270
v -0.645287 0.479169 0.217348
v -0.624302 0.480327 0.420017
v -0.436230 0.476862 0.433843
v -0.448832 0.475584 0.223007
v -0.596611 0.483419 0.594152
v -0.421647 0.480327 0.620831
v -0.224220 0.475584 0.445812
v -0.230020 0.474263 0.228474
v -0.218153 0.479169 0.640938
v -0.580734 0.489300 0.729930
v -0.414388 0.487057 0.774270
v -0.215273 0.486147 0.803024
v -0.233137 0.520323 -1.067258
v -0.454974 0.520344 -1.021605
v -0.437664 0.509522 -0.967598
v -0.224931 0.509350 -1.009878
v -0.654269 0.520390 -0.940081
v -0.626490 0.509891 -0.892612
v -0.421567 0.497490 -0.887942
v -0.218099 0.496968 -0.924412
v -0.596572 0.498655 -0.825270
v -0.240573 0.526882 -1.104201
v -0.000000 0.520320 -1.081495
v -0.469674 0.526882 -1.056834
v -0.675832 0.526882 -0.972171
v -0.000000 0.496893 -0.936302
v -0.000000 0.509325 -1.023218
v 0.233137 0.520323 1.067257
v 0.454974 0.520344 1.021605
v 0.437664 0.509522 0.967598
v 0.224931 0.509350 1.009878
v 0.654269 0.520390 0.940081
v 0.626490 0.509891 0.892612
v 0.421567 0.497490 0.887942
v 0.218099 0.496968 0.924412
v 0.596572 0.498655 0.825270
v 0.240573 0.526882 1.104201
v 0.000000 0.520320 1.081495
v 0.469674 0.526882 1.056834
v 0.675832 0.526882 0.972171
v 0.000000 0.496893 0.936302
v 0.000000 0.509325 1.023217
v 0.654269 0.520390 -0.940081
v 0.454974 0.520344 -1.021605
v 0.437664 0.509522 -0.967598
v 0.626490 0.509891 -0.892612
v 0.233137 0.520323 -1.067258
v 0.224931 0.509350 -1.009878
v 0.421567 0.497490 -0.887943
v 0.596572 0.498655 -0.825270
v 0.218099 0.496968 -0.924412
v -0.654269 0.520390 0.940081
v -0.454974 0.520344 1.021605
v -0.437664 0.509522 0.967598
v -0.626490 0.509890 0.892612
v -0.233137 0.520323 1.067257
v -0.224931 0.509350 1.009878
v -0.421567 0.497490 0.887943
v -0.596572 0.498655 0.825270
v -0.218099 0.496968 0.924412
v 0.718658 0.132089 1.033776
v 0.725555 0.179648 1.043697
v 0.504229 0.179648 1.134589
v 0.499436 0.132089 1.123804
v 0.730862 0.232006 1.051331
v 0.507917 0.232005 1.142887
v 0.258272 0.179648 1.185441
v 0.255817 0.132089 1.174173
v 0.260161 0.232005 1.194111
v 0.901285 0.132089 0.899115
v 0.711867 0.092081 1.024007
v 0.909934 0.179648 0.907744
v 0.916589 0.232005 0.914383
v 0.000000 0.232005 1.210062
v 0.000000 0.179648 1.201276
v 0.000000 0.132089 1.189857
v 0.253400 0.092081 1.163077
v 0.494717 0.092081 1.113184
v -1.037877 0.132089 0.717743
v -1.047838 0.179648 0.724631
v -1.140885 0.179648 0.503955
v -1.130041 0.132089 0.499165
v -1.055501 0.232005 0.729931
v -1.149230 0.232005 0.507641
v -1.193483 0.179648 0.258238
v -1.182138 0.132089 0.255783
v -1.202212 0.232005 0.260127
v -0.901285 0.132089 0.899115
v -1.028069 0.092081 0.710960
v -0.909934 0.179648 0.907744
v -0.916589 0.232005 0.914383
v -1.218886 0.232005 0.000000
v -1.210036 0.179648 0.000000
v -1.198534 0.132089 0.000000
v -1.170967 0.092081 0.253366
v -1.119362 0.092081 0.494448
v -0.718658 0.132089 -1.033776
v -0.725555 0.179648 -1.043697
v -0.504229 0.179648 -1.134589
v -0.499436 0.132089 -1.123804
v -0.730862 0.232005 -1.051331
v -0.507917 0.232005 -1.142887
v -0.258272 0.179648 -1.185441
v -0.255817 0.132089 -1.174173
v -0.260161 0.232006 -1.194111
v -0.901285 0.132089 -0.899115
v -0.711867 0.092081 -1.024007
v -0.909934 0.179648 -0.907744
v -0.916589 0.232005 -0.914383
v -0.000000 0.232005 -1.210062
v -0.000000 0.179648 -1.201276
v -0.000000 0.132089 -1.189857
v -0.253400 0.092081 -1.163077
v -0.494717 0.092081 -1.113184
v 1.160135 0.500170 0.251023
v 1.150162 0.517738 0.248865
v 1.099474 0.517738 0.485663
v 1.109007 0.500170 0.489874
v 1.135363 0.526395 0.245663
v 1.085327 0.526395 0.479414
v 1.009804 0.517738 0.698329
v 1.018560 0.500170 0.704384
v 0.996811 0.526395 0.689343
v 1.176226 0.500170 -0.000000
v 1.169330 0.472947 0.253012
v 1.166115 0.517738 -0.000000
v 1.151111 0.526395 -0.000000
v 0.865623 0.526395 0.863539
v 0.876906 0.517739 0.874795
v 0.884509 0.500170 0.882380
v 1.026632 0.472947 0.709966
v 1.117797 0.472947 0.493757
v -0.684697 0.026465 -0.946477
v -0.697150 0.040302 -0.992898
v -0.487863 0.040004 -1.077124
v -0.486228 0.025523 -1.021107
v -0.705847 0.061697 -1.014106
v -0.490955 0.061660 -1.102140
v -0.251036 0.039865 -1.124556
v -0.252390 0.025101 -1.064242
v -0.251617 0.061642 -1.151432
v -0.950455 0.026465 0.683367
v -0.996914 0.040302 0.696125
v -1.083126 0.040004 0.487486
v -1.026844 0.025523 0.485584
v -1.018139 0.061697 0.704931
v -1.108260 0.061660 0.490675
v -1.132187 0.039865 0.250939
v -1.071470 0.025101 0.252143
v -1.159244 0.061642 0.251575
v 0.684697 0.026465 0.946477
v 0.697150 0.040302 0.992898
v 0.487863 0.040004 1.077123
v 0.486228 0.025524 1.021107
v 0.705847 0.061697 1.014106
v 0.490955 0.061660 1.102140
v 0.251036 0.039865 1.124556
v 0.252390 0.025101 1.064242
v 0.251617 0.061642 1.151432
v 1.202212 0.232005 0.260127
v 1.149230 0.232005 0.507641
v 1.140885 0.179648 0.503955
v 1.193483 0.179648 0.258238
v 1.055502 0.232005 0.729931
v 1.047838 0.179648 0.724631
v 1.130041 0.132089 0.499165
v 1.182138 0.132089 0.255783
v 1.037878 0.132089 0.717743
v 1.205537 0.286409 0.260846
v 1.152408 0.286408 0.509045
v 1.058421 0.286408 0.731950
v 0.950455 0.026465 -0.683367
v 0.996914 0.040302 -0.696124
v 1.083126 0.040004 -0.487486
v 1.026844 0.025523 -0.485584
v 1.018139 0.061697 -0.704931
v 1.108260 0.061660 -0.490674
v 1.132187 0.039865 -0.250939
v 1.071470 0.025101 -0.252143
v 1.159244 0.061642 -0.251575
v -0.260161 0.232005 1.194111
v -0.507917 0.232005 1.142887
v -0.504229 0.179648 1.134589
v -0.258272 0.179648 1.185441
v -0.730862 0.232005 1.051331
v -0.725555 0.179648 1.043697
v -0.499436 0.132089 1.123804
v -0.255817 0.132089 1.174173
v -0.718658 0.132089 1.033776
v -0.260881 0.286408 1.197414
v -0.509322 0.286409 1.146048
v -0.732883 0.286409 1.054238
v -1.202212 0.232005 -0.260127
v -1.149230 0.232005 -0.507641
v -1.140885 0.179648 -0.503955
v -1.193483 0.179648 -0.258238
v -1.055502 0.232005 -0.729931
v -1.047838 0.179648 -0.724631
v -1.130041 0.132089 -0.499165
v -1.182138 0.132089 -0.255783
v -1.037877 0.132089 -0.717743
v -1.205537 0.286408 -0.260846
v -1.152408 0.286408 -0.509045
v -1.058421 0.286409 -0.731950
v 0.260161 0.232005 -1.194111
v 0.507917 0.232005 -1.142887
v 0.504229 0.179648 -1.134589
v 0.258272 0.179648 -1.185441
v 0.730862 0.232005 -1.051331
v 0.725555 0.179648 -1.043697
v 0.499436 0.132089 -1.123804
v 0.255817 0.132089 -1.174173
v 0.718658 0.132089 -1.033776
v 0.260881 0.286408 -1.197414
v 0.509322 0.286409 -1.146048
v 0.732883 0.286409 -1.054238
v 1.201611 0.340160 0.259997
v 1.192357 0.390783 0.257995
v 1.139809 0.390783 0.503480
v 1.148655 0.340160 0.507388
v 1.180642 0.435852 0.255460
v 1.128610 0.435852 0.498533
v 1.046850 0.390783 0.723948
v 1.054974 0.340160 0.729566
v 1.036564 0.435852 0.716834
v 0.690223 0.526395 0.992872
v 0.479675 0.526395 1.079338
v 0.485927 0.517738 1.093406
v 0.699219 0.517738 1.005813
v 0.245695 0.526395 1.127713
v 0.248898 0.517738 1.142412
v 0.490140 0.500170 1.102887
v 0.705282 0.500170 1.014535
v 0.251056 0.500170 1.152318
v -0.996811 0.526395 0.689343
v -1.085327 0.526395 0.479414
v -1.099474 0.517738 0.485663
v -1.009804 0.517739 0.698329
v -1.135363 0.526395 0.245663
v -1.150162 0.517738 0.248865
v -1.109007 0.500170 0.489874
v -1.018560 0.500170 0.704384
v -1.160135 0.500170 0.251023
v -0.690222 0.526395 -0.992872
v -0.479675 0.526395 -1.079337
v -0.485927 0.517738 -1.093406
v -0.699219 0.517739 -1.005813
v -0.245695 0.526395 -1.127713
v -0.248898 0.517738 -1.142412
v -0.490140 0.500170 -1.102887
v -0.705282 0.500170 -1.014535
v -0.251056 0.500170 -1.152318
v 0.260031 0.340160 -1.193515
v 0.258029 0.390783 -1.184323
v 0.503754 0.390783 -1.133519
v 0.507663 0.340160 -1.142316
v 0.255494 0.435852 -1.172687
v 0.498804 0.435852 -1.122381
v 0.724871 0.390783 -1.042713
v 0.730496 0.340160 -1.050805
v 0.717748 0.435852 -1.032468
v -1.201611 0.340160 -0.259997
v -1.192357 0.390782 -0.257995
v -1.139809 0.390783 -0.503480
v -1.148655 0.340160 -0.507388
v -1.180642 0.435852 -0.255460
v -1.128610 0.435852 -0.498533
v -1.046850 0.390783 -0.723948
v -1.054974 0.340160 -0.729566
v -1.036564 0.435852 -0.716834
v -0.260031 0.340160 1.193514
v -0.258029 0.390783 1.184323
v -0.503754 0.390783 1.133519
v -0.507663 0.340160 1.142316
v -0.255494 0.435852 1.172686
v -0.498804 0.435852 1.122381
v -0.724871 0.390783 1.042713
v -0.730496 0.340160 1.050805
v -0.717748 0.435852 1.032467
v 0.996811 0.526395 -0.689343
v 1.085327 0.526395 -0.479414
v 1.099474 0.517738 -0.485663
v 1.009804 0.517738 -0.698329
v 1.135363 0.526395 -0.245663
v 1.150162 0.517738 -0.248865
v 1.109007 0.500170 -0.489874
v 1.018560 0.500170 -0.704384
v 1.160135 0.500170 -0.251023
vn 0.8439 0.2283 -0.4855
vn 0.8304 0.2871 -0.4775
vn 0.9153 0.2809 -0.2885
vn 0.9154 0.2810 -0.2882
vn 0.9296 0.2234 -0.2931
vn 0.9298 0.2234 -0.2925
vn 0.9155 0.2810 -0.2881
vn 0.9519 0.2765 -0.1317
vn 0.9664 0.2196 -0.1338
vn 0.8589 0.1340 -0.4944
vn 0.8439 0.2281 -0.4856
vn 0.9297 0.2232 -0.2931
vn 0.9454 0.1311 -0.2982
vn 0.8589 0.1339 -0.4944
vn 0.9456 0.1311 -0.2977
vn 0.9299 0.2232 -0.2925
vn 0.9823 0.1287 -0.1361
vn 0.9456 0.1310 -0.2977
vn 0.6734 0.2904 -0.6798
vn 0.6652 0.3265 -0.6715
vn 0.8201 0.3229 -0.4724
vn 0.8201 0.3230 -0.4724
vn 0.8300 0.2873 -0.4781
vn 0.6734 0.2903 -0.6798
vn 0.8303 0.2872 -0.4775
vn 0.8204 0.3229 -0.4718
vn 0.9049 0.3162 -0.2848
vn 0.9049 0.3162 -0.2849
vn 0.9153 0.2811 -0.2884
vn 0.8304 0.2872 -0.4775
vn 0.9414 0.3113 -0.1302
vn 0.9509 0.3095 -0.0000
vn 0.9615 0.2749 -0.0000
vn 0.9759 0.2184 -0.0000
vn 0.9918 0.1279 -0.0000
vn 0.9906 0.0062 -0.1369
vn 1.0000 0.0060 -0.0000
vn 0.9906 0.0062 -0.1370
vn 0.9538 0.0063 -0.3004
vn 0.9457 0.1307 -0.2977
vn 0.9823 0.1286 -0.1362
vn 0.9905 0.0062 -0.1374
vn 0.8666 0.0065 -0.4990
vn 0.8589 0.1337 -0.4944
vn 0.9455 0.1307 -0.2983
vn 0.9536 0.0063 -0.3010
vn 0.7037 0.0065 -0.7104
vn 0.6973 0.1352 -0.7039
vn 0.8586 0.1337 -0.4949
vn 0.8663 0.0065 -0.4995
vn 0.7037 0.0064 -0.7104
vn 0.6973 0.1354 -0.7039
vn 0.6848 0.2306 -0.6913
vn 0.8436 0.2281 -0.4861
vn 0.8586 0.1340 -0.4949
vn 0.6847 0.2308 -0.6913
vn 0.6734 0.2903 -0.6799
vn 0.8300 0.2872 -0.4781
vn 0.8435 0.2283 -0.4861
vn -0.2658 0.4176 0.8689
vn -0.1208 0.4117 0.9033
vn -0.0943 0.7005 0.7074
vn -0.2071 0.7046 0.6787
vn -0.2070 0.7050 0.6783
vn -0.0942 0.7009 0.7070
vn -0.0361 0.9602 0.2771
vn -0.0796 0.9605 0.2667
vn -0.4437 0.4258 0.7886
vn -0.2662 0.4176 0.8688
vn -0.2073 0.7046 0.6787
vn -0.3447 0.7101 0.6139
vn -0.3445 0.7105 0.6135
vn -0.2071 0.7050 0.6783
vn -0.0798 0.9605 0.2667
vn -0.0797 0.9605 0.2667
vn -0.1340 0.9610 0.2420
vn -0.1257 0.3093 0.9426
vn -0.0000 0.3075 0.9515
vn -0.0002 0.4092 0.9124
vn -0.1204 0.4113 0.9035
vn -0.1204 0.4118 0.9033
vn -0.0002 0.4098 0.9122
vn -0.0001 0.6993 0.7149
vn -0.0942 0.7005 0.7074
vn -0.0941 0.7009 0.7070
vn -0.0000 0.6997 0.7144
vn -0.0000 0.9602 0.2793
vn -0.0360 0.9602 0.2771
vn -0.0360 0.9603 0.2765
vn -0.0000 0.9604 0.2787
vn -0.0000 0.9974 -0.0726
vn -0.0000 0.9974 -0.0727
vn 0.0097 0.9974 -0.0711
vn -0.0359 0.9603 0.2765
vn -0.0795 0.9607 0.2661
vn 0.0208 0.9976 -0.0663
vn -0.1337 0.9612 0.2414
vn 0.0330 0.9978 -0.0576
vn -0.1936 0.9614 0.1958
vn 0.0452 0.9979 -0.0456
vn -0.4929 0.7134 0.4981
vn -0.3447 0.7105 0.6135
vn -0.1341 0.9610 0.2419
vn -0.1939 0.9612 0.1963
vn -0.6348 0.4305 0.6416
vn -0.4441 0.4258 0.7883
vn -0.3449 0.7101 0.6138
vn -0.4931 0.7130 0.4985
vn -0.6648 0.3265 0.6719
vn -0.4645 0.3221 0.8249
vn -0.4442 0.4254 0.7885
vn -0.6350 0.4301 0.6417
vn -0.4639 0.3221 0.8253
vn -0.2776 0.3146 0.9077
vn -0.2663 0.4172 0.8689
vn -0.4437 0.4254 0.7887
vn -0.1208 0.4113 0.9035
vn -0.2658 0.4172 0.8691
vn -0.8659 0.4195 -0.2725
vn -0.9017 0.4140 -0.1251
vn -0.7051 0.7023 -0.0975
vn -0.7051 0.7024 -0.0975
vn -0.6755 0.7062 -0.2122
vn -0.8659 0.4195 -0.2726
vn -0.6750 0.7067 -0.2121
vn -0.7046 0.7028 -0.0974
vn -0.2756 0.9605 -0.0373
vn -0.2649 0.9608 -0.0816
vn -0.7838 0.4269 -0.4511
vn -0.8657 0.4196 -0.2730
vn -0.6754 0.7062 -0.2124
vn -0.6096 0.7111 -0.3502
vn -0.6092 0.7116 -0.3500
vn -0.6750 0.7067 -0.2122
vn -0.2649 0.9608 -0.0818
vn -0.2399 0.9612 -0.1361
vn -0.9414 0.3113 -0.1302
vn -0.9509 0.3095 -0.0000
vn -0.9114 0.4115 -0.0002
vn -0.9019 0.4134 -0.1247
vn -0.9017 0.4140 -0.1247
vn -0.9112 0.4120 -0.0002
vn -0.7129 0.7013 -0.0001
vn -0.7051 0.7024 -0.0973
vn -0.7047 0.7028 -0.0973
vn -0.7125 0.7017 -0.0000
vn -0.2781 0.9605 -0.0000
vn -0.2756 0.9605 -0.0372
vn -0.2750 0.9607 -0.0372
vn -0.2775 0.9607 -0.0000
vn 0.0717 0.9974 -0.0000
vn 0.0720 0.9974 -0.0000
vn 0.0703 0.9975 0.0100
vn -0.2643 0.9610 -0.0815
vn 0.0705 0.9975 0.0100
vn 0.0657 0.9976 0.0212
vn -0.2393 0.9614 -0.1358
vn 0.0655 0.9976 0.0211
vn 0.0571 0.9978 0.0334
vn -0.2393 0.9614 -0.1359
vn -0.1936 0.9613 -0.1958
vn 0.0452 0.9979 0.0456
vn -0.4930 0.7134 -0.4980
vn -0.6092 0.7116 -0.3501
vn -0.2398 0.9612 -0.1362
vn -0.1941 0.9612 -0.1961
vn -0.6352 0.4305 -0.6412
vn -0.7835 0.4269 -0.4515
vn -0.6095 0.7111 -0.3504
vn -0.4934 0.7130 -0.4983
vn -0.6352 0.4305 -0.6413
vn -0.6652 0.3265 -0.6715
vn -0.8201 0.3230 -0.4724
vn -0.7837 0.4265 -0.4516
vn -0.6353 0.4301 -0.6414
vn -0.8204 0.3230 -0.4718
vn -0.9049 0.3162 -0.2848
vn -0.8659 0.4191 -0.2730
vn -0.8659 0.4191 -0.2731
vn -0.7839 0.4265 -0.4511
vn -0.9019 0.4134 -0.1251
vn -0.9019 0.4135 -0.1251
vn -0.8661 0.4191 -0.2726
vn 0.2657 0.4177 -0.8689
vn 0.1208 0.4118 -0.9033
vn 0.0943 0.7005 -0.7074
vn 0.2071 0.7046 -0.6787
vn 0.2658 0.4176 -0.8689
vn 0.2070 0.7050 -0.6783
vn 0.0942 0.7010 -0.7070
vn 0.0361 0.9602 -0.2771
vn 0.0796 0.9605 -0.2667
vn 0.4438 0.4258 -0.7885
vn 0.2662 0.4176 -0.8688
vn 0.2073 0.7046 -0.6787
vn 0.3447 0.7101 -0.6139
vn 0.4437 0.4258 -0.7885
vn 0.3445 0.7106 -0.6135
vn 0.2071 0.7050 -0.6783
vn 0.0797 0.9605 -0.2667
vn 0.1340 0.9610 -0.2420
vn 0.3445 0.7105 -0.6135
vn 0.1257 0.3093 -0.9426
vn -0.0000 0.3075 -0.9515
vn 0.0002 0.4092 -0.9124
vn 0.1204 0.4113 -0.9035
vn 0.1204 0.4118 -0.9033
vn 0.0002 0.4098 -0.9122
vn 0.0001 0.6993 -0.7149
vn 0.0001 0.6993 -0.7148
vn 0.0942 0.7005 -0.7075
vn 0.1204 0.4117 -0.9033
vn 0.0941 0.7009 -0.7070
vn -0.0000 0.6997 -0.7144
vn -0.0000 0.9602 -0.2793
vn 0.0001 0.9602 -0.2793
vn 0.0360 0.9602 -0.2771
vn 0.0941 0.7010 -0.7070
vn 0.0360 0.9603 -0.2765
vn -0.0000 0.9604 -0.2787
vn -0.0000 0.9974 0.0726
vn -0.0000 0.9974 0.0727
vn -0.0097 0.9974 0.0711
vn 0.0359 0.9603 -0.2765
vn 0.0795 0.9607 -0.2661
vn -0.0208 0.9976 0.0663
vn 0.1338 0.9612 -0.2414
vn -0.0330 0.9978 0.0576
vn 0.1337 0.9612 -0.2414
vn 0.1936 0.9614 -0.1958
vn -0.0452 0.9979 0.0456
vn 0.4929 0.7134 -0.4981
vn 0.3447 0.7105 -0.6135
vn 0.1341 0.9610 -0.2419
vn 0.1939 0.9612 -0.1963
vn 0.6348 0.4305 -0.6416
vn 0.4441 0.4258 -0.7883
vn 0.3449 0.7101 -0.6138
vn 0.4931 0.7130 -0.4985
vn 0.6648 0.3265 -0.6719
vn 0.4645 0.3221 -0.8249
vn 0.4443 0.4254 -0.7884
vn 0.4443 0.4254 -0.7885
vn 0.6350 0.4301 -0.6417
vn 0.4639 0.3221 -0.8253
vn 0.2776 0.3146 -0.9077
vn 0.2663 0.4172 -0.8689
vn 0.4438 0.4254 -0.7887
vn 0.1208 0.4113 -0.9035
vn 0.2658 0.4172 -0.8691
vn 0.0085 -1.0000 -0.0027
vn 0.0024 -1.0000 -0.0025
vn 0.0027 -1.0000 -0.0086
vn 0.0093 -0.9999 -0.0094
vn 0.0027 -1.0000 -0.0087
vn 0.0039 -0.9997 -0.0229
vn 0.0119 -0.9996 -0.0243
vn 0.0227 -0.9997 -0.0040
vn 0.0241 -0.9996 -0.0120
vn 0.0270 -0.9993 -0.0272
vn 0.0022 -1.0000 -0.0000
vn -0.0000 -1.0000 -0.0000
vn -0.0000 -1.0000 -0.0022
vn -0.0000 -1.0000 -0.0023
vn 0.0023 -1.0000 -0.0024
vn -0.0000 -1.0000 -0.0084
vn -0.0000 -0.9997 -0.0225
vn -0.0000 -0.9983 -0.0584
vn 0.0080 -0.9982 -0.0595
vn 0.0211 -0.9978 -0.0625
vn 0.0425 -0.9968 -0.0677
vn 0.0672 -0.9968 -0.0431
vn 0.0666 -0.9955 -0.0673
vn 0.0621 -0.9978 -0.0215
vn 0.0591 -0.9982 -0.0082
vn 0.0581 -0.9983 -0.0000
vn 0.0223 -0.9998 -0.0000
vn 0.0083 -1.0000 -0.0000
vn 0.0023 -1.0000 -0.0000
vn 0.0024 -1.0000 -0.0023
vn 0.0084 -1.0000 -0.0027
vn 0.0082 -1.0000 -0.0000
vn 0.1477 0.9854 0.0843
vn 0.1522 0.9845 0.0870
vn 0.1690 0.9842 0.0526
vn 0.1599 0.9859 0.0495
vn 0.1760 0.9841 0.0240
vn 0.1633 0.9863 0.0220
vn 0.1116 0.9917 0.0639
vn 0.1156 0.9926 0.0362
vn 0.1158 0.9932 0.0155
vn 0.1225 0.9847 0.1238
vn 0.0455 0.9979 0.0458
vn 0.0574 0.9978 0.0336
vn 0.0574 0.9978 0.0335
vn 0.0660 0.9976 0.0213
vn 0.0660 0.9976 0.0214
vn 0.0660 0.9976 0.0212
vn 0.0708 0.9974 0.0101
vn 0.0708 0.9974 0.0100
vn 0.0723 0.9974 -0.0000
vn 0.0724 0.9974 -0.0000
vn 0.1777 0.9841 -0.0000
vn 0.1637 0.9865 -0.0000
vn 0.1154 0.9933 -0.0000
vn 0.0663 0.9978 0.0093
vn 0.0658 0.9978 -0.0000
vn 0.0675 0.9974 0.0234
vn 0.0685 0.9967 0.0440
vn 0.0660 0.9956 0.0667
vn 0.0943 0.9910 0.0952
vn 0.1205 0.9852 0.1218
vn 0.0600 -0.8894 -0.4532
vn 0.1057 -0.5809 -0.8071
vn 0.2375 -0.5670 -0.7887
vn 0.1400 -0.8770 -0.4596
vn 0.1402 -0.8770 -0.4595
vn 0.2376 -0.5670 -0.7887
vn 0.4063 -0.5512 -0.7288
vn 0.2493 -0.8606 -0.4440
vn 0.0217 -0.9859 -0.1660
vn 0.0599 -0.8897 -0.4526
vn 0.1399 -0.8773 -0.4590
vn 0.1399 -0.8774 -0.4590
vn 0.0534 -0.9834 -0.1732
vn 0.0217 -0.9859 -0.1661
vn 0.1400 -0.8773 -0.4590
vn 0.2491 -0.8610 -0.4435
vn 0.1006 -0.9791 -0.1768
vn 0.0536 -0.9834 -0.1735
vn 0.0001 -0.5855 -0.8107
vn -0.0000 -0.3156 -0.9489
vn 0.1250 -0.3158 -0.9406
vn 0.1056 -0.5803 -0.8075
vn 0.1058 -0.5803 -0.8075
vn 0.2763 -0.3171 -0.9072
vn 0.2765 -0.3170 -0.9072
vn 0.2375 -0.5665 -0.7891
vn 0.1058 -0.5804 -0.8075
vn 0.2378 -0.5665 -0.7890
vn 0.2769 -0.3171 -0.9071
vn 0.4637 -0.3198 -0.8262
vn 0.4064 -0.5506 -0.7291
vn 0.4067 -0.5506 -0.7289
vn 0.4643 -0.3198 -0.8259
vn 0.6658 -0.3222 -0.6730
vn 0.5903 -0.5439 -0.5965
vn 0.4067 -0.5507 -0.7290
vn 0.2495 -0.8606 -0.4439
vn 0.4065 -0.5511 -0.7287
vn 0.5901 -0.5443 -0.5963
vn 0.3684 -0.8518 -0.3724
vn 0.2496 -0.8606 -0.4439
vn 0.1009 -0.9790 -0.1770
vn 0.2492 -0.8610 -0.4434
vn 0.3680 -0.8522 -0.3720
vn 0.3681 -0.8522 -0.3719
vn 0.1536 -0.9759 -0.1553
vn 0.1006 -0.9791 -0.1767
vn 0.1532 -0.9760 -0.1548
vn 0.1535 -0.9759 -0.1550
vn 0.1004 -0.9792 -0.1766
vn 0.1004 -0.9792 -0.1765
vn 0.0534 -0.9835 -0.1731
vn -0.0000 -0.9866 -0.1630
vn -0.0000 -0.8940 -0.4481
vn 0.0598 -0.8897 -0.4526
vn -0.0000 -0.8937 -0.4487
vn -0.0000 -0.5861 -0.8103
vn 0.1056 -0.5809 -0.8071
vn 0.0599 -0.8894 -0.4532
vn 0.0001 -0.8937 -0.4487
vn -0.4512 -0.8903 -0.0620
vn -0.8052 -0.5828 -0.1095
vn -0.7857 -0.5686 -0.2436
vn -0.4573 -0.8777 -0.1435
vn -0.4572 -0.8777 -0.1437
vn -0.7857 -0.5686 -0.2437
vn -0.7243 -0.5520 -0.4132
vn -0.7243 -0.5519 -0.4132
vn -0.4410 -0.8610 -0.2534
vn -0.1650 -0.9860 -0.0224
vn -0.4506 -0.8906 -0.0619
vn -0.4567 -0.8780 -0.1434
vn -0.1722 -0.9835 -0.0546
vn -0.1723 -0.9835 -0.0546
vn -0.4567 -0.8780 -0.1435
vn -0.4405 -0.8613 -0.2532
vn -0.1756 -0.9791 -0.1022
vn -0.1725 -0.9835 -0.0548
vn -0.8091 -0.5877 -0.0001
vn -0.9482 -0.3176 -0.0000
vn -0.9393 -0.3177 -0.1294
vn -0.8056 -0.5823 -0.1094
vn -0.8091 -0.5876 -0.0001
vn -0.8055 -0.5823 -0.1096
vn -0.9045 -0.3187 -0.2835
vn -0.9045 -0.3186 -0.2835
vn -0.7861 -0.5680 -0.2437
vn -0.7860 -0.5680 -0.2439
vn -0.9043 -0.3187 -0.2841
vn -0.8214 -0.3207 -0.4716
vn -0.7246 -0.5514 -0.4133
vn -0.7860 -0.5681 -0.2439
vn -0.7245 -0.5514 -0.4136
vn -0.8211 -0.3207 -0.4722
vn -0.6662 -0.3222 -0.6726
vn -0.5905 -0.5438 -0.5963
vn -0.4409 -0.8610 -0.2537
vn -0.7242 -0.5520 -0.4134
vn -0.5903 -0.5443 -0.5961
vn -0.3686 -0.8518 -0.3722
vn -0.1758 -0.9791 -0.1025
vn -0.4404 -0.8613 -0.2533
vn -0.3682 -0.8522 -0.3719
vn -0.3682 -0.8522 -0.3718
vn -0.1536 -0.9759 -0.1550
vn -0.0672 -0.9968 -0.0431
vn -0.1533 -0.9760 -0.1547
vn -0.1535 -0.9759 -0.1550
vn -0.0666 -0.9955 -0.0673
vn -0.0621 -0.9978 -0.0215
vn -0.1753 -0.9792 -0.1020
vn -0.0591 -0.9982 -0.0082
vn -0.1719 -0.9836 -0.0545
vn -0.1722 -0.9836 -0.0546
vn -0.0581 -0.9983 -0.0000
vn -0.1620 -0.9868 -0.0000
vn -0.4461 -0.8950 -0.0000
vn -0.4506 -0.8906 -0.0618
vn -0.4467 -0.8947 -0.0000
vn -0.8087 -0.5882 -0.0001
vn -0.8052 -0.5828 -0.1094
vn -0.8052 -0.5829 -0.1094
vn -0.4512 -0.8903 -0.0619
vn -0.4467 -0.8947 -0.0001
vn -0.0600 -0.8894 0.4532
vn -0.1057 -0.5809 0.8071
vn -0.2375 -0.5670 0.7887
vn -0.1400 -0.8770 0.4596
vn -0.1402 -0.8770 0.4595
vn -0.2376 -0.5670 0.7887
vn -0.4063 -0.5512 0.7288
vn -0.2493 -0.8606 0.4440
vn -0.0217 -0.9859 0.1660
vn -0.0599 -0.8897 0.4526
vn -0.1399 -0.8773 0.4590
vn -0.1399 -0.8774 0.4590
vn -0.0534 -0.9834 0.1732
vn -0.0217 -0.9859 0.1661
vn -0.1400 -0.8773 0.4590
vn -0.2491 -0.8610 0.4435
vn -0.1006 -0.9791 0.1768
vn -0.0536 -0.9834 0.1735
vn -0.0001 -0.5855 0.8107
vn -0.0000 -0.3156 0.9489
vn -0.1250 -0.3158 0.9406
vn -0.1057 -0.5803 0.8075
vn -0.1058 -0.5803 0.8075
vn -0.2763 -0.3171 0.9072
vn -0.2765 -0.3170 0.9072
vn -0.2375 -0.5665 0.7891
vn -0.1058 -0.5804 0.8075
vn -0.2378 -0.5665 0.7890
vn -0.2769 -0.3171 0.9071
vn -0.4637 -0.3198 0.8262
vn -0.4064 -0.5506 0.7291
vn -0.4067 -0.5506 0.7289
vn -0.4643 -0.3198 0.8259
vn -0.6658 -0.3222 0.6730
vn -0.5903 -0.5439 0.5965
vn -0.4067 -0.5507 0.7290
vn -0.2495 -0.8606 0.4439
vn -0.4065 -0.5511 0.7287
vn -0.5901 -0.5443 0.5963
vn -0.3684 -0.8518 0.3724
vn -0.2496 -0.8606 0.4439
vn -0.1009 -0.9790 0.1770
vn -0.2492 -0.8610 0.4434
vn -0.3680 -0.8522 0.3720
vn -0.3681 -0.8522 0.3719
vn -0.1536 -0.9759 0.1553
vn -0.0425 -0.9968 0.0677
vn -0.1006 -0.9791 0.1767
vn -0.1532 -0.9760 0.1548
vn -0.1535 -0.9759 0.1550
vn -0.0666 -0.9955 0.0673
vn -0.0211 -0.9978 0.0625
vn -0.1004 -0.9792 0.1766
vn -0.1004 -0.9792 0.1765
vn -0.0080 -0.9982 0.0595
vn -0.0533 -0.9835 0.1729
vn -0.0000 -0.9983 0.0584
vn -0.0000 -0.9866 0.1630
vn -0.0000 -0.8940 0.4481
vn -0.0598 -0.8897 0.4526
vn -0.0001 -0.8937 0.4487
vn -0.0000 -0.5860 0.8103
vn -0.1056 -0.5809 0.8071
vn -0.0599 -0.8894 0.4532
vn 0.9212 -0.2593 -0.2901
vn 0.8359 -0.2649 -0.4807
vn 0.8474 -0.2100 -0.4876
vn 0.9334 -0.2054 -0.2943
vn 0.9212 -0.2593 -0.2900
vn 0.9334 -0.2052 -0.2943
vn 0.8475 -0.2098 -0.4876
vn 0.8604 -0.1195 -0.4953
vn 0.8604 -0.1196 -0.4953
vn 0.9471 -0.1170 -0.2988
vn 0.9578 -0.2550 -0.1325
vn 0.9213 -0.2593 -0.2899
vn 0.9336 -0.2054 -0.2937
vn 0.9702 -0.2019 -0.1343
vn 0.9336 -0.2052 -0.2937
vn 0.9473 -0.1170 -0.2982
vn 0.9840 -0.1148 -0.1363
vn 0.8212 -0.3205 -0.4722
vn 0.6663 -0.3220 -0.6726
vn 0.6780 -0.2680 -0.6844
vn 0.8355 -0.2651 -0.4813
vn 0.8355 -0.2649 -0.4813
vn 0.6780 -0.2680 -0.6845
vn 0.6877 -0.2123 -0.6943
vn 0.8471 -0.2100 -0.4882
vn 0.8355 -0.2650 -0.4813
vn 0.8472 -0.2098 -0.4882
vn 0.6877 -0.2121 -0.6943
vn 0.6986 -0.1209 -0.7052
vn 0.8601 -0.1195 -0.4959
vn 0.8602 -0.1193 -0.4959
vn 0.6986 -0.1207 -0.7053
vn 0.7038 0.0061 -0.7104
vn 0.7037 0.0062 -0.7104
vn 0.8663 0.0061 -0.4995
vn 0.9472 -0.1166 -0.2988
vn 0.8605 -0.1193 -0.4954
vn 0.8666 0.0061 -0.4990
vn 0.9536 0.0059 -0.3010
vn 0.9473 -0.1166 -0.2982
vn 0.9538 0.0059 -0.3004
vn 0.9905 0.0058 -0.1375
vn 0.9935 -0.1142 -0.0000
vn 0.9906 0.0058 -0.1370
vn 0.9796 -0.2007 -0.0000
vn 0.9673 -0.2536 -0.0000
vn 0.9797 -0.2007 -0.0000
vn 0.9482 -0.3176 -0.0000
vn 0.9393 -0.3177 -0.1294
vn 0.9046 -0.3184 -0.2835
vn 0.9044 -0.3184 -0.2841
vn 0.8215 -0.3205 -0.4716
vn 0.8359 -0.2651 -0.4807
vn -0.4774 0.2276 -0.8487
vn -0.4696 0.2862 -0.8352
vn -0.2809 0.2795 -0.9181
vn -0.2856 0.2222 -0.9322
vn -0.2850 0.2222 -0.9324
vn -0.2808 0.2795 -0.9182
vn -0.1271 0.2747 -0.9531
vn -0.1291 0.2182 -0.9673
vn -0.2852 0.2221 -0.9324
vn -0.4860 0.1336 -0.8637
vn -0.4774 0.2274 -0.8487
vn -0.2856 0.2220 -0.9323
vn -0.2906 0.1303 -0.9479
vn -0.2900 0.1303 -0.9481
vn -0.2850 0.2220 -0.9325
vn -0.1313 0.1278 -0.9831
vn -0.6730 0.2903 -0.6803
vn -0.6648 0.3265 -0.6719
vn -0.4645 0.3221 -0.8249
vn -0.4702 0.2864 -0.8348
vn -0.4696 0.2863 -0.8351
vn -0.4639 0.3220 -0.8253
vn -0.2776 0.3146 -0.9077
vn -0.2808 0.2795 -0.9181
vn -0.1257 0.3093 -0.9426
vn -0.0000 0.2731 -0.9620
vn -0.0000 0.2169 -0.9762
vn -0.0000 0.1271 -0.9919
vn -0.1321 0.0062 -0.9912
vn -0.0000 0.0060 -1.0000
vn -0.2926 0.0063 -0.9562
vn -0.2900 0.1299 -0.9482
vn -0.1326 0.0062 -0.9911
vn -0.4905 0.0065 -0.8714
vn -0.4861 0.1333 -0.8637
vn -0.2906 0.1299 -0.9480
vn -0.2906 0.1300 -0.9480
vn -0.2932 0.0063 -0.9560
vn -0.7033 0.0065 -0.7108
vn -0.6969 0.1352 -0.7043
vn -0.4866 0.1333 -0.8634
vn -0.4911 0.0065 -0.8711
vn -0.7033 0.0064 -0.7108
vn -0.6969 0.1354 -0.7043
vn -0.6843 0.2306 -0.6918
vn -0.4780 0.2274 -0.8484
vn -0.4866 0.1335 -0.8634
vn -0.6843 0.2308 -0.6917
vn -0.6730 0.2902 -0.6804
vn -0.4702 0.2862 -0.8349
vn -0.4779 0.2276 -0.8484
vn -0.8439 0.2283 0.4855
vn -0.8304 0.2871 0.4775
vn -0.9153 0.2809 0.2885
vn -0.9154 0.2810 0.2882
vn -0.9296 0.2234 0.2931
vn -0.9298 0.2234 0.2926
vn -0.9519 0.2765 0.1317
vn -0.9664 0.2196 0.1338
vn -0.8589 0.1339 0.4944
vn -0.8439 0.2281 0.4856
vn -0.9297 0.2232 0.2931
vn -0.9454 0.1311 0.2982
vn -0.9456 0.1311 0.2977
vn -0.9299 0.2232 0.2925
vn -0.9823 0.1287 0.1361
vn -0.6734 0.2904 0.6798
vn -0.6652 0.3265 0.6715
vn -0.8201 0.3230 0.4724
vn -0.8300 0.2873 0.4781
vn -0.6734 0.2903 0.6798
vn -0.8303 0.2872 0.4775
vn -0.8204 0.3229 0.4718
vn -0.9049 0.3162 0.2848
vn -0.9049 0.3162 0.2849
vn -0.9153 0.2811 0.2884
vn -0.8304 0.2872 0.4775
vn -0.9414 0.3113 0.1302
vn -0.9155 0.2810 0.2880
vn -0.9615 0.2749 -0.0000
vn -0.9759 0.2184 -0.0000
vn -0.9823 0.1288 0.1360
vn -0.9918 0.1279 -0.0000
vn -0.9906 0.0062 0.1369
vn -1.0000 0.0060 -0.0000
vn -0.9906 0.0062 0.1370
vn -0.9538 0.0063 0.3004
vn -0.9457 0.1307 0.2977
vn -0.9823 0.1286 0.1362
vn -0.9905 0.0062 0.1374
vn -0.8666 0.0065 0.4990
vn -0.8589 0.1337 0.4944
vn -0.9455 0.1307 0.2983
vn -0.9536 0.0063 0.3010
vn -0.7037 0.0065 0.7104
vn -0.6973 0.1352 0.7039
vn -0.8586 0.1337 0.4949
vn -0.8663 0.0065 0.4995
vn -0.7037 0.0064 0.7104
vn -0.6973 0.1354 0.7039
vn -0.6848 0.2306 0.6913
vn -0.8436 0.2281 0.4861
vn -0.8586 0.1340 0.4949
vn -0.6847 0.2308 0.6913
vn -0.6734 0.2903 0.6799
vn -0.8300 0.2871 0.4781
vn -0.8300 0.2872 0.4781
vn -0.8435 0.2283 0.4861
vn 0.1633 0.9863 -0.0220
vn 0.1760 0.9841 -0.0240
vn 0.1690 0.9842 -0.0526
vn 0.1599 0.9859 -0.0495
vn 0.1522 0.9845 -0.0870
vn 0.1477 0.9854 -0.0843
vn 0.1158 0.9932 -0.0155
vn 0.1156 0.9926 -0.0362
vn 0.1116 0.9917 -0.0639
vn 0.0708 0.9974 -0.0100
vn 0.0708 0.9974 -0.0101
vn 0.0660 0.9976 -0.0212
vn 0.0660 0.9976 -0.0213
vn 0.0657 0.9976 -0.0212
vn 0.0574 0.9978 -0.0335
vn 0.0574 0.9978 -0.0336
vn 0.0455 0.9979 -0.0458
vn 0.1225 0.9847 -0.1238
vn 0.1205 0.9852 -0.1218
vn 0.0943 0.9910 -0.0952
vn 0.0685 0.9967 -0.0440
vn 0.0660 0.9956 -0.0667
vn 0.0675 0.9974 -0.0234
vn 0.0663 0.9978 -0.0093
vn 0.1158 0.9931 -0.0155
vn 0.0119 -0.9996 0.0243
vn 0.0039 -0.9997 0.0229
vn 0.0027 -1.0000 0.0086
vn 0.0093 -0.9999 0.0094
vn 0.0023 -1.0000 0.0024
vn 0.0085 -1.0000 0.0027
vn 0.0270 -0.9993 0.0272
vn 0.0241 -0.9996 0.0120
vn 0.0227 -0.9997 0.0040
vn 0.0080 -0.9982 0.0595
vn -0.0000 -0.9997 0.0225
vn -0.0000 -1.0000 0.0084
vn -0.0000 -1.0000 0.0083
vn 0.0002 -1.0000 0.0029
vn 0.0020 -1.0000 0.0027
vn -0.0000 -1.0000 0.0022
vn 0.0591 -0.9982 0.0082
vn 0.0621 -0.9978 0.0215
vn 0.0672 -0.9968 0.0431
vn 0.0666 -0.9955 0.0673
vn 0.0425 -0.9968 0.0677
vn 0.0211 -0.9978 0.0625
vn -0.0119 -0.9996 0.0243
vn -0.0270 -0.9993 0.0272
vn -0.0241 -0.9996 0.0120
vn -0.0093 -0.9999 0.0094
vn -0.0227 -0.9997 0.0040
vn -0.0085 -1.0000 0.0027
vn -0.0039 -0.9997 0.0229
vn -0.0027 -1.0000 0.0086
vn -0.0024 -1.0000 0.0025
vn -0.0672 -0.9968 0.0431
vn -0.0621 -0.9978 0.0215
vn -0.0591 -0.9982 0.0082
vn -0.0223 -0.9998 -0.0000
vn -0.0083 -1.0000 -0.0000
vn -0.0024 -1.0000 0.0023
vn -0.0084 -1.0000 0.0027
vn -0.0082 -1.0000 -0.0000
vn -0.0023 -1.0000 -0.0000
vn -0.0023 -1.0000 0.0024
vn -0.0000 -1.0000 0.0023
vn -0.0022 -1.0000 0.0023
vn -0.0022 -1.0000 -0.0000
vn -0.1633 0.9863 0.0220
vn -0.1760 0.9841 0.0240
vn -0.1690 0.9842 0.0526
vn -0.1599 0.9859 0.0495
vn -0.1522 0.9845 0.0870
vn -0.1477 0.9854 0.0843
vn -0.1158 0.9932 0.0155
vn -0.1156 0.9926 0.0362
vn -0.1116 0.9917 0.0639
vn -0.1777 0.9841 -0.0000
vn -0.0724 0.9974 -0.0000
vn -0.0708 0.9974 0.0100
vn -0.0708 0.9974 0.0101
vn -0.0660 0.9976 0.0212
vn -0.0660 0.9976 0.0213
vn -0.0657 0.9976 0.0212
vn -0.0574 0.9978 0.0335
vn -0.0574 0.9978 0.0336
vn -0.0455 0.9979 0.0458
vn -0.1225 0.9847 0.1238
vn -0.1205 0.9852 0.1218
vn -0.0943 0.9910 0.0952
vn -0.0685 0.9967 0.0440
vn -0.0660 0.9956 0.0667
vn -0.0675 0.9974 0.0234
vn -0.0663 0.9978 0.0093
vn -0.0658 0.9978 -0.0000
vn -0.1154 0.9933 -0.0000
vn -0.1637 0.9865 -0.0000
vn 0.4512 -0.8903 0.0620
vn 0.8052 -0.5828 0.1095
vn 0.7857 -0.5686 0.2436
vn 0.4573 -0.8776 0.1435
vn 0.4572 -0.8777 0.1437
vn 0.7857 -0.5686 0.2437
vn 0.7243 -0.5519 0.4132
vn 0.7243 -0.5520 0.4132
vn 0.4410 -0.8610 0.2534
vn 0.1650 -0.9860 0.0224
vn 0.4506 -0.8906 0.0619
vn 0.4567 -0.8780 0.1434
vn 0.1722 -0.9835 0.0546
vn 0.4567 -0.8780 0.1435
vn 0.4405 -0.8613 0.2532
vn 0.1756 -0.9791 0.1022
vn 0.1725 -0.9835 0.0548
vn 0.8091 -0.5877 0.0001
vn 0.9393 -0.3177 0.1294
vn 0.8056 -0.5823 0.1094
vn 0.8091 -0.5876 0.0001
vn 0.8055 -0.5823 0.1096
vn 0.9045 -0.3187 0.2835
vn 0.9045 -0.3186 0.2835
vn 0.7861 -0.5680 0.2437
vn 0.7860 -0.5680 0.2439
vn 0.9043 -0.3186 0.2841
vn 0.8214 -0.3207 0.4716
vn 0.7246 -0.5514 0.4133
vn 0.7245 -0.5514 0.4136
vn 0.8211 -0.3207 0.4722
vn 0.6662 -0.3222 0.6726
vn 0.5905 -0.5438 0.5963
vn 0.4409 -0.8610 0.2536
vn 0.7242 -0.5519 0.4134
vn 0.5903 -0.5443 0.5961
vn 0.3686 -0.8518 0.3722
vn 0.4409 -0.8610 0.2537
vn 0.1758 -0.9791 0.1025
vn 0.4404 -0.8613 0.2533
vn 0.3682 -0.8522 0.3719
vn 0.3682 -0.8522 0.3718
vn 0.1536 -0.9759 0.1550
vn 0.1533 -0.9760 0.1547
vn 0.1535 -0.9759 0.1550
vn 0.1722 -0.9836 0.0546
vn 0.1753 -0.9792 0.1020
vn 0.1719 -0.9836 0.0545
vn 0.1721 -0.9836 0.0546
vn 0.1620 -0.9868 -0.0000
vn 0.4461 -0.8950 -0.0000
vn 0.4506 -0.8906 0.0618
vn 0.4467 -0.8947 -0.0000
vn 0.8087 -0.5882 0.0001
vn 0.8052 -0.5828 0.1094
vn 0.8052 -0.5829 0.1094
vn 0.4512 -0.8903 0.0619
vn 0.4467 -0.8947 0.0001
vn 0.4774 0.2276 0.8487
vn 0.4696 0.2862 0.8352
vn 0.2809 0.2795 0.9181
vn 0.2808 0.2795 0.9182
vn 0.2856 0.2222 0.9322
vn 0.2850 0.2222 0.9324
vn 0.2806 0.2795 0.9182
vn 0.1271 0.2747 0.9531
vn 0.1291 0.2182 0.9673
vn 0.2852 0.2221 0.9324
vn 0.4860 0.1335 0.8637
vn 0.4774 0.2274 0.8487
vn 0.2856 0.2220 0.9323
vn 0.2906 0.1303 0.9479
vn 0.2900 0.1303 0.9481
vn 0.2850 0.2220 0.9325
vn 0.1313 0.1278 0.9831
vn 0.6730 0.2903 0.6803
vn 0.6648 0.3265 0.6719
vn 0.4645 0.3221 0.8249
vn 0.4702 0.2864 0.8348
vn 0.6730 0.2904 0.6803
vn 0.4696 0.2863 0.8352
vn 0.4639 0.3220 0.8253
vn 0.2776 0.3146 0.9077
vn 0.1257 0.3093 0.9426
vn 0.2807 0.2795 0.9182
vn -0.0000 0.2731 0.9620
vn -0.0000 0.2169 0.9762
vn -0.0000 0.1271 0.9919
vn 0.1323 0.0060 0.9912
vn -0.0000 0.0060 1.0000
vn 0.1321 0.0062 0.9912
vn 0.2926 0.0063 0.9562
vn 0.2901 0.1299 0.9481
vn 0.1324 0.0060 0.9912
vn 0.4905 0.0065 0.8714
vn 0.4861 0.1333 0.8637
vn 0.2906 0.1299 0.9480
vn 0.2906 0.1300 0.9480
vn 0.2932 0.0063 0.9560
vn 0.7033 0.0065 0.7108
vn 0.6969 0.1352 0.7043
vn 0.4866 0.1333 0.8634
vn 0.4911 0.0065 0.8711
vn 0.7033 0.0064 0.7108
vn 0.6969 0.1354 0.7043
vn 0.6843 0.2306 0.6918
vn 0.4780 0.2274 0.8484
vn 0.4866 0.1336 0.8634
vn 0.6843 0.2308 0.6917
vn 0.6730 0.2902 0.6804
vn 0.4702 0.2863 0.8349
vn 0.4702 0.2862 0.8349
vn 0.4779 0.2276 0.8484
vn -0.1477 0.9854 -0.0843
vn -0.1522 0.9845 -0.0870
vn -0.1690 0.9842 -0.0526
vn -0.1599 0.9859 -0.0495
vn -0.1760 0.9841 -0.0240
vn -0.1633 0.9863 -0.0220
vn -0.1116 0.9917 -0.0639
vn -0.1156 0.9926 -0.0362
vn -0.1158 0.9932 -0.0155
vn -0.1225 0.9847 -0.1238
vn -0.0455 0.9979 -0.0458
vn -0.0574 0.9978 -0.0336
vn -0.0574 0.9978 -0.0335
vn -0.0660 0.9976 -0.0213
vn -0.0660 0.9976 -0.0214
vn -0.0660 0.9976 -0.0212
vn -0.0708 0.9974 -0.0101
vn -0.0708 0.9974 -0.0100
vn -0.0723 0.9974 -0.0000
vn -0.0663 0.9978 -0.0093
vn -0.0675 0.9974 -0.0234
vn -0.0685 0.9967 -0.0440
vn -0.0660 0.9956 -0.0667
vn -0.0943 0.9910 -0.0952
vn -0.1205 0.9852 -0.1218
vn -0.0085 -1.0000 -0.0027
vn -0.0227 -0.9997 -0.0040
vn -0.0241 -0.9996 -0.0120
vn -0.0093 -0.9999 -0.0094
vn -0.0270 -0.9993 -0.0272
vn -0.0119 -0.9996 -0.0243
vn -0.0023 -1.0000 -0.0024
vn -0.0027 -1.0000 -0.0086
vn -0.0039 -0.9997 -0.0229
vn -0.0425 -0.9968 -0.0677
vn -0.0211 -0.9978 -0.0625
vn -0.0080 -0.9982 -0.0595
vn -0.0002 -1.0000 -0.0029
vn -0.0020 -1.0000 -0.0027
vn -0.0000 -1.0000 -0.0083
vn -0.0124 0.9999 -0.0040
vn -0.0036 1.0000 -0.0037
vn -0.0040 0.9999 -0.0125
vn -0.0132 0.9998 -0.0133
vn -0.0131 0.9998 -0.0134
vn -0.0054 0.9995 -0.0312
vn -0.0158 0.9994 -0.0324
vn -0.0310 0.9995 -0.0055
vn -0.0321 0.9994 -0.0160
vn -0.0341 0.9988 -0.0344
vn -0.0034 1.0000 -0.0000
vn -0.0008 1.0000 -0.0008
vn -0.0001 1.0000 -0.0031
vn -0.0000 1.0000 -0.0034
vn -0.0035 1.0000 -0.0036
vn -0.0030 1.0000 -0.0001
vn -0.0034 1.0000 -0.0037
vn -0.0000 1.0000 -0.0035
vn -0.0000 0.9999 -0.0123
vn -0.0000 0.9995 -0.0308
vn -0.0000 0.9978 -0.0662
vn -0.0090 0.9977 -0.0667
vn -0.0158 0.9993 -0.0324
vn -0.0230 0.9974 -0.0679
vn -0.0434 0.9967 -0.0690
vn -0.0306 0.9995 -0.0000
vn -0.0122 0.9999 -0.0000
vn -0.0035 1.0000 -0.0000
vn -0.0158 0.9993 0.0324
vn -0.0054 0.9995 0.0312
vn -0.0040 0.9999 0.0125
vn -0.0132 0.9998 0.0133
vn -0.0158 0.9994 0.0324
vn -0.0035 1.0000 0.0036
vn -0.0124 0.9999 0.0040
vn -0.0131 0.9998 0.0133
vn -0.0341 0.9988 0.0344
vn -0.0321 0.9994 0.0160
vn -0.0310 0.9995 0.0055
vn -0.0090 0.9977 0.0667
vn -0.0000 0.9978 0.0662
vn -0.0000 0.9995 0.0308
vn -0.0000 0.9999 0.0123
vn -0.0000 1.0000 0.0035
vn -0.0001 1.0000 0.0038
vn -0.0034 1.0000 0.0037
vn -0.0000 1.0000 0.0034
vn -0.0000 1.0000 -0.0000
vn -0.0008 1.0000 0.0008
vn -0.0029 1.0000 0.0002
vn -0.0432 0.9967 0.0690
vn -0.0434 0.9967 0.0690
vn -0.0230 0.9974 0.0679
vn 0.0158 0.9994 0.0324
vn 0.0341 0.9988 0.0344
vn 0.0321 0.9994 0.0160
vn 0.0132 0.9998 0.0133
vn 0.0310 0.9995 0.0055
vn 0.0124 0.9999 0.0040
vn 0.0054 0.9995 0.0312
vn 0.0131 0.9998 0.0134
vn 0.0040 0.9999 0.0125
vn 0.0036 1.0000 0.0037
vn 0.0434 0.9967 0.0690
vn 0.0306 0.9995 -0.0000
vn 0.0122 0.9999 -0.0000
vn 0.0035 1.0000 0.0036
vn 0.0035 1.0000 -0.0000
vn 0.0030 1.0000 0.0001
vn 0.0034 1.0000 -0.0000
vn 0.0008 1.0000 0.0008
vn 0.0001 1.0000 0.0031
vn 0.0034 1.0000 0.0037
vn 0.0090 0.9977 0.0667
vn 0.0230 0.9974 0.0679
vn 0.0158 0.9993 0.0324
vn 0.0124 0.9999 -0.0040
vn 0.0310 0.9995 -0.0055
vn 0.0321 0.9994 -0.0160
vn 0.0132 0.9998 -0.0133
vn 0.0341 0.9988 -0.0344
vn 0.0158 0.9993 -0.0324
vn 0.0035 1.0000 -0.0036
vn 0.0131 0.9998 -0.0133
vn 0.0040 0.9999 -0.0125
vn 0.0158 0.9994 -0.0324
vn 0.0054 0.9995 -0.0312
vn 0.0432 0.9967 -0.0690
vn 0.0434 0.9967 -0.0690
vn 0.0230 0.9974 -0.0679
vn 0.0090 0.9977 -0.0667
vn 0.0001 1.0000 -0.0038
vn 0.0034 1.0000 -0.0037
vn 0.0008 1.0000 -0.0008
vn 0.0029 1.0000 -0.0002
vn 0.0214 0.9862 0.1644
vn 0.0233 0.9839 0.1773
vn 0.0515 0.9840 0.1703
vn 0.0484 0.9858 0.1611
vn 0.0858 0.9844 0.1535
vn 0.0830 0.9853 0.1490
vn 0.0150 0.9931 0.1166
vn 0.0354 0.9926 0.1164
vn 0.0484 0.9857 0.1611
vn 0.0630 0.9917 0.1125
vn -0.0000 0.9838 0.1790
vn -0.0000 0.9973 0.0730
vn 0.0097 0.9974 0.0715
vn 0.0097 0.9974 0.0714
vn 0.0098 0.9974 0.0714
vn 0.0209 0.9976 0.0666
vn 0.0208 0.9976 0.0666
vn 0.0331 0.9978 0.0579
vn 0.0332 0.9978 0.0579
vn 0.0454 0.9979 0.0459
vn -0.0000 0.9932 0.1162
vn -0.0000 0.9863 0.1648
vn -0.0214 0.9862 -0.1644
vn -0.0233 0.9839 -0.1773
vn -0.0515 0.9840 -0.1703
vn -0.0484 0.9858 -0.1611
vn -0.0858 0.9844 -0.1535
vn -0.0830 0.9853 -0.1490
vn -0.0150 0.9931 -0.1166
vn -0.0354 0.9926 -0.1164
vn -0.0484 0.9857 -0.1611
vn -0.0630 0.9917 -0.1125
vn -0.0000 0.9838 -0.1790
vn -0.0000 0.9973 -0.0730
vn -0.0097 0.9974 -0.0715
vn -0.0097 0.9974 -0.0714
vn -0.0098 0.9974 -0.0714
vn -0.0209 0.9976 -0.0666
vn -0.0208 0.9976 -0.0666
vn -0.0331 0.9978 -0.0579
vn -0.0332 0.9978 -0.0579
vn -0.0454 0.9979 -0.0459
vn -0.0000 0.9932 -0.1162
vn -0.0000 0.9863 -0.1648
vn -0.0830 0.9853 0.1490
vn -0.0858 0.9844 0.1535
vn -0.0515 0.9840 0.1703
vn -0.0484 0.9858 0.1611
vn -0.0233 0.9839 0.1773
vn -0.0214 0.9862 0.1644
vn -0.0630 0.9917 0.1125
vn -0.0354 0.9926 0.1164
vn -0.0150 0.9931 0.1166
vn -0.0454 0.9979 0.0459
vn -0.0332 0.9978 0.0579
vn -0.0331 0.9978 0.0579
vn -0.0209 0.9976 0.0666
vn -0.0098 0.9974 0.0714
vn -0.0097 0.9974 0.0714
vn 0.0830 0.9853 -0.1490
vn 0.0858 0.9844 -0.1535
vn 0.0515 0.9840 -0.1703
vn 0.0484 0.9858 -0.1611
vn 0.0233 0.9839 -0.1773
vn 0.0214 0.9862 -0.1644
vn 0.0630 0.9917 -0.1125
vn 0.0354 0.9926 -0.1164
vn 0.0150 0.9931 -0.1166
vn 0.0454 0.9979 -0.0459
vn 0.0332 0.9978 -0.0579
vn 0.0331 0.9978 -0.0579
vn 0.0209 0.9976 -0.0666
vn 0.0098 0.9974 -0.0714
vn 0.0097 0.9974 -0.0714
vn 0.2826 -0.2579 0.9239
vn 0.4727 -0.2642 0.8407
vn 0.4794 -0.2093 0.8523
vn 0.2868 -0.2042 0.9360
vn 0.2827 -0.2579 0.9239
vn 0.2868 -0.2040 0.9360
vn 0.4794 -0.2091 0.8523
vn 0.4869 -0.1192 0.8653
vn 0.2911 -0.1163 0.9496
vn 0.1279 -0.2534 0.9589
vn 0.2865 -0.2041 0.9361
vn 0.1296 -0.2006 0.9711
vn 0.2862 -0.2040 0.9362
vn 0.2905 -0.1163 0.9498
vn 0.1315 -0.1141 0.9847
vn 0.4643 -0.3196 0.8260
vn 0.6658 -0.3220 0.6731
vn 0.6775 -0.2680 0.6849
vn 0.4733 -0.2643 0.8403
vn 0.4733 -0.2642 0.8404
vn 0.6873 -0.2123 0.6947
vn 0.4800 -0.2093 0.8519
vn 0.4800 -0.2091 0.8520
vn 0.6873 -0.2121 0.6947
vn 0.6981 -0.1209 0.7057
vn 0.4875 -0.1192 0.8650
vn 0.4875 -0.1190 0.8650
vn 0.6982 -0.1207 0.7057
vn 0.7033 0.0061 0.7108
vn 0.7033 0.0062 0.7108
vn 0.4911 0.0061 0.8711
vn 0.2911 -0.1159 0.9496
vn 0.4870 -0.1190 0.8653
vn 0.4906 0.0061 0.8714
vn 0.2932 0.0059 0.9560
vn 0.2905 -0.1159 0.9498
vn 0.2927 0.0059 0.9562
vn 0.1327 0.0058 0.9911
vn -0.0000 -0.1134 0.9936
vn 0.1322 0.0058 0.9912
vn 0.1323 0.0059 0.9912
vn -0.0000 -0.1993 0.9799
vn -0.0000 -0.1134 0.9935
vn -0.0000 -0.2519 0.9678
vn 0.1250 -0.3158 0.9406
vn 0.2763 -0.3168 0.9073
vn 0.2769 -0.3169 0.9071
vn 0.4638 -0.3196 0.8263
vn 0.4727 -0.2643 0.8407
vn -0.9212 -0.2593 0.2901
vn -0.8359 -0.2649 0.4807
vn -0.8474 -0.2100 0.4876
vn -0.9334 -0.2054 0.2943
vn -0.9212 -0.2593 0.2900
vn -0.9334 -0.2052 0.2943
vn -0.8475 -0.2098 0.4876
vn -0.8604 -0.1195 0.4953
vn -0.8604 -0.1196 0.4953
vn -0.9471 -0.1170 0.2988
vn -0.9578 -0.2550 0.1325
vn -0.9213 -0.2593 0.2899
vn -0.9336 -0.2054 0.2937
vn -0.9702 -0.2019 0.1343
vn -0.9336 -0.2052 0.2937
vn -0.9473 -0.1170 0.2982
vn -0.9840 -0.1148 0.1363
vn -0.8212 -0.3205 0.4722
vn -0.6663 -0.3220 0.6726
vn -0.6780 -0.2680 0.6844
vn -0.8355 -0.2651 0.4813
vn -0.8355 -0.2649 0.4813
vn -0.6780 -0.2680 0.6845
vn -0.6877 -0.2123 0.6943
vn -0.8471 -0.2100 0.4882
vn -0.8355 -0.2650 0.4813
vn -0.8472 -0.2098 0.4882
vn -0.6877 -0.2121 0.6943
vn -0.6986 -0.1209 0.7052
vn -0.8601 -0.1195 0.4959
vn -0.8602 -0.1193 0.4959
vn -0.6986 -0.1207 0.7053
vn -0.7038 0.0061 0.7104
vn -0.7037 0.0062 0.7104
vn -0.8663 0.0061 0.4995
vn -0.9472 -0.1166 0.2988
vn -0.8605 -0.1193 0.4954
vn -0.8666 0.0061 0.4990
vn -0.9536 0.0059 0.3010
vn -0.9473 -0.1166 0.2982
vn -0.9538 0.0059 0.3004
vn -0.9905 0.0058 0.1375
vn -0.9935 -0.1142 -0.0000
vn -0.9906 0.0058 0.1370
vn -0.9796 -0.2007 -0.0000
vn -0.9673 -0.2536 -0.0000
vn -0.9797 -0.2007 -0.0000
vn -0.9393 -0.3177 0.1294
vn -0.9046 -0.3184 0.2835
vn -0.9044 -0.3184 0.2841
vn -0.8215 -0.3205 0.4716
vn -0.8359 -0.2651 0.4807
vn -0.2826 -0.2579 -0.9239
vn -0.4727 -0.2642 -0.8407
vn -0.4794 -0.2093 -0.8523
vn -0.2868 -0.2042 -0.9360
vn -0.2827 -0.2579 -0.9239
vn -0.2868 -0.2040 -0.9360
vn -0.4794 -0.2091 -0.8523
vn -0.4869 -0.1192 -0.8653
vn -0.2911 -0.1163 -0.9496
vn -0.1279 -0.2534 -0.9589
vn -0.2865 -0.2041 -0.9361
vn -0.1296 -0.2006 -0.9711
vn -0.2862 -0.2040 -0.9362
vn -0.2905 -0.1163 -0.9498
vn -0.1315 -0.1141 -0.9847
vn -0.4643 -0.3196 -0.8260
vn -0.6658 -0.3220 -0.6731
vn -0.6775 -0.2680 -0.6849
vn -0.4733 -0.2643 -0.8403
vn -0.4733 -0.2642 -0.8404
vn -0.6873 -0.2123 -0.6947
vn -0.4800 -0.2093 -0.8519
vn -0.4800 -0.2091 -0.8520
vn -0.6873 -0.2121 -0.6947
vn -0.6981 -0.1209 -0.7057
vn -0.4875 -0.1193 -0.8650
vn -0.4875 -0.1190 -0.8650
vn -0.6982 -0.1207 -0.7057
vn -0.7033 0.0061 -0.7108
vn -0.7033 0.0062 -0.7108
vn -0.4911 0.0061 -0.8711
vn -0.2911 -0.1159 -0.9496
vn -0.4870 -0.1190 -0.8653
vn -0.4906 0.0061 -0.8714
vn -0.2932 0.0059 -0.9560
vn -0.2905 -0.1159 -0.9498
vn -0.2927 0.0059 -0.9562
vn -0.1327 0.0058 -0.9911
vn -0.0000 -0.1134 -0.9936
vn -0.1322 0.0058 -0.9912
vn -0.0000 -0.1993 -0.9799
vn -0.0000 -0.1134 -0.9935
vn -0.0000 -0.2519 -0.9678
vn -0.1250 -0.3158 -0.9406
vn -0.2763 -0.3168 -0.9073
vn -0.2769 -0.3169 -0.9071
vn -0.4638 -0.3196 -0.8263
vn -0.4727 -0.2643 -0.8407
vn 0.8659 0.4195 0.2725
vn 0.9017 0.4140 0.1251
vn 0.7051 0.7023 0.0975
vn 0.7051 0.7024 0.0975
vn 0.6755 0.7062 0.2122
vn 0.8659 0.4195 0.2726
vn 0.6750 0.7066 0.2121
vn 0.7046 0.7028 0.0974
vn 0.2756 0.9605 0.0373
vn 0.2649 0.9608 0.0816
vn 0.7838 0.4269 0.4510
vn 0.8657 0.4195 0.2730
vn 0.6754 0.7062 0.2124
vn 0.6097 0.7111 0.3502
vn 0.7838 0.4269 0.4511
vn 0.6093 0.7116 0.3500
vn 0.6750 0.7067 0.2122
vn 0.2649 0.9608 0.0818
vn 0.2399 0.9612 0.1361
vn 0.6092 0.7116 0.3500
vn 0.9414 0.3113 0.1302
vn 0.9114 0.4115 0.0002
vn 0.9019 0.4134 0.1247
vn 0.9017 0.4139 0.1247
vn 0.9112 0.4121 0.0002
vn 0.7129 0.7012 0.0001
vn 0.7129 0.7013 0.0001
vn 0.7051 0.7024 0.0973
vn 0.9017 0.4140 0.1247
vn 0.7047 0.7028 0.0973
vn 0.7125 0.7017 -0.0000
vn 0.2781 0.9605 0.0001
vn 0.2781 0.9605 -0.0000
vn 0.2756 0.9605 0.0372
vn 0.2750 0.9607 0.0372
vn 0.2775 0.9607 -0.0000
vn -0.0717 0.9974 -0.0000
vn -0.0720 0.9974 -0.0000
vn -0.0703 0.9975 -0.0100
vn 0.2643 0.9610 0.0815
vn -0.0705 0.9975 -0.0100
vn -0.0657 0.9976 -0.0212
vn 0.2393 0.9614 0.1358
vn -0.0655 0.9976 -0.0211
vn -0.0571 0.9978 -0.0334
vn 0.2393 0.9614 0.1359
vn 0.1936 0.9613 0.1958
vn -0.0452 0.9979 -0.0456
vn 0.4930 0.7134 0.4980
vn 0.6092 0.7116 0.3501
vn 0.2398 0.9612 0.1363
vn 0.2398 0.9612 0.1362
vn 0.1941 0.9612 0.1961
vn 0.6352 0.4305 0.6412
vn 0.7835 0.4269 0.4515
vn 0.6095 0.7111 0.3504
vn 0.4934 0.7130 0.4983
vn 0.6352 0.4305 0.6413
vn 0.6652 0.3265 0.6715
vn 0.8201 0.3230 0.4724
vn 0.7837 0.4265 0.4516
vn 0.6353 0.4301 0.6414
vn 0.8204 0.3230 0.4718
vn 0.9049 0.3162 0.2848
vn 0.8659 0.4191 0.2730
vn 0.8659 0.4191 0.2731
vn 0.7839 0.4265 0.4511
vn 0.9019 0.4134 0.1251
vn 0.9019 0.4135 0.1251
vn 0.8661 0.4191 0.2726
vn -0.0536 -0.9834 -0.1735
vn -0.1006 -0.9791 -0.1768
vn -0.2491 -0.8610 -0.4435
vn -0.2491 -0.8610 -0.4434
vn -0.1400 -0.8773 -0.4590
vn -0.0534 -0.9834 -0.1732
vn -0.1402 -0.8770 -0.4595
vn -0.2493 -0.8606 -0.4440
vn -0.4063 -0.5511 -0.7288
vn -0.4063 -0.5512 -0.7288
vn -0.2376 -0.5670 -0.7887
vn -0.0217 -0.9859 -0.1661
vn -0.1399 -0.8774 -0.4590
vn -0.1399 -0.8773 -0.4590
vn -0.0599 -0.8897 -0.4526
vn -0.0217 -0.9859 -0.1660
vn -0.0600 -0.8894 -0.4532
vn -0.1400 -0.8770 -0.4596
vn -0.2375 -0.5670 -0.7887
vn -0.1057 -0.5809 -0.8071
vn -0.1532 -0.9760 -0.1548
vn -0.1006 -0.9791 -0.1767
vn -0.1009 -0.9790 -0.1770
vn -0.1536 -0.9759 -0.1553
vn -0.3681 -0.8522 -0.3719
vn -0.2492 -0.8610 -0.4434
vn -0.2496 -0.8606 -0.4439
vn -0.3684 -0.8518 -0.3724
vn -0.5901 -0.5443 -0.5963
vn -0.4065 -0.5511 -0.7287
vn -0.2495 -0.8606 -0.4439
vn -0.4067 -0.5506 -0.7290
vn -0.5903 -0.5439 -0.5965
vn -0.6658 -0.3222 -0.6730
vn -0.4643 -0.3198 -0.8259
vn -0.4067 -0.5506 -0.7289
vn -0.2377 -0.5665 -0.7890
vn -0.4064 -0.5506 -0.7291
vn -0.4637 -0.3198 -0.8262
vn -0.2769 -0.3171 -0.9071
vn -0.2378 -0.5665 -0.7890
vn -0.1058 -0.5803 -0.8075
vn -0.2375 -0.5665 -0.7891
vn -0.2766 -0.3170 -0.9072
vn -0.2763 -0.3171 -0.9072
vn -0.0001 -0.5855 -0.8107
vn -0.1056 -0.5803 -0.8075
vn -0.0001 -0.5855 -0.8106
vn -0.0001 -0.8937 -0.4487
vn -0.0599 -0.8894 -0.4532
vn -0.1056 -0.5809 -0.8071
vn -0.0598 -0.8897 -0.4526
vn -0.0533 -0.9835 -0.1729
vn -0.1004 -0.9792 -0.1765
vn -0.1004 -0.9792 -0.1766
vn -0.1725 -0.9835 0.0548
vn -0.1756 -0.9791 0.1022
vn -0.4405 -0.8613 0.2532
vn -0.4567 -0.8780 0.1435
vn -0.1722 -0.9835 0.0546
vn -0.4572 -0.8777 0.1437
vn -0.4410 -0.8610 0.2534
vn -0.7243 -0.5520 0.4132
vn -0.7243 -0.5519 0.4132
vn -0.7857 -0.5686 0.2437
vn -0.1650 -0.9860 0.0224
vn -0.4567 -0.8780 0.1434
vn -0.4506 -0.8906 0.0619
vn -0.4512 -0.8903 0.0620
vn -0.4573 -0.8776 0.1435
vn -0.7857 -0.5686 0.2436
vn -0.8052 -0.5828 0.1095
vn -0.1534 -0.9760 0.1548
vn -0.1533 -0.9760 0.1547
vn -0.1758 -0.9791 0.1025
vn -0.1536 -0.9759 0.1550
vn -0.3681 -0.8522 0.3718
vn -0.3682 -0.8522 0.3719
vn -0.4404 -0.8613 0.2533
vn -0.4409 -0.8610 0.2537
vn -0.3686 -0.8518 0.3722
vn -0.5903 -0.5443 0.5961
vn -0.7242 -0.5519 0.4134
vn -0.4409 -0.8610 0.2536
vn -0.7245 -0.5514 0.4136
vn -0.5905 -0.5438 0.5963
vn -0.6662 -0.3222 0.6726
vn -0.8211 -0.3207 0.4721
vn -0.7860 -0.5680 0.2439
vn -0.7246 -0.5515 0.4133
vn -0.8214 -0.3207 0.4716
vn -0.9043 -0.3187 0.2841
vn -0.8055 -0.5823 0.1096
vn -0.7861 -0.5680 0.2436
vn -0.9045 -0.3186 0.2835
vn -0.9045 -0.3187 0.2835
vn -0.8091 -0.5876 0.0001
vn -0.8056 -0.5823 0.1094
vn -0.8091 -0.5877 0.0001
vn -0.4467 -0.8947 0.0001
vn -0.4512 -0.8903 0.0619
vn -0.8052 -0.5829 0.1094
vn -0.8052 -0.5828 0.1094
vn -0.8087 -0.5882 -0.0000
vn -0.4506 -0.8906 0.0618
vn -0.1722 -0.9836 0.0546
vn -0.1719 -0.9836 0.0545
vn -0.1753 -0.9792 0.1020
vn 0.0536 -0.9834 0.1735
vn 0.1006 -0.9791 0.1768
vn 0.2491 -0.8610 0.4435
vn 0.1400 -0.8773 0.4590
vn 0.0534 -0.9834 0.1732
vn 0.1402 -0.8770 0.4595
vn 0.2493 -0.8606 0.4440
vn 0.4063 -0.5511 0.7288
vn 0.4063 -0.5512 0.7288
vn 0.2376 -0.5671 0.7887
vn 0.0217 -0.9859 0.1660
vn 0.1399 -0.8773 0.4590
vn 0.0599 -0.8897 0.4526
vn 0.0600 -0.8894 0.4532
vn 0.1400 -0.8770 0.4596
vn 0.2375 -0.5671 0.7887
vn 0.2375 -0.5670 0.7887
vn 0.1057 -0.5809 0.8071
vn 0.1532 -0.9760 0.1548
vn 0.1006 -0.9791 0.1767
vn 0.1009 -0.9790 0.1770
vn 0.1536 -0.9759 0.1553
vn 0.3681 -0.8522 0.3719
vn 0.2492 -0.8610 0.4434
vn 0.2496 -0.8606 0.4439
vn 0.3684 -0.8518 0.3724
vn 0.5901 -0.5443 0.5963
vn 0.4065 -0.5511 0.7287
vn 0.2495 -0.8606 0.4439
vn 0.4067 -0.5506 0.7290
vn 0.5903 -0.5439 0.5965
vn 0.6658 -0.3222 0.6730
vn 0.4643 -0.3198 0.8259
vn 0.4067 -0.5506 0.7289
vn 0.2377 -0.5665 0.7890
vn 0.4064 -0.5506 0.7291
vn 0.4637 -0.3198 0.8262
vn 0.2769 -0.3171 0.9071
vn 0.2378 -0.5665 0.7890
vn 0.1058 -0.5803 0.8075
vn 0.2375 -0.5665 0.7891
vn 0.2766 -0.3170 0.9072
vn 0.2763 -0.3171 0.9072
vn 0.0001 -0.5855 0.8107
vn 0.1056 -0.5803 0.8075
vn 0.0001 -0.8937 0.4487
vn 0.0599 -0.8894 0.4532
vn 0.1056 -0.5809 0.8071
vn 0.0598 -0.8897 0.4526
vn 0.0533 -0.9835 0.1729
vn 0.0534 -0.9835 0.1731
vn 0.1004 -0.9792 0.1765
vn 0.9702 -0.2019 0.1343
vn 0.9840 -0.1148 0.1363
vn 0.9473 -0.1170 0.2982
vn 0.9336 -0.2052 0.2937
vn 0.9334 -0.2052 0.2943
vn 0.9471 -0.1170 0.2988
vn 0.8605 -0.1195 0.4953
vn 0.8475 -0.2098 0.4876
vn 0.9578 -0.2550 0.1325
vn 0.9336 -0.2054 0.2937
vn 0.9213 -0.2593 0.2899
vn 0.9211 -0.2592 0.2903
vn 0.9334 -0.2054 0.2943
vn 0.8474 -0.2100 0.4876
vn 0.8359 -0.2649 0.4807
vn 0.9212 -0.2593 0.2901
vn 0.9906 0.0058 0.1370
vn 0.9905 0.0058 0.1375
vn 0.9538 0.0059 0.3004
vn 0.9473 -0.1166 0.2982
vn 0.9472 -0.1166 0.2988
vn 0.9536 0.0059 0.3010
vn 0.8666 0.0061 0.4990
vn 0.8605 -0.1193 0.4953
vn 0.8602 -0.1193 0.4959
vn 0.8663 0.0061 0.4995
vn 0.7038 0.0062 0.7104
vn 0.7038 0.0061 0.7104
vn 0.6986 -0.1207 0.7053
vn 0.8472 -0.2098 0.4882
vn 0.8601 -0.1195 0.4959
vn 0.6986 -0.1209 0.7052
vn 0.6877 -0.2121 0.6943
vn 0.8356 -0.2650 0.4813
vn 0.8471 -0.2100 0.4882
vn 0.6877 -0.2123 0.6943
vn 0.6780 -0.2679 0.6845
vn 0.8212 -0.3205 0.4722
vn 0.8355 -0.2651 0.4813
vn 0.6780 -0.2680 0.6844
vn 0.6663 -0.3220 0.6726
vn 0.9044 -0.3184 0.2841
vn 0.9212 -0.2593 0.2900
vn 0.8359 -0.2651 0.4807
vn 0.8215 -0.3205 0.4717
vn 0.9046 -0.3184 0.2835
vn 0.1725 -0.9835 -0.0548
vn 0.1756 -0.9791 -0.1022
vn 0.4405 -0.8613 -0.2532
vn 0.4567 -0.8780 -0.1435
vn 0.1722 -0.9835 -0.0546
vn 0.4572 -0.8777 -0.1437
vn 0.4410 -0.8610 -0.2534
vn 0.7243 -0.5519 -0.4132
vn 0.7243 -0.5520 -0.4132
vn 0.7857 -0.5686 -0.2437
vn 0.1650 -0.9860 -0.0224
vn 0.4567 -0.8780 -0.1434
vn 0.4506 -0.8906 -0.0619
vn 0.4512 -0.8903 -0.0620
vn 0.4573 -0.8777 -0.1435
vn 0.7857 -0.5686 -0.2436
vn 0.8052 -0.5828 -0.1095
vn 0.1534 -0.9760 -0.1548
vn 0.1533 -0.9760 -0.1547
vn 0.1758 -0.9791 -0.1025
vn 0.1536 -0.9759 -0.1550
vn 0.3681 -0.8522 -0.3718
vn 0.3682 -0.8522 -0.3719
vn 0.4404 -0.8613 -0.2533
vn 0.4409 -0.8610 -0.2537
vn 0.3686 -0.8518 -0.3722
vn 0.5903 -0.5443 -0.5961
vn 0.7242 -0.5520 -0.4134
vn 0.7245 -0.5514 -0.4136
vn 0.5905 -0.5438 -0.5963
vn 0.6662 -0.3222 -0.6726
vn 0.8211 -0.3207 -0.4721
vn 0.7860 -0.5681 -0.2439
vn 0.7246 -0.5514 -0.4133
vn 0.8214 -0.3207 -0.4716
vn 0.9043 -0.3187 -0.2841
vn 0.7860 -0.5680 -0.2439
vn 0.8055 -0.5823 -0.1096
vn 0.7861 -0.5680 -0.2436
vn 0.9045 -0.3186 -0.2835
vn 0.9045 -0.3187 -0.2835
vn 0.8091 -0.5876 -0.0001
vn 0.8056 -0.5823 -0.1094
vn 0.8091 -0.5877 -0.0001
vn 0.4467 -0.8947 -0.0001
vn 0.4512 -0.8903 -0.0619
vn 0.8052 -0.5829 -0.1094
vn 0.8052 -0.5828 -0.1094
vn 0.8087 -0.5882 -0.0000
vn 0.4506 -0.8906 -0.0618
vn 0.1721 -0.9836 -0.0546
vn 0.1719 -0.9836 -0.0545
vn 0.1753 -0.9792 -0.1020
vn 0.1722 -0.9836 -0.0546
vn -0.1296 -0.2006 0.9711
vn -0.1315 -0.1141 0.9847
vn -0.2905 -0.1163 0.9498
vn -0.2862 -0.2040 0.9362
vn -0.2868 -0.2040 0.9360
vn -0.2911 -0.1163 0.9496
vn -0.4869 -0.1192 0.8653
vn -0.4795 -0.2091 0.8523
vn -0.1279 -0.2534 0.9589
vn -0.2865 -0.2041 0.9361
vn -0.2862 -0.2042 0.9362
vn -0.2825 -0.2579 0.9240
vn -0.2828 -0.2579 0.9239
vn -0.2868 -0.2042 0.9360
vn -0.4794 -0.2093 0.8523
vn -0.4727 -0.2642 0.8407
vn -0.1323 0.0059 0.9912
vn -0.1316 -0.1140 0.9847
vn -0.1327 0.0058 0.9911
vn -0.2927 0.0059 0.9562
vn -0.2905 -0.1159 0.9498
vn -0.2911 -0.1159 0.9496
vn -0.2932 0.0059 0.9560
vn -0.4906 0.0061 0.8714
vn -0.4870 -0.1190 0.8653
vn -0.2911 -0.1159 0.9497
vn -0.4875 -0.1190 0.8650
vn -0.4911 0.0061 0.8711
vn -0.7033 0.0062 0.7108
vn -0.7033 0.0061 0.7108
vn -0.6982 -0.1207 0.7057
vn -0.4800 -0.2091 0.8520
vn -0.4875 -0.1193 0.8650
vn -0.6981 -0.1209 0.7057
vn -0.6873 -0.2121 0.6947
vn -0.4733 -0.2642 0.8404
vn -0.4800 -0.2093 0.8519
vn -0.6873 -0.2123 0.6947
vn -0.6776 -0.2679 0.6849
vn -0.4643 -0.3196 0.8260
vn -0.4733 -0.2643 0.8403
vn -0.6775 -0.2680 0.6849
vn -0.6658 -0.3220 0.6731
vn -0.2769 -0.3169 0.9071
vn -0.2828 -0.2580 0.9238
vn -0.4727 -0.2643 0.8407
vn -0.4638 -0.3196 0.8263
vn -0.2769 -0.3169 0.9072
vn -0.2826 -0.2579 0.9239
vn -0.2763 -0.3168 0.9073
vn -0.9702 -0.2019 -0.1343
vn -0.9840 -0.1148 -0.1363
vn -0.9473 -0.1170 -0.2982
vn -0.9336 -0.2052 -0.2937
vn -0.9334 -0.2052 -0.2943
vn -0.9471 -0.1170 -0.2988
vn -0.8605 -0.1195 -0.4953
vn -0.8475 -0.2098 -0.4876
vn -0.9578 -0.2550 -0.1325
vn -0.9336 -0.2054 -0.2937
vn -0.9213 -0.2593 -0.2899
vn -0.9211 -0.2592 -0.2903
vn -0.9334 -0.2054 -0.2943
vn -0.8474 -0.2100 -0.4876
vn -0.8359 -0.2649 -0.4807
vn -0.9212 -0.2593 -0.2901
vn -0.9906 0.0058 -0.1370
vn -0.9905 0.0058 -0.1375
vn -0.9538 0.0059 -0.3004
vn -0.9473 -0.1166 -0.2982
vn -0.9472 -0.1166 -0.2988
vn -0.9536 0.0059 -0.3010
vn -0.8666 0.0061 -0.4990
vn -0.8605 -0.1193 -0.4953
vn -0.8602 -0.1193 -0.4959
vn -0.8663 0.0061 -0.4995
vn -0.7038 0.0062 -0.7104
vn -0.7038 0.0061 -0.7104
vn -0.6986 -0.1207 -0.7053
vn -0.8472 -0.2098 -0.4882
vn -0.8601 -0.1195 -0.4959
vn -0.6986 -0.1209 -0.7052
vn -0.6877 -0.2121 -0.6943
vn -0.8355 -0.2650 -0.4813
vn -0.8471 -0.2100 -0.4882
vn -0.6877 -0.2123 -0.6943
vn -0.6780 -0.2679 -0.6845
vn -0.8212 -0.3205 -0.4722
vn -0.8355 -0.2651 -0.4813
vn -0.6780 -0.2680 -0.6844
vn -0.6663 -0.3220 -0.6726
vn -0.9044 -0.3184 -0.2841
vn -0.9212 -0.2593 -0.2900
vn -0.8359 -0.2651 -0.4807
vn -0.8215 -0.3205 -0.4717
vn -0.9046 -0.3184 -0.2835
vn 0.1296 -0.2006 -0.9711
vn 0.1315 -0.1141 -0.9847
vn 0.2905 -0.1163 -0.9498
vn 0.2862 -0.2040 -0.9362
vn 0.2868 -0.2040 -0.9360
vn 0.2911 -0.1163 -0.9496
vn 0.4869 -0.1192 -0.8653
vn 0.4795 -0.2091 -0.8523
vn 0.1279 -0.2534 -0.9589
vn 0.2865 -0.2041 -0.9361
vn 0.2862 -0.2042 -0.9362
vn 0.2825 -0.2579 -0.9240
vn 0.2828 -0.2579 -0.9239
vn 0.2868 -0.2042 -0.9360
vn 0.4794 -0.2093 -0.8523
vn 0.4727 -0.2642 -0.8407
vn 0.1322 0.0058 -0.9912
vn 0.1323 0.0059 -0.9912
vn 0.1316 -0.1140 -0.9847
vn 0.1327 0.0058 -0.9911
vn 0.2927 0.0059 -0.9562
vn 0.2905 -0.1159 -0.9498
vn 0.2911 -0.1159 -0.9496
vn 0.2932 0.0059 -0.9560
vn 0.4906 0.0061 -0.8714
vn 0.4870 -0.1190 -0.8653
vn 0.2911 -0.1159 -0.9497
vn 0.4875 -0.1190 -0.8650
vn 0.4911 0.0061 -0.8711
vn 0.7033 0.0062 -0.7108
vn 0.7033 0.0061 -0.7108
vn 0.6982 -0.1207 -0.7057
vn 0.4800 -0.2091 -0.8520
vn 0.4875 -0.1193 -0.8650
vn 0.6981 -0.1209 -0.7057
vn 0.6873 -0.2121 -0.6947
vn 0.4733 -0.2642 -0.8404
vn 0.4800 -0.2093 -0.8519
vn 0.6873 -0.2123 -0.6947
vn 0.6776 -0.2679 -0.6849
vn 0.4643 -0.3196 -0.8260
vn 0.4733 -0.2643 -0.8403
vn 0.6775 -0.2680 -0.6849
vn 0.6658 -0.3220 -0.6731
vn 0.2769 -0.3169 -0.9071
vn 0.2828 -0.2580 -0.9238
vn 0.4727 -0.2643 -0.8407
vn 0.4638 -0.3196 -0.8263
vn 0.2769 -0.3169 -0.9072
vn 0.2826 -0.2579 -0.9239
vn 0.2763 -0.3168 -0.9073
vn 0.9456 0.1311 0.2977
vn 0.9823 0.1287 0.1361
vn 0.9664 0.2196 0.1338
vn 0.9299 0.2232 0.2925
vn 0.9298 0.2234 0.2925
vn 0.9519 0.2765 0.1317
vn 0.9154 0.2810 0.2882
vn 0.9298 0.2234 0.2926
vn 0.8589 0.1340 0.4944
vn 0.9454 0.1311 0.2982
vn 0.9297 0.2233 0.2928
vn 0.9297 0.2232 0.2931
vn 0.8439 0.2281 0.4856
vn 0.8439 0.2283 0.4855
vn 0.9296 0.2234 0.2931
vn 0.9154 0.2810 0.2883
vn 0.9154 0.2810 0.2884
vn 0.8304 0.2871 0.4775
vn 0.9906 0.0062 0.1370
vn 0.9906 0.0062 0.1369
vn 0.8304 0.2872 0.4775
vn 0.9153 0.2811 0.2885
vn 0.9049 0.3162 0.2850
vn 0.9049 0.3162 0.2849
vn 0.8204 0.3229 0.4718
vn 0.6734 0.2903 0.6798
vn 0.8300 0.2872 0.4781
vn 0.8201 0.3229 0.4724
vn 0.6734 0.2904 0.6798
vn 0.6847 0.2308 0.6913
vn 0.8435 0.2283 0.4861
vn 0.8301 0.2871 0.4781
vn 0.6734 0.2903 0.6799
vn 0.6973 0.1354 0.7039
vn 0.8586 0.1340 0.4949
vn 0.8436 0.2281 0.4861
vn 0.6848 0.2306 0.6913
vn 0.7037 0.0065 0.7104
vn 0.8663 0.0065 0.4995
vn 0.8586 0.1337 0.4949
vn 0.6973 0.1352 0.7039
vn 0.8666 0.0065 0.4990
vn 0.9536 0.0063 0.3010
vn 0.9455 0.1307 0.2983
vn 0.8589 0.1337 0.4944
vn 0.9538 0.0063 0.3004
vn 0.9905 0.0062 0.1374
vn 0.9457 0.1307 0.2977
vn 0.3445 0.7105 0.6136
vn 0.1340 0.9610 0.2420
vn 0.0798 0.9605 0.2667
vn 0.0797 0.9605 0.2667
vn 0.2071 0.7050 0.6783
vn 0.3445 0.7105 0.6135
vn 0.2070 0.7050 0.6783
vn 0.0796 0.9605 0.2667
vn 0.0361 0.9602 0.2771
vn 0.0942 0.7010 0.7070
vn 0.4437 0.4258 0.7885
vn 0.3447 0.7101 0.6139
vn 0.2073 0.7046 0.6787
vn 0.2662 0.4176 0.8688
vn 0.4438 0.4258 0.7885
vn 0.2658 0.4176 0.8689
vn 0.2071 0.7046 0.6788
vn 0.0943 0.7005 0.7074
vn 0.1208 0.4118 0.9033
vn -0.0330 0.9978 -0.0576
vn 0.1338 0.9612 0.2414
vn 0.1936 0.9614 0.1958
vn 0.1337 0.9612 0.2414
vn -0.0208 0.9976 -0.0663
vn 0.0795 0.9607 0.2661
vn -0.0097 0.9974 -0.0711
vn 0.0360 0.9603 0.2765
vn 0.0359 0.9603 0.2765
vn -0.0000 0.9974 -0.0725
vn 0.0941 0.7010 0.7070
vn 0.0360 0.9602 0.2771
vn 0.0001 0.9602 0.2793
vn 0.0941 0.7009 0.7070
vn 0.1204 0.4117 0.9033
vn 0.0942 0.7005 0.7075
vn 0.0001 0.6993 0.7148
vn -0.0000 0.6993 0.7149
vn 0.0002 0.4098 0.9122
vn 0.1204 0.4118 0.9033
vn 0.1204 0.4112 0.9035
vn 0.0002 0.4092 0.9124
vn 0.2658 0.4172 0.8691
vn 0.1208 0.4112 0.9035
vn 0.1208 0.4113 0.9035
vn 0.4639 0.3221 0.8253
vn 0.4438 0.4254 0.7887
vn 0.2663 0.4172 0.8689
vn 0.6350 0.4301 0.6417
vn 0.4443 0.4254 0.7884
vn 0.6348 0.4305 0.6416
vn 0.4932 0.7130 0.4985
vn 0.3449 0.7101 0.6138
vn 0.4442 0.4258 0.7883
vn 0.4929 0.7134 0.4981
vn 0.1939 0.9612 0.1963
vn 0.1341 0.9610 0.2419
vn 0.3447 0.7105 0.6135
vn -0.6092 0.7116 0.3500
vn -0.2399 0.9612 0.1361
vn -0.2649 0.9608 0.0818
vn -0.6750 0.7067 0.2122
vn -0.6750 0.7066 0.2121
vn -0.2649 0.9608 0.0816
vn -0.2756 0.9605 0.0373
vn -0.7046 0.7028 0.0974
vn -0.7838 0.4269 0.4510
vn -0.6097 0.7111 0.3502
vn -0.6754 0.7062 0.2124
vn -0.8657 0.4195 0.2730
vn -0.8659 0.4195 0.2726
vn -0.6755 0.7062 0.2122
vn -0.7051 0.7024 0.0975
vn -0.7051 0.7023 0.0975
vn -0.9017 0.4140 0.1251
vn -0.8659 0.4195 0.2725
vn -0.1936 0.9613 0.1958
vn 0.0571 0.9978 -0.0334
vn -0.2393 0.9614 0.1359
vn -0.2393 0.9614 0.1358
vn -0.2643 0.9610 0.0815
vn 0.0705 0.9975 -0.0100
vn -0.2750 0.9607 0.0372
vn -0.7047 0.7028 0.0973
vn -0.2756 0.9605 0.0372
vn -0.9017 0.4140 0.1247
vn -0.7051 0.7024 0.0974
vn -0.7129 0.7013 0.0001
vn -0.9112 0.4120 0.0002
vn -0.9019 0.4134 0.1247
vn -0.9114 0.4115 0.0002
vn -0.8661 0.4191 0.2726
vn -0.9019 0.4135 0.1251
vn -0.9019 0.4134 0.1251
vn -0.8204 0.3230 0.4718
vn -0.7839 0.4265 0.4511
vn -0.8659 0.4191 0.2731
vn -0.8659 0.4191 0.2730
vn -0.6353 0.4301 0.6414
vn -0.7837 0.4265 0.4516
vn -0.6352 0.4305 0.6412
vn -0.4934 0.7130 0.4983
vn -0.6095 0.7111 0.3504
vn -0.7835 0.4269 0.4515
vn -0.6352 0.4305 0.6413
vn -0.4930 0.7134 0.4980
vn -0.1941 0.9612 0.1962
vn -0.2398 0.9612 0.1362
vn -0.6092 0.7115 0.3502
vn -0.4930 0.7134 0.4979
vn -0.3445 0.7105 -0.6135
vn -0.1340 0.9610 -0.2420
vn -0.0798 0.9605 -0.2667
vn -0.0797 0.9605 -0.2667
vn -0.2071 0.7050 -0.6783
vn -0.3445 0.7106 -0.6135
vn -0.2070 0.7050 -0.6783
vn -0.0796 0.9605 -0.2667
vn -0.0361 0.9602 -0.2771
vn -0.0942 0.7010 -0.7070
vn -0.4437 0.4258 -0.7885
vn -0.3447 0.7101 -0.6140
vn -0.2073 0.7046 -0.6787
vn -0.2662 0.4176 -0.8688
vn -0.4438 0.4258 -0.7885
vn -0.2658 0.4176 -0.8689
vn -0.2071 0.7046 -0.6788
vn -0.0943 0.7005 -0.7074
vn -0.1208 0.4118 -0.9033
vn 0.0330 0.9978 0.0576
vn -0.1337 0.9612 -0.2414
vn -0.1936 0.9614 -0.1958
vn 0.0208 0.9976 0.0663
vn 0.0207 0.9976 0.0661
vn -0.0795 0.9607 -0.2661
vn -0.1338 0.9612 -0.2414
vn 0.0208 0.9976 0.0662
vn 0.0097 0.9974 0.0710
vn 0.0097 0.9974 0.0711
vn -0.0360 0.9603 -0.2765
vn -0.0359 0.9603 -0.2765
vn -0.0000 0.9974 0.0725
vn -0.0941 0.7010 -0.7070
vn -0.0360 0.9602 -0.2771
vn -0.0001 0.9602 -0.2793
vn -0.0941 0.7009 -0.7070
vn -0.1204 0.4117 -0.9033
vn -0.0942 0.7005 -0.7075
vn -0.0001 0.6993 -0.7148
vn -0.0001 0.6993 -0.7149
vn -0.0002 0.4098 -0.9122
vn -0.1204 0.4118 -0.9033
vn -0.1204 0.4112 -0.9035
vn -0.0002 0.4092 -0.9124
vn -0.2658 0.4172 -0.8691
vn -0.1208 0.4113 -0.9035
vn -0.4639 0.3221 -0.8253
vn -0.4438 0.4254 -0.7887
vn -0.2663 0.4172 -0.8689
vn -0.2662 0.4172 -0.8689
vn -0.6350 0.4301 -0.6417
vn -0.4443 0.4254 -0.7884
vn -0.6348 0.4305 -0.6416
vn -0.4932 0.7130 -0.4985
vn -0.3449 0.7101 -0.6138
vn -0.4442 0.4258 -0.7883
vn -0.6349 0.4305 -0.6416
vn -0.4929 0.7134 -0.4981
vn -0.1939 0.9612 -0.1963
vn -0.1341 0.9610 -0.2419
vn -0.3447 0.7105 -0.6135
vn 0.2900 0.1303 -0.9481
vn 0.1313 0.1278 -0.9831
vn 0.1291 0.2182 -0.9673
vn 0.2850 0.2220 -0.9325
vn 0.2851 0.2222 -0.9324
vn 0.1271 0.2747 -0.9531
vn 0.2807 0.2795 -0.9182
vn 0.2850 0.2222 -0.9324
vn 0.4860 0.1336 -0.8637
vn 0.2906 0.1303 -0.9479
vn 0.2856 0.2220 -0.9323
vn 0.4774 0.2274 -0.8487
vn 0.4774 0.2276 -0.8487
vn 0.2856 0.2222 -0.9322
vn 0.2808 0.2795 -0.9181
vn 0.2811 0.2794 -0.9181
vn 0.4696 0.2862 -0.8352
vn 0.1321 0.0062 -0.9912
vn 0.2808 0.2795 -0.9182
vn 0.4696 0.2864 -0.8351
vn 0.4639 0.3220 -0.8253
vn 0.6730 0.2903 -0.6803
vn 0.4702 0.2864 -0.8348
vn 0.6843 0.2308 -0.6917
vn 0.4779 0.2276 -0.8484
vn 0.4702 0.2862 -0.8349
vn 0.6730 0.2902 -0.6804
vn 0.6969 0.1354 -0.7043
vn 0.4866 0.1335 -0.8634
vn 0.4780 0.2274 -0.8484
vn 0.6843 0.2306 -0.6918
vn 0.7033 0.0065 -0.7108
vn 0.4911 0.0065 -0.8711
vn 0.4866 0.1333 -0.8634
vn 0.6969 0.1352 -0.7043
vn 0.4906 0.0065 -0.8714
vn 0.2932 0.0063 -0.9560
vn 0.2906 0.1300 -0.9480
vn 0.2906 0.1299 -0.9480
vn 0.4861 0.1333 -0.8637
vn 0.4905 0.0065 -0.8714
vn 0.2926 0.0063 -0.9562
vn 0.1326 0.0062 -0.9911
vn 0.2901 0.1299 -0.9481
vn -0.9456 0.1310 -0.2977
vn -0.9823 0.1287 -0.1361
vn -0.9664 0.2196 -0.1338
vn -0.9299 0.2232 -0.2925
vn -0.9456 0.1311 -0.2977
vn -0.9298 0.2234 -0.2925
vn -0.9519 0.2765 -0.1317
vn -0.9154 0.2810 -0.2882
vn -0.9298 0.2234 -0.2926
vn -0.8589 0.1340 -0.4944
vn -0.9454 0.1311 -0.2982
vn -0.9297 0.2233 -0.2928
vn -0.9297 0.2232 -0.2931
vn -0.8439 0.2281 -0.4856
vn -0.8439 0.2283 -0.4855
vn -0.9296 0.2234 -0.2931
vn -0.9154 0.2810 -0.2883
vn -0.9154 0.2810 -0.2884
vn -0.8304 0.2871 -0.4775
vn -0.9906 0.0062 -0.1370
vn -0.9906 0.0062 -0.1369
vn -0.8304 0.2872 -0.4775
vn -0.9153 0.2811 -0.2885
vn -0.9049 0.3162 -0.2850
vn -0.9049 0.3162 -0.2849
vn -0.8204 0.3229 -0.4718
vn -0.6734 0.2903 -0.6798
vn -0.8300 0.2872 -0.4781
vn -0.8201 0.3229 -0.4724
vn -0.6734 0.2904 -0.6798
vn -0.6847 0.2308 -0.6913
vn -0.8435 0.2283 -0.4861
vn -0.8301 0.2871 -0.4781
vn -0.6734 0.2903 -0.6799
vn -0.6973 0.1354 -0.7039
vn -0.8586 0.1340 -0.4949
vn -0.8436 0.2281 -0.4861
vn -0.6848 0.2306 -0.6913
vn -0.7037 0.0065 -0.7104
vn -0.8663 0.0065 -0.4995
vn -0.8586 0.1337 -0.4949
vn -0.6973 0.1352 -0.7039
vn -0.8666 0.0065 -0.4990
vn -0.9536 0.0063 -0.3010
vn -0.9455 0.1307 -0.2983
vn -0.8589 0.1337 -0.4944
vn -0.9538 0.0063 -0.3004
vn -0.9905 0.0062 -0.1374
vn -0.9457 0.1307 -0.2977
vn -0.2900 0.1303 0.9481
vn -0.1313 0.1278 0.9831
vn -0.1291 0.2182 0.9673
vn -0.2850 0.2220 0.9325
vn -0.2850 0.2222 0.9324
vn -0.1271 0.2747 0.9531
vn -0.2808 0.2795 0.9182
vn -0.2851 0.2222 0.9324
vn -0.4860 0.1336 0.8637
vn -0.2906 0.1303 0.9479
vn -0.2856 0.2220 0.9323
vn -0.4774 0.2274 0.8487
vn -0.4774 0.2276 0.8487
vn -0.2856 0.2222 0.9322
vn -0.2808 0.2795 0.9181
vn -0.4696 0.2862 0.8352
vn -0.1321 0.0062 0.9912
vn -0.1324 0.0060 0.9912
vn -0.2806 0.2796 0.9182
vn -0.4696 0.2864 0.8351
vn -0.2809 0.2795 0.9181
vn -0.4696 0.2863 0.8351
vn -0.6730 0.2903 0.6803
vn -0.4702 0.2864 0.8348
vn -0.6730 0.2904 0.6803
vn -0.6843 0.2308 0.6917
vn -0.4779 0.2276 0.8484
vn -0.4702 0.2863 0.8348
vn -0.6730 0.2902 0.6804
vn -0.6969 0.1354 0.7043
vn -0.4866 0.1335 0.8634
vn -0.4780 0.2274 0.8484
vn -0.6843 0.2306 0.6918
vn -0.7033 0.0065 0.7108
vn -0.4911 0.0065 0.8711
vn -0.4866 0.1333 0.8634
vn -0.6969 0.1352 0.7043
vn -0.4906 0.0065 0.8714
vn -0.2932 0.0063 0.9560
vn -0.2906 0.1300 0.9480
vn -0.2906 0.1299 0.9480
vn -0.4861 0.1333 0.8637
vn -0.4905 0.0065 0.8714
vn -0.2926 0.0063 0.9562
vn -0.1326 0.0062 0.9911
vn -0.2901 0.1299 0.9481
vn 0.6092 0.7116 -0.3500
vn 0.2399 0.9612 -0.1361
vn 0.2649 0.9608 -0.0818
vn 0.2649 0.9608 -0.0817
vn 0.6750 0.7067 -0.2122
vn 0.6093 0.7116 -0.3500
vn 0.6750 0.7066 -0.2121
vn 0.2649 0.9608 -0.0816
vn 0.2756 0.9605 -0.0373
vn 0.7046 0.7028 -0.0974
vn 0.7838 0.4269 -0.4511
vn 0.6097 0.7111 -0.3502
vn 0.6754 0.7062 -0.2124
vn 0.8657 0.4195 -0.2730
vn 0.7838 0.4269 -0.4510
vn 0.8659 0.4195 -0.2726
vn 0.6755 0.7062 -0.2122
vn 0.7051 0.7024 -0.0975
vn 0.7051 0.7023 -0.0975
vn 0.9017 0.4140 -0.1251
vn 0.8659 0.4195 -0.2725
vn 0.1936 0.9613 -0.1958
vn -0.0571 0.9978 0.0334
vn 0.2393 0.9614 -0.1359
vn 0.2393 0.9614 -0.1358
vn 0.2643 0.9610 -0.0815
vn -0.0705 0.9975 0.0100
vn 0.2750 0.9607 -0.0372
vn 0.7047 0.7028 -0.0973
vn 0.2756 0.9605 -0.0372
vn 0.2781 0.9605 -0.0001
vn 0.9017 0.4140 -0.1247
vn 0.7051 0.7024 -0.0974
vn 0.7129 0.7013 -0.0001
vn 0.7129 0.7012 -0.0001
vn 0.9112 0.4121 -0.0002
vn 0.9017 0.4139 -0.1247
vn 0.9019 0.4134 -0.1247
vn 0.9114 0.4115 -0.0002
vn 0.8661 0.4191 -0.2726
vn 0.9019 0.4135 -0.1251
vn 0.9019 0.4134 -0.1251
vn 0.8204 0.3230 -0.4718
vn 0.7839 0.4265 -0.4511
vn 0.8659 0.4191 -0.2731
vn 0.8659 0.4191 -0.2730
vn 0.6353 0.4301 -0.6414
vn 0.7837 0.4265 -0.4516
vn 0.6352 0.4305 -0.6413
vn 0.4934 0.7130 -0.4983
vn 0.6095 0.7111 -0.3504
vn 0.7835 0.4269 -0.4515
vn 0.6352 0.4305 -0.6412
vn 0.4930 0.7134 -0.4980
vn 0.1941 0.9612 -0.1962
vn 0.2398 0.9612 -0.1362
vn 0.6092 0.7116 -0.3501
vt 0.570380 0.644525
vt 0.576785 0.647130
vt 0.570604 0.680871
vt 0.564658 0.678878
vt 0.565524 0.716415
vt 0.559502 0.715202
vt 0.563468 0.641943
vt 0.558158 0.676843
vt 0.552872 0.713933
vt 0.582163 0.616749
vt 0.587809 0.621488
vt 0.582191 0.649590
vt 0.575581 0.682639
vt 0.570554 0.717466
vt 0.567888 0.753515
vt 0.562738 0.753192
vt 0.556555 0.752821
vt 0.549716 0.752429
vt 0.545975 0.712692
vt 0.542544 0.752035
vt 0.551419 0.674901
vt 0.556369 0.639530
vt 0.558679 0.605662
vt 0.566994 0.608597
vt 0.575066 0.612291
vt 0.793104 0.924904
vt 0.758813 0.926973
vt 0.758688 0.924313
vt 0.792579 0.922260
vt 0.758505 0.922047
vt 0.792006 0.919999
vt 0.825545 0.919858
vt 0.824589 0.917131
vt 0.823643 0.914784
vt 0.758933 0.930758
vt 0.723208 0.929613
vt 0.723582 0.925827
vt 0.723845 0.923169
vt 0.724068 0.920911
vt 0.724377 0.917794
vt 0.758208 0.918907
vt 0.791134 0.916857
vt 0.822225 0.911526
vt 0.852803 0.904082
vt 0.850625 0.900630
vt 0.854287 0.906612
vt 0.855700 0.910243
vt 0.857536 0.915320
vt 0.826792 0.923751
vt 0.793743 0.928664
vt 0.968261 0.444283
vt 0.962333 0.408797
vt 0.964882 0.408355
vt 0.970847 0.443748
vt 0.967052 0.407928
vt 0.973053 0.443232
vt 0.977882 0.474750
vt 0.980463 0.473824
vt 0.982640 0.472945
vt 0.958722 0.409431
vt 0.953219 0.370657
vt 0.956835 0.369893
vt 0.959388 0.369372
vt 0.961563 0.368935
vt 0.902926 0.745289
vt 0.902716 0.780968
vt 0.899330 0.780584
vt 0.899540 0.745604
vt 0.898583 0.709971
vt 0.895270 0.711020
vt 0.889066 0.676643
vt 0.885857 0.678355
vt 0.871568 0.644079
vt 0.868911 0.647461
vt 0.998007 0.499505
vt 0.999999 0.498177
vt 0.995574 0.500851
vt 0.991965 0.502581
vt 0.974164 0.476001
vt 0.964586 0.445048
vt 0.672366 0.613029
vt 0.708105 0.611786
vt 0.708296 0.614258
vt 0.672900 0.615534
vt 0.708547 0.616368
vt 0.673506 0.617685
vt 0.637316 0.616812
vt 0.638198 0.619388
vt 0.639188 0.621616
vt 0.707911 0.608280
vt 0.744476 0.608571
vt 0.744297 0.612101
vt 0.744173 0.614584
vt 0.744068 0.616693
vt 0.743925 0.619595
vt 0.708951 0.619288
vt 0.674460 0.620674
vt 0.640771 0.624726
vt 0.603552 0.632142
vt 0.607479 0.634945
vt 0.600465 0.630332
vt 0.600381 0.626485
vt 0.600087 0.621276
vt 0.636311 0.613078
vt 0.671756 0.609471
vt 0.664302 0.440119
vt 0.702181 0.439125
vt 0.704425 0.476343
vt 0.667233 0.477230
vt 0.706384 0.507623
vt 0.670141 0.508558
vt 0.632155 0.440114
vt 0.636588 0.476434
vt 0.641818 0.507006
vt 0.700087 0.398709
vt 0.740794 0.397150
vt 0.743351 0.437819
vt 0.745512 0.475102
vt 0.746709 0.506471
vt 0.747023 0.529929
vt 0.708025 0.530798
vt 0.672291 0.531534
vt 0.644728 0.529596
vt 0.622082 0.503807
vt 0.629393 0.522193
vt 0.613663 0.474633
vt 0.607683 0.439382
vt 0.604849 0.401018
vt 0.629696 0.400954
vt 0.662219 0.400172
vt 0.873562 0.684777
vt 0.880863 0.681089
vt 0.890028 0.712586
vt 0.882034 0.714336
vt 0.894151 0.746045
vt 0.885785 0.746313
vt 0.863399 0.688737
vt 0.870393 0.715656
vt 0.873446 0.746044
vt 0.864750 0.652522
vt 0.893931 0.779983
vt 0.885489 0.779067
vt 0.872970 0.777776
vt 0.856042 0.744922
vt 0.855283 0.776076
vt 0.853999 0.715571
vt 0.849368 0.690685
vt 0.844029 0.674567
vt 0.851164 0.667386
vt 0.858838 0.659298
vt 0.709694 0.552632
vt 0.709727 0.556853
vt 0.673107 0.556919
vt 0.673368 0.552792
vt 0.635273 0.556758
vt 0.639693 0.551835
vt 0.709155 0.545007
vt 0.673289 0.545375
vt 0.642950 0.543722
vt 0.746694 0.556804
vt 0.746588 0.560863
vt 0.709318 0.560856
vt 0.672273 0.560988
vt 0.634375 0.561269
vt 0.594065 0.563438
vt 0.593239 0.559872
vt 0.617556 0.537623
vt 0.620471 0.533892
vt 0.624612 0.528415
vt 0.746937 0.544528
vt 0.746798 0.552438
vt 0.900011 0.419922
vt 0.904502 0.418910
vt 0.907530 0.455329
vt 0.902957 0.456235
vt 0.908805 0.493960
vt 0.903035 0.492958
vt 0.892053 0.422161
vt 0.895040 0.458496
vt 0.894069 0.492149
vt 0.900105 0.382456
vt 0.904227 0.381608
vt 0.908697 0.418385
vt 0.912049 0.455007
vt 0.914724 0.492230
vt 0.936301 0.522216
vt 0.931744 0.524746
vt 0.884491 0.529374
vt 0.881160 0.525903
vt 0.876364 0.520914
vt 0.879149 0.494807
vt 0.870740 0.515169
vt 0.880566 0.463060
vt 0.877499 0.426060
vt 0.872846 0.387436
vt 0.887597 0.384896
vt 0.895671 0.383350
vt 0.767713 0.232348
vt 0.767808 0.227411
vt 0.801098 0.231982
vt 0.800458 0.236707
vt 0.831003 0.242176
vt 0.829376 0.246358
vt 0.768109 0.241196
vt 0.800359 0.244968
vt 0.827753 0.253301
vt 0.717747 0.985532
vt 0.718168 0.981160
vt 0.758925 0.982308
vt 0.758880 0.986673
vt 0.798533 0.979596
vt 0.798872 0.983832
vt 0.835391 0.975707
vt 0.835866 0.979885
vt 0.869818 0.974283
vt 0.870055 0.978533
vt 0.856554 0.257847
vt 0.853627 0.261304
vt 0.849419 0.266284
vt 0.828040 0.265769
vt 0.844656 0.271992
vt 0.801623 0.259979
vt 0.769270 0.257266
vt 0.733796 0.257882
vt 0.733121 0.241572
vt 0.732756 0.232609
vt 0.732557 0.227661
vt 0.531482 0.670127
vt 0.536067 0.634106
vt 0.542241 0.635658
vt 0.537580 0.671537
vt 0.549104 0.637466
vt 0.544341 0.673120
vt 0.525637 0.709587
vt 0.531940 0.710470
vt 0.538826 0.711480
vt 0.530911 0.632820
vt 0.530682 0.598678
vt 0.536170 0.599699
vt 0.542901 0.601153
vt 0.550513 0.603138
vt 0.535351 0.751665
vt 0.528333 0.751329
vt 0.521851 0.751034
vt 0.516325 0.750792
vt 0.520293 0.708850
vt 0.526360 0.668897
vt 0.851655 0.607551
vt 0.849547 0.614365
vt 0.816616 0.608110
vt 0.818108 0.601871
vt 0.781361 0.605124
vt 0.782191 0.599213
vt 0.853683 0.599870
vt 0.819558 0.594912
vt 0.782992 0.592657
vt 0.880118 0.626033
vt 0.877550 0.632666
vt 0.847583 0.619928
vt 0.815276 0.613278
vt 0.780620 0.610037
vt 0.744721 0.603801
vt 0.745018 0.598060
vt 0.745343 0.591720
vt 0.783625 0.585779
vt 0.745672 0.585122
vt 0.820700 0.587500
vt 0.855374 0.591618
vt 0.887665 0.600606
vt 0.885342 0.609489
vt 0.882781 0.618122
vt 0.916525 0.262946
vt 0.922311 0.261122
vt 0.932300 0.295757
vt 0.926495 0.297496
vt 0.941499 0.332782
vt 0.935635 0.334334
vt 0.910147 0.265063
vt 0.920121 0.299491
vt 0.929187 0.336090
vt 0.914057 0.227720
vt 0.918982 0.226336
vt 0.927128 0.259634
vt 0.937152 0.294327
vt 0.946404 0.331504
vt 0.948350 0.371718
vt 0.942505 0.373030
vt 0.936040 0.374515
vt 0.922543 0.337998
vt 0.929256 0.376090
vt 0.913525 0.301704
vt 0.903496 0.267452
vt 0.894733 0.233755
vt 0.901552 0.231459
vt 0.908114 0.229441
vt 0.881495 0.811127
vt 0.889788 0.813134
vt 0.881310 0.844184
vt 0.873501 0.840985
vt 0.867445 0.871937
vt 0.860688 0.867211
vt 0.869209 0.808908
vt 0.862053 0.837524
vt 0.851157 0.861768
vt 0.895078 0.814725
vt 0.886360 0.846719
vt 0.871997 0.875422
vt 0.847204 0.895425
vt 0.842277 0.888403
vt 0.835819 0.879902
vt 0.837506 0.857719
vt 0.829821 0.872228
vt 0.845712 0.834720
vt 0.851799 0.806743
vt 0.664784 0.292174
vt 0.698332 0.286923
vt 0.698342 0.319887
vt 0.662831 0.323567
vt 0.698852 0.358032
vt 0.661783 0.360392
vt 0.636865 0.298340
vt 0.632331 0.327161
vt 0.629737 0.362221
vt 0.698387 0.261629
vt 0.734879 0.283553
vt 0.736371 0.317024
vt 0.738333 0.355773
vt 0.605144 0.363116
vt 0.609000 0.329364
vt 0.616374 0.302515
vt 0.624105 0.285847
vt 0.640318 0.277407
vt 0.666282 0.268319
vt 0.804949 0.283731
vt 0.832818 0.286416
vt 0.838828 0.315378
vt 0.809262 0.315237
vt 0.844294 0.351172
vt 0.813683 0.352681
vt 0.771419 0.282552
vt 0.774253 0.315615
vt 0.777516 0.354113
vt 0.853040 0.288017
vt 0.860819 0.315366
vt 0.867301 0.349695
vt 0.849354 0.390642
vt 0.818128 0.393427
vt 0.781117 0.395399
vt 0.595125 0.723375
vt 0.587283 0.721690
vt 0.592161 0.690054
vt 0.599753 0.693087
vt 0.599739 0.661174
vt 0.607152 0.666128
vt 0.606798 0.725186
vt 0.610899 0.696299
vt 0.617506 0.671747
vt 0.584930 0.754668
vt 0.579859 0.754313
vt 0.582299 0.720357
vt 0.587228 0.687681
vt 0.594662 0.657443
vt 0.613130 0.639480
vt 0.620456 0.645984
vt 0.629315 0.654105
vt 0.631644 0.675969
vt 0.636943 0.661745
vt 0.626784 0.698929
vt 0.623452 0.726984
vt 0.621658 0.757490
vt 0.604783 0.756153
vt 0.592901 0.755250
vt 0.580887 0.362854
vt 0.576088 0.362301
vt 0.581298 0.327656
vt 0.585981 0.328755
vt 0.593098 0.298112
vt 0.597191 0.300036
vt 0.589506 0.363173
vt 0.594172 0.329560
vt 0.604014 0.302112
vt 0.511969 0.750607
vt 0.516632 0.792587
vt 0.512217 0.792851
vt 0.521697 0.832688
vt 0.517411 0.833381
vt 0.529140 0.869833
vt 0.524977 0.870809
vt 0.535378 0.904001
vt 0.531180 0.904866
vt 0.611541 0.273659
vt 0.614614 0.276628
vt 0.619049 0.280924
vt 0.589123 0.400814
vt 0.580497 0.400637
vt 0.575755 0.400522
vt 0.616641 0.918963
vt 0.619450 0.913006
vt 0.651992 0.922643
vt 0.649919 0.928467
vt 0.686627 0.930181
vt 0.685277 0.936185
vt 0.613838 0.925546
vt 0.647774 0.934902
vt 0.683840 0.942829
vt 0.589087 0.901466
vt 0.592603 0.895267
vt 0.622003 0.908060
vt 0.653800 0.917800
vt 0.687775 0.925189
vt 0.722705 0.934734
vt 0.722103 0.940898
vt 0.721434 0.947727
vt 0.682424 0.949790
vt 0.720730 0.954893
vt 0.645707 0.941646
vt 0.611216 0.932429
vt 0.578297 0.924367
vt 0.581539 0.916467
vt 0.585241 0.908697
vt 0.603356 0.846513
vt 0.596256 0.849946
vt 0.589138 0.819742
vt 0.596697 0.818035
vt 0.585410 0.787725
vt 0.593304 0.787242
vt 0.613135 0.842840
vt 0.607666 0.816740
vt 0.604982 0.787250
vt 0.607635 0.877385
vt 0.602733 0.881994
vt 0.591433 0.852513
vt 0.584206 0.821256
vt 0.580344 0.788315
vt 0.621530 0.788158
vt 0.623182 0.816875
vt 0.626539 0.841191
vt 0.630341 0.856956
vt 0.622757 0.863694
vt 0.614433 0.871251
vt 0.822329 0.434527
vt 0.854004 0.430876
vt 0.857111 0.468879
vt 0.825164 0.472891
vt 0.856037 0.501100
vt 0.825280 0.505534
vt 0.784515 0.436501
vt 0.786948 0.474381
vt 0.787534 0.506296
vt 0.853282 0.525698
vt 0.823570 0.529751
vt 0.786470 0.529976
vt 0.671118 0.792810
vt 0.702151 0.795656
vt 0.700609 0.825455
vt 0.670450 0.822229
vt 0.699104 0.851920
vt 0.669992 0.848030
vt 0.643809 0.790165
vt 0.644242 0.819059
vt 0.645304 0.843855
vt 0.703687 0.764228
vt 0.737331 0.766795
vt 0.735244 0.798396
vt 0.732896 0.828304
vt 0.730524 0.854934
vt 0.728424 0.876907
vt 0.697576 0.873639
vt 0.669085 0.868821
vt 0.645389 0.862738
vt 0.644379 0.759362
vt 0.672166 0.761675
vt 0.677827 0.677212
vt 0.708512 0.678246
vt 0.706974 0.703826
vt 0.675725 0.702006
vt 0.705350 0.733017
vt 0.673773 0.730760
vt 0.651593 0.676870
vt 0.648534 0.700540
vt 0.646013 0.728755
vt 0.709756 0.657478
vt 0.742099 0.658650
vt 0.741262 0.679913
vt 0.740259 0.705917
vt 0.738987 0.735394
vt 0.653551 0.659021
vt 0.679332 0.657436
vt 0.803982 0.685004
vt 0.829655 0.688412
vt 0.831906 0.713582
vt 0.804648 0.710884
vt 0.832781 0.742869
vt 0.804520 0.740424
vt 0.773815 0.682135
vt 0.773483 0.708291
vt 0.772684 0.737909
vt 0.828260 0.669105
vt 0.831675 0.774007
vt 0.803122 0.771737
vt 0.771114 0.769344
vt 0.774141 0.660779
vt 0.803669 0.664120
vt 0.800225 0.802862
vt 0.828481 0.804795
vt 0.823510 0.833150
vt 0.796251 0.831964
vt 0.817650 0.857147
vt 0.791933 0.857371
vt 0.768559 0.800767
vt 0.765416 0.830425
vt 0.762167 0.856733
vt 0.813504 0.875600
vt 0.788673 0.877964
vt 0.759500 0.878373
vt 0.776080 0.633795
vt 0.777355 0.626260
vt 0.809478 0.630244
vt 0.807150 0.637824
vt 0.839018 0.637826
vt 0.835226 0.645306
vt 0.774926 0.644945
vt 0.804897 0.648724
vt 0.830873 0.655372
vt 0.743670 0.624323
vt 0.778426 0.621433
vt 0.811354 0.625243
vt 0.841840 0.632650
vt 0.742774 0.642858
vt 0.743281 0.631750
vt 0.693956 0.901147
vt 0.692221 0.908790
vt 0.661036 0.901932
vt 0.663905 0.894686
vt 0.632318 0.892128
vt 0.636776 0.885355
vt 0.695821 0.889787
vt 0.666876 0.884040
vt 0.641849 0.875912
vt 0.724866 0.912795
vt 0.690836 0.913653
vt 0.658756 0.906613
vt 0.629046 0.896767
vt 0.726805 0.893346
vt 0.725644 0.904976
vt 0.647112 0.636610
vt 0.643416 0.629579
vt 0.675929 0.625387
vt 0.677659 0.632563
vt 0.709574 0.623885
vt 0.710114 0.631267
vt 0.651297 0.646117
vt 0.679110 0.642882
vt 0.710264 0.642102
vt 0.817125 0.899098
vt 0.820009 0.906456
vt 0.789848 0.911868
vt 0.788507 0.904272
vt 0.757808 0.913880
vt 0.757618 0.906073
vt 0.814168 0.889066
vt 0.787752 0.893308
vt 0.758040 0.894570
vt 0.640469 0.961611
vt 0.605104 0.952472
vt 0.606857 0.946266
vt 0.642003 0.955384
vt 0.608892 0.939469
vt 0.643752 0.948599
vt 0.678661 0.970215
vt 0.679759 0.963809
vt 0.681004 0.956870
vt 0.603649 0.957702
vt 0.569923 0.951602
vt 0.571293 0.946149
vt 0.573101 0.939542
vt 0.575414 0.932160
vt 0.720024 0.962086
vt 0.719337 0.969116
vt 0.718705 0.975616
vt 0.677748 0.975671
vt 0.639173 0.966889
vt 0.894518 0.308955
vt 0.884351 0.275515
vt 0.890313 0.272773
vt 0.900389 0.306552
vt 0.896805 0.270031
vt 0.906825 0.304081
vt 0.903049 0.343961
vt 0.909058 0.342066
vt 0.915608 0.340036
vt 0.879300 0.278079
vt 0.870183 0.243487
vt 0.875226 0.241391
vt 0.881262 0.238913
vt 0.887884 0.236284
vt 0.922353 0.377646
vt 0.915649 0.379146
vt 0.909475 0.380495
vt 0.897940 0.345591
vt 0.889578 0.311095
vt 0.822172 0.566555
vt 0.860723 0.567649
vt 0.859414 0.575287
vt 0.822170 0.573115
vt 0.857659 0.583434
vt 0.821673 0.580247
vt 0.784230 0.566097
vt 0.784245 0.572263
vt 0.784050 0.578951
vt 0.861355 0.560993
vt 0.897326 0.570775
vt 0.894936 0.576491
vt 0.892474 0.583635
vt 0.890035 0.591836
vt 0.745962 0.578473
vt 0.746220 0.571973
vt 0.746432 0.565975
vt 0.784067 0.560851
vt 0.821785 0.560993
vt 0.576283 0.823595
vt 0.572228 0.789262
vt 0.574902 0.789017
vt 0.578898 0.822943
vt 0.577183 0.788738
vt 0.581133 0.822269
vt 0.583535 0.856215
vt 0.586125 0.855161
vt 0.588343 0.854111
vt 0.568429 0.789558
vt 0.571704 0.753764
vt 0.574390 0.753942
vt 0.576683 0.754097
vt 0.599658 0.884703
vt 0.597508 0.887137
vt 0.594280 0.888239
vt 0.589813 0.889696
vt 0.579837 0.857557
vt 0.572568 0.824422
vt 0.822065 0.544489
vt 0.854535 0.541399
vt 0.858115 0.550358
vt 0.821434 0.552307
vt 0.862122 0.555891
vt 0.821358 0.556683
vt 0.785080 0.544532
vt 0.784200 0.552391
vt 0.783921 0.556726
vt 0.899465 0.566539
vt 0.874337 0.314749
vt 0.865025 0.285918
vt 0.871506 0.282770
vt 0.881606 0.313800
vt 0.875348 0.280126
vt 0.885698 0.312742
vt 0.881712 0.348489
vt 0.889570 0.347588
vt 0.893877 0.346774
vt 0.866381 0.245145
vt 0.666339 0.253302
vt 0.639709 0.265016
vt 0.637578 0.258339
vt 0.665559 0.245133
vt 0.635645 0.254393
vt 0.664525 0.240531
vt 0.698222 0.245561
vt 0.697890 0.236744
vt 0.697390 0.231865
vt 0.602422 0.961718
vt 0.568955 0.955733
vt 0.638021 0.970973
vt 0.676952 0.979944
vt 0.528807 0.792087
vt 0.535901 0.791755
vt 0.540653 0.830204
vt 0.533660 0.831152
vt 0.547857 0.866129
vt 0.540916 0.867506
vt 0.522240 0.792363
vt 0.527198 0.831982
vt 0.534537 0.868746
vt 0.543118 0.791346
vt 0.547781 0.829136
vt 0.554989 0.864601
vt 0.562186 0.898242
vt 0.554663 0.900080
vt 0.547430 0.901604
vt 0.540864 0.902899
vt 0.599219 0.474021
vt 0.610580 0.504231
vt 0.604379 0.506308
vt 0.591296 0.474455
vt 0.600722 0.508231
vt 0.586817 0.475318
vt 0.592159 0.438889
vt 0.583611 0.438842
vt 0.578874 0.439158
vt 0.526954 0.631720
vt 0.526574 0.598016
vt 0.522407 0.667758
vt 0.516113 0.708181
vt 0.759250 0.970235
vt 0.759374 0.963173
vt 0.797570 0.960741
vt 0.797977 0.967732
vt 0.833615 0.956822
vt 0.834347 0.963864
vt 0.759086 0.976755
vt 0.798281 0.974151
vt 0.834920 0.970290
vt 0.759375 0.955936
vt 0.797003 0.953562
vt 0.832655 0.949514
vt 0.866494 0.946146
vt 0.867926 0.954247
vt 0.868854 0.961868
vt 0.869436 0.968671
vt 0.920371 0.416763
vt 0.927169 0.415630
vt 0.931882 0.452350
vt 0.924630 0.453533
vt 0.938907 0.486033
vt 0.930330 0.488121
vt 0.914069 0.417697
vt 0.917890 0.454444
vt 0.922123 0.490262
vt 0.934078 0.414353
vt 0.939182 0.450935
vt 0.947297 0.483917
vt 0.965574 0.512184
vt 0.957476 0.514538
vt 0.949511 0.516940
vt 0.942266 0.519503
vt 0.708231 0.571902
vt 0.707791 0.578370
vt 0.669895 0.578899
vt 0.670443 0.572284
vt 0.632448 0.580186
vt 0.632601 0.573116
vt 0.708769 0.565939
vt 0.671286 0.566185
vt 0.633291 0.566712
vt 0.707506 0.584978
vt 0.669713 0.585619
vt 0.632874 0.587516
vt 0.597214 0.590625
vt 0.596466 0.582483
vt 0.595730 0.574932
vt 0.594930 0.568455
vt 0.554824 0.827954
vt 0.550324 0.790906
vt 0.557145 0.790418
vt 0.561517 0.826706
vt 0.563304 0.789954
vt 0.567553 0.825490
vt 0.562013 0.862895
vt 0.568728 0.861072
vt 0.574802 0.859236
vt 0.583947 0.891646
vt 0.577100 0.893905
vt 0.569730 0.896186
vt 0.625529 0.901897
vt 0.626955 0.899749
vt 0.657257 0.909569
vt 0.656233 0.911706
vt 0.689921 0.916695
vt 0.689290 0.918899
vt 0.624012 0.904434
vt 0.655182 0.914218
vt 0.688639 0.921494
vt 0.595390 0.890522
vt 0.933225 0.257811
vt 0.935526 0.257500
vt 0.945576 0.292098
vt 0.943325 0.292584
vt 0.954886 0.329507
vt 0.952647 0.329952
vt 0.930693 0.258538
vt 0.940757 0.293271
vt 0.950055 0.330566
vt 0.874907 0.877639
vt 0.889552 0.848386
vt 0.898398 0.815779
vt 0.922603 0.225334
vt 0.925168 0.224703
vt 0.877019 0.879102
vt 0.844829 0.626867
vt 0.843625 0.629297
vt 0.812593 0.622079
vt 0.813422 0.619791
vt 0.779123 0.618422
vt 0.779592 0.616242
vt 0.846031 0.624007
vt 0.814238 0.617104
vt 0.780046 0.613680
vt 0.875361 0.637609
vt 0.873514 0.641086
vt 0.669875 0.592391
vt 0.707436 0.591545
vt 0.707517 0.597845
vt 0.670371 0.598846
vt 0.707697 0.603544
vt 0.671048 0.604656
vt 0.633299 0.594806
vt 0.634116 0.601742
vt 0.635177 0.607964
vt 0.599434 0.614637
vt 0.598606 0.607038
vt 0.597830 0.598907
vt 0.946688 0.449273
vt 0.941477 0.413000
vt 0.948006 0.411577
vt 0.953573 0.447630
vt 0.953857 0.410365
vt 0.959612 0.446178
vt 0.955332 0.481756
vt 0.962662 0.479639
vt 0.969033 0.477671
vt 0.986896 0.504765
vt 0.980568 0.507209
vt 0.973348 0.509733
vt 0.796290 0.946550
vt 0.759351 0.948825
vt 0.759236 0.942025
vt 0.795445 0.939836
vt 0.759083 0.935875
vt 0.794558 0.933745
vt 0.831392 0.942299
vt 0.829907 0.935355
vt 0.828313 0.929031
vt 0.859911 0.921962
vt 0.862434 0.929679
vt 0.864710 0.937889
vt 0.589012 0.653327
vt 0.591392 0.655011
vt 0.584121 0.686138
vt 0.581885 0.685090
vt 0.579177 0.719481
vt 0.576926 0.718881
vt 0.586283 0.651459
vt 0.579274 0.684019
vt 0.574291 0.718269
vt 0.592250 0.625596
s 0
usemtl pain_(matériau_001)
f 4/1/1 1/2/2 2/3/3
f 2/3/4 3/4/5 4/1/1
f 3/4/6 2/3/7 5/5/8
f 5/5/8 6/6/9 3/4/6
f 8/7/10 4/1/11 3/4/12
f 3/4/12 7/8/13 8/7/14
f 7/8/15 3/4/16 6/6/9
f 6/6/9 9/9/17 7/8/18
f 12/10/19 10/11/20 11/12/21
f 11/12/22 1/2/23 12/10/24
f 1/2/25 11/12/26 13/13/27
f 13/13/28 2/3/29 1/2/30
f 2/3/4 13/13/27 14/14/31
f 14/14/31 5/5/8 2/3/4
f 5/5/8 14/14/31 15/15/32
f 15/15/32 16/16/33 5/5/8
f 6/6/9 5/5/8 16/16/33
f 16/16/33 17/17/34 6/6/9
f 9/9/17 6/6/9 17/17/34
f 17/17/34 18/18/35 9/9/17
f 20/19/36 9/9/17 18/18/35
f 18/18/35 19/20/37 20/19/38
f 21/21/39 7/8/40 9/9/17
f 9/9/41 20/19/42 21/21/39
f 22/22/43 8/7/44 7/8/45
f 7/8/45 21/21/46 22/22/43
f 24/23/47 23/24/48 8/7/49
f 8/7/49 22/22/50 24/23/51
f 23/24/52 25/25/53 4/1/54
f 4/1/54 8/7/55 23/24/52
f 25/25/56 12/10/57 1/2/58
f 1/2/58 4/1/59 25/25/56
f 29/26/60 26/27/61 27/28/62
f 27/28/62 28/29/63 29/26/60
f 28/29/64 27/28/65 30/30/66
f 30/30/66 31/31/67 28/29/64
f 33/32/68 29/26/69 28/29/70
f 28/29/70 32/33/71 33/32/68
f 32/33/72 28/29/73 31/31/74
f 31/31/75 34/34/76 32/33/72
f 37/35/77 35/36/78 36/37/79
f 36/37/79 26/27/80 37/35/77
f 26/27/81 36/37/82 38/38/83
f 38/38/83 27/28/84 26/27/81
f 27/28/85 38/38/86 39/39/87
f 39/39/87 30/30/88 27/28/85
f 30/30/89 39/39/90 40/40/91
f 40/40/92 41/41/93 30/30/94
f 31/31/95 30/30/89 41/41/93
f 41/41/93 42/42/96 31/31/95
f 34/34/97 31/31/95 42/42/96
f 42/42/96 43/43/98 34/34/97
f 45/44/99 34/34/97 43/43/98
f 43/43/98 44/45/100 45/44/99
f 46/46/101 32/33/102 34/34/103
f 34/34/103 45/44/104 46/46/101
f 47/47/105 33/32/106 32/33/107
f 32/33/107 46/46/108 47/47/105
f 49/48/109 48/49/110 33/32/111
f 33/32/111 47/47/112 49/48/109
f 48/49/113 50/50/114 29/26/115
f 29/26/115 33/32/116 48/49/113
f 50/50/114 37/35/77 26/27/117
f 26/27/117 29/26/118 50/50/114
f 54/51/119 51/52/120 52/53/121
f 52/53/122 53/54/123 54/51/124
f 53/54/125 52/53/126 55/55/127
f 55/55/127 56/56/128 53/54/125
f 58/57/129 54/51/130 53/54/131
f 53/54/131 57/58/132 58/57/129
f 57/58/133 53/54/134 56/56/135
f 56/56/135 59/59/136 57/58/133
f 62/60/137 60/61/138 61/62/139
f 61/62/139 51/52/140 62/60/137
f 51/52/141 61/62/142 63/63/143
f 63/63/143 52/53/144 51/52/141
f 52/53/145 63/63/146 64/64/147
f 64/64/147 55/55/148 52/53/145
f 55/65/149 64/66/150 65/67/151
f 65/67/152 66/68/153 55/65/149
f 56/69/154 55/65/149 66/68/155
f 66/68/155 67/70/156 56/69/154
f 59/71/157 56/69/154 67/70/158
f 67/70/156 68/72/159 59/71/160
f 70/73/161 59/71/157 68/72/159
f 68/72/159 69/74/162 70/73/161
f 71/75/163 57/58/164 59/59/165
f 59/59/165 70/76/166 71/75/163
f 72/77/167 58/57/168 57/58/169
f 57/58/169 71/75/170 72/77/171
f 74/78/172 73/79/173 58/57/174
f 58/57/174 72/77/175 74/78/172
f 73/79/176 75/80/177 54/51/178
f 54/51/179 58/57/180 73/79/176
f 75/80/177 62/60/137 51/52/181
f 51/52/182 54/51/183 75/80/177
f 79/81/184 76/82/185 77/83/186
f 77/83/186 78/84/187 79/81/188
f 78/84/189 77/83/190 80/85/191
f 80/85/191 81/86/192 78/84/189
f 83/87/193 79/81/194 78/84/195
f 78/84/195 82/88/196 83/87/197
f 82/88/198 78/84/199 81/86/200
f 81/86/200 84/89/201 82/88/202
f 87/90/203 85/91/204 86/92/205
f 86/92/205 76/82/206 87/90/203
f 76/82/207 86/92/208 88/93/209
f 88/93/210 77/83/211 76/82/212
f 77/83/213 88/93/214 89/94/215
f 89/94/216 80/85/217 77/83/218
f 80/85/219 89/94/220 90/95/221
f 90/95/222 91/96/223 80/85/224
f 81/86/225 80/85/219 91/96/223
f 91/96/223 92/97/226 81/86/225
f 84/89/227 81/86/225 92/97/226
f 92/97/226 93/98/228 84/89/229
f 95/99/230 84/89/229 93/98/228
f 93/98/228 94/100/231 95/99/230
f 96/101/232 82/88/233 84/89/234
f 84/89/234 95/99/235 96/101/232
f 97/102/236 83/87/237 82/88/238
f 82/88/238 96/101/239 97/102/236
f 10/103/240 98/104/241 83/87/242
f 83/87/243 97/102/244 10/103/240
f 98/104/245 99/105/246 79/81/247
f 79/81/247 83/87/248 98/104/245
f 99/105/246 87/90/203 76/82/249
f 76/82/249 79/81/250 99/105/246
f 103/106/251 100/107/252 101/108/253
f 101/108/253 102/109/254 103/106/251
f 102/109/254 101/108/255 104/110/256
f 104/110/256 105/111/257 102/109/254
f 107/112/258 103/106/251 102/109/254
f 102/109/254 106/113/259 107/112/258
f 106/113/259 102/109/254 105/111/257
f 105/111/257 108/114/260 106/113/259
f 111/115/261 109/116/262 110/117/263
f 110/117/264 100/107/265 111/115/261
f 100/107/265 110/117/264 112/118/266
f 112/118/266 101/108/253 100/107/265
f 101/108/253 112/118/266 113/119/267
f 113/119/267 104/110/256 101/108/255
f 104/110/256 113/119/267 114/120/268
f 114/120/268 115/121/269 104/110/256
f 105/111/257 104/110/256 115/121/269
f 115/121/269 116/122/270 105/111/257
f 108/114/260 105/111/257 116/122/270
f 116/122/270 117/123/271 108/114/260
f 119/124/272 108/114/260 117/123/271
f 117/123/271 118/125/273 119/124/272
f 120/126/274 106/113/259 108/114/260
f 108/114/260 119/124/272 120/126/274
f 121/127/275 107/112/258 106/113/259
f 106/113/259 120/126/274 121/127/275
f 123/128/276 122/129/277 107/112/258
f 107/112/258 121/127/275 123/128/276
f 122/129/277 124/130/278 103/106/251
f 103/106/251 107/112/258 122/129/277
f 124/130/278 111/115/279 100/107/265
f 100/107/280 103/106/281 124/130/282
f 128/131/283 125/132/284 126/133/285
f 126/133/285 127/134/286 128/131/283
f 127/134/286 126/133/285 129/135/287
f 129/135/287 130/136/288 127/134/286
f 132/137/289 128/131/283 127/134/286
f 127/134/286 131/138/290 132/137/289
f 131/138/290 127/134/286 130/136/288
f 130/136/288 133/139/291 131/138/290
f 134/140/292 69/74/293 68/72/294
f 68/72/294 125/132/284 134/140/292
f 125/132/284 68/72/295 67/70/296
f 67/70/297 126/133/285 125/132/284
f 126/133/285 67/70/298 66/68/299
f 66/68/299 129/135/287 126/133/285
f 129/135/287 66/68/300 65/67/301
f 65/67/302 135/141/303 129/135/287
f 130/136/288 129/135/287 135/141/303
f 135/141/303 136/142/304 130/136/288
f 133/139/291 130/136/288 136/142/304
f 136/142/304 137/143/305 133/139/291
f 139/144/306 133/139/291 137/143/305
f 137/143/305 138/145/307 139/144/306
f 140/146/308 131/138/290 133/139/291
f 133/139/291 139/144/306 140/146/308
f 141/147/309 132/137/289 131/138/290
f 131/138/290 140/146/308 141/147/309
f 143/148/310 142/149/311 132/137/289
f 132/137/289 141/147/309 143/148/310
f 142/149/311 144/150/312 128/131/283
f 128/131/283 132/137/289 142/149/311
f 144/150/312 134/140/292 125/132/284
f 125/132/284 128/131/283 144/150/312
f 148/151/313 145/152/314 146/153/315
f 146/153/315 147/154/316 148/151/313
f 147/154/317 146/153/318 149/155/319
f 149/155/319 150/156/320 147/154/317
f 152/157/321 148/151/322 147/154/323
f 147/154/324 151/158/325 152/157/326
f 151/158/325 147/154/327 150/156/328
f 150/156/328 153/159/329 151/158/330
f 156/160/331 154/161/332 155/162/333
f 155/162/333 145/152/334 156/160/331
f 145/152/335 155/162/333 157/163/336
f 157/163/337 146/153/338 145/152/339
f 146/153/340 157/163/341 158/164/342
f 158/164/342 149/155/343 146/153/340
f 149/155/344 158/164/345 159/165/346
f 159/165/346 160/166/347 149/155/348
f 150/156/349 149/155/350 160/167/351
f 160/167/351 161/168/352 150/156/353
f 153/159/354 150/156/355 161/168/356
f 161/168/357 162/169/358 153/159/354
f 117/123/271 153/159/359 162/169/360
f 162/169/361 118/125/273 117/123/271
f 116/122/270 151/158/325 153/159/362
f 153/159/363 117/123/271 116/122/270
f 115/121/269 152/157/321 151/158/325
f 151/158/364 116/122/270 115/121/269
f 114/120/268 163/170/365 152/157/321
f 152/157/321 115/121/269 114/120/268
f 163/170/365 164/171/366 148/151/367
f 148/151/322 152/157/321 163/170/365
f 164/171/368 156/160/369 145/152/370
f 145/152/370 148/151/371 164/171/372
f 168/172/373 165/173/374 166/174/375
f 166/174/375 167/175/376 168/172/373
f 167/175/377 166/174/378 169/176/379
f 169/176/380 170/177/381 167/175/377
f 172/178/382 168/172/383 167/175/384
f 167/175/384 171/179/385 172/178/382
f 171/179/386 167/175/387 170/177/388
f 170/177/388 173/180/389 171/179/390
f 176/181/391 174/182/392 175/183/393
f 175/183/393 165/173/394 176/181/395
f 165/173/396 175/183/393 177/184/397
f 177/184/398 166/174/399 165/173/396
f 166/174/400 177/184/401 178/185/402
f 178/185/402 169/176/403 166/174/404
f 169/176/405 178/185/406 179/186/407
f 179/186/407 180/187/408 169/176/405
f 170/177/409 169/176/410 180/188/411
f 180/188/411 181/189/412 170/177/409
f 173/180/413 170/177/414 181/189/415
f 181/189/416 182/190/417 173/180/413
f 184/191/418 173/180/389 182/190/419
f 182/190/420 183/192/421 184/191/418
f 185/193/422 171/179/385 173/180/423
f 173/180/423 184/191/418 185/193/422
f 186/194/424 172/178/382 171/179/425
f 171/179/426 185/193/422 186/194/424
f 188/195/427 187/196/428 172/178/382
f 172/178/382 186/194/424 188/195/427
f 187/196/428 189/197/429 168/172/430
f 168/172/430 172/178/382 187/196/428
f 189/197/431 176/181/432 165/173/433
f 165/173/434 168/172/435 189/197/436
f 193/198/437 190/199/438 191/200/439
f 191/200/439 192/201/440 193/198/437
f 192/201/441 191/200/442 194/202/443
f 194/202/443 195/203/444 192/201/441
f 197/204/445 193/198/446 192/201/447
f 192/201/448 196/205/449 197/204/450
f 196/205/449 192/201/451 195/203/452
f 195/203/452 198/206/453 196/205/454
f 201/207/455 199/208/456 200/209/457
f 200/209/457 190/210/458 201/207/455
f 190/210/459 200/209/457 202/211/460
f 202/211/461 191/212/462 190/210/463
f 191/212/464 202/211/465 203/213/466
f 203/213/466 194/214/467 191/212/464
f 194/214/468 203/213/469 204/215/470
f 204/215/470 205/216/471 194/214/472
f 195/203/473 194/202/474 205/217/475
f 205/217/475 206/218/476 195/203/477
f 198/206/478 195/203/479 206/218/480
f 206/218/481 207/219/482 198/206/478
f 209/220/483 198/206/484 207/219/485
f 207/219/486 208/221/487 209/220/483
f 210/222/488 196/205/449 198/206/489
f 198/206/490 209/220/483 210/222/488
f 211/223/491 197/204/445 196/205/492
f 196/205/449 210/222/488 211/223/491
f 213/224/493 212/225/494 197/204/445
f 197/204/445 211/223/491 213/224/493
f 212/225/494 214/226/495 193/198/496
f 193/198/446 197/204/445 212/225/494
f 214/226/497 201/227/498 190/199/499
f 190/199/499 193/198/500 214/226/497
f 218/228/501 215/229/502 216/230/503
f 216/230/503 217/231/504 218/228/505
f 217/231/506 216/230/507 219/232/508
f 219/232/509 220/233/510 217/231/506
f 222/234/511 218/228/512 217/231/513
f 217/231/513 221/235/514 222/234/511
f 221/235/514 217/231/515 220/233/516
f 220/233/516 223/236/517 221/235/514
f 225/237/518 159/238/519 224/239/520
f 224/239/520 215/229/521 225/237/518
f 215/229/522 224/239/523 226/240/524
f 226/240/524 216/230/525 215/229/526
f 216/230/527 226/240/528 227/241/529
f 227/241/529 219/232/530 216/230/527
f 219/232/531 227/241/532 24/23/533
f 24/23/534 22/22/535 219/232/531
f 220/233/536 219/232/537 22/22/538
f 22/22/538 21/21/539 220/233/536
f 223/236/517 220/233/540 21/21/541
f 21/21/541 20/19/542 223/236/517
f 228/242/543 223/236/517 20/19/544
f 20/19/544 19/20/37 228/242/543
f 229/243/545 221/235/514 223/236/517
f 223/236/517 228/242/543 229/243/545
f 230/244/546 222/234/511 221/235/514
f 221/235/514 229/243/547 230/244/546
f 232/245/548 231/246/549 222/234/511
f 222/234/511 230/244/546 232/245/548
f 231/246/549 233/247/550 218/228/505
f 218/228/505 222/234/511 231/246/549
f 233/247/551 225/237/552 215/229/553
f 215/229/553 218/228/501 233/247/551
f 237/248/554 234/249/555 235/250/556
f 235/250/556 236/251/557 237/248/554
f 236/251/558 235/250/559 238/252/560
f 238/252/560 239/253/561 236/251/562
f 241/254/563 237/248/564 236/251/565
f 236/251/565 240/255/566 241/254/563
f 240/255/567 236/251/568 239/253/561
f 239/253/561 242/256/569 240/255/567
f 244/257/570 74/258/571 243/259/572
f 243/259/572 234/249/573 244/257/570
f 234/249/574 243/259/575 245/260/576
f 245/260/576 235/250/577 234/249/574
f 235/250/559 245/260/576 246/261/578
f 246/261/578 238/252/560 235/250/559
f 238/252/560 246/261/578 85/91/204
f 85/91/204 247/262/579 238/252/560
f 239/253/561 238/252/560 247/262/579
f 247/262/579 248/263/580 239/253/561
f 242/256/569 239/253/561 248/263/580
f 248/263/580 249/264/581 242/256/569
f 251/265/582 242/256/569 249/264/581
f 249/264/581 250/266/583 251/265/582
f 252/267/584 240/255/585 242/256/569
f 242/256/569 251/265/586 252/267/584
f 253/268/587 241/254/588 240/255/589
f 240/255/590 252/267/591 253/268/587
f 255/269/592 254/270/593 241/254/594
f 241/254/594 253/268/595 255/269/596
f 254/270/597 256/271/598 237/248/599
f 237/248/599 241/254/600 254/270/597
f 256/271/601 244/257/602 234/249/603
f 234/249/603 237/248/604 256/271/601
f 260/272/605 257/273/606 258/274/607
f 258/274/608 259/275/609 260/272/605
f 259/275/610 258/274/608 261/276/611
f 261/276/611 262/277/612 259/275/610
f 264/278/613 260/272/614 259/275/615
f 259/275/615 263/279/616 264/278/613
f 263/279/617 259/275/618 262/277/612
f 262/277/612 265/280/619 263/279/617
f 267/281/620 49/282/621 266/283/622
f 266/283/622 257/273/623 267/281/624
f 257/273/625 266/283/626 268/284/627
f 268/284/628 258/274/629 257/273/630
f 258/274/608 268/284/627 269/285/631
f 269/285/631 261/276/611 258/274/632
f 261/276/611 269/285/631 60/61/138
f 60/61/138 270/286/633 261/276/611
f 262/277/612 261/276/611 270/286/633
f 270/286/633 271/287/634 262/277/612
f 265/280/635 262/277/612 271/287/634
f 271/287/634 272/288/636 265/280/619
f 274/289/637 265/280/619 272/288/636
f 272/288/636 273/290/638 274/289/639
f 275/291/640 263/279/641 265/280/619
f 265/280/642 274/289/643 275/291/640
f 276/292/644 264/278/645 263/279/646
f 263/279/646 275/291/647 276/292/644
f 278/293/648 277/294/649 264/278/650
f 264/278/650 276/292/651 278/293/652
f 277/294/653 279/295/654 260/272/655
f 260/272/655 264/278/656 277/294/653
f 279/295/657 267/281/658 257/273/659
f 257/273/660 260/272/661 279/295/657
f 283/296/662 280/297/663 281/298/664
f 281/298/664 282/299/665 283/296/662
f 282/299/665 281/298/664 284/300/666
f 284/300/666 285/301/667 282/299/665
f 287/302/668 283/296/662 282/299/665
f 282/299/665 286/303/669 287/302/668
f 286/303/669 282/299/665 285/301/667
f 285/301/667 288/304/670 286/303/669
f 135/141/303 65/67/302 289/305/671
f 289/305/671 280/297/663 135/141/303
f 280/297/663 289/305/672 290/306/673
f 290/306/674 281/298/664 280/297/663
f 281/298/664 290/306/675 291/307/676
f 291/307/676 284/300/666 281/298/664
f 284/300/666 291/307/677 44/45/678
f 44/45/678 292/308/679 284/300/666
f 285/301/667 284/300/666 292/308/679
f 292/308/679 293/309/680 285/301/667
f 288/304/670 285/301/667 293/309/680
f 293/309/680 294/310/681 288/304/670
f 296/311/682 288/304/670 294/310/681
f 294/310/681 295/312/683 296/311/682
f 297/313/684 286/303/669 288/304/670
f 288/304/670 296/311/682 297/313/684
f 298/314/685 287/302/668 286/303/669
f 286/303/669 297/313/684 298/314/685
f 138/145/307 137/143/305 287/302/668
f 287/302/686 298/314/685 138/145/307
f 137/143/305 136/142/304 283/296/662
f 283/296/662 287/302/668 137/143/305
f 136/142/304 135/141/303 280/297/663
f 280/297/663 283/296/662 136/142/304
f 302/315/687 299/316/688 300/317/689
f 300/317/689 301/318/690 302/315/687
f 301/318/690 300/317/689 303/319/691
f 303/319/691 304/320/692 301/318/690
f 306/321/693 302/315/687 301/318/690
f 301/318/690 305/322/694 306/321/693
f 305/322/694 301/318/690 304/320/692
f 304/320/692 307/323/695 305/322/694
f 309/324/696 213/224/493 308/325/697
f 308/325/697 299/316/688 309/324/696
f 299/316/688 308/325/697 310/326/698
f 310/326/698 300/317/689 299/316/688
f 300/317/689 310/326/699 311/327/700
f 311/327/700 303/319/701 300/317/689
f 303/319/691 311/327/702 109/116/262
f 109/116/262 111/115/261 303/319/691
f 304/320/692 303/319/691 111/115/279
f 111/115/279 124/130/278 304/320/692
f 307/323/695 304/320/692 124/130/278
f 124/130/278 122/129/277 307/323/695
f 312/328/703 307/323/695 122/129/277
f 122/129/277 123/128/276 312/328/703
f 313/329/704 305/322/694 307/323/695
f 307/323/695 312/328/703 313/329/704
f 314/330/705 306/321/693 305/322/694
f 305/322/694 313/329/704 314/330/705
f 316/331/706 315/332/707 306/321/693
f 306/321/693 314/330/705 316/331/706
f 315/332/707 317/333/708 302/315/687
f 302/315/687 306/321/693 315/332/707
f 317/333/708 309/324/696 299/316/688
f 299/316/688 302/315/687 317/333/708
f 321/334/709 318/335/710 319/336/711
f 319/336/711 320/337/712 321/334/709
f 320/337/712 319/336/711 322/338/713
f 322/338/713 323/339/714 320/337/712
f 325/340/715 321/334/709 320/337/712
f 320/337/712 324/341/716 325/340/715
f 324/341/716 320/337/712 323/339/714
f 323/339/714 326/342/717 324/341/716
f 209/220/483 208/221/487 327/343/718
f 327/343/718 318/335/710 209/220/483
f 318/335/710 327/343/718 328/344/719
f 328/344/719 319/336/711 318/335/710
f 319/336/711 328/344/719 329/345/720
f 329/345/720 322/338/713 319/336/711
f 322/338/713 329/345/720 188/195/427
f 188/195/427 330/346/721 322/338/713
f 323/339/714 322/338/713 330/346/721
f 330/346/721 331/347/722 323/339/714
f 326/342/723 323/339/724 331/347/725
f 331/347/722 332/348/726 326/342/727
f 311/327/728 326/342/729 332/348/726
f 332/348/730 109/116/262 311/327/702
f 310/326/698 324/341/716 326/342/727
f 326/342/727 311/327/728 310/326/698
f 308/325/697 325/340/715 324/341/716
f 324/341/716 310/326/698 308/325/697
f 213/224/493 211/223/491 325/340/715
f 325/340/715 308/325/697 213/224/493
f 211/223/491 210/222/488 321/334/709
f 321/334/709 325/340/715 211/223/491
f 210/222/488 209/220/483 318/335/710
f 318/335/710 321/334/709 210/222/488
f 336/349/731 333/350/732 334/351/733
f 334/351/733 335/352/734 336/349/731
f 335/352/734 334/351/733 337/353/735
f 337/353/735 338/354/736 335/352/734
f 340/355/737 336/349/731 335/352/734
f 335/352/734 339/356/738 340/355/737
f 339/356/738 335/352/734 338/354/736
f 338/354/736 341/357/739 339/356/738
f 344/358/740 342/359/741 343/360/742
f 343/360/742 333/350/732 344/358/740
f 333/350/732 343/360/743 345/361/744
f 345/361/745 334/351/733 333/350/732
f 334/351/733 345/361/746 346/362/747
f 346/362/747 337/353/735 334/351/733
f 337/353/735 346/362/748 94/100/749
f 94/100/749 347/363/750 337/353/735
f 338/354/736 337/353/735 347/363/750
f 347/363/750 348/364/751 338/354/736
f 341/357/739 338/354/736 348/364/751
f 348/364/751 349/365/752 341/357/739
f 351/366/753 341/357/739 349/365/752
f 349/365/752 350/367/754 351/366/753
f 352/368/755 339/356/738 341/357/739
f 341/357/739 351/366/753 352/368/755
f 353/369/756 340/355/737 339/356/738
f 339/356/738 352/368/755 353/369/756
f 355/370/757 354/371/758 340/355/737
f 340/355/737 353/369/756 355/370/757
f 354/371/758 356/372/759 336/349/731
f 336/349/731 340/355/737 354/371/758
f 356/372/759 344/358/740 333/350/732
f 333/350/732 336/349/731 356/372/759
f 360/373/760 357/374/761 358/375/762
f 358/375/762 359/376/763 360/373/760
f 359/376/764 358/375/765 361/377/766
f 361/377/767 362/378/768 359/376/764
f 364/379/769 360/373/770 359/376/771
f 359/376/771 363/380/772 364/379/769
f 363/380/772 359/376/773 362/378/774
f 362/378/774 365/381/775 363/380/776
f 367/382/777 232/245/548 366/383/778
f 366/383/778 357/384/779 367/382/780
f 357/384/781 366/383/778 368/385/782
f 368/385/783 358/386/784 357/384/781
f 358/386/785 368/385/786 369/387/787
f 369/387/787 361/388/788 358/386/785
f 361/388/789 369/387/790 370/389/791
f 370/389/791 371/390/792 361/388/789
f 362/378/793 361/377/794 371/391/795
f 371/391/795 372/392/796 362/378/797
f 365/381/798 362/378/799 372/392/800
f 372/392/801 373/393/802 365/381/798
f 314/330/705 365/381/775 373/393/803
f 373/393/804 316/331/706 314/330/705
f 313/329/704 363/380/805 365/381/806
f 365/381/806 314/330/705 313/329/704
f 312/328/703 364/379/769 363/380/807
f 363/380/808 313/329/704 312/328/703
f 123/128/276 374/394/809 364/379/769
f 364/379/769 312/328/703 123/128/276
f 374/394/809 375/395/810 360/373/811
f 360/373/811 364/379/769 374/394/809
f 375/395/812 367/396/813 357/374/814
f 357/374/815 360/373/816 375/395/817
f 379/397/818 376/398/819 377/399/820
f 377/399/821 378/400/822 379/397/818
f 378/400/823 377/399/824 380/401/825
f 380/401/825 381/402/826 378/400/827
f 383/403/828 379/397/829 378/400/830
f 378/400/830 382/404/831 383/403/828
f 382/404/832 378/400/833 381/402/826
f 381/402/826 384/405/834 382/404/832
f 387/406/835 385/407/836 386/408/837
f 386/408/837 376/398/838 387/406/839
f 376/398/840 386/408/841 388/409/842
f 388/409/842 377/399/821 376/398/840
f 377/399/821 388/409/842 389/410/843
f 389/410/843 380/401/825 377/399/844
f 380/401/825 389/410/843 35/36/78
f 35/36/78 390/411/845 380/401/825
f 381/402/826 380/401/825 390/411/845
f 390/411/845 391/412/846 381/402/826
f 384/405/834 381/402/826 391/412/846
f 391/412/846 392/413/847 384/405/834
f 394/414/848 384/405/834 392/413/847
f 392/413/847 393/415/849 394/414/850
f 395/416/851 382/404/852 384/405/834
f 384/405/834 394/414/853 395/416/851
f 396/417/854 383/403/855 382/404/856
f 382/404/857 395/416/858 396/417/854
f 398/418/859 397/419/860 383/403/861
f 383/403/861 396/417/862 398/418/863
f 397/419/864 399/420/865 379/397/866
f 379/397/866 383/403/867 397/419/864
f 399/420/868 387/406/869 376/398/870
f 376/398/871 379/397/872 399/420/868
f 403/421/873 400/422/874 401/423/875
f 401/423/875 402/424/876 403/421/873
f 402/424/876 401/423/875 404/425/877
f 404/425/877 405/426/878 402/424/876
f 407/427/879 403/421/873 402/424/876
f 402/424/876 406/428/880 407/427/879
f 406/428/880 402/424/876 405/426/878
f 405/426/878 408/429/881 406/428/880
f 411/430/882 409/431/883 410/432/884
f 410/432/884 400/422/874 411/430/882
f 400/422/874 410/432/885 412/433/886
f 412/433/887 401/423/875 400/422/874
f 401/423/875 412/433/888 413/434/889
f 413/434/889 404/425/877 401/423/875
f 404/425/877 413/434/890 342/359/891
f 342/359/741 344/358/740 404/425/877
f 405/426/878 404/425/877 344/358/740
f 344/358/740 356/372/759 405/426/878
f 408/429/881 405/426/878 356/372/759
f 356/372/759 354/371/758 408/429/881
f 414/435/892 408/429/881 354/371/758
f 354/371/758 355/370/757 414/435/892
f 415/436/893 406/428/880 408/429/881
f 408/429/881 414/435/892 415/436/893
f 416/437/894 407/427/879 406/428/880
f 406/428/880 415/436/893 416/437/894
f 418/438/895 417/439/896 407/427/879
f 407/427/879 416/437/894 418/438/895
f 417/439/896 419/440/897 403/421/873
f 403/421/873 407/427/879 417/439/896
f 419/440/897 411/430/882 400/422/874
f 400/422/874 403/421/873 419/440/897
f 423/441/898 420/442/899 421/443/900
f 421/443/900 422/444/901 423/441/898
f 422/444/901 421/443/900 424/445/902
f 424/445/902 425/446/903 422/444/901
f 427/447/904 423/441/898 422/444/901
f 422/444/901 426/448/905 427/447/904
f 426/448/905 422/444/901 425/446/903
f 425/446/903 428/449/906 426/448/905
f 330/346/721 188/195/427 186/194/424
f 186/194/424 420/442/899 330/346/721
f 420/442/899 186/194/424 185/193/422
f 185/193/422 421/443/900 420/442/899
f 421/443/900 185/193/422 184/191/418
f 184/191/418 424/445/902 421/443/900
f 424/445/902 184/191/418 183/192/421
f 183/192/421 429/450/907 424/445/902
f 425/446/903 424/445/902 429/450/907
f 429/450/907 430/451/908 425/446/903
f 428/449/906 425/446/903 430/451/908
f 430/451/908 431/452/909 428/449/906
f 113/119/267 428/449/906 431/452/909
f 431/452/909 114/120/268 113/119/267
f 112/118/266 426/448/905 428/449/906
f 428/449/906 113/119/267 112/118/266
f 110/117/910 427/447/911 426/448/905
f 426/448/905 112/118/912 110/117/910
f 109/116/262 332/348/730 427/447/904
f 427/447/904 110/117/263 109/116/262
f 332/348/726 331/347/722 423/441/898
f 423/441/898 427/447/904 332/348/726
f 331/347/722 330/346/721 420/442/899
f 420/442/899 423/441/898 331/347/722
f 435/453/913 432/454/914 433/455/915
f 433/455/915 434/456/916 435/453/913
f 434/456/917 433/455/915 436/457/918
f 436/457/918 437/458/919 434/456/916
f 439/459/920 435/453/913 434/456/916
f 434/456/916 438/460/921 439/459/920
f 438/460/921 434/456/916 437/458/919
f 437/458/919 440/461/922 438/460/921
f 443/462/923 441/463/924 442/464/925
f 442/464/926 432/454/927 443/462/928
f 432/454/929 442/464/930 444/465/931
f 444/465/931 433/455/915 432/454/927
f 433/455/915 444/465/931 445/466/932
f 445/466/932 436/457/918 433/455/915
f 436/457/918 445/466/932 446/467/933
f 446/467/933 447/468/934 436/457/918
f 437/458/935 436/457/918 447/468/934
f 447/468/934 448/469/936 437/458/919
f 440/461/922 437/458/935 448/469/936
f 448/469/936 449/470/937 440/461/922
f 416/437/894 440/461/922 449/470/937
f 449/470/937 418/438/895 416/437/894
f 415/436/893 438/460/921 440/461/922
f 440/461/922 416/437/894 415/436/893
f 414/435/892 439/459/920 438/460/921
f 438/460/921 415/436/893 414/435/892
f 355/370/757 450/471/938 439/459/920
f 439/459/920 414/435/892 355/370/757
f 450/471/938 451/472/939 435/453/913
f 435/453/913 439/459/920 450/471/938
f 451/472/939 443/462/940 432/454/927
f 432/454/927 435/453/913 451/472/939
f 455/473/941 452/474/942 453/475/943
f 453/475/943 454/476/944 455/473/945
f 454/476/944 453/475/943 456/477/946
f 456/477/946 457/478/947 454/476/948
f 459/479/949 455/473/941 454/476/944
f 454/476/944 458/480/950 459/479/949
f 458/480/950 454/476/944 457/478/947
f 457/478/947 460/481/951 458/480/950
f 463/482/952 461/483/953 462/484/954
f 462/484/954 452/474/942 463/482/952
f 452/474/942 462/484/954 464/485/955
f 464/485/955 453/475/943 452/474/942
f 453/475/943 464/485/955 465/486/956
f 465/486/957 456/477/958 453/475/943
f 456/477/946 465/486/959 441/463/960
f 441/463/961 443/462/962 456/477/946
f 457/478/947 456/477/946 443/462/923
f 443/462/923 451/472/939 457/478/947
f 460/481/951 457/478/947 451/472/939
f 451/472/939 450/471/938 460/481/951
f 353/369/756 460/481/951 450/471/938
f 450/471/938 355/370/757 353/369/756
f 352/368/755 458/480/950 460/481/951
f 460/481/951 353/369/756 352/368/755
f 351/366/753 459/479/949 458/480/950
f 458/480/950 352/368/755 351/366/753
f 350/367/754 466/487/963 459/479/949
f 459/479/949 351/366/753 350/367/754
f 466/487/964 467/488/965 455/473/945
f 455/473/941 459/479/949 466/487/964
f 467/488/965 463/482/952 452/474/942
f 452/474/942 455/473/941 467/488/965
f 471/489/966 468/490/967 469/491/968
f 469/491/968 470/492/969 471/489/966
f 470/492/969 469/491/968 472/493/970
f 472/493/970 473/494/971 470/492/969
f 475/495/972 471/489/966 470/492/969
f 470/492/973 474/496/974 475/495/972
f 474/496/974 470/492/969 473/494/971
f 473/494/971 476/497/975 474/496/974
f 477/498/976 143/148/310 141/147/309
f 141/147/309 468/490/967 477/498/976
f 468/490/967 141/147/309 140/146/308
f 140/146/308 469/491/968 468/490/967
f 469/491/968 140/146/308 139/144/306
f 139/144/306 472/493/970 469/491/968
f 472/493/970 139/144/306 138/145/307
f 138/145/307 478/499/977 472/493/970
f 473/494/971 472/493/970 478/499/977
f 478/499/977 479/500/978 473/494/971
f 476/497/979 473/494/971 479/500/978
f 479/500/978 480/501/980 476/497/979
f 465/486/959 476/497/979 480/501/981
f 480/501/982 441/463/983 465/486/984
f 464/485/955 474/496/974 476/497/979
f 476/497/985 465/486/956 464/485/955
f 462/484/954 475/495/972 474/496/974
f 474/496/974 464/485/955 462/484/954
f 461/483/953 481/502/986 475/495/972
f 475/495/972 462/484/954 461/483/953
f 481/502/986 482/503/987 471/489/966
f 471/489/966 475/495/972 481/502/986
f 482/503/987 477/498/976 468/490/967
f 468/490/967 471/489/988 482/503/987
f 486/504/989 483/505/990 484/506/991
f 484/506/991 485/507/992 486/504/989
f 485/507/992 484/506/991 487/508/993
f 487/508/993 488/509/994 485/507/992
f 490/510/995 486/504/989 485/507/996
f 485/507/992 489/511/997 490/510/995
f 489/511/997 485/507/992 488/509/998
f 488/509/994 491/512/999 489/511/997
f 478/499/977 138/145/307 298/314/685
f 298/314/685 483/505/990 478/499/977
f 483/505/990 298/314/685 297/313/684
f 297/313/684 484/506/991 483/505/990
f 484/506/991 297/313/684 296/311/682
f 296/311/682 487/508/993 484/506/991
f 487/508/993 296/311/682 295/312/683
f 295/312/683 492/513/1000 487/508/993
f 488/509/994 487/508/993 492/513/1001
f 492/513/1001 493/514/1002 488/509/998
f 491/512/999 488/509/994 493/514/1002
f 493/514/1002 494/515/1003 491/512/999
f 445/466/932 491/512/999 494/515/1003
f 494/515/1003 446/467/933 445/466/932
f 444/465/931 489/511/997 491/512/999
f 491/512/999 445/466/932 444/465/931
f 442/464/1004 490/510/1005 489/511/997
f 489/511/997 444/465/931 442/464/930
f 441/463/1006 480/501/1007 490/510/995
f 490/510/995 442/464/926 441/463/960
f 480/501/982 479/500/978 486/504/989
f 486/504/989 490/510/995 480/501/982
f 479/500/978 478/499/977 483/505/990
f 483/505/990 486/504/989 479/500/978
f 498/516/1008 495/517/1009 496/518/1010
f 496/518/1010 497/519/1011 498/516/1008
f 497/519/1011 496/518/1010 499/520/1012
f 499/520/1012 500/521/1013 497/519/1011
f 502/522/1014 498/516/1008 497/519/1011
f 497/519/1011 501/523/1015 502/522/1014
f 501/523/1015 497/519/1016 500/521/1013
f 500/521/1013 503/524/1017 501/523/1015
f 505/525/1018 90/95/1019 504/526/1020
f 504/526/1021 495/517/1009 505/525/1018
f 495/517/1009 504/526/1022 506/527/1023
f 506/527/1024 496/518/1010 495/517/1009
f 496/518/1010 506/527/1023 507/528/1025
f 507/528/1025 499/520/1012 496/518/1010
f 499/520/1012 507/528/1026 69/74/1027
f 69/74/1027 134/140/292 499/520/1012
f 500/521/1013 499/520/1012 134/140/292
f 134/140/292 144/150/312 500/521/1013
f 503/524/1017 500/521/1013 144/150/312
f 144/150/312 142/149/311 503/524/1017
f 477/498/976 503/524/1017 142/149/311
f 142/149/311 143/148/310 477/498/976
f 482/503/987 501/523/1015 503/524/1017
f 503/524/1017 477/498/976 482/503/987
f 481/502/986 502/522/1014 501/523/1015
f 501/523/1015 482/503/987 481/502/986
f 461/483/953 508/529/1028 502/522/1014
f 502/522/1014 481/502/986 461/483/953
f 508/529/1028 509/530/1029 498/516/1008
f 498/516/1008 502/522/1014 508/529/1028
f 509/530/1029 505/525/1018 495/517/1009
f 495/517/1009 498/516/1008 509/530/1029
f 513/531/1030 510/532/1031 511/533/1032
f 511/533/1032 512/534/1033 513/531/1030
f 512/534/1033 511/533/1032 514/535/1034
f 514/535/1034 515/536/1035 512/534/1033
f 517/537/1036 513/531/1030 512/534/1033
f 512/534/1033 516/538/1037 517/537/1036
f 516/538/1037 512/534/1038 515/536/1035
f 515/536/1035 518/539/1039 516/538/1037
f 520/540/1040 40/40/1041 519/541/1042
f 519/541/1043 510/532/1031 520/540/1040
f 510/532/1031 519/541/1044 521/542/1045
f 521/542/1046 511/533/1032 510/532/1031
f 511/533/1032 521/542/1045 522/543/1047
f 522/543/1047 514/535/1034 511/533/1032
f 514/535/1034 522/543/1048 409/431/1049
f 409/431/1049 411/430/882 514/535/1034
f 515/536/1035 514/535/1034 411/430/882
f 411/430/882 419/440/897 515/536/1035
f 518/539/1039 515/536/1035 419/440/897
f 419/440/897 417/439/896 518/539/1039
f 449/470/937 518/539/1039 417/439/896
f 417/439/896 418/438/895 449/470/937
f 448/469/936 516/538/1037 518/539/1039
f 518/539/1039 449/470/937 448/469/936
f 447/468/934 517/537/1036 516/538/1037
f 516/538/1037 448/469/936 447/468/934
f 446/467/933 523/544/1050 517/537/1036
f 517/537/1036 447/468/934 446/467/933
f 523/544/1050 524/545/1051 513/531/1030
f 513/531/1030 517/537/1036 523/544/1050
f 524/545/1051 520/540/1040 510/532/1031
f 510/532/1031 513/531/1030 524/545/1051
f 528/546/1052 525/547/1053 526/548/1054
f 526/548/1054 527/549/1055 528/546/1052
f 527/549/1055 526/548/1054 529/550/1056
f 529/550/1056 530/551/1057 527/549/1055
f 532/552/1058 528/546/1052 527/549/1055
f 527/549/1055 531/553/1059 532/552/1058
f 531/553/1059 527/549/1055 530/551/1057
f 530/551/1057 533/554/1060 531/553/1059
f 347/363/750 94/100/1061 93/98/1062
f 93/98/1062 525/547/1053 347/363/750
f 525/547/1053 93/98/1063 92/97/1064
f 92/97/1064 526/548/1054 525/547/1053
f 526/548/1054 92/97/1064 91/96/1065
f 91/96/1065 529/550/1056 526/548/1054
f 529/550/1056 91/96/1066 90/95/1019
f 90/95/1019 505/525/1018 529/550/1056
f 530/551/1057 529/550/1056 505/525/1018
f 505/525/1018 509/530/1029 530/551/1057
f 533/554/1060 530/551/1057 509/530/1029
f 509/530/1029 508/529/1028 533/554/1060
f 463/482/952 533/554/1060 508/529/1028
f 508/529/1028 461/483/953 463/482/952
f 467/488/965 531/553/1059 533/554/1060
f 533/554/1060 463/482/952 467/488/965
f 466/487/964 532/552/1058 531/553/1059
f 531/553/1059 467/488/965 466/487/964
f 350/367/754 349/365/752 532/552/1058
f 532/552/1058 466/487/964 350/367/754
f 349/365/752 348/364/751 528/546/1052
f 528/546/1052 532/552/1058 349/365/752
f 348/364/751 347/363/750 525/547/1053
f 525/547/1053 528/546/1052 348/364/751
f 537/555/1067 534/556/1068 535/557/1069
f 535/557/1069 536/558/1070 537/555/1067
f 536/558/1070 535/557/1069 538/559/1071
f 538/559/1071 539/560/1072 536/558/1070
f 541/561/1073 537/555/1067 536/558/1070
f 536/558/1070 540/562/1074 541/561/1073
f 540/562/1074 536/558/1070 539/560/1072
f 539/560/1072 542/563/1075 540/562/1074
f 292/308/679 44/45/1076 43/43/1077
f 43/43/1077 534/556/1068 292/308/679
f 534/556/1068 43/43/1078 42/42/1079
f 42/42/1079 535/557/1069 534/556/1068
f 535/557/1069 42/42/1079 41/41/1080
f 41/41/1080 538/559/1071 535/557/1069
f 538/559/1071 41/41/1081 40/40/1041
f 40/40/1041 520/540/1040 538/559/1071
f 539/560/1072 538/559/1071 520/540/1040
f 520/540/1040 524/545/1051 539/560/1072
f 542/563/1075 539/560/1072 524/545/1051
f 524/545/1051 523/544/1050 542/563/1075
f 494/515/1003 542/563/1075 523/544/1050
f 523/544/1050 446/467/933 494/515/1003
f 493/514/1002 540/562/1074 542/563/1075
f 542/563/1075 494/515/1003 493/514/1002
f 492/513/1001 541/561/1073 540/562/1074
f 540/562/1074 493/514/1002 492/513/1001
f 295/312/683 294/310/681 541/561/1073
f 541/561/1073 492/513/1001 295/312/683
f 294/310/681 293/309/680 537/555/1067
f 537/555/1067 541/561/1073 294/310/681
f 293/309/680 292/308/679 534/556/1068
f 534/556/1068 537/555/1067 293/309/680
f 546/564/1082 543/565/1083 544/566/1084
f 544/566/1084 545/567/1085 546/564/1086
f 545/567/1087 544/566/1088 547/568/1089
f 547/568/1089 548/569/1090 545/567/1087
f 550/570/1091 546/564/1082 545/567/1092
f 545/567/1092 549/571/1093 550/570/1091
f 549/571/1093 545/567/1094 548/569/1095
f 548/569/1095 551/572/1096 549/571/1093
f 553/573/1097 370/574/1098 552/575/1099
f 552/575/1099 543/565/1100 553/573/1097
f 543/565/1101 552/575/1099 554/576/1102
f 554/576/1102 544/566/1103 543/565/1101
f 544/566/1104 554/576/1105 555/577/1106
f 555/577/1106 547/568/1107 544/566/1104
f 547/568/1108 555/577/1109 398/418/1110
f 398/418/1111 396/417/1112 547/568/1108
f 548/569/1113 547/568/1114 396/417/1115
f 396/417/1115 395/416/1116 548/569/1113
f 551/572/1096 548/569/1117 395/416/1118
f 395/416/1118 394/414/1119 551/572/1096
f 556/578/1120 551/572/1096 394/414/1121
f 394/414/1122 393/415/849 556/578/1120
f 557/579/1123 549/571/1093 551/572/1096
f 551/572/1096 556/578/1124 557/579/1123
f 558/580/1125 550/570/1091 549/571/1093
f 549/571/1093 557/579/1123 558/580/1125
f 199/208/456 559/581/1126 550/570/1091
f 550/570/1091 558/580/1125 199/208/456
f 559/581/1126 560/582/1127 546/564/1082
f 546/564/1082 550/570/1091 559/581/1126
f 560/582/1128 553/573/1129 543/565/1130
f 543/565/1083 546/564/1082 560/582/1128
f 564/583/1131 561/584/1132 562/585/1133
f 562/585/1133 563/586/1134 564/583/1135
f 563/586/1136 562/585/1137 565/587/1138
f 565/587/1139 566/588/1140 563/586/1136
f 568/589/1141 564/583/1142 563/586/1143
f 563/586/1143 567/590/1144 568/589/1141
f 567/590/1144 563/586/1145 566/588/1146
f 566/588/1146 569/591/1147 567/590/1144
f 571/592/1148 204/593/1149 570/594/1150
f 570/594/1150 561/584/1151 571/592/1148
f 561/584/1152 570/594/1153 572/595/1154
f 572/595/1154 562/585/1155 561/584/1156
f 562/585/1157 572/595/1158 573/596/1159
f 573/596/1159 565/587/1160 562/585/1157
f 565/587/1161 573/596/1162 278/293/1163
f 278/293/1164 276/292/1165 565/587/1161
f 566/588/1166 565/587/1167 276/292/1168
f 276/292/1168 275/291/1169 566/588/1166
f 569/591/1147 566/588/1170 275/291/1171
f 275/291/1171 274/289/1172 569/591/1147
f 574/597/1173 569/591/1147 274/289/1174
f 274/289/1174 273/290/638 574/597/1173
f 575/598/1175 567/590/1144 569/591/1147
f 569/591/1147 574/597/1173 575/598/1175
f 576/599/1176 568/589/1141 567/590/1144
f 567/590/1144 575/598/1177 576/599/1176
f 174/182/392 577/600/1178 568/589/1141
f 568/589/1141 576/599/1176 174/182/392
f 577/600/1178 578/601/1179 564/583/1135
f 564/583/1135 568/589/1141 577/600/1178
f 578/601/1180 571/592/1181 561/584/1182
f 561/584/1182 564/583/1131 578/601/1180
f 582/602/1183 579/603/1184 580/604/1185
f 580/604/1185 581/605/1186 582/602/1187
f 581/605/1188 580/604/1189 583/606/1190
f 583/606/1190 584/607/1191 581/605/1188
f 586/608/1192 582/602/1183 581/605/1193
f 581/605/1193 585/609/1194 586/608/1192
f 585/609/1194 581/605/1195 584/607/1196
f 584/607/1196 587/610/1197 585/609/1194
f 589/611/1198 179/612/1199 588/613/1200
f 588/613/1200 579/603/1201 589/611/1198
f 579/603/1202 588/613/1200 590/614/1203
f 590/614/1203 580/604/1204 579/603/1202
f 580/604/1205 590/614/1206 591/615/1207
f 591/615/1207 583/606/1208 580/604/1205
f 583/606/1209 591/615/1210 255/269/1211
f 255/269/1212 253/268/1213 583/606/1209
f 584/607/1214 583/606/1215 253/268/1216
f 253/268/1216 252/267/1217 584/607/1214
f 587/610/1197 584/607/1218 252/267/1219
f 252/267/1219 251/265/1220 587/610/1197
f 592/616/1221 587/610/1197 251/265/1222
f 251/265/1222 250/266/583 592/616/1221
f 593/617/1223 585/609/1194 587/610/1197
f 587/610/1197 592/616/1224 593/617/1223
f 594/618/1225 586/608/1192 585/609/1194
f 585/609/1194 593/617/1223 594/618/1225
f 154/161/332 595/619/1226 586/608/1192
f 586/608/1192 594/618/1225 154/161/332
f 595/619/1226 596/620/1227 582/602/1183
f 582/602/1183 586/608/1192 595/619/1226
f 596/620/1228 589/611/1229 579/603/1230
f 579/603/1184 582/602/1183 596/620/1228
f 600/621/1231 597/622/1232 598/623/1233
f 598/623/1234 599/624/1235 600/621/1236
f 599/624/1237 598/623/1238 601/625/1239
f 601/625/1239 602/626/1240 599/624/1237
f 604/627/1241 600/621/1242 599/624/1243
f 599/624/1243 603/628/1244 604/627/1245
f 603/628/1246 599/624/1247 602/626/1248
f 602/626/1248 605/629/1249 603/628/1250
f 607/630/1251 15/15/32 606/631/1252
f 606/631/1252 597/622/1253 607/630/1251
f 597/622/1254 606/631/1255 608/632/1256
f 608/632/1257 598/623/1258 597/622/1259
f 598/623/1260 608/632/1261 609/633/1262
f 609/633/1263 601/625/1264 598/623/1260
f 601/625/1265 609/633/1266 342/359/1267
f 342/359/1268 413/434/1269 601/625/1265
f 602/626/1270 601/625/1265 413/434/1271
f 413/434/1271 412/433/1272 602/626/1270
f 605/629/1273 602/626/1270 412/433/1274
f 412/433/1272 410/432/1275 605/629/1276
f 610/634/1277 605/629/1276 410/432/1275
f 410/432/1275 409/431/1278 610/634/1277
f 611/635/1279 603/628/1280 605/629/1281
f 605/629/1282 610/634/1283 611/635/1279
f 612/636/1284 604/627/1285 603/628/1286
f 603/628/1286 611/635/1287 612/636/1288
f 385/637/1289 613/638/1290 604/627/1291
f 604/627/1291 612/636/1292 385/637/1289
f 613/638/1293 614/639/1294 600/621/1295
f 600/621/1296 604/627/1297 613/638/1293
f 614/639/1294 607/630/1251 597/622/1298
f 597/622/1299 600/621/1300 614/639/1294
f 618/640/1301 615/641/1302 616/642/1303
f 616/642/1304 617/643/1305 618/640/1306
f 617/643/1307 616/642/1308 619/644/1309
f 619/644/1310 620/645/1311 617/643/1307
f 622/646/1312 618/640/1306 617/643/1313
f 617/643/1314 621/647/1315 622/646/1316
f 621/647/1317 617/643/1318 620/645/1319
f 620/645/1319 623/648/1320 621/647/1317
f 429/450/907 183/192/421 182/190/420
f 182/190/1321 615/641/1322 429/450/907
f 615/641/1323 182/190/1324 181/189/1325
f 181/189/1325 616/642/1326 615/641/1323
f 616/642/1327 181/189/1328 180/188/1329
f 180/188/1329 619/644/1330 616/642/1331
f 619/644/1332 180/649/1333 179/612/1334
f 179/612/1334 589/611/1335 619/644/1336
f 620/645/1337 619/644/1338 589/611/1339
f 589/611/1339 596/620/1340 620/645/1341
f 623/648/1342 620/645/1343 596/620/1344
f 596/620/1345 595/619/1226 623/648/1342
f 156/160/1346 623/648/1347 595/619/1226
f 595/619/1226 154/161/332 156/160/1348
f 164/171/1349 621/647/1350 623/648/1351
f 623/648/1351 156/160/369 164/171/1349
f 163/170/365 622/646/1316 621/647/1315
f 621/647/1352 164/171/366 163/170/365
f 114/120/268 431/452/909 622/646/1316
f 622/646/1316 163/170/365 114/120/268
f 431/452/909 430/451/908 618/640/1306
f 618/640/1353 622/646/1316 431/452/909
f 430/451/908 429/450/907 615/641/1354
f 615/641/1355 618/640/1306 430/451/908
f 627/650/1356 624/651/1357 625/652/1358
f 625/652/1358 626/653/1359 627/650/1360
f 626/653/1361 625/652/1362 628/654/1363
f 628/654/1364 629/655/1365 626/653/1361
f 631/656/1366 627/650/1360 626/653/1367
f 626/653/1367 630/657/1368 631/656/1366
f 630/657/1369 626/653/1370 629/655/1371
f 629/655/1371 632/658/1372 630/657/1369
f 327/343/718 208/221/487 207/219/1373
f 207/219/1374 624/651/1357 327/343/718
f 624/651/1375 207/219/1376 206/218/1377
f 206/218/1378 625/652/1379 624/651/1375
f 625/652/1380 206/218/1381 205/217/1382
f 205/217/1382 628/654/1383 625/652/1384
f 628/654/1385 205/659/1386 204/593/1387
f 204/593/1387 571/592/1388 628/654/1385
f 629/655/1389 628/654/1390 571/592/1391
f 571/592/1391 578/601/1392 629/655/1389
f 632/658/1393 629/655/1394 578/601/1395
f 578/601/1396 577/600/1178 632/658/1393
f 176/181/1397 632/658/1398 577/600/1178
f 577/600/1178 174/182/392 176/181/1399
f 189/197/1400 630/657/1401 632/658/1402
f 632/658/1403 176/181/1404 189/197/1400
f 187/196/428 631/656/1366 630/657/1405
f 630/657/1405 189/197/429 187/196/428
f 188/195/427 329/345/720 631/656/1366
f 631/656/1366 187/196/428 188/195/427
f 329/345/720 328/344/719 627/650/1406
f 627/650/1407 631/656/1366 329/345/720
f 328/344/719 327/343/718 624/651/1408
f 624/651/1408 627/650/1360 328/344/719
f 636/660/1409 633/661/1410 634/662/1411
f 634/662/1411 635/663/1412 636/660/1413
f 635/663/1414 634/662/1415 637/664/1416
f 637/664/1417 638/665/1418 635/663/1414
f 640/666/1419 636/660/1413 635/663/1420
f 635/663/1420 639/667/1421 640/666/1419
f 639/667/1422 635/663/1423 638/665/1424
f 638/665/1425 641/668/1426 639/667/1422
f 315/332/707 316/331/706 373/393/804
f 373/393/1427 633/661/1428 315/332/707
f 633/661/1429 373/393/1430 372/392/1431
f 372/392/1431 634/662/1432 633/661/1429
f 634/662/1433 372/392/1434 371/391/1435
f 371/391/1435 637/664/1436 634/662/1437
f 637/669/1438 371/670/1439 370/574/1440
f 370/574/1440 553/573/1441 637/669/1442
f 638/671/1443 637/669/1444 553/573/1445
f 553/573/1445 560/582/1446 638/671/1447
f 641/672/1448 638/671/1449 560/582/1450
f 560/582/1451 559/581/1126 641/672/1448
f 201/207/1452 641/672/1453 559/581/1126
f 559/581/1126 199/208/456 201/207/1452
f 214/226/1454 639/667/1455 641/668/1456
f 641/668/1456 201/227/498 214/226/1454
f 212/225/494 640/666/1419 639/667/1421
f 639/667/1457 214/226/495 212/225/494
f 213/224/493 309/324/696 640/666/1419
f 640/666/1419 212/225/494 213/224/493
f 309/324/696 317/333/708 636/660/1458
f 636/660/1459 640/666/1419 309/324/696
f 317/333/708 315/332/707 633/661/1460
f 633/661/1460 636/660/1413 317/333/708
f 645/673/1461 642/674/1462 643/675/1463
f 643/675/1463 644/676/1464 645/673/1461
f 644/676/1465 643/675/1466 646/677/1467
f 646/677/1467 647/678/1468 644/676/1465
f 649/679/1469 645/673/1461 644/676/1470
f 644/676/1470 648/680/1471 649/679/1469
f 648/680/1472 644/676/1473 647/678/1474
f 647/678/1474 650/681/1475 648/680/1476
f 228/242/543 19/20/37 651/682/1477
f 651/682/1477 642/674/1462 228/242/543
f 642/674/1462 651/682/1478 652/683/1479
f 652/683/1479 643/675/1480 642/674/1462
f 643/675/1481 652/683/1482 653/684/1483
f 653/684/1483 646/677/1484 643/675/1481
f 646/677/1485 653/684/1486 398/685/1487
f 398/685/1488 555/686/1489 646/677/1485
f 647/678/1490 646/677/1491 555/686/1492
f 555/686/1492 554/687/1493 647/678/1490
f 650/681/1494 647/678/1495 554/687/1496
f 554/687/1496 552/688/1497 650/681/1494
f 369/387/1498 650/681/1499 552/688/1500
f 552/688/1500 370/389/1501 369/387/1498
f 368/385/1502 648/680/1503 650/681/1504
f 650/681/1504 369/387/1505 368/385/1502
f 366/383/778 649/679/1469 648/680/1503
f 648/680/1503 368/385/1506 366/383/778
f 232/245/548 230/244/546 649/679/1469
f 649/679/1469 366/383/778 232/245/548
f 230/244/546 229/243/547 645/673/1461
f 645/673/1461 649/679/1469 230/244/546
f 229/243/545 228/242/543 642/674/1462
f 642/674/1462 645/673/1461 229/243/545
f 657/689/1507 654/690/1508 655/691/1509
f 655/691/1509 656/692/1510 657/689/1511
f 656/692/1512 655/691/1513 658/693/1514
f 658/693/1515 659/694/1516 656/692/1512
f 661/695/1517 657/689/1511 656/692/1518
f 656/692/1518 660/696/1519 661/695/1517
f 660/696/1520 656/692/1521 659/694/1522
f 659/694/1522 662/697/1523 660/696/1520
f 119/124/272 118/125/273 162/169/1524
f 162/169/1525 654/690/1508 119/124/272
f 654/690/1526 162/169/1527 161/168/1528
f 161/168/1529 655/691/1530 654/690/1526
f 655/691/1531 161/168/1532 160/167/1533
f 160/167/1533 658/693/1534 655/691/1531
f 658/698/1535 160/699/1536 159/238/1537
f 159/238/1537 225/237/1538 658/698/1535
f 659/700/1539 658/698/1540 225/237/1541
f 225/237/1541 233/247/1542 659/700/1543
f 662/701/1544 659/700/1545 233/247/1546
f 233/247/1547 231/246/549 662/701/1544
f 367/382/1548 662/701/1549 231/246/549
f 231/246/549 232/245/548 367/382/1550
f 375/395/1551 660/696/1552 662/697/1553
f 662/697/1554 367/396/1555 375/395/1551
f 374/394/809 661/695/1517 660/696/1556
f 660/696/1556 375/395/810 374/394/809
f 123/128/276 121/127/275 661/695/1517
f 661/695/1517 374/394/809 123/128/276
f 121/127/275 120/126/274 657/689/1557
f 657/689/1558 661/695/1517 121/127/275
f 120/126/274 119/124/272 654/690/1559
f 654/690/1559 657/689/1560 120/126/274
f 666/702/1561 663/703/1562 664/704/1563
f 664/704/1563 665/705/1564 666/702/1561
f 665/705/1565 664/704/1566 667/706/1567
f 667/706/1567 668/707/1568 665/705/1565
f 670/708/1569 666/702/1561 665/705/1570
f 665/705/1571 669/709/1572 670/708/1569
f 669/709/1573 665/705/1574 668/707/1575
f 668/707/1575 671/710/1576 669/709/1573
f 556/578/1120 393/415/849 672/711/1577
f 672/711/1577 663/703/1562 556/578/1124
f 663/703/1578 672/711/1579 673/712/1580
f 673/712/1580 664/704/1581 663/703/1562
f 664/704/1582 673/712/1583 674/713/1584
f 674/713/1584 667/706/1585 664/704/1586
f 667/706/1587 674/713/1588 278/714/1589
f 278/714/1590 573/715/1591 667/706/1587
f 668/707/1592 667/706/1593 573/715/1594
f 573/715/1594 572/716/1595 668/707/1592
f 671/710/1596 668/707/1597 572/716/1598
f 572/716/1598 570/717/1599 671/710/1596
f 203/213/1600 671/710/1601 570/717/1602
f 570/717/1602 204/215/1603 203/213/1600
f 202/211/1604 669/709/1605 671/710/1606
f 671/710/1576 203/213/1607 202/211/1608
f 200/209/457 670/708/1569 669/709/1609
f 669/709/1609 202/211/1610 200/209/457
f 199/208/456 558/580/1125 670/708/1569
f 670/708/1569 200/209/457 199/208/456
f 558/580/1125 557/579/1123 666/702/1561
f 666/702/1561 670/708/1569 558/580/1125
f 557/579/1123 556/578/1124 663/703/1562
f 663/703/1562 666/702/1561 557/579/1123
f 678/718/1611 675/719/1612 676/720/1613
f 676/720/1613 677/721/1614 678/718/1611
f 677/721/1615 676/720/1616 679/722/1617
f 679/722/1617 680/723/1618 677/721/1615
f 682/724/1619 678/718/1611 677/721/1620
f 677/721/1620 681/725/1621 682/724/1619
f 681/725/1622 677/721/1623 680/723/1624
f 680/723/1624 683/726/1625 681/725/1626
f 574/597/1173 273/290/638 684/727/1627
f 684/727/1627 675/719/1612 574/597/1173
f 675/719/1612 684/727/1628 685/728/1629
f 685/728/1629 676/720/1630 675/719/1612
f 676/720/1631 685/728/1632 686/729/1633
f 686/729/1633 679/722/1634 676/720/1631
f 679/722/1635 686/729/1636 255/730/1637
f 255/730/1638 591/731/1639 679/722/1635
f 680/723/1640 679/722/1641 591/731/1642
f 591/731/1642 590/732/1643 680/723/1640
f 683/726/1644 680/723/1645 590/732/1646
f 590/732/1646 588/733/1647 683/726/1644
f 178/185/1648 683/726/1649 588/733/1650
f 588/733/1650 179/186/1651 178/185/1648
f 177/184/1652 681/725/1653 683/726/1654
f 683/726/1654 178/185/1655 177/184/1652
f 175/183/393 682/724/1619 681/725/1653
f 681/725/1653 177/184/1656 175/183/393
f 174/182/392 576/599/1176 682/724/1619
f 682/724/1619 175/183/393 174/182/392
f 576/599/1176 575/598/1177 678/718/1611
f 678/718/1611 682/724/1619 576/599/1176
f 575/598/1175 574/597/1173 675/719/1612
f 675/719/1612 678/718/1611 575/598/1175
f 690/734/1657 687/735/1658 688/736/1659
f 688/736/1659 689/737/1660 690/734/1657
f 689/737/1661 688/736/1662 691/738/1663
f 691/738/1663 692/739/1664 689/737/1661
f 694/740/1665 690/734/1657 689/737/1666
f 689/737/1667 693/741/1668 694/740/1665
f 693/741/1669 689/737/1670 692/739/1671
f 692/739/1671 695/742/1672 693/741/1669
f 592/616/1221 250/266/583 696/743/1673
f 696/743/1674 687/735/1658 592/616/1224
f 687/735/1675 696/743/1676 697/744/1677
f 697/744/1677 688/736/1678 687/735/1658
f 688/736/1679 697/744/1680 698/745/1681
f 698/745/1681 691/738/1682 688/736/1683
f 691/738/1684 698/745/1685 24/746/1686
f 24/746/1687 227/747/1688 691/738/1684
f 692/739/1689 691/738/1690 227/747/1691
f 227/747/1691 226/748/1692 692/739/1689
f 695/742/1693 692/739/1694 226/748/1695
f 226/748/1695 224/749/1696 695/742/1693
f 158/164/1697 695/742/1698 224/749/1699
f 224/749/1699 159/165/1700 158/164/1697
f 157/163/1701 693/741/1702 695/742/1703
f 695/742/1672 158/164/1704 157/163/1705
f 155/162/333 694/740/1665 693/741/1706
f 693/741/1706 157/163/1707 155/162/333
f 154/161/332 594/618/1225 694/740/1665
f 694/740/1665 155/162/333 154/161/332
f 594/618/1225 593/617/1223 690/734/1657
f 690/734/1657 694/740/1665 594/618/1225
f 593/617/1223 592/616/1224 687/735/1658
f 687/735/1658 690/734/1657 593/617/1223
f 702/750/1708 699/751/1709 700/752/1710
f 700/752/1710 701/753/1711 702/750/1708
f 701/753/1712 700/752/1710 703/754/1713
f 703/754/1713 704/755/1714 701/753/1715
f 706/756/1716 702/750/1717 701/753/1718
f 701/753/1719 705/757/1720 706/756/1716
f 705/757/1721 701/753/1722 704/755/1723
f 704/755/1724 707/758/1725 705/757/1721
f 651/682/1726 19/20/37 18/18/35
f 18/18/35 699/751/1709 651/682/1727
f 699/751/1709 18/18/35 17/17/34
f 17/17/34 700/752/1710 699/751/1709
f 700/752/1710 17/17/34 16/16/33
f 16/16/33 703/754/1713 700/752/1710
f 703/754/1713 16/16/33 15/15/32
f 15/15/32 607/630/1251 703/754/1713
f 704/755/1714 703/754/1713 607/630/1251
f 607/630/1251 614/639/1294 704/755/1714
f 707/758/1728 704/755/1729 614/639/1730
f 614/639/1731 613/638/1732 707/758/1728
f 387/759/1733 707/758/1734 613/638/1290
f 613/638/1735 385/637/1289 387/759/1736
f 399/760/1737 705/757/1738 707/758/1739
f 707/758/1739 387/759/1740 399/760/1737
f 397/761/1741 706/756/1742 705/757/1743
f 705/757/1743 399/760/1744 397/761/1741
f 398/685/1745 653/684/1746 706/756/1747
f 706/756/1747 397/761/1748 398/685/1745
f 653/684/1749 652/683/1750 702/750/1751
f 702/750/1751 706/756/1752 653/684/1749
f 652/683/1753 651/682/1754 699/751/1709
f 699/751/1709 702/750/1755 652/683/1753
f 711/762/1756 708/763/1757 709/764/1758
f 709/764/1759 710/765/1760 711/762/1761
f 710/765/1762 709/764/1763 712/766/1764
f 712/766/1764 713/767/1765 710/765/1762
f 715/768/1766 711/762/1767 710/765/1768
f 710/765/1768 714/769/1769 715/768/1770
f 714/769/1771 710/765/1772 713/767/1773
f 713/767/1773 716/770/1774 714/769/1771
f 610/634/1277 409/431/1278 522/543/1775
f 522/543/1775 708/763/1776 610/634/1777
f 708/763/1778 522/543/1775 521/542/1779
f 521/542/1779 709/764/1780 708/763/1778
f 709/764/1780 521/542/1779 519/541/1781
f 519/541/1781 712/766/1782 709/764/1780
f 712/766/1783 519/541/1781 40/40/92
f 40/40/1784 39/39/90 712/766/1783
f 713/767/1785 712/766/1786 39/39/1787
f 39/39/87 38/38/86 713/767/1788
f 716/770/1789 713/767/1790 38/38/1791
f 38/38/1792 36/37/1793 716/770/1794
f 389/410/843 716/770/1795 36/37/1796
f 36/37/1796 35/36/78 389/410/843
f 388/409/842 714/769/1797 716/770/1798
f 716/770/1799 389/410/843 388/409/842
f 386/408/1800 715/768/1801 714/769/1802
f 714/769/1802 388/409/842 386/408/1800
f 385/407/836 612/771/1803 715/768/1804
f 715/768/1804 386/408/837 385/407/836
f 612/771/1805 611/635/1806 711/762/1807
f 711/762/1807 715/768/1808 612/771/1805
f 611/635/1809 610/634/1810 708/763/1811
f 708/763/1811 711/762/1812 611/635/1809
f 720/772/1813 717/773/1814 718/774/1815
f 718/774/1815 719/775/1816 720/772/1813
f 719/775/1817 718/774/1818 721/776/1819
f 721/776/1819 722/777/1820 719/775/1817
f 724/778/1821 720/772/1822 719/775/1823
f 719/775/1823 723/779/1824 724/778/1821
f 723/779/1825 719/775/1826 722/777/1827
f 722/777/1828 725/780/1829 723/779/1830
f 45/44/1831 44/45/100 291/307/1832
f 291/307/1832 717/781/1833 45/44/1831
f 717/781/1834 291/307/1832 290/306/675
f 290/306/675 718/782/1835 717/781/1834
f 718/782/1835 290/306/675 289/305/1836
f 289/305/1836 721/783/1837 718/782/1835
f 721/783/1837 289/305/1836 65/67/152
f 65/67/151 64/66/150 721/783/1837
f 722/777/1838 721/776/1839 64/64/147
f 64/64/147 63/63/146 722/777/1838
f 725/780/1840 722/777/1841 63/63/1842
f 63/63/1842 61/62/1843 725/780/1840
f 269/285/631 725/780/1844 61/62/1845
f 61/62/1845 60/61/138 269/285/631
f 268/284/627 723/779/1846 725/780/1847
f 725/780/1848 269/285/631 268/284/627
f 266/283/1849 724/778/1850 723/779/1851
f 723/779/1852 268/284/627 266/283/1849
f 49/282/621 47/784/1853 724/778/1854
f 724/778/1854 266/283/622 49/282/621
f 47/784/1855 46/785/1856 720/772/1857
f 720/772/1857 724/778/1858 47/784/1859
f 46/46/1860 45/44/1861 717/781/1862
f 717/781/1862 720/786/1863 46/46/1864
f 729/787/1865 726/788/1866 727/789/1867
f 727/789/1868 728/790/1869 729/787/1870
f 728/790/1871 727/789/1872 730/791/1873
f 730/791/1873 731/792/1874 728/790/1871
f 733/793/1875 729/787/1876 728/790/1877
f 728/790/1877 732/794/1878 733/793/1879
f 732/794/1880 728/790/1881 731/792/1882
f 731/792/1882 734/795/1883 732/794/1880
f 70/73/161 69/74/162 507/528/1884
f 507/528/1884 726/788/1885 70/73/1886
f 726/788/1885 507/528/1884 506/527/1887
f 506/527/1888 727/789/1889 726/788/1890
f 727/789/1889 506/527/1891 504/526/1892
f 504/526/1893 730/791/1894 727/789/1889
f 730/791/1895 504/526/1893 90/95/222
f 90/95/1896 89/94/220 730/791/1895
f 731/792/1897 730/791/1898 89/94/1899
f 89/94/215 88/93/214 731/792/1900
f 734/795/1901 731/792/1902 88/93/1903
f 88/93/1904 86/92/1905 734/795/1906
f 246/261/578 734/795/1907 86/92/1908
f 86/92/1908 85/91/204 246/261/578
f 245/260/576 732/794/1909 734/795/1910
f 734/795/1910 246/261/578 245/260/576
f 243/259/1911 733/793/1912 732/794/1913
f 732/794/1914 245/260/576 243/259/1911
f 74/258/571 72/796/1915 733/793/1916
f 733/793/1916 243/259/572 74/258/571
f 72/796/1917 71/797/1918 729/787/1919
f 729/787/1919 733/793/1920 72/796/1921
f 71/797/1922 70/73/1923 726/788/1924
f 726/788/1924 729/787/1925 71/797/1922
f 738/798/1926 735/799/1927 736/800/1928
f 736/800/1928 737/801/1929 738/798/1926
f 737/801/1930 736/800/1928 739/802/1931
f 739/802/1931 740/803/1932 737/801/1933
f 742/804/1934 738/798/1935 737/801/1936
f 737/801/1936 741/805/1937 742/804/1934
f 741/805/1938 737/801/1939 740/803/1940
f 740/803/1941 743/806/1942 741/805/1938
f 696/743/1943 250/266/583 249/264/581
f 249/264/581 735/799/1927 696/743/1943
f 735/799/1927 249/264/581 248/263/580
f 248/263/580 736/800/1928 735/799/1927
f 736/800/1928 248/263/580 247/262/579
f 247/262/579 739/802/1931 736/800/1928
f 739/802/1931 247/262/579 85/91/204
f 85/91/204 87/90/203 739/802/1931
f 740/803/1944 739/802/1931 87/90/203
f 87/90/203 99/105/246 740/803/1944
f 743/806/1945 740/803/1944 99/105/246
f 99/105/246 98/104/1946 743/806/1945
f 12/807/1947 743/806/1948 98/104/241
f 98/104/241 10/103/240 12/807/1947
f 25/808/1949 741/805/1950 743/806/1951
f 743/806/1951 12/807/1952 25/808/1949
f 23/809/1953 742/804/1954 741/805/1955
f 741/805/1955 25/808/1956 23/809/1953
f 24/746/1957 698/745/1958 742/804/1959
f 742/804/1959 23/809/1960 24/746/1957
f 698/745/1961 697/744/1962 738/798/1963
f 738/798/1964 742/804/1965 698/745/1966
f 697/744/1967 696/743/1968 735/799/1927
f 735/799/1927 738/798/1969 697/744/1967
f 747/810/1970 744/811/1971 745/812/1972
f 745/812/1972 746/813/1973 747/810/1974
f 746/813/1975 745/812/1972 748/814/1976
f 748/814/1976 749/815/1977 746/813/1978
f 751/816/1979 747/810/1980 746/813/1981
f 746/813/1982 750/817/1983 751/816/1979
f 750/817/1984 746/813/1985 749/815/1986
f 749/815/1987 752/818/1988 750/817/1984
f 684/727/1989 273/290/638 272/288/636
f 272/288/636 744/811/1971 684/727/1990
f 744/811/1971 272/288/636 271/287/634
f 271/287/634 745/812/1972 744/811/1971
f 745/812/1972 271/287/634 270/286/633
f 270/286/633 748/814/1976 745/812/1972
f 748/814/1976 270/286/633 60/61/138
f 60/61/138 62/60/137 748/814/1976
f 749/815/1977 748/814/1976 62/60/137
f 62/60/137 75/80/177 749/815/1977
f 752/818/1991 749/815/1992 75/80/1993
f 75/80/1994 73/79/1995 752/818/1991
f 244/819/1996 752/818/1997 73/79/173
f 73/79/1998 74/78/172 244/819/1999
f 256/820/2000 750/817/2001 752/818/2002
f 752/818/2002 244/819/2003 256/820/2000
f 254/821/2004 751/816/2005 750/817/2006
f 750/817/2006 256/820/2007 254/821/2004
f 255/730/2008 686/729/2009 751/816/2010
f 751/816/2010 254/821/2011 255/730/2008
f 686/729/2012 685/728/2013 747/810/2014
f 747/810/2014 751/816/2015 686/729/2012
f 685/728/2016 684/727/2017 744/811/1971
f 744/811/1971 747/810/2018 685/728/2016
f 756/822/2019 753/823/2020 754/824/2021
f 754/824/2021 755/825/2022 756/822/2019
f 755/825/2023 754/824/2021 757/826/2024
f 757/826/2024 758/827/2025 755/825/2026
f 760/828/2027 756/822/2028 755/825/2029
f 755/825/2029 759/829/2030 760/828/2027
f 759/829/2031 755/825/2032 758/827/2033
f 758/827/2025 761/830/2034 759/829/2031
f 672/711/2035 393/415/849 392/413/847
f 392/413/847 753/823/2020 672/711/2036
f 753/823/2020 392/413/847 391/412/846
f 391/412/846 754/824/2021 753/823/2020
f 754/824/2021 391/412/846 390/411/845
f 390/411/845 757/826/2024 754/824/2021
f 757/826/2024 390/411/845 35/36/78
f 35/36/78 37/35/77 757/826/2024
f 758/827/2037 757/826/2024 37/35/77
f 37/35/77 50/50/114 758/827/2025
f 761/830/2038 758/827/2039 50/50/114
f 50/50/114 48/49/113 761/830/2040
f 267/831/2041 761/830/2042 48/49/110
f 48/49/110 49/48/109 267/831/2043
f 279/832/2044 759/829/2045 761/830/2046
f 761/830/2046 267/831/2047 279/832/2044
f 277/833/2048 760/828/2049 759/829/2050
f 759/829/2050 279/832/2051 277/833/2048
f 278/714/2052 674/713/2053 760/828/2054
f 760/828/2054 277/833/2055 278/714/2052
f 674/713/2056 673/712/2057 756/822/2058
f 756/822/2059 760/828/2060 674/713/2061
f 673/712/2062 672/711/2063 753/823/2020
f 753/823/2020 756/822/2064 673/712/2062
f 765/834/2065 762/835/2066 763/836/2067
f 763/836/2068 764/837/2069 765/834/2070
f 764/837/2071 763/836/2072 766/838/2073
f 766/838/2073 767/839/2074 764/837/2071
f 769/840/2075 765/834/2076 764/837/2077
f 764/837/2077 768/841/2078 769/840/2079
f 768/841/2080 764/837/2081 767/839/2082
f 767/839/2083 770/842/2084 768/841/2085
f 95/99/2086 94/100/231 346/362/2087
f 346/362/2087 762/835/2088 95/99/2086
f 762/835/2089 346/362/2087 345/361/746
f 345/361/746 763/836/2090 762/835/2089
f 763/836/2090 345/361/746 343/360/2091
f 343/360/2091 766/838/2092 763/836/2090
f 766/838/2092 343/360/2091 342/359/1268
f 342/359/1267 609/633/1266 766/838/2092
f 767/839/2093 766/838/2094 609/633/1263
f 609/633/2095 608/632/1261 767/839/2093
f 770/842/2096 767/839/2097 608/632/2098
f 608/632/2099 606/631/2100 770/842/2101
f 14/14/31 770/842/2102 606/631/2103
f 606/631/2103 15/15/32 14/14/31
f 13/13/27 768/841/2104 770/842/2105
f 770/842/2106 14/14/31 13/13/27
f 11/12/2107 769/840/2108 768/841/2109
f 768/841/2110 13/13/27 11/12/2107
f 10/11/20 97/843/2111 769/840/2112
f 769/840/2112 11/12/22 10/11/20
f 97/843/2113 96/101/2114 765/834/2115
f 765/834/2115 769/840/2116 97/843/2117
f 96/101/2118 95/99/2119 762/835/2120
f 762/835/2120 765/834/2121 96/101/2118
