# Blender 4.2.0
# www.blender.org
mtllib ketchup.mtl
o ketchup_bottle
v 0.028613 1.073557 0.094222
v -0.099238 1.073557 0.060837
v 0.055197 1.073557 0.087612
v 0.079696 1.073557 -0.139203
v -0.053264 1.073557 -0.150196
v 0.101171 1.073557 -0.123421
v -0.026680 1.073557 -0.156806
v 0.118794 1.073557 -0.103998
v 0.131890 1.073557 -0.081848
v 0.139814 1.073557 -0.059093
v -0.137881 1.073557 -0.059093
v -0.129957 1.073557 -0.081848
v 0.000966 1.073557 -0.159038
v -0.116862 1.073557 -0.103998
v 0.055196 1.073557 -0.150196
v 0.028613 1.073557 -0.156806
v -0.077764 1.073557 -0.139203
v -0.099238 1.073557 -0.123420
v 0.149626 1.063279 -0.091305
v 0.158650 1.063279 -0.063914
v -0.156717 1.063279 -0.063913
v -0.147693 1.063279 -0.091305
v -0.132824 1.063279 -0.117726
v 0.032358 1.063279 -0.169909
v -0.112813 1.063279 -0.140540
v 0.062543 1.063279 -0.165454
v -0.088429 1.063279 -0.157010
v 0.090362 1.063279 -0.157011
v -0.060611 1.063279 -0.165454
v 0.134756 1.063279 -0.117727
v 0.114745 1.063279 -0.140540
v 0.000966 1.063279 -0.171413
v -0.030425 1.063279 -0.169908
v 0.000966 1.001782 -0.167541
v 0.201857 0.988971 -0.064137
v -0.199924 0.988971 -0.064137
v -0.188427 0.988971 -0.091743
v -0.169483 0.989611 -0.118363
v 0.040959 1.000501 -0.166403
v -0.143989 0.992814 -0.141064
v 0.079415 0.998579 -0.163036
v -0.112924 0.996337 -0.156220
v 0.114857 0.996337 -0.156220
v -0.077483 0.998579 -0.163036
v 0.145921 0.992814 -0.141065
v -0.039027 1.000501 -0.166403
v 0.171415 0.989611 -0.118363
v 0.190359 0.988971 -0.091743
v 0.000966 0.993433 -0.160916
v 0.201440 0.980621 -0.062537
v -0.199507 0.980621 -0.062536
v -0.188042 0.980621 -0.088603
v -0.169137 0.981262 -0.113511
v 0.040878 0.992151 -0.159898
v -0.143695 0.984465 -0.134297
v 0.079256 0.990230 -0.156882
v -0.112693 0.987988 -0.150177
v 0.114625 0.987988 -0.150178
v -0.077324 0.990230 -0.156882
v 0.145627 0.984465 -0.134298
v -0.038946 0.992151 -0.159898
v 0.171069 0.981262 -0.113511
v 0.189975 0.980621 -0.088603
v -0.198973 0.969837 -0.061334
v -0.187546 0.969837 -0.086245
v -0.168690 0.970371 -0.108920
v 0.040773 0.979446 -0.144784
v -0.143315 0.973040 -0.123735
v 0.079050 0.977844 -0.142059
v -0.112395 0.975976 -0.136219
v 0.114327 0.975976 -0.136219
v -0.077118 0.977844 -0.142059
v 0.145247 0.973040 -0.123735
v 0.000966 0.980513 -0.145704
v -0.038841 0.979446 -0.144784
v 0.170623 0.970371 -0.108920
v 0.200906 0.969837 -0.061334
v 0.189479 0.969837 -0.086245
v 0.165103 0.440922 -0.060939
v -0.163171 0.440922 -0.060938
v -0.153792 0.440922 -0.085469
v -0.138312 0.440922 -0.109254
v 0.033645 0.440922 -0.167754
v -0.117480 0.440922 -0.130102
v 0.065069 0.440922 -0.159925
v -0.092097 0.440922 -0.147212
v 0.094029 0.440922 -0.147212
v -0.063137 0.440922 -0.159925
v 0.119413 0.440922 -0.130102
v 0.000966 0.440922 -0.170398
v -0.031713 0.440922 -0.167754
v 0.155724 0.440922 -0.085469
v 0.140245 0.440922 -0.109255
v -0.149718 0.413797 -0.064241
v -0.141093 0.413797 -0.091946
v -0.126884 0.413797 -0.118658
v 0.030964 0.413797 -0.184355
v -0.107761 0.413797 -0.142071
v 0.059809 0.413797 -0.175563
v -0.084460 0.413797 -0.161285
v 0.086393 0.413797 -0.161286
v -0.057877 0.413797 -0.175563
v 0.109694 0.413797 -0.142071
v 0.000966 0.413797 -0.187324
v -0.029032 0.413797 -0.184355
v 0.128816 0.413797 -0.118658
v 0.143026 0.413797 -0.091947
v 0.151650 0.413797 -0.064241
v 0.054690 0.330862 -0.171544
v -0.077029 0.330862 -0.157668
v 0.078962 0.330862 -0.157668
v -0.052758 0.330862 -0.171544
v 0.100236 0.330862 -0.138995
v -0.026422 0.330862 -0.180088
v 0.117695 0.330862 -0.116241
v 0.130668 0.330862 -0.090282
v 0.138539 0.330862 -0.063392
v -0.136607 0.330862 -0.063392
v -0.128736 0.330862 -0.090281
v 0.000966 0.330862 -0.182973
v -0.115762 0.330862 -0.116241
v 0.028355 0.330862 -0.180088
v -0.098303 0.330862 -0.138995
v 0.053750 0.325245 -0.164473
v -0.075664 0.325245 -0.151304
v 0.077596 0.325245 -0.151304
v -0.051817 0.325245 -0.164473
v 0.098498 0.325245 -0.133583
v -0.025943 0.325245 -0.172582
v 0.115651 0.325245 -0.111989
v 0.128398 0.325245 -0.087353
v 0.136125 0.325245 -0.061899
v -0.134192 0.325245 -0.061899
v -0.126465 0.325245 -0.087352
v 0.000966 0.325245 -0.175320
v -0.113719 0.325245 -0.111989
v 0.027875 0.325245 -0.172582
v -0.096565 0.325245 -0.133583
v 0.025062 0.316196 -0.150051
v 0.048232 0.316196 -0.143249
v 0.069586 0.316196 -0.132204
v 0.088302 0.316196 -0.117339
v 0.103663 0.316196 -0.099227
v 0.115077 0.316196 -0.078562
v 0.121975 0.316196 -0.057417
v -0.120042 0.316196 -0.057417
v -0.113144 0.316196 -0.078561
v -0.101730 0.316196 -0.099226
v -0.086370 0.316196 -0.117339
v -0.067653 0.316196 -0.132204
v -0.046300 0.316196 -0.143249
v 0.000966 0.316196 -0.152348
v -0.023130 0.316196 -0.150051
v 0.026227 0.316196 -0.155718
v 0.050517 0.316196 -0.148587
v 0.072903 0.316196 -0.137008
v 0.092524 0.316196 -0.121425
v 0.108627 0.316196 -0.102436
v 0.120592 0.316196 -0.080773
v 0.127831 0.316196 -0.058545
v -0.125898 0.316196 -0.058544
v -0.118660 0.316196 -0.080772
v -0.106694 0.316196 -0.102436
v -0.090591 0.316196 -0.121424
v -0.070970 0.316196 -0.137008
v -0.048584 0.316196 -0.148587
v 0.000966 0.316196 -0.158125
v -0.024294 0.316196 -0.155718
v 0.027076 0.316882 -0.160197
v 0.052182 0.316882 -0.152807
v 0.075320 0.316882 -0.140805
v 0.095601 0.316882 -0.124654
v 0.112245 0.316882 -0.104974
v 0.124613 0.316882 -0.082521
v 0.132099 0.316882 -0.059435
v -0.130166 0.316882 -0.059435
v -0.122680 0.316882 -0.082520
v -0.110313 0.316882 -0.104973
v -0.093669 0.316882 -0.124654
v -0.073388 0.316882 -0.140805
v -0.050250 0.316882 -0.152806
v 0.000966 0.316882 -0.162692
v -0.025143 0.316882 -0.160197
v 0.015557 1.082948 -0.082626
v 0.029587 1.082948 -0.079736
v 0.042518 1.082948 -0.075044
v 0.053851 1.082948 -0.068728
v 0.063152 1.082948 -0.061033
v 0.070064 1.082948 -0.052254
v 0.074134 1.082948 -0.044006
v -0.072201 1.082948 -0.044005
v -0.068131 1.082948 -0.052254
v -0.061219 1.082948 -0.061033
v -0.051918 1.082948 -0.068728
v -0.040585 1.082948 -0.075044
v -0.027655 1.082948 -0.079736
v 0.000966 1.082948 -0.083602
v -0.013624 1.082948 -0.082626
v 0.019153 1.082149 -0.097455
v 0.036641 1.082149 -0.093705
v 0.052758 1.082149 -0.087615
v 0.066884 1.082149 -0.079419
v 0.078478 1.082149 -0.069433
v 0.087092 1.082149 -0.058040
v 0.092216 1.082149 -0.046955
v -0.090284 1.082149 -0.046955
v -0.085159 1.082149 -0.058040
v -0.076545 1.082149 -0.069433
v -0.064951 1.082149 -0.079419
v -0.050825 1.082149 -0.087615
v -0.034708 1.082149 -0.093705
v 0.000966 1.082149 -0.098721
v -0.017220 1.082149 -0.097455
v 0.011428 1.082948 -0.072759
v 0.021488 1.082948 -0.070687
v 0.030760 1.082948 -0.067322
v 0.038886 1.082948 -0.062794
v 0.045555 1.082948 -0.057276
v 0.050511 1.082948 -0.050981
v 0.053377 1.082948 -0.045429
v -0.051444 1.082948 -0.045429
v -0.048578 1.082948 -0.050981
v -0.043623 1.082948 -0.057276
v -0.036953 1.082948 -0.062794
v -0.028827 1.082948 -0.067322
v -0.019556 1.082948 -0.070687
v -0.009496 1.082948 -0.072759
v 0.000966 1.082948 -0.073459
v 0.025132 1.078202 -0.131044
v 0.048369 1.078202 -0.125345
v 0.069785 1.078202 -0.116091
v 0.088556 1.078202 -0.103636
v 0.103961 1.078202 -0.088460
v 0.115407 1.078202 -0.071146
v 0.122298 1.078202 -0.053637
v -0.120365 1.078202 -0.053636
v -0.113475 1.078202 -0.071145
v -0.102028 1.078202 -0.088460
v -0.086623 1.078202 -0.103636
v -0.067852 1.078202 -0.116091
v -0.046437 1.078202 -0.125345
v -0.023200 1.078202 -0.131044
v 0.000966 1.078202 -0.132969
v 0.031141 1.068527 -0.166339
v 0.060157 1.068527 -0.161509
v 0.086898 1.068527 -0.152434
v 0.110336 1.068527 -0.135421
v 0.129572 1.068527 -0.113454
v 0.143865 1.068527 -0.088362
v 0.152533 1.068527 -0.062413
v -0.150600 1.068527 -0.062413
v -0.141933 1.068527 -0.088361
v -0.127639 1.068527 -0.113453
v -0.108404 1.068527 -0.135421
v -0.084965 1.068527 -0.152433
v -0.058224 1.068527 -0.161509
v -0.029209 1.068527 -0.166339
v 0.000966 1.068527 -0.167970
v 0.033414 1.056803 -0.172112
v 0.064614 1.056803 -0.167530
v 0.093369 1.056803 -0.159132
v 0.118572 1.056803 -0.143343
v 0.139257 1.056803 -0.120163
v 0.154626 1.056803 -0.092983
v 0.163958 1.056803 -0.064769
v -0.162025 1.056803 -0.064769
v -0.152694 1.056803 -0.092983
v -0.137324 1.056803 -0.120163
v -0.116640 1.056803 -0.143343
v -0.091436 1.056803 -0.159132
v -0.062682 1.056803 -0.167529
v -0.031481 1.056803 -0.172112
v 0.000966 1.056803 -0.173659
v 0.035202 1.045370 -0.173349
v 0.068123 1.045370 -0.168695
v 0.098462 1.045370 -0.160323
v 0.125055 1.045370 -0.144917
v 0.146879 1.045370 -0.121531
v 0.163096 1.045370 -0.093926
v 0.172944 1.045370 -0.065250
v -0.171012 1.045370 -0.065249
v -0.161164 1.045370 -0.093925
v -0.144947 1.045370 -0.121531
v -0.123123 1.045370 -0.144917
v -0.096530 1.045370 -0.160323
v -0.066190 1.045370 -0.168695
v -0.033270 1.045370 -0.173349
v 0.000966 1.045370 -0.174920
v 0.037290 1.032100 -0.171812
v 0.072218 1.031780 -0.167619
v 0.104407 1.031407 -0.159965
v 0.132622 1.030819 -0.145224
v 0.155777 1.030285 -0.121893
v 0.172983 1.030179 -0.094175
v 0.183432 1.030179 -0.065377
v -0.181499 1.030179 -0.065376
v -0.171050 1.030179 -0.094174
v -0.153844 1.030285 -0.121892
v -0.130689 1.030819 -0.145224
v -0.102475 1.031407 -0.159965
v -0.070285 1.031780 -0.167619
v -0.035357 1.032100 -0.171812
v 0.000966 1.032314 -0.173228
v 0.039559 1.019319 -0.165343
v 0.076668 1.017718 -0.162786
v 0.110869 1.015849 -0.157557
v 0.140846 1.012914 -0.144733
v 0.165447 1.010245 -0.121792
v 0.183728 1.009711 -0.094105
v 0.194830 1.009711 -0.065341
v -0.192897 1.009711 -0.065341
v -0.181795 1.009711 -0.094104
v -0.163515 1.010245 -0.121791
v -0.138913 1.012914 -0.144732
v -0.108937 1.015849 -0.157557
v -0.074736 1.017718 -0.162786
v -0.037626 1.019319 -0.165343
v 0.000966 1.020387 -0.166206
v 0.040818 1.009256 -0.167102
v 0.079139 1.007334 -0.163918
v 0.114455 1.005092 -0.157690
v 0.145411 1.001569 -0.143892
v 0.170815 0.998366 -0.120940
v 0.189692 0.997726 -0.093519
v 0.201154 0.997726 -0.065042
v -0.199222 0.997726 -0.065042
v -0.187759 0.997726 -0.093518
v -0.168882 0.998366 -0.120940
v -0.143478 1.001569 -0.143891
v -0.112523 1.005092 -0.157689
v -0.077207 1.007334 -0.163918
v -0.038886 1.009256 -0.167102
v 0.000966 1.010537 -0.168177
v 0.040336 0.941535 -0.144130
v 0.078193 0.941215 -0.139490
v 0.113083 0.940841 -0.131682
v 0.143664 0.940254 -0.120752
v 0.168761 0.939720 -0.107676
v 0.187410 0.939613 -0.085572
v 0.198709 0.939613 -0.060991
v -0.196777 0.939613 -0.060991
v -0.185477 0.939613 -0.085571
v -0.166828 0.939720 -0.107676
v -0.141731 0.940254 -0.120752
v -0.111150 0.940841 -0.131682
v -0.076261 0.941215 -0.139489
v -0.038404 0.941535 -0.144130
v 0.000966 0.941749 -0.145697
v 0.039068 0.880826 -0.144738
v 0.075705 0.880826 -0.139580
v 0.109471 0.880826 -0.131204
v 0.139067 0.880826 -0.120452
v 0.163355 0.880826 -0.107443
v 0.181403 0.880826 -0.085399
v 0.192338 0.880826 -0.060903
v -0.190405 0.880826 -0.060902
v -0.179470 0.880826 -0.085398
v -0.161422 0.880826 -0.107443
v -0.137134 0.880826 -0.120452
v -0.107538 0.880826 -0.131204
v -0.073773 0.880826 -0.139580
v -0.037135 0.880826 -0.144738
v 0.000966 0.880826 -0.146480
v 0.037616 0.807908 -0.144224
v 0.072857 0.807908 -0.139096
v 0.105335 0.807908 -0.130768
v 0.133803 0.807908 -0.120057
v 0.157165 0.807908 -0.107034
v 0.174526 0.807908 -0.085095
v 0.185043 0.807908 -0.060748
v -0.183110 0.807908 -0.060748
v -0.172593 0.807908 -0.085095
v -0.155233 0.807908 -0.107034
v -0.131870 0.807908 -0.120056
v -0.103403 0.807908 -0.130768
v -0.070924 0.807908 -0.139096
v -0.035683 0.807908 -0.144224
v 0.000966 0.807908 -0.145956
v 0.036103 0.713564 -0.143822
v 0.069890 0.713564 -0.138717
v 0.101028 0.713564 -0.130428
v 0.128321 0.713564 -0.119747
v 0.150720 0.713564 -0.106714
v 0.167363 0.713564 -0.084857
v 0.177446 0.713564 -0.060627
v -0.175513 0.713564 -0.060626
v -0.165431 0.713564 -0.084857
v -0.148787 0.713564 -0.106714
v -0.126388 0.713564 -0.119747
v -0.099096 0.713564 -0.130427
v -0.067958 0.713564 -0.138717
v -0.034171 0.713564 -0.143822
v 0.000966 0.713564 -0.145546
v 0.034888 0.627587 -0.144111
v 0.067505 0.627587 -0.138989
v 0.097566 0.627587 -0.130672
v 0.123915 0.627587 -0.119969
v 0.145538 0.627587 -0.106944
v 0.161606 0.627587 -0.085028
v 0.171340 0.627587 -0.060714
v -0.169408 0.627587 -0.060713
v -0.159674 0.627587 -0.085027
v -0.143606 0.627587 -0.106943
v -0.121982 0.627587 -0.119969
v -0.095634 0.627587 -0.130672
v -0.065573 0.627587 -0.138989
v -0.032955 0.627587 -0.144111
v 0.000966 0.627587 -0.145840
v 0.034455 0.583373 -0.143708
v 0.066656 0.583373 -0.138610
v 0.096334 0.583373 -0.130331
v 0.122346 0.583373 -0.119659
v 0.143694 0.583373 -0.106623
v 0.159556 0.583373 -0.084790
v 0.169166 0.583373 -0.060592
v -0.167233 0.583373 -0.060592
v -0.157624 0.583373 -0.084789
v -0.141761 0.583373 -0.106623
v -0.120413 0.583373 -0.119659
v -0.094401 0.583373 -0.130330
v -0.064724 0.583373 -0.138610
v -0.032522 0.583373 -0.143708
v 0.000966 0.583373 -0.145429
v 0.035176 0.554190 -0.147651
v 0.068070 0.554190 -0.142101
v 0.098386 0.554190 -0.133089
v 0.124958 0.554190 -0.121367
v 0.146766 0.554190 -0.107091
v 0.162970 0.554190 -0.084935
v 0.172786 0.554190 -0.060667
v -0.170854 0.554190 -0.060666
v -0.161037 0.554190 -0.084935
v -0.144833 0.554190 -0.107090
v -0.123026 0.554190 -0.121367
v -0.096454 0.554190 -0.133089
v -0.066138 0.554190 -0.142101
v -0.033243 0.554190 -0.147651
v 0.000966 0.554190 -0.149525
v 0.036952 0.531558 -0.161928
v 0.071556 0.531701 -0.154667
v 0.103446 0.531633 -0.142660
v 0.131399 0.532077 -0.127244
v 0.154339 0.532203 -0.108056
v 0.171385 0.532203 -0.084836
v 0.181711 0.532203 -0.060616
v -0.179778 0.532203 -0.060616
v -0.169452 0.532203 -0.084836
v -0.152406 0.532077 -0.107925
v -0.129466 0.531572 -0.126721
v -0.101514 0.531633 -0.142660
v -0.069623 0.532206 -0.155189
v -0.035020 0.531684 -0.162059
v 0.000966 0.531507 -0.164363
v 0.038726 0.512721 -0.164926
v 0.075034 0.513438 -0.157299
v 0.108497 0.513098 -0.143831
v 0.137827 0.515315 -0.129008
v 0.161897 0.515946 -0.108908
v 0.179783 0.515946 -0.085230
v 0.190619 0.515946 -0.060817
v -0.188687 0.515946 -0.060817
v -0.177850 0.515946 -0.085230
v -0.159965 0.515315 -0.108255
v -0.135894 0.512791 -0.126397
v -0.106564 0.513098 -0.143831
v -0.073102 0.515961 -0.159909
v -0.036793 0.513352 -0.165579
v 0.000966 0.512466 -0.167416
v 0.039431 0.499417 -0.164808
v 0.076418 0.500277 -0.157195
v 0.110506 0.499869 -0.143534
v 0.140384 0.502529 -0.129112
v 0.164904 0.503286 -0.109092
v 0.183124 0.503286 -0.085357
v 0.194163 0.503286 -0.060882
v -0.192231 0.503286 -0.060881
v -0.181191 0.503286 -0.085357
v -0.162971 0.502529 -0.108308
v -0.138451 0.499501 -0.125979
v -0.108573 0.499869 -0.143534
v -0.074486 0.503305 -0.160327
v -0.037499 0.500174 -0.165591
v 0.000966 0.499110 -0.167276
v 0.039195 0.487824 -0.164424
v 0.075955 0.488683 -0.156833
v 0.109832 0.488276 -0.143209
v 0.139527 0.490936 -0.128835
v 0.163896 0.491693 -0.108874
v 0.182005 0.491693 -0.085207
v 0.192975 0.491693 -0.060805
v -0.191043 0.491693 -0.060805
v -0.180072 0.491693 -0.085207
v -0.161964 0.490936 -0.108090
v -0.137594 0.487908 -0.125702
v -0.107900 0.488276 -0.143208
v -0.074022 0.491712 -0.159965
v -0.037262 0.488581 -0.165207
v 0.000966 0.487517 -0.166884
v 0.038357 0.476076 -0.164157
v 0.074312 0.476792 -0.156574
v 0.107448 0.476452 -0.143179
v 0.136491 0.478669 -0.128453
v 0.160327 0.479300 -0.108472
v 0.178039 0.479300 -0.084930
v 0.188768 0.479300 -0.060664
v -0.186835 0.479300 -0.060663
v -0.176106 0.479300 -0.084930
v -0.158394 0.478669 -0.107819
v -0.134559 0.476146 -0.125842
v -0.105515 0.476452 -0.143178
v -0.072379 0.479316 -0.159184
v -0.036425 0.476707 -0.164809
v 0.000966 0.475820 -0.166631
v 0.035894 0.458101 -0.166330
v 0.069480 0.458244 -0.158591
v 0.100433 0.458176 -0.145808
v 0.127563 0.458619 -0.129264
v 0.149828 0.458746 -0.108699
v 0.166373 0.458746 -0.085086
v 0.176396 0.458746 -0.060744
v -0.174464 0.458746 -0.060743
v -0.164440 0.458746 -0.085086
v -0.147896 0.458619 -0.108568
v -0.125631 0.458115 -0.128742
v -0.098500 0.458176 -0.145807
v -0.067547 0.458749 -0.159113
v -0.033962 0.458227 -0.166460
v 0.000966 0.458050 -0.168926
v 0.032128 0.428045 -0.175091
v 0.062092 0.428045 -0.166836
v 0.089707 0.428045 -0.153432
v 0.113913 0.428045 -0.135392
v 0.133777 0.428045 -0.113410
v 0.148538 0.428045 -0.088332
v 0.157489 0.428045 -0.062398
v -0.155556 0.428045 -0.062398
v -0.146605 0.428045 -0.088331
v -0.131845 0.428045 -0.113410
v -0.111980 0.428045 -0.135392
v -0.087775 0.428045 -0.153431
v -0.060160 0.428045 -0.166836
v -0.030196 0.428045 -0.175091
v 0.000966 0.428045 -0.177878
v 0.029487 0.393698 -0.189274
v 0.056912 0.393698 -0.180196
v 0.082187 0.393698 -0.165455
v 0.104341 0.393698 -0.145617
v 0.122522 0.393698 -0.121444
v 0.136032 0.393698 -0.093866
v 0.144236 0.393698 -0.065219
v -0.142303 0.393698 -0.065219
v -0.134099 0.393698 -0.093865
v -0.120590 0.393698 -0.121444
v -0.102408 0.393698 -0.145617
v -0.080255 0.393698 -0.165455
v -0.054980 0.393698 -0.180196
v -0.027555 0.393698 -0.189273
v 0.000966 0.393698 -0.192339
v 0.028756 0.376827 -0.189828
v 0.055478 0.376827 -0.180719
v 0.080104 0.376827 -0.165925
v 0.101690 0.376827 -0.146017
v 0.119405 0.376827 -0.121758
v 0.132569 0.376827 -0.094082
v 0.140563 0.376827 -0.065330
v -0.138630 0.376827 -0.065329
v -0.130636 0.376827 -0.094082
v -0.117473 0.376827 -0.121758
v -0.099758 0.376827 -0.146016
v -0.078172 0.376827 -0.165925
v -0.053545 0.376827 -0.180718
v -0.026823 0.376827 -0.189828
v 0.000966 0.376827 -0.192904
v 0.028684 0.350442 -0.188505
v 0.055336 0.350442 -0.179473
v 0.079899 0.350442 -0.164804
v 0.101429 0.350442 -0.145063
v 0.119098 0.350442 -0.121009
v 0.132227 0.350442 -0.093566
v 0.140199 0.350442 -0.065066
v -0.138266 0.350442 -0.065066
v -0.130294 0.350442 -0.093566
v -0.117165 0.350442 -0.121009
v -0.099496 0.350442 -0.145063
v -0.077967 0.350442 -0.164804
v -0.053404 0.350442 -0.179472
v -0.026751 0.350442 -0.188505
v 0.000966 0.350442 -0.191555
v 0.076515 0.320442 -0.144725
v -0.051073 0.320442 -0.157162
v 0.097122 0.320442 -0.127988
v -0.025563 0.320442 -0.164821
v 0.114033 0.320442 -0.107593
v 0.126600 0.320442 -0.084325
v 0.134211 0.320442 -0.060355
v -0.132278 0.320442 -0.060355
v -0.124667 0.320442 -0.084324
v 0.000966 0.320442 -0.167407
v -0.112101 0.320442 -0.107593
v 0.053005 0.320442 -0.157162
v 0.027495 0.320442 -0.164821
v -0.074583 0.320442 -0.144725
v -0.095189 0.320442 -0.127987
v 0.028738 0.338409 -0.186124
v 0.055443 0.338409 -0.177229
v 0.080055 0.338409 -0.162785
v 0.101627 0.338409 -0.143346
v 0.119330 0.338409 -0.119660
v 0.132486 0.338409 -0.092637
v 0.140472 0.338409 -0.064593
v -0.138539 0.338409 -0.064592
v -0.130553 0.338409 -0.092636
v -0.117398 0.338409 -0.119660
v -0.099694 0.338409 -0.143346
v -0.078122 0.338409 -0.162785
v -0.053511 0.338409 -0.177229
v -0.026806 0.338409 -0.186124
v 0.000966 0.338409 -0.189127
v 0.093750 0.315927 0.062221
v 0.110068 0.315927 0.042979
v 0.122194 0.315927 0.021025
v 0.129514 0.315927 -0.001353
v -0.127581 0.315927 -0.001353
v -0.120261 0.315927 0.021025
v -0.108135 0.315927 0.042979
v -0.091817 0.315927 0.062221
v -0.077764 1.073557 0.076619
v 0.196005 0.880826 -0.040641
v 0.188566 0.807909 -0.040615
v 0.180820 0.713564 -0.040595
v 0.174600 0.627587 -0.040610
v 0.172381 0.583373 -0.040589
v 0.176073 0.554190 -0.040602
v 0.185167 0.532203 -0.040593
v 0.194251 0.515946 -0.040627
v 0.197864 0.503286 -0.040638
v 0.196651 0.491693 -0.040625
v 0.179753 0.458745 -0.040615
v 0.192360 0.479300 -0.040601
v 0.168248 0.440922 -0.040647
v -0.152666 0.413797 -0.041201
v 0.154599 0.413797 -0.041201
v 0.160517 0.428045 -0.040892
v -0.145122 0.393698 -0.041365
v -0.139286 0.330862 -0.041059
v -0.141275 0.338409 -0.041260
v -0.141378 0.376827 -0.041384
v -0.141003 0.350442 -0.041340
v -0.136799 0.325245 -0.040808
v -0.134820 0.320442 -0.040549
v -0.132650 0.316882 -0.040395
v -0.128283 0.316196 -0.040246
v -0.122293 0.316196 -0.040057
v 0.124226 0.316196 -0.040057
v -0.071933 0.315927 0.078013
v 0.130216 0.316196 -0.040246
v 0.134583 0.316882 -0.040395
v 0.147055 0.393698 -0.041365
v 0.143311 0.376827 -0.041384
v 0.142936 0.350442 -0.041340
v 0.143207 0.338409 -0.041260
v 0.141218 0.330862 -0.041059
v 0.138732 0.325245 -0.040808
v 0.136753 0.320442 -0.040549
v -0.041005 1.082948 -0.039480
v 0.075071 1.082948 -0.037807
v 0.093585 1.082149 -0.038302
v -0.091653 1.082149 -0.038302
v 0.042937 1.082948 -0.039480
v -0.122510 1.078202 -0.039422
v -0.073138 1.082948 -0.037807
v 0.124443 1.078202 -0.039422
v 0.142434 1.073557 -0.040338
v -0.140501 1.073557 -0.040338
v -0.159798 1.063279 -0.041146
v -0.153534 1.068527 -0.040895
v 0.155467 1.068527 -0.040895
v 0.161730 1.063279 -0.041146
v -0.203157 0.997726 -0.041336
v -0.203853 0.988971 -0.041184
v -0.203390 0.980621 -0.040915
v -0.202815 0.969837 -0.040714
v -0.200568 0.939613 -0.040656
v -0.196714 1.009711 -0.041386
v -0.194072 0.880826 -0.040641
v -0.185092 1.030179 -0.041392
v -0.186633 0.807909 -0.040615
v -0.174396 1.045370 -0.041370
v -0.165224 1.056803 -0.041290
v 0.167157 1.056803 -0.041290
v 0.187025 1.030179 -0.041392
v 0.176329 1.045370 -0.041370
v 0.198646 1.009711 -0.041386
v 0.205089 0.997726 -0.041336
v 0.205786 0.988971 -0.041184
v 0.205323 0.980621 -0.040915
v 0.204748 0.969837 -0.040714
v 0.202500 0.939613 -0.040656
v -0.178887 0.713564 -0.040595
v -0.172667 0.627587 -0.040609
v -0.170448 0.583373 -0.040589
v -0.174140 0.554190 -0.040602
v -0.183234 0.532203 -0.040593
v -0.192318 0.515946 -0.040627
v -0.195931 0.503286 -0.040638
v -0.194719 0.491693 -0.040625
v -0.190427 0.479300 -0.040601
v -0.177821 0.458746 -0.040614
v -0.166315 0.440922 -0.040647
v -0.158584 0.428045 -0.040892
v -0.116862 1.073557 0.041414
v -0.129957 1.073557 0.019264
v -0.137882 1.073557 -0.003491
v 0.139814 1.073557 -0.003492
v 0.131890 1.073557 0.019264
v 0.000966 1.073557 0.096454
v 0.118794 1.073557 0.041413
v -0.053264 1.073557 0.087612
v -0.026680 1.073557 0.094222
v 0.079697 1.073557 0.076619
v 0.101171 1.073557 0.060836
v -0.147693 1.063280 0.028721
v -0.156718 1.063280 0.001330
v 0.158650 1.063280 0.001329
v 0.149626 1.063280 0.028720
v 0.134757 1.063280 0.055142
v -0.030425 1.063280 0.107324
v 0.114746 1.063280 0.077956
v -0.060610 1.063280 0.102870
v 0.090362 1.063280 0.094426
v -0.088429 1.063280 0.094427
v 0.062543 1.063280 0.102870
v -0.132824 1.063280 0.055143
v -0.112813 1.063280 0.077956
v 0.000966 1.063280 0.108828
v 0.032358 1.063280 0.107324
v 0.000966 1.001782 0.104956
v -0.199925 0.988971 0.001553
v 0.201857 0.988971 0.001553
v 0.190359 0.988971 0.029159
v 0.171415 0.989611 0.055779
v -0.039026 1.000501 0.103819
v 0.145921 0.992814 0.078480
v -0.077483 0.998579 0.100452
v 0.114857 0.996337 0.093636
v -0.112924 0.996337 0.093636
v 0.079415 0.998579 0.100451
v -0.143989 0.992814 0.078481
v 0.040959 1.000501 0.103819
v -0.169483 0.989611 0.055779
v -0.188427 0.988971 0.029159
v 0.000966 0.993433 0.098332
v -0.199507 0.980621 -0.000048
v 0.201440 0.980621 -0.000048
v 0.189975 0.980621 0.026019
v 0.171070 0.981262 0.050927
v -0.038945 0.992151 0.097314
v 0.145627 0.984465 0.071713
v -0.077323 0.990230 0.094298
v 0.114626 0.987988 0.087593
v -0.112693 0.987988 0.087594
v 0.079256 0.990230 0.094297
v -0.143695 0.984465 0.071714
v 0.040878 0.992151 0.097314
v -0.169137 0.981262 0.050927
v -0.188042 0.980621 0.026019
v 0.200906 0.969837 -0.001250
v 0.189478 0.969837 0.023660
v 0.170623 0.970371 0.046336
v -0.038841 0.979446 0.082200
v 0.145247 0.973040 0.061151
v -0.077118 0.977844 0.079475
v 0.114327 0.975976 0.073635
v -0.112394 0.975976 0.073635
v 0.079051 0.977844 0.079475
v -0.143315 0.973040 0.061151
v 0.000966 0.980513 0.083120
v 0.040773 0.979446 0.082200
v -0.168690 0.970371 0.046336
v -0.198973 0.969837 -0.001250
v -0.187546 0.969837 0.023661
v -0.163171 0.440922 -0.001645
v 0.165103 0.440922 -0.001646
v 0.155724 0.440922 0.022885
v 0.140245 0.440922 0.046670
v -0.031713 0.440922 0.105170
v 0.119413 0.440922 0.067518
v -0.063136 0.440922 0.097341
v 0.094029 0.440922 0.084628
v -0.092097 0.440922 0.084628
v 0.065069 0.440922 0.097341
v -0.117480 0.440922 0.067518
v 0.000966 0.440922 0.107814
v 0.033646 0.440922 0.105170
v -0.153792 0.440922 0.022885
v -0.138312 0.440922 0.046670
v 0.151650 0.413797 0.001656
v 0.143026 0.413797 0.029362
v 0.128816 0.413797 0.056074
v -0.029031 0.413797 0.121771
v 0.109694 0.413797 0.079487
v -0.057876 0.413797 0.112979
v 0.086393 0.413797 0.098701
v -0.084460 0.413797 0.098701
v 0.059809 0.413797 0.112979
v -0.107761 0.413797 0.079487
v 0.000966 0.413797 0.124740
v 0.030964 0.413797 0.121771
v -0.126884 0.413797 0.056074
v -0.141093 0.413797 0.029363
v -0.149718 0.413797 0.001657
v -0.052758 0.330862 0.108960
v 0.078962 0.330862 0.095084
v -0.077029 0.330862 0.095084
v 0.054691 0.330862 0.108960
v -0.098303 0.330862 0.076411
v 0.028355 0.330862 0.117504
v -0.115762 0.330862 0.053657
v -0.128736 0.330862 0.027698
v -0.136607 0.330862 0.000808
v 0.138539 0.330862 0.000808
v 0.130668 0.330862 0.027697
v 0.000966 0.330862 0.120389
v 0.117695 0.330862 0.053657
v -0.026422 0.330862 0.117504
v 0.100236 0.330862 0.076410
v -0.051817 0.325245 0.101889
v 0.077596 0.325245 0.088720
v -0.075664 0.325245 0.088720
v 0.053750 0.325245 0.101888
v -0.096565 0.325245 0.070999
v 0.027875 0.325245 0.109998
v -0.113719 0.325245 0.049405
v -0.126465 0.325245 0.024769
v -0.134192 0.325245 -0.000685
v 0.136125 0.325245 -0.000686
v 0.128398 0.325245 0.024768
v 0.000966 0.325245 0.112736
v 0.115651 0.325245 0.049405
v -0.025942 0.325245 0.109998
v 0.098498 0.325245 0.070998
v -0.023130 0.316195 0.087467
v -0.046300 0.316195 0.080665
v -0.067653 0.316195 0.069620
v -0.086370 0.316195 0.054755
v -0.101730 0.316195 0.036642
v -0.113144 0.316195 0.015978
v -0.120043 0.316195 -0.005167
v 0.121975 0.316195 -0.005167
v 0.115077 0.316195 0.015977
v 0.103663 0.316195 0.036642
v 0.088302 0.316195 0.054755
v 0.069586 0.316195 0.069620
v 0.048232 0.316195 0.080665
v 0.000966 0.316195 0.089764
v 0.025062 0.316195 0.087467
v -0.024294 0.316195 0.093134
v -0.048584 0.316195 0.086003
v -0.070970 0.316195 0.074424
v -0.090591 0.316195 0.058841
v -0.106694 0.316195 0.039852
v -0.118660 0.316195 0.018189
v -0.125898 0.316195 -0.004040
v 0.127831 0.316195 -0.004040
v 0.120592 0.316195 0.018188
v 0.108627 0.316195 0.039852
v 0.092524 0.316195 0.058840
v 0.072903 0.316195 0.074424
v 0.050517 0.316195 0.086003
v 0.000966 0.316195 0.095541
v 0.026227 0.316195 0.093134
v -0.025143 0.316882 0.097613
v -0.050250 0.316882 0.090222
v -0.073388 0.316882 0.078221
v -0.093669 0.316882 0.062070
v -0.110313 0.316882 0.042390
v -0.122680 0.316882 0.019936
v -0.130167 0.316882 -0.003149
v 0.132099 0.316882 -0.003149
v 0.124613 0.316882 0.019936
v 0.112245 0.316882 0.042389
v 0.095601 0.316882 0.062070
v 0.075321 0.316882 0.078221
v 0.052182 0.316882 0.090222
v 0.000966 0.316882 0.100108
v 0.027076 0.316882 0.097613
v -0.013625 1.082948 0.020042
v -0.027655 1.082948 0.017152
v -0.040585 1.082948 0.012460
v -0.051918 1.082948 0.006144
v -0.061220 1.082948 -0.001551
v -0.068131 1.082948 -0.010330
v -0.072202 1.082948 -0.018578
v 0.074134 1.082948 -0.018579
v 0.070063 1.082948 -0.010331
v 0.063152 1.082948 -0.001551
v 0.053851 1.082948 0.006144
v 0.042517 1.082948 0.012460
v 0.029587 1.082948 0.017152
v 0.000966 1.082948 0.021018
v 0.015557 1.082948 0.020042
v -0.017220 1.082149 0.034871
v -0.034708 1.082149 0.031121
v -0.050825 1.082149 0.025031
v -0.064952 1.082149 0.016835
v -0.076545 1.082149 0.006849
v -0.085160 1.082149 -0.004544
v -0.090284 1.082149 -0.015629
v 0.092216 1.082149 -0.015629
v 0.087092 1.082149 -0.004545
v 0.078477 1.082149 0.006849
v 0.066884 1.082149 0.016835
v 0.052758 1.082149 0.025031
v 0.036641 1.082149 0.031121
v 0.000966 1.082149 0.036137
v 0.019153 1.082149 0.034871
v -0.009496 1.082948 0.010175
v -0.019556 1.082948 0.008103
v -0.028827 1.082948 0.004738
v -0.036954 1.082948 0.000210
v -0.043623 1.082948 -0.005308
v -0.048578 1.082948 -0.011603
v -0.051445 1.082948 -0.017155
v 0.053377 1.082948 -0.017156
v 0.050511 1.082948 -0.011603
v 0.045555 1.082948 -0.005308
v 0.038886 1.082948 0.000210
v 0.030760 1.082948 0.004738
v 0.021488 1.082948 0.008103
v 0.011428 1.082948 0.010175
v 0.000966 1.082948 0.010874
v -0.023199 1.078202 0.068460
v -0.046437 1.078202 0.062761
v -0.067852 1.078202 0.053507
v -0.086623 1.078202 0.041052
v -0.102028 1.078202 0.025876
v -0.113475 1.078202 0.008562
v -0.120365 1.078202 -0.008947
v 0.122298 1.078202 -0.008948
v 0.115407 1.078202 0.008561
v 0.103960 1.078202 0.025876
v 0.088556 1.078202 0.041052
v 0.069785 1.078202 0.053507
v 0.048369 1.078202 0.062761
v 0.025132 1.078202 0.068460
v 0.000966 1.078202 0.070385
v -0.029209 1.068527 0.103755
v -0.058224 1.068527 0.098925
v -0.084965 1.068527 0.089850
v -0.108404 1.068527 0.072837
v -0.127639 1.068527 0.050870
v -0.141933 1.068527 0.025778
v -0.150600 1.068527 -0.000171
v 0.152533 1.068527 -0.000171
v 0.143865 1.068527 0.025777
v 0.129572 1.068527 0.050869
v 0.110336 1.068527 0.072837
v 0.086898 1.068527 0.089849
v 0.060157 1.068527 0.098925
v 0.031141 1.068527 0.103755
v 0.000966 1.068527 0.105386
v -0.031481 1.056803 0.109528
v -0.062682 1.056803 0.104946
v -0.091436 1.056803 0.096548
v -0.116640 1.056803 0.080759
v -0.137324 1.056803 0.057579
v -0.152694 1.056803 0.030399
v -0.162025 1.056803 0.002185
v 0.163957 1.056803 0.002185
v 0.154626 1.056803 0.030399
v 0.139257 1.056803 0.057579
v 0.118573 1.056803 0.080759
v 0.093369 1.056803 0.096548
v 0.064614 1.056803 0.104945
v 0.033414 1.056803 0.109528
v 0.000966 1.056803 0.111075
v -0.033270 1.045370 0.110765
v -0.066190 1.045370 0.106111
v -0.096530 1.045370 0.097739
v -0.123123 1.045370 0.082333
v -0.144947 1.045370 0.058947
v -0.161164 1.045370 0.031342
v -0.171012 1.045370 0.002666
v 0.172944 1.045370 0.002665
v 0.163096 1.045370 0.031341
v 0.146879 1.045370 0.058947
v 0.125055 1.045370 0.082333
v 0.098462 1.045370 0.097739
v 0.068123 1.045370 0.106111
v 0.035202 1.045370 0.110765
v 0.000966 1.045370 0.112336
v -0.035357 1.032100 0.109228
v -0.070285 1.031780 0.105035
v -0.102475 1.031407 0.097381
v -0.130689 1.030819 0.082640
v -0.153844 1.030286 0.059309
v -0.171050 1.030179 0.031591
v -0.181499 1.030179 0.002793
v 0.183431 1.030179 0.002792
v 0.172982 1.030179 0.031590
v 0.155777 1.030286 0.059308
v 0.132622 1.030819 0.082640
v 0.104407 1.031407 0.097381
v 0.072218 1.031780 0.105035
v 0.037290 1.032100 0.109228
v 0.000966 1.032314 0.110644
v -0.037626 1.019319 0.102759
v -0.074736 1.017718 0.100202
v -0.108936 1.015850 0.094973
v -0.138913 1.012914 0.082149
v -0.163515 1.010245 0.059207
v -0.181795 1.009711 0.031521
v -0.192897 1.009711 0.002757
v 0.194829 1.009711 0.002757
v 0.183728 1.009711 0.031520
v 0.165447 1.010245 0.059207
v 0.140846 1.012914 0.082148
v 0.110869 1.015850 0.094973
v 0.076669 1.017718 0.100202
v 0.039559 1.019319 0.102759
v 0.000966 1.020387 0.103622
v -0.038886 1.009256 0.104518
v -0.077206 1.007334 0.101334
v -0.112523 1.005092 0.095106
v -0.143478 1.001569 0.081308
v -0.168882 0.998366 0.058356
v -0.187760 0.997726 0.030935
v -0.199222 0.997726 0.002458
v 0.201154 0.997726 0.002458
v 0.189692 0.997726 0.030934
v 0.170815 0.998366 0.058356
v 0.145411 1.001569 0.081307
v 0.114456 1.005092 0.095105
v 0.079139 1.007334 0.101334
v 0.040818 1.009256 0.104518
v 0.000966 1.010537 0.105593
v -0.038404 0.941535 0.081546
v -0.076261 0.941215 0.076906
v -0.111150 0.940841 0.069098
v -0.141731 0.940254 0.058168
v -0.166828 0.939720 0.045092
v -0.185477 0.939613 0.022988
v -0.196777 0.939613 -0.001593
v 0.198709 0.939613 -0.001594
v 0.187410 0.939613 0.022987
v 0.168761 0.939720 0.045091
v 0.143664 0.940254 0.058168
v 0.113083 0.940841 0.069098
v 0.078194 0.941215 0.076905
v 0.040336 0.941535 0.081546
v 0.000966 0.941749 0.083113
v -0.037135 0.880826 0.082154
v -0.073773 0.880826 0.076996
v -0.107538 0.880826 0.068620
v -0.137134 0.880826 0.057868
v -0.161422 0.880826 0.044859
v -0.179471 0.880826 0.022815
v -0.190406 0.880826 -0.001681
v 0.192338 0.880826 -0.001682
v 0.181403 0.880826 0.022814
v 0.163355 0.880826 0.044859
v 0.139067 0.880826 0.057868
v 0.109471 0.880826 0.068620
v 0.075706 0.880826 0.076996
v 0.039068 0.880826 0.082154
v 0.000966 0.880826 0.083896
v -0.035683 0.807909 0.081640
v -0.070924 0.807909 0.076512
v -0.103403 0.807909 0.068184
v -0.131870 0.807909 0.057473
v -0.155233 0.807909 0.044450
v -0.172593 0.807909 0.022511
v -0.183110 0.807909 -0.001836
v 0.185043 0.807909 -0.001837
v 0.174525 0.807909 0.022510
v 0.157165 0.807909 0.044450
v 0.133803 0.807909 0.057472
v 0.105335 0.807909 0.068184
v 0.072857 0.807909 0.076512
v 0.037616 0.807909 0.081640
v 0.000966 0.807909 0.083372
v -0.034171 0.713564 0.081238
v -0.067957 0.713564 0.076133
v -0.099096 0.713564 0.067843
v -0.126388 0.713564 0.057163
v -0.148787 0.713564 0.044130
v -0.165431 0.713564 0.022273
v -0.175513 0.713564 -0.001957
v 0.177446 0.713564 -0.001958
v 0.167363 0.713564 0.022273
v 0.150720 0.713564 0.044130
v 0.128321 0.713564 0.057163
v 0.101028 0.713564 0.067843
v 0.069890 0.713564 0.076133
v 0.036103 0.713564 0.081238
v 0.000966 0.713564 0.082962
v -0.032955 0.627587 0.081527
v -0.065573 0.627587 0.076405
v -0.095634 0.627587 0.068088
v -0.121982 0.627587 0.057385
v -0.143606 0.627587 0.044360
v -0.159674 0.627587 0.022444
v -0.169408 0.627587 -0.001870
v 0.171340 0.627587 -0.001871
v 0.161606 0.627587 0.022443
v 0.145539 0.627587 0.044359
v 0.123915 0.627587 0.057385
v 0.097566 0.627587 0.068088
v 0.067506 0.627587 0.076405
v 0.034888 0.627587 0.081526
v 0.000966 0.627587 0.083256
v -0.032522 0.583373 0.081124
v -0.064724 0.583373 0.076026
v -0.094401 0.583373 0.067747
v -0.120413 0.583373 0.057075
v -0.141761 0.583373 0.044039
v -0.157624 0.583373 0.022206
v -0.167233 0.583373 -0.001992
v 0.169165 0.583373 -0.001992
v 0.159556 0.583373 0.022205
v 0.143694 0.583373 0.044039
v 0.122346 0.583373 0.057075
v 0.096334 0.583373 0.067746
v 0.066657 0.583373 0.076025
v 0.034455 0.583373 0.081124
v 0.000966 0.583373 0.082845
v -0.033243 0.554190 0.085067
v -0.066138 0.554190 0.079517
v -0.096454 0.554190 0.070505
v -0.123026 0.554190 0.058783
v -0.144833 0.554190 0.044507
v -0.161037 0.554190 0.022351
v -0.170854 0.554190 -0.001918
v 0.172786 0.554190 -0.001918
v 0.162970 0.554190 0.022351
v 0.146766 0.554190 0.044506
v 0.124959 0.554190 0.058783
v 0.098386 0.554190 0.070505
v 0.068070 0.554190 0.079517
v 0.035176 0.554190 0.085067
v 0.000966 0.554190 0.086941
v -0.035020 0.531558 0.099344
v -0.069623 0.531701 0.092083
v -0.101514 0.531633 0.080076
v -0.129466 0.532077 0.064660
v -0.152406 0.532203 0.045472
v -0.169452 0.532203 0.022252
v -0.179778 0.532203 -0.001968
v 0.181711 0.532203 -0.001968
v 0.171385 0.532203 0.022252
v 0.154339 0.532077 0.045341
v 0.131399 0.531572 0.064137
v 0.103447 0.531633 0.080076
v 0.071556 0.532206 0.092605
v 0.036953 0.531684 0.099474
v 0.000966 0.531507 0.101778
v -0.036793 0.512721 0.102342
v -0.073102 0.513438 0.094715
v -0.106564 0.513098 0.081247
v -0.135894 0.515315 0.066424
v -0.159964 0.515946 0.046324
v -0.177851 0.515946 0.022646
v -0.188687 0.515946 -0.001767
v 0.190619 0.515946 -0.001768
v 0.179783 0.515946 0.022646
v 0.161897 0.515315 0.045670
v 0.137827 0.512791 0.063813
v 0.108497 0.513098 0.081247
v 0.075035 0.515961 0.097325
v 0.038726 0.513352 0.102995
v 0.000966 0.512466 0.104832
v -0.037499 0.499417 0.102224
v -0.074486 0.500277 0.094611
v -0.108573 0.499869 0.080950
v -0.138451 0.502529 0.066528
v -0.162971 0.503286 0.046508
v -0.181192 0.503286 0.022773
v -0.192231 0.503286 -0.001702
v 0.194163 0.503286 -0.001703
v 0.183124 0.503286 0.022773
v 0.164904 0.502529 0.045724
v 0.140384 0.499501 0.063395
v 0.110506 0.499869 0.080950
v 0.076419 0.503305 0.097743
v 0.039432 0.500174 0.103007
v 0.000966 0.499110 0.104692
v -0.037262 0.487824 0.101840
v -0.074022 0.488683 0.094249
v -0.107900 0.488276 0.080624
v -0.137594 0.490936 0.066251
v -0.161964 0.491693 0.046290
v -0.180072 0.491693 0.022623
v -0.191043 0.491693 -0.001779
v 0.192975 0.491693 -0.001779
v 0.182004 0.491693 0.022623
v 0.163896 0.490936 0.045506
v 0.139527 0.487908 0.063118
v 0.109833 0.488276 0.080624
v 0.075955 0.491712 0.097381
v 0.039195 0.488581 0.102623
v 0.000966 0.487517 0.104300
v -0.036425 0.476076 0.101573
v -0.072379 0.476792 0.093990
v -0.105515 0.476452 0.080595
v -0.134559 0.478669 0.065869
v -0.158394 0.479300 0.045888
v -0.176106 0.479300 0.022346
v -0.186835 0.479300 -0.001920
v 0.188768 0.479300 -0.001921
v 0.178038 0.479300 0.022345
v 0.160327 0.478669 0.045234
v 0.136491 0.476146 0.063258
v 0.107448 0.476452 0.080594
v 0.074312 0.479316 0.096600
v 0.038358 0.476707 0.102225
v 0.000966 0.475820 0.104047
v -0.033961 0.458101 0.103746
v -0.067547 0.458244 0.096007
v -0.098500 0.458176 0.083224
v -0.125630 0.458619 0.066680
v -0.147896 0.458746 0.046115
v -0.164441 0.458746 0.022502
v -0.174464 0.458746 -0.001841
v 0.176396 0.458746 -0.001841
v 0.166373 0.458746 0.022502
v 0.149828 0.458619 0.045984
v 0.127563 0.458115 0.066158
v 0.100433 0.458176 0.083223
v 0.069480 0.458749 0.096529
v 0.035894 0.458227 0.103876
v 0.000966 0.458049 0.106342
v -0.030195 0.428045 0.112507
v -0.060160 0.428045 0.104252
v -0.087775 0.428045 0.090848
v -0.111980 0.428045 0.072808
v -0.131845 0.428045 0.050826
v -0.146605 0.428045 0.025748
v -0.155556 0.428045 -0.000186
v 0.157488 0.428045 -0.000186
v 0.148538 0.428045 0.025747
v 0.133777 0.428045 0.050826
v 0.113913 0.428045 0.072807
v 0.089708 0.428045 0.090847
v 0.062092 0.428045 0.104252
v 0.032128 0.428045 0.112507
v 0.000966 0.428045 0.115294
v -0.027555 0.393698 0.126689
v -0.054980 0.393698 0.117612
v -0.080255 0.393698 0.102871
v -0.102408 0.393698 0.083033
v -0.120590 0.393698 0.058860
v -0.134099 0.393698 0.031282
v -0.142303 0.393698 0.002635
v 0.144236 0.393698 0.002635
v 0.136032 0.393698 0.031281
v 0.122522 0.393698 0.058860
v 0.104341 0.393698 0.083033
v 0.082187 0.393698 0.102871
v 0.056912 0.393698 0.117612
v 0.029487 0.393698 0.126689
v 0.000966 0.393698 0.129754
v -0.026823 0.376827 0.127244
v -0.053545 0.376827 0.118134
v -0.078172 0.376827 0.103341
v -0.099758 0.376827 0.083433
v -0.117473 0.376827 0.059174
v -0.130636 0.376827 0.031498
v -0.138630 0.376827 0.002745
v 0.140562 0.376827 0.002745
v 0.132569 0.376827 0.031498
v 0.119405 0.376827 0.059174
v 0.101690 0.376827 0.083432
v 0.080105 0.376827 0.103341
v 0.055478 0.376827 0.118134
v 0.028756 0.376827 0.127244
v 0.000966 0.376827 0.130320
v -0.026751 0.350442 0.125921
v -0.053403 0.350442 0.116889
v -0.077966 0.350442 0.102220
v -0.099496 0.350442 0.082479
v -0.117165 0.350442 0.058425
v -0.130294 0.350442 0.030982
v -0.138266 0.350442 0.002482
v 0.140199 0.350442 0.002482
v 0.132227 0.350442 0.030981
v 0.119098 0.350442 0.058425
v 0.101429 0.350442 0.082479
v 0.079899 0.350442 0.102220
v 0.055336 0.350442 0.116888
v 0.028684 0.350442 0.125921
v 0.000966 0.350442 0.128971
v -0.074582 0.320442 0.082141
v 0.053005 0.320442 0.094578
v -0.095189 0.320442 0.065404
v 0.027496 0.320442 0.102237
v -0.112101 0.320442 0.045009
v -0.124667 0.320442 0.021741
v -0.132278 0.320442 -0.002229
v 0.134210 0.320442 -0.002229
v 0.126599 0.320442 0.021740
v 0.000966 0.320442 0.104823
v 0.114033 0.320442 0.045009
v -0.051073 0.320442 0.094578
v -0.025563 0.320442 0.102237
v 0.076515 0.320442 0.082141
v 0.097122 0.320442 0.065403
v -0.026806 0.338409 0.123540
v -0.053511 0.338409 0.114645
v -0.078122 0.338409 0.100201
v -0.099694 0.338409 0.080762
v -0.117398 0.338409 0.057076
v -0.130553 0.338409 0.030053
v -0.138539 0.338409 0.002009
v 0.140472 0.338409 0.002008
v 0.132485 0.338409 0.030052
v 0.119330 0.338409 0.057076
v 0.101627 0.338409 0.080762
v 0.080055 0.338409 0.100201
v 0.055443 0.338409 0.114645
v 0.028738 0.338409 0.123540
v 0.000966 0.338409 0.126543
v -0.049248 0.315927 0.089748
v -0.024632 0.315927 0.096974
v 0.129825 0.315927 -0.041828
v -0.127892 0.315927 -0.041827
v -0.194072 0.880826 -0.021943
v -0.186633 0.807909 -0.021969
v -0.178887 0.713564 -0.021989
v -0.172668 0.627587 -0.021975
v -0.170448 0.583373 -0.021995
v -0.174140 0.554190 -0.021983
v -0.183234 0.532203 -0.021991
v -0.192318 0.515946 -0.021957
v -0.195932 0.503286 -0.021946
v -0.194719 0.491693 -0.021959
v -0.177821 0.458745 -0.021970
v -0.190427 0.479300 -0.021983
v -0.166316 0.440922 -0.021937
v 0.154599 0.413797 -0.021383
v -0.152666 0.413797 -0.021383
v -0.158584 0.428045 -0.021692
v 0.147054 0.393698 -0.021219
v 0.141218 0.330862 -0.021525
v 0.143207 0.338409 -0.021324
v 0.143311 0.376827 -0.021200
v 0.142936 0.350442 -0.021245
v 0.138732 0.325245 -0.021776
v 0.136753 0.320442 -0.022035
v 0.134583 0.316882 -0.022189
v 0.130216 0.316195 -0.022339
v 0.124226 0.316195 -0.022528
v -0.122294 0.316195 -0.022528
v -0.128283 0.316195 -0.022338
v -0.132651 0.316882 -0.022189
v -0.145122 0.393698 -0.021219
v -0.141378 0.376827 -0.021200
v -0.141004 0.350442 -0.021244
v -0.141275 0.338409 -0.021324
v -0.139286 0.330862 -0.021525
v -0.136799 0.325245 -0.021776
v -0.134820 0.320442 -0.022035
v 0.042937 1.082948 -0.023104
v -0.073138 1.082948 -0.024777
v -0.091653 1.082149 -0.024282
v 0.093585 1.082149 -0.024282
v -0.041005 1.082948 -0.023104
v 0.124443 1.078202 -0.023162
v 0.075071 1.082948 -0.024777
v -0.122510 1.078202 -0.023162
v -0.140501 1.073557 -0.022246
v 0.142434 1.073557 -0.022247
v 0.161730 1.063280 -0.021438
v 0.155466 1.068527 -0.021690
v -0.153534 1.068527 -0.021689
v -0.159798 1.063280 -0.021438
v 0.205089 0.997726 -0.021249
v 0.205786 0.988971 -0.021400
v 0.205323 0.980621 -0.021669
v 0.204748 0.969837 -0.021871
v 0.202500 0.939613 -0.021928
v 0.198646 1.009711 -0.021198
v 0.196004 0.880826 -0.021943
v 0.187024 1.030179 -0.021193
v 0.188565 0.807909 -0.021969
v 0.176329 1.045370 -0.021214
v 0.167157 1.056803 -0.021294
v -0.165224 1.056803 -0.021294
v -0.185092 1.030179 -0.021192
v -0.174396 1.045370 -0.021214
v -0.196714 1.009711 -0.021198
v -0.203157 0.997726 -0.021248
v -0.203853 0.988971 -0.021400
v -0.203390 0.980621 -0.021669
v -0.202815 0.969837 -0.021870
v -0.200568 0.939613 -0.021928
v 0.180820 0.713564 -0.021989
v 0.174600 0.627587 -0.021975
v 0.172381 0.583373 -0.021995
v 0.176073 0.554190 -0.021983
v 0.185166 0.532203 -0.021991
v 0.194250 0.515946 -0.021957
v 0.197864 0.503286 -0.021947
v 0.196651 0.491693 -0.021959
v 0.192360 0.479300 -0.021983
v 0.179753 0.458746 -0.021970
v 0.168248 0.440922 -0.021937
v 0.160517 0.428045 -0.021692
v -0.040170 1.073557 0.091452
v 0.090866 1.073557 0.069274
v -0.088934 1.073557 -0.131858
v 0.042102 1.073557 -0.154036
v -0.108577 1.073557 -0.114097
v 0.014856 1.073557 -0.158479
v -0.124011 1.073557 -0.093213
v -0.134624 1.073557 -0.070170
v -0.139699 1.073557 -0.049353
v 0.136557 1.073557 -0.070170
v 0.125944 1.073557 -0.093214
v -0.012924 1.073557 -0.158479
v 0.110510 1.073557 -0.114097
v -0.040170 1.073557 -0.154036
v 0.090866 1.073557 -0.131858
v -0.065835 1.073557 -0.145289
v 0.067768 1.073557 -0.145289
v 0.083601 1.071091 -0.147041
v -0.055953 1.071091 -0.157236
v 0.106140 1.071091 -0.130374
v -0.028051 1.071091 -0.163041
v 0.124638 1.071091 -0.109454
v 0.138382 1.071091 -0.085607
v 0.146711 1.071091 -0.061009
v -0.144778 1.071091 -0.061008
v -0.136450 1.071091 -0.085606
v 0.000966 1.071091 -0.165002
v -0.122705 1.071091 -0.109454
v 0.052360 1.075898 -0.139583
v 0.029984 1.071091 -0.163041
v -0.073646 1.075898 -0.128998
v -0.104207 1.071091 -0.130373
v -0.014805 1.063279 -0.171035
v 0.125349 1.063279 -0.129729
v -0.045743 1.063279 -0.168042
v 0.103045 1.063279 -0.149777
v -0.074885 1.063279 -0.162018
v 0.076817 1.063279 -0.162018
v -0.101112 1.063279 -0.149777
v 0.047675 1.063279 -0.168042
v -0.123417 1.063279 -0.129729
v 0.016738 1.063279 -0.171035
v -0.140941 1.063279 -0.104862
v -0.152996 1.063279 -0.077343
v -0.158833 1.063279 -0.051876
v 0.154929 1.063279 -0.077344
v 0.142874 1.063279 -0.104862
v 0.151803 1.060491 -0.092231
v 0.160961 1.060491 -0.064386
v -0.159028 1.060491 -0.064385
v -0.149870 1.060491 -0.092230
v -0.134783 1.060491 -0.119070
v 0.032817 1.060491 -0.171124
v -0.114479 1.060491 -0.142086
v 0.063445 1.060491 -0.166599
v -0.089738 1.060491 -0.158181
v 0.091671 1.060491 -0.158181
v -0.061512 1.060491 -0.166599
v 0.132712 1.065914 -0.116035
v 0.116411 1.060491 -0.142087
v 0.000966 1.065914 -0.169915
v -0.030885 1.060491 -0.171124
v 0.197115 0.988971 -0.077676
v 0.181757 0.989051 -0.105403
v -0.019127 1.001382 -0.167255
v 0.159431 0.990972 -0.130421
v -0.058541 0.999540 -0.164992
v 0.131015 0.994696 -0.149766
v -0.095668 0.997578 -0.160384
v 0.097601 0.997578 -0.160384
v -0.129082 0.994696 -0.149766
v 0.060473 0.999540 -0.164992
v -0.157498 0.990972 -0.130420
v 0.021059 1.001382 -0.167255
v -0.179825 0.989051 -0.105402
v -0.195182 0.988971 -0.077676
v -0.202623 0.988971 -0.051993
v 0.000966 1.006097 -0.168490
v 0.201929 0.993285 -0.064692
v -0.199712 0.984707 -0.063365
v -0.188230 0.984707 -0.090229
v -0.169306 0.985347 -0.116129
v 0.040918 0.996237 -0.164486
v -0.143839 0.988550 -0.138398
v 0.079334 0.994315 -0.161226
v -0.112806 0.992073 -0.154314
v 0.114739 0.992073 -0.154315
v -0.077402 0.994315 -0.161226
v 0.145771 0.988550 -0.138399
v -0.038985 0.996237 -0.164486
v 0.171239 0.985347 -0.116129
v 0.190163 0.984707 -0.090230
v 0.196716 0.980621 -0.075294
v 0.181390 0.980701 -0.101498
v -0.019086 0.993032 -0.160661
v 0.159109 0.982623 -0.124398
v -0.058420 0.991190 -0.158634
v 0.130751 0.986346 -0.143209
v -0.095472 0.989229 -0.154432
v 0.097405 0.989229 -0.154432
v -0.128818 0.986346 -0.143209
v 0.060353 0.991190 -0.158634
v -0.157177 0.982623 -0.124397
v 0.021019 0.993032 -0.160661
v -0.179458 0.980701 -0.101497
v -0.194783 0.980621 -0.075294
v -0.202181 0.980621 -0.051155
v 0.000966 0.997518 -0.165587
v 0.201644 0.984707 -0.063366
v -0.199297 0.976410 -0.061829
v -0.187848 0.976410 -0.087217
v -0.168962 0.977037 -0.110912
v 0.040837 0.987700 -0.151815
v -0.143546 0.980173 -0.128701
v 0.079176 0.985818 -0.149156
v -0.112576 0.983623 -0.143081
v 0.114509 0.983623 -0.143082
v -0.077243 0.985818 -0.149156
v 0.145479 0.980173 -0.128701
v -0.038905 0.987700 -0.151815
v 0.170895 0.977037 -0.110913
v 0.189781 0.976410 -0.087217
v 0.196201 0.969837 -0.073505
v 0.180916 0.969904 -0.098447
v -0.019033 0.980180 -0.145474
v 0.158694 0.971505 -0.116941
v -0.058264 0.978645 -0.143642
v 0.130410 0.974608 -0.130482
v -0.095219 0.977010 -0.139873
v 0.097151 0.977010 -0.139873
v -0.128477 0.974608 -0.130482
v 0.060197 0.978645 -0.143642
v -0.156761 0.971505 -0.116940
v 0.020966 0.980180 -0.145474
v -0.178984 0.969904 -0.098447
v -0.194268 0.969837 -0.073505
v -0.201624 0.969837 -0.050526
v -0.198318 0.958295 -0.061084
v -0.186930 0.958295 -0.085755
v -0.168136 0.958616 -0.107965
v 0.040643 0.964061 -0.143031
v -0.142843 0.960217 -0.121368
v 0.078795 0.963100 -0.139421
v -0.112024 0.961979 -0.132738
v 0.113957 0.961979 -0.132738
v -0.076863 0.963100 -0.139421
v 0.144776 0.960217 -0.121368
v 0.000966 0.988954 -0.152713
v -0.038711 0.964060 -0.143031
v 0.170068 0.958616 -0.107966
v 0.201230 0.976410 -0.061830
v 0.188863 0.958295 -0.085756
v 0.148695 0.440922 -0.097674
v -0.015452 0.440922 -0.169735
v 0.130452 0.440922 -0.120098
v -0.047659 0.440922 -0.164473
v 0.107232 0.440922 -0.139169
v -0.077997 0.440922 -0.154152
v 0.079929 0.440922 -0.154152
v -0.105300 0.440922 -0.139169
v 0.049591 0.440922 -0.164473
v -0.128519 0.440922 -0.120098
v 0.017385 0.440922 -0.169735
v -0.146763 0.440922 -0.097674
v -0.159310 0.440922 -0.072916
v -0.165343 0.440922 -0.050319
v 0.161243 0.440922 -0.072917
v 0.160880 0.434141 -0.061525
v -0.158947 0.434141 -0.061525
v -0.149806 0.434141 -0.086619
v -0.134726 0.434141 -0.110924
v 0.032804 0.434141 -0.170702
v -0.114430 0.434141 -0.132227
v 0.063418 0.434141 -0.162702
v -0.089700 0.434141 -0.149710
v 0.091633 0.434141 -0.149711
v -0.061486 0.434141 -0.162702
v 0.116363 0.434141 -0.132227
v 0.000966 0.448985 -0.169364
v -0.030872 0.434141 -0.170701
v 0.160590 0.449072 -0.085096
v 0.136658 0.434141 -0.110924
v 0.148093 0.413797 -0.077830
v 0.136574 0.413797 -0.105653
v -0.014105 0.413797 -0.186579
v 0.119827 0.413797 -0.130836
v -0.043669 0.413797 -0.180670
v 0.098513 0.413797 -0.152253
v -0.071517 0.413797 -0.169080
v 0.073450 0.413797 -0.169080
v -0.096580 0.413797 -0.152253
v 0.045601 0.413797 -0.180671
v -0.117894 0.413797 -0.130836
v 0.016038 0.413797 -0.186579
v -0.134641 0.413797 -0.105652
v -0.146160 0.413797 -0.077830
v -0.151742 0.413797 -0.052047
v -0.145924 0.403628 -0.064860
v -0.137514 0.403628 -0.093162
v -0.123663 0.403628 -0.120423
v 0.030208 0.403628 -0.187471
v -0.105022 0.403628 -0.144317
v 0.058327 0.403628 -0.178498
v -0.082308 0.403628 -0.163927
v 0.084241 0.403628 -0.163927
v -0.056394 0.403628 -0.178498
v 0.106955 0.403628 -0.144317
v 0.000966 0.421713 -0.182849
v -0.028276 0.403628 -0.187471
v 0.125595 0.403628 -0.120423
v 0.139447 0.403628 -0.093162
v 0.147857 0.403628 -0.064861
v -0.088095 0.330862 -0.148890
v 0.041719 0.330862 -0.176507
v -0.107555 0.330862 -0.128076
v 0.014727 0.330862 -0.182250
v -0.122845 0.330862 -0.103602
v -0.133362 0.330862 -0.076567
v -0.138449 0.330862 -0.051603
v 0.135294 0.330862 -0.076567
v 0.124777 0.330862 -0.103602
v -0.012794 0.330862 -0.182250
v 0.109487 0.330862 -0.128076
v -0.039786 0.330862 -0.176507
v 0.090027 0.330862 -0.148890
v -0.065212 0.330862 -0.165243
v 0.067144 0.330862 -0.165243
v 0.055154 0.334508 -0.174732
v -0.077702 0.334508 -0.160537
v 0.078255 0.327844 -0.154595
v -0.052271 0.327844 -0.168129
v 0.099336 0.327844 -0.136381
v -0.026174 0.327844 -0.176463
v 0.116637 0.327844 -0.114188
v 0.129493 0.327844 -0.088867
v 0.137290 0.327844 -0.062671
v -0.135357 0.327844 -0.062671
v -0.127560 0.327844 -0.088867
v 0.000966 0.327844 -0.179277
v -0.114705 0.327844 -0.114187
v 0.028106 0.327844 -0.176463
v -0.097404 0.327844 -0.136381
v -0.086536 0.325245 -0.142973
v 0.041005 0.325245 -0.169183
v -0.105655 0.325245 -0.123221
v 0.014486 0.325245 -0.174633
v -0.120677 0.325245 -0.099994
v -0.131009 0.325245 -0.074345
v -0.135989 0.325245 -0.050821
v 0.132942 0.325245 -0.074346
v 0.122610 0.325245 -0.099994
v -0.012553 0.325245 -0.174633
v 0.107588 0.325245 -0.123221
v -0.039073 0.325245 -0.169183
v 0.088468 0.325245 -0.142974
v -0.064054 0.325245 -0.158493
v 0.065986 0.325245 -0.158493
v 0.054204 0.327844 -0.168129
v -0.076323 0.327844 -0.154595
v 0.077021 0.322779 -0.147818
v -0.051421 0.322779 -0.160598
v 0.097766 0.322779 -0.130618
v -0.025741 0.322779 -0.168469
v 0.114791 0.322779 -0.109659
v 0.127441 0.322779 -0.085748
v 0.135107 0.322779 -0.061081
v -0.133174 0.322779 -0.061081
v -0.125509 0.322779 -0.085748
v 0.000966 0.322779 -0.171126
v -0.112858 0.322779 -0.109659
v 0.027673 0.322779 -0.168469
v -0.095834 0.322779 -0.130617
v 0.023796 0.316196 -0.145684
v 0.045749 0.316196 -0.139240
v 0.065981 0.316196 -0.128775
v 0.083714 0.316196 -0.114691
v 0.098267 0.316196 -0.097530
v 0.109081 0.316196 -0.077951
v 0.115610 0.316196 -0.057993
v -0.113677 0.316196 -0.057993
v -0.107149 0.316196 -0.077950
v -0.096335 0.316196 -0.097529
v -0.081781 0.316196 -0.114691
v -0.064048 0.316196 -0.128774
v -0.043816 0.316196 -0.139240
v -0.021864 0.316196 -0.145684
v 0.000966 0.316196 -0.147860
v 0.000966 0.315927 -0.161998
v -0.024633 0.315927 -0.159558
v -0.049248 0.315927 -0.152332
v 0.025685 0.316195 -0.153081
v 0.049454 0.316195 -0.146104
v 0.071359 0.316195 -0.134773
v 0.090560 0.316195 -0.119524
v 0.106317 0.316195 -0.100943
v 0.118026 0.316195 -0.079744
v 0.125106 0.316195 -0.058020
v -0.123173 0.316195 -0.058020
v -0.116093 0.316195 -0.079744
v -0.104385 0.316195 -0.100943
v -0.088627 0.316195 -0.119523
v -0.069427 0.316195 -0.134772
v -0.047521 0.316195 -0.146103
v -0.023753 0.316195 -0.153081
v 0.000966 0.316195 -0.155437
v 0.013072 0.316196 -0.151772
v 0.036820 0.316196 -0.147201
v 0.059189 0.316196 -0.138234
v 0.079321 0.316196 -0.125216
v 0.096442 0.316196 -0.108648
v 0.109894 0.316196 -0.089165
v 0.119143 0.316196 -0.067677
v -0.121610 0.316196 -0.048476
v -0.117211 0.316196 -0.067677
v -0.107961 0.316196 -0.089165
v -0.094509 0.316196 -0.108647
v -0.077389 0.316196 -0.125216
v -0.057257 0.316196 -0.138234
v -0.034887 0.316196 -0.147200
v -0.011140 0.316196 -0.151772
v 0.026703 0.316281 -0.158076
v 0.051450 0.316281 -0.150808
v 0.074257 0.316281 -0.139007
v 0.094248 0.316281 -0.123125
v 0.110654 0.316281 -0.103772
v 0.122845 0.316281 -0.081693
v 0.130222 0.316281 -0.059014
v -0.128289 0.316281 -0.059013
v -0.120912 0.316281 -0.081693
v -0.108722 0.316281 -0.103772
v -0.092316 0.316281 -0.123124
v -0.072325 0.316281 -0.139007
v -0.049518 0.316281 -0.150808
v -0.024770 0.316281 -0.158076
v 0.000966 0.316281 -0.160529
v 0.013658 0.316196 -0.157522
v 0.038553 0.316196 -0.152729
v 0.062003 0.316196 -0.143329
v 0.083109 0.316196 -0.129682
v 0.101057 0.316196 -0.112313
v 0.115159 0.316196 -0.091889
v 0.124856 0.316196 -0.069354
v -0.127554 0.316195 -0.049066
v -0.122924 0.316196 -0.069354
v -0.113226 0.316196 -0.091888
v -0.099124 0.316196 -0.112313
v -0.081176 0.316196 -0.129682
v -0.060071 0.316196 -0.143329
v -0.036620 0.316196 -0.152729
v -0.011725 0.316196 -0.157522
v 0.013902 1.082948 -0.077640
v 0.026340 1.082948 -0.075078
v 0.037803 1.082948 -0.070918
v 0.047851 1.082948 -0.065320
v 0.056096 1.082948 -0.058497
v 0.062224 1.082948 -0.050714
v 0.065810 1.082948 -0.043556
v -0.063877 1.082948 -0.043556
v -0.060291 1.082948 -0.050714
v -0.054164 1.082948 -0.058497
v -0.045918 1.082948 -0.065319
v -0.035870 1.082948 -0.070918
v -0.024407 1.082948 -0.075078
v 0.000966 1.082948 -0.078505
v -0.011969 1.082948 -0.077640
v 0.005587 1.082948 -0.071291
v 0.014652 1.082948 -0.070067
v 0.023191 1.082948 -0.067666
v 0.030875 1.082948 -0.064179
v 0.037411 1.082948 -0.059742
v 0.042545 1.082948 -0.054524
v 0.046046 1.082948 -0.048975
v -0.043219 1.082948 -0.045194
v -0.044113 1.082948 -0.048975
v -0.040612 1.082948 -0.054524
v -0.035478 1.082948 -0.059742
v -0.028943 1.082948 -0.064179
v -0.021258 1.082948 -0.067666
v -0.012719 1.082948 -0.070067
v -0.003655 1.082948 -0.071291
v 0.017061 1.082848 -0.088079
v 0.032537 1.082848 -0.084873
v 0.046800 1.082848 -0.079666
v 0.059302 1.082848 -0.072659
v 0.069561 1.082848 -0.064122
v 0.077185 1.082848 -0.054381
v 0.081695 1.082848 -0.045090
v -0.079762 1.082848 -0.045090
v -0.075252 1.082848 -0.054381
v -0.067629 1.082848 -0.064122
v -0.057369 1.082848 -0.072659
v -0.044867 1.082848 -0.079666
v -0.030604 1.082848 -0.084872
v 0.000966 1.082848 -0.089161
v -0.015128 1.082848 -0.088079
v 0.008297 1.082948 -0.083357
v 0.022677 1.082948 -0.081415
v 0.036222 1.082948 -0.077606
v 0.048413 1.082948 -0.072075
v 0.058780 1.082948 -0.065036
v 0.066925 1.082948 -0.056759
v 0.072513 1.082948 -0.047721
v -0.072937 1.082948 -0.041456
v -0.070580 1.082948 -0.047721
v -0.064992 1.082948 -0.056759
v -0.056847 1.082948 -0.065036
v -0.046480 1.082948 -0.072075
v -0.034289 1.082948 -0.077605
v -0.020744 1.082948 -0.081415
v -0.006364 1.082948 -0.083357
v -0.089332 1.080456 -0.078338
v -0.075826 1.080456 -0.090754
v -0.059369 1.080456 -0.100943
v -0.099368 1.080456 -0.064174
v -0.105377 1.080456 -0.050082
v -0.040594 1.080456 -0.108514
v -0.020221 1.080456 -0.113176
v 0.000966 1.080456 -0.114750
v 0.022153 1.080456 -0.113176
v 0.042526 1.080456 -0.108514
v 0.061302 1.080456 -0.100943
v 0.077759 1.080456 -0.090754
v 0.091265 1.080456 -0.078338
v 0.101301 1.080456 -0.064174
v 0.107310 1.080456 -0.050082
v 0.010104 1.082149 -0.098404
v 0.028027 1.082149 -0.095883
v 0.044911 1.082149 -0.090940
v 0.060105 1.082149 -0.083762
v 0.073028 1.082149 -0.074627
v 0.083180 1.082149 -0.063886
v 0.090151 1.082149 -0.052110
v -0.091302 1.082149 -0.043000
v -0.088219 1.082149 -0.052110
v -0.081248 1.082149 -0.063886
v -0.071095 1.082149 -0.074627
v -0.058173 1.082149 -0.083762
v -0.042978 1.082149 -0.090939
v -0.026094 1.082149 -0.095883
v -0.008171 1.082149 -0.098404
v 0.075578 1.075898 -0.128998
v -0.050427 1.075898 -0.139583
v 0.095929 1.075898 -0.114629
v -0.025234 1.075898 -0.146082
v 0.112631 1.075898 -0.097096
v 0.125042 1.075898 -0.077095
v 0.132536 1.075898 -0.056669
v -0.130603 1.075898 -0.056669
v -0.123109 1.075898 -0.077094
v 0.000966 1.075898 -0.148276
v -0.110698 1.075898 -0.097096
v 0.057886 1.071091 -0.157236
v 0.027166 1.075898 -0.146082
v -0.081668 1.071091 -0.147041
v -0.093997 1.075898 -0.114629
v 0.013108 1.078202 -0.132486
v 0.036924 1.078202 -0.128656
v 0.059358 1.078202 -0.121143
v 0.079548 1.078202 -0.110236
v 0.096719 1.078202 -0.096354
v 0.110210 1.078202 -0.080030
v 0.119482 1.078202 -0.062052
v -0.121881 1.078202 -0.046497
v -0.117550 1.078202 -0.062052
v -0.108277 1.078202 -0.080030
v -0.094786 1.078202 -0.096354
v -0.077616 1.078202 -0.110236
v -0.057425 1.078202 -0.121143
v -0.034991 1.078202 -0.128656
v -0.011175 1.078202 -0.132486
v 0.147354 1.065914 -0.090140
v 0.156238 1.065914 -0.063320
v -0.154305 1.065914 -0.063319
v -0.145422 1.065914 -0.090139
v -0.130779 1.065914 -0.116034
v 0.031878 1.065914 -0.168416
v -0.111074 1.065914 -0.138568
v 0.061602 1.065914 -0.163975
v -0.087063 1.065914 -0.155430
v 0.088996 1.065914 -0.155430
v -0.059670 1.065914 -0.163975
v 0.136715 1.060491 -0.119071
v 0.113007 1.065914 -0.138569
v 0.000966 1.060491 -0.172652
v -0.029946 1.065914 -0.168415
v 0.016127 1.068527 -0.167561
v 0.045865 1.068527 -0.164315
v 0.073878 1.068527 -0.157793
v 0.099089 1.068527 -0.144817
v 0.120529 1.068527 -0.124890
v 0.137375 1.068527 -0.101237
v 0.148962 1.068527 -0.075111
v -0.152621 1.068527 -0.051091
v -0.147029 1.068527 -0.075111
v -0.135442 1.068527 -0.101236
v -0.118597 1.068527 -0.124890
v -0.097157 1.068527 -0.144817
v -0.071946 1.068527 -0.157793
v -0.043933 1.068527 -0.164315
v -0.014194 1.068527 -0.167561
v -0.166167 1.051596 -0.065059
v -0.156597 1.051596 -0.093551
v -0.140837 1.051596 -0.120988
v 0.034238 1.051596 -0.172858
v -0.119628 1.051596 -0.144292
v 0.066231 1.051596 -0.168232
v -0.093784 1.051596 -0.159850
v 0.095716 1.051596 -0.159850
v -0.064299 1.051596 -0.168232
v 0.121560 1.051596 -0.144292
v 0.000966 1.051596 -0.174419
v -0.032306 1.051596 -0.172858
v 0.142770 1.051596 -0.120988
v 0.158530 1.051596 -0.093552
v 0.168100 1.051596 -0.065059
v 0.017268 1.056803 -0.173271
v 0.049246 1.056803 -0.170191
v 0.079369 1.056803 -0.164031
v 0.106478 1.056803 -0.152268
v 0.129533 1.056803 -0.132474
v 0.147647 1.056803 -0.106930
v 0.160108 1.056803 -0.078617
v -0.164220 1.056803 -0.052324
v -0.158175 1.056803 -0.078616
v -0.145714 1.056803 -0.106929
v -0.127600 1.056803 -0.132474
v -0.104546 1.056803 -0.152268
v -0.077436 1.056803 -0.164031
v -0.047314 1.056803 -0.170191
v -0.015336 1.056803 -0.173271
v -0.165922 1.038554 -0.094111
v -0.149229 1.038567 -0.121800
v 0.036207 1.038794 -0.173360
v -0.126765 1.038634 -0.145213
v 0.070094 1.038754 -0.168751
v -0.099391 1.038707 -0.160474
v 0.101324 1.038707 -0.160474
v -0.068161 1.038754 -0.168751
v 0.128697 1.038634 -0.145213
v 0.000966 1.038821 -0.174915
v -0.034275 1.038794 -0.173359
v 0.151162 1.038567 -0.121801
v 0.167855 1.038554 -0.094111
v 0.177992 1.038554 -0.065344
v -0.176060 1.038554 -0.065344
v 0.018167 1.045370 -0.174526
v 0.051907 1.045370 -0.171398
v 0.083690 1.045370 -0.165161
v 0.112294 1.045370 -0.153667
v 0.136620 1.045370 -0.134016
v 0.155733 1.045370 -0.108091
v 0.168880 1.045370 -0.079332
v -0.173332 1.045370 -0.052575
v -0.166947 1.045370 -0.079331
v -0.153800 1.045370 -0.108090
v -0.134687 1.045370 -0.134015
v -0.110362 1.045370 -0.153667
v -0.081758 1.045370 -0.165161
v -0.049975 1.045370 -0.171398
v -0.016234 1.045370 -0.174526
v 0.074532 1.024509 -0.164954
v -0.105836 1.023388 -0.158670
v 0.107768 1.023388 -0.158670
v -0.072600 1.024509 -0.164953
v 0.136899 1.021627 -0.145020
v -0.036538 1.025470 -0.168224
v 0.160806 1.020025 -0.121897
v 0.178571 1.019705 -0.094178
v 0.189360 1.019705 -0.065378
v -0.187427 1.019705 -0.065378
v -0.176639 1.019705 -0.094177
v 0.038470 1.025470 -0.168224
v 0.000966 1.026111 -0.169328
v -0.134967 1.021627 -0.145019
v -0.158874 1.020025 -0.121897
v 0.019216 1.032247 -0.172873
v 0.055014 1.031940 -0.170055
v 0.088735 1.031613 -0.164421
v 0.119083 1.031133 -0.153695
v 0.144892 1.030512 -0.134409
v 0.165170 1.030192 -0.108397
v 0.179119 1.030179 -0.079520
v -0.183962 1.030179 -0.052642
v -0.177186 1.030179 -0.079520
v -0.163237 1.030192 -0.108397
v -0.142959 1.030512 -0.134409
v -0.117150 1.031133 -0.153694
v -0.086802 1.031613 -0.164421
v -0.053081 1.031940 -0.170055
v -0.017283 1.032247 -0.172873
v 0.168843 1.003323 -0.121512
v 0.187501 1.002696 -0.093912
v 0.198832 1.002696 -0.065243
v -0.196899 1.002696 -0.065242
v -0.185569 1.002696 -0.093912
v 0.000966 1.015240 -0.166532
v -0.166911 1.003323 -0.121511
v 0.040356 1.013986 -0.165622
v -0.141801 1.006459 -0.144434
v 0.078231 1.012104 -0.162926
v -0.111206 1.009909 -0.157474
v 0.143734 1.006459 -0.144434
v 0.113138 1.009909 -0.157474
v -0.038423 1.013986 -0.165622
v -0.076299 1.012104 -0.162926
v 0.020356 1.020053 -0.165990
v 0.058390 1.018518 -0.164271
v 0.094217 1.016884 -0.160766
v 0.126461 1.014482 -0.152410
v 0.153882 1.011379 -0.134248
v 0.175427 1.009777 -0.108311
v 0.190248 1.009711 -0.079467
v -0.195513 1.009711 -0.052623
v -0.188315 1.009711 -0.079467
v -0.173494 1.009778 -0.108311
v -0.151950 1.011379 -0.134248
v -0.124529 1.014482 -0.152410
v -0.092285 1.016884 -0.160766
v -0.056458 1.018518 -0.164271
v -0.018423 1.020053 -0.165990
v -0.199996 0.993285 -0.064691
v -0.188491 0.993285 -0.092831
v -0.169541 0.993926 -0.119942
v 0.040973 1.004815 -0.167344
v -0.144038 0.997129 -0.142823
v 0.079442 1.002894 -0.163950
v -0.112963 1.000652 -0.157292
v 0.114896 1.000652 -0.157292
v -0.077510 1.002894 -0.163949
v 0.145971 0.997129 -0.142824
v 0.000966 0.964701 -0.144250
v -0.039040 1.004815 -0.167344
v 0.171474 0.993926 -0.119942
v 0.200251 0.958295 -0.061085
v 0.190424 0.993285 -0.092831
v 0.020989 1.010137 -0.167907
v 0.060264 1.008295 -0.165767
v 0.097260 1.006333 -0.161438
v 0.130557 1.003451 -0.151977
v 0.158873 0.999727 -0.133307
v 0.181120 0.997806 -0.107589
v 0.196425 0.997726 -0.079023
v -0.201920 0.997726 -0.052467
v -0.194492 0.997726 -0.079022
v -0.179188 0.997806 -0.107589
v -0.156940 0.999727 -0.133306
v -0.128624 1.003451 -0.151977
v -0.095328 1.006333 -0.161437
v -0.058331 1.008295 -0.165767
v -0.019056 1.010137 -0.167907
v -0.193950 0.912760 -0.060946
v -0.182812 0.912760 -0.085483
v -0.164430 0.912773 -0.107557
v 0.039774 0.913000 -0.144769
v -0.139692 0.912840 -0.120572
v 0.077090 0.912960 -0.139670
v -0.109548 0.912914 -0.131354
v 0.111480 0.912914 -0.131355
v -0.075157 0.912960 -0.139670
v 0.141624 0.912840 -0.120572
v 0.000966 0.913027 -0.146491
v -0.037841 0.913000 -0.144769
v 0.166362 0.912773 -0.107558
v 0.184745 0.912760 -0.085484
v 0.195882 0.912760 -0.060946
v 0.020746 0.941682 -0.145304
v 0.059547 0.941375 -0.142185
v 0.096096 0.941048 -0.136034
v 0.128989 0.940568 -0.126410
v 0.156963 0.939947 -0.114974
v 0.178942 0.939627 -0.097584
v 0.194058 0.939613 -0.072995
v -0.199394 0.939613 -0.050346
v -0.192125 0.939613 -0.072994
v -0.177009 0.939627 -0.097584
v -0.155030 0.939947 -0.114973
v -0.127057 0.940568 -0.126409
v -0.094163 0.941048 -0.136033
v -0.057614 0.941375 -0.142185
v -0.018814 0.941682 -0.145304
v -0.158356 0.846646 -0.107265
v 0.038348 0.846646 -0.144514
v -0.134527 0.846646 -0.120280
v 0.074294 0.846646 -0.139369
v -0.105490 0.846646 -0.131014
v 0.107422 0.846646 -0.131014
v -0.072362 0.846646 -0.139369
v 0.136459 0.846646 -0.120280
v 0.000966 0.846646 -0.146251
v -0.036416 0.846646 -0.144514
v 0.160289 0.846646 -0.107265
v 0.177996 0.846646 -0.085267
v 0.188724 0.846646 -0.060835
v -0.176063 0.846646 -0.085266
v -0.186792 0.846646 -0.060835
v 0.020109 0.880826 -0.146043
v 0.057659 0.880826 -0.142576
v 0.093031 0.880826 -0.135777
v 0.124865 0.880826 -0.125970
v 0.151937 0.880826 -0.114733
v 0.173208 0.880826 -0.097374
v 0.187837 0.880826 -0.072864
v -0.192938 0.880826 -0.050300
v -0.185904 0.880826 -0.072863
v -0.171275 0.880826 -0.097373
v -0.150005 0.880826 -0.114733
v -0.122932 0.880826 -0.125970
v -0.091099 0.880826 -0.135776
v -0.055727 0.880826 -0.142576
v -0.018177 0.880826 -0.146043
v -0.069427 0.762415 -0.138823
v 0.131037 0.762415 -0.119833
v -0.034920 0.762415 -0.143934
v 0.153913 0.762415 -0.106803
v 0.170912 0.762415 -0.084924
v 0.181210 0.762415 -0.060661
v -0.179277 0.762415 -0.060660
v -0.168979 0.762415 -0.084923
v 0.000966 0.762415 -0.145660
v -0.151981 0.762415 -0.106803
v 0.036853 0.762415 -0.143934
v -0.101230 0.762415 -0.130522
v -0.129104 0.762415 -0.119833
v 0.103162 0.762415 -0.130523
v 0.071360 0.762415 -0.138823
v 0.019380 0.807908 -0.145521
v 0.055499 0.807908 -0.142075
v 0.089522 0.807908 -0.135315
v 0.120142 0.807908 -0.125562
v 0.146183 0.807908 -0.114326
v 0.166643 0.807908 -0.097003
v 0.180714 0.807908 -0.072633
v -0.185544 0.807909 -0.050219
v -0.178781 0.807908 -0.072633
v -0.164710 0.807908 -0.097003
v -0.144250 0.807908 -0.114326
v -0.118210 0.807908 -0.125562
v -0.087590 0.807908 -0.135314
v -0.053566 0.807908 -0.142075
v -0.017447 0.807908 -0.145521
v 0.174051 0.666478 -0.060677
v -0.172118 0.666478 -0.060676
v -0.162230 0.666478 -0.084955
v -0.145906 0.666478 -0.106846
v 0.035427 0.666478 -0.143988
v -0.123939 0.666478 -0.119874
v 0.068564 0.666478 -0.138874
v -0.097171 0.666478 -0.130568
v 0.099103 0.666478 -0.130568
v -0.066632 0.666478 -0.138873
v 0.125871 0.666478 -0.119875
v 0.000966 0.666478 -0.145715
v -0.033495 0.666478 -0.143988
v 0.164162 0.666478 -0.084955
v 0.147839 0.666478 -0.106846
v 0.018620 0.713564 -0.145113
v 0.053248 0.713564 -0.141683
v 0.085868 0.713564 -0.134953
v 0.115224 0.713564 -0.125243
v 0.140190 0.713564 -0.114008
v 0.159806 0.713564 -0.096713
v 0.173296 0.713564 -0.072453
v -0.177845 0.713564 -0.050156
v -0.171364 0.713564 -0.072452
v -0.157873 0.713564 -0.096713
v -0.138258 0.713564 -0.114007
v -0.113292 0.713564 -0.125242
v -0.083935 0.713564 -0.134953
v -0.051316 0.713564 -0.141683
v -0.016687 0.713564 -0.145113
v -0.167689 0.601392 -0.060653
v -0.158054 0.601392 -0.084910
v -0.142148 0.601392 -0.106785
v 0.034546 0.601392 -0.143912
v -0.120743 0.601392 -0.119816
v 0.066834 0.601392 -0.138802
v -0.094660 0.601392 -0.130504
v 0.096592 0.601392 -0.130504
v -0.064902 0.601392 -0.138802
v 0.122675 0.601392 -0.119816
v 0.000966 0.601392 -0.145638
v -0.032613 0.601392 -0.143912
v 0.144081 0.601392 -0.106786
v 0.159987 0.601392 -0.084910
v 0.169622 0.601392 -0.060654
v 0.018009 0.627587 -0.145406
v 0.051439 0.627587 -0.141964
v 0.082930 0.627587 -0.135213
v 0.111271 0.627587 -0.125472
v 0.135373 0.627587 -0.114236
v 0.154310 0.627587 -0.096921
v 0.167334 0.627587 -0.072582
v -0.171660 0.627587 -0.050201
v -0.165401 0.627587 -0.072582
v -0.152378 0.627587 -0.096921
v -0.133441 0.627587 -0.114236
v -0.109339 0.627587 -0.125471
v -0.080998 0.627587 -0.135212
v -0.049507 0.627587 -0.141964
v -0.016076 0.627587 -0.145406
v -0.158593 0.567932 -0.084852
v -0.142634 0.567932 -0.106741
v 0.034659 0.567932 -0.144276
v -0.121156 0.567932 -0.119930
v 0.067058 0.567932 -0.139117
v -0.094984 0.567932 -0.130739
v 0.096917 0.567932 -0.130739
v -0.065126 0.567932 -0.139117
v 0.123088 0.567932 -0.119930
v 0.000966 0.567932 -0.146018
v -0.032727 0.567932 -0.144276
v 0.144566 0.567932 -0.106741
v 0.160526 0.567932 -0.084852
v 0.170194 0.567932 -0.060624
v -0.168262 0.567932 -0.060624
v 0.017791 0.583373 -0.144998
v 0.050795 0.583373 -0.141571
v 0.081884 0.583373 -0.134850
v 0.109864 0.583373 -0.125152
v 0.133658 0.583373 -0.113917
v 0.152353 0.583373 -0.096631
v 0.165211 0.583373 -0.072401
v -0.169455 0.583373 -0.050138
v -0.163278 0.583373 -0.072401
v -0.150421 0.583373 -0.096631
v -0.131726 0.583373 -0.113917
v -0.107931 0.583373 -0.125152
v -0.079952 0.583373 -0.134850
v -0.048863 0.583373 -0.141571
v -0.015859 0.583373 -0.144998
v 0.069655 0.542284 -0.148482
v -0.098755 0.542276 -0.138038
v 0.100687 0.542276 -0.138039
v -0.067723 0.542347 -0.148547
v 0.127887 0.542331 -0.124314
v -0.034051 0.542282 -0.154912
v 0.150209 0.542347 -0.107551
v 0.166797 0.542347 -0.084873
v 0.176845 0.542347 -0.060635
v -0.174912 0.542347 -0.060634
v -0.164864 0.542347 -0.084872
v 0.035984 0.542266 -0.154896
v 0.000966 0.542260 -0.157059
v -0.125955 0.542268 -0.124248
v -0.148277 0.542331 -0.107535
v 0.018154 0.554190 -0.149055
v 0.051868 0.554190 -0.145325
v 0.083626 0.554190 -0.138009
v 0.112208 0.554190 -0.127439
v 0.136514 0.554190 -0.114947
v 0.155612 0.554190 -0.096843
v 0.168746 0.554190 -0.072512
v -0.173125 0.554190 -0.050176
v -0.166814 0.554190 -0.072511
v -0.153679 0.554190 -0.096842
v -0.134582 0.554190 -0.114947
v -0.110275 0.554190 -0.127438
v -0.081694 0.554190 -0.138009
v -0.049935 0.554190 -0.145325
v -0.016221 0.554190 -0.149055
v 0.158471 0.523474 -0.108543
v 0.175976 0.523474 -0.085003
v 0.186581 0.523474 -0.060701
v -0.184648 0.523474 -0.060701
v -0.174043 0.523474 -0.085002
v 0.000966 0.521387 -0.167276
v -0.156538 0.523096 -0.108151
v 0.037922 0.521540 -0.164760
v -0.132980 0.521582 -0.127088
v 0.073457 0.521970 -0.157155
v -0.104275 0.521766 -0.144156
v 0.134913 0.523096 -0.128654
v 0.106207 0.521766 -0.144156
v -0.035989 0.521918 -0.165151
v -0.071525 0.523484 -0.158721
v 0.019046 0.531513 -0.163748
v 0.054512 0.531652 -0.158918
v 0.087919 0.531639 -0.149169
v 0.117986 0.531832 -0.135368
v 0.143555 0.532187 -0.118175
v 0.163645 0.532203 -0.096859
v 0.177461 0.532203 -0.072437
v -0.182166 0.532203 -0.050150
v -0.175529 0.532203 -0.072436
v -0.161712 0.532187 -0.096843
v -0.141622 0.531824 -0.117799
v -0.116053 0.531485 -0.135008
v -0.085987 0.531986 -0.149528
v -0.052579 0.532015 -0.159293
v -0.017114 0.531529 -0.163765
v -0.191218 0.509366 -0.060874
v -0.180237 0.509366 -0.085343
v -0.162112 0.508625 -0.108305
v 0.039230 0.505578 -0.164829
v -0.137721 0.505660 -0.126036
v 0.076023 0.506419 -0.157214
v -0.107999 0.506020 -0.143577
v 0.109932 0.506020 -0.143577
v -0.074091 0.509384 -0.160281
v 0.139653 0.508625 -0.129104
v 0.000966 0.505277 -0.167300
v -0.037297 0.506319 -0.165596
v 0.164045 0.509366 -0.109072
v 0.193151 0.509366 -0.060875
v 0.182170 0.509366 -0.085344
v 0.019937 0.512498 -0.166774
v 0.057150 0.513194 -0.161894
v 0.092204 0.513127 -0.150955
v 0.123752 0.514091 -0.136779
v 0.150582 0.515867 -0.119621
v 0.171661 0.515946 -0.097380
v 0.186159 0.515946 -0.072736
v -0.191195 0.515946 -0.050255
v -0.184226 0.515946 -0.072735
v -0.169729 0.515867 -0.097298
v -0.148649 0.514053 -0.117744
v -0.121820 0.512356 -0.134983
v -0.090272 0.514862 -0.152749
v -0.055218 0.515008 -0.163770
v -0.018005 0.512576 -0.166855
v -0.191968 0.497340 -0.060860
v -0.180944 0.497340 -0.085316
v -0.162749 0.496583 -0.108249
v 0.039379 0.493471 -0.164704
v -0.138262 0.493554 -0.125904
v 0.076316 0.494330 -0.157097
v -0.108425 0.493922 -0.143445
v 0.110357 0.493922 -0.143446
v -0.074384 0.497358 -0.160229
v 0.140195 0.496583 -0.129037
v 0.000966 0.493164 -0.167169
v -0.037447 0.494228 -0.165487
v 0.164682 0.497340 -0.109033
v 0.182877 0.497340 -0.085316
v 0.193901 0.497340 -0.060861
v 0.020292 0.499149 -0.166636
v 0.058200 0.499985 -0.161814
v 0.093909 0.499904 -0.150717
v 0.126047 0.501061 -0.136653
v 0.153377 0.503192 -0.119815
v 0.174851 0.503286 -0.097536
v 0.189619 0.503286 -0.072832
v -0.194787 0.503286 -0.050289
v -0.187687 0.503286 -0.072831
v -0.172918 0.503192 -0.097437
v -0.151445 0.501015 -0.117563
v -0.124114 0.498979 -0.134499
v -0.091977 0.501986 -0.152871
v -0.056268 0.502161 -0.164066
v -0.018359 0.499243 -0.166733
v 0.038939 0.482458 -0.164034
v -0.136669 0.482540 -0.125462
v 0.075454 0.483299 -0.156464
v -0.107173 0.482900 -0.142902
v 0.109105 0.482900 -0.142902
v -0.073521 0.486264 -0.159531
v 0.138601 0.485505 -0.128530
v 0.000966 0.482157 -0.166488
v -0.037007 0.483199 -0.164800
v 0.162808 0.486246 -0.108622
v 0.180795 0.486246 -0.085033
v 0.191692 0.486246 -0.060716
v -0.189759 0.486246 -0.060716
v -0.160875 0.485505 -0.107854
v -0.178862 0.486246 -0.085033
v 0.020173 0.487555 -0.166246
v 0.057848 0.488392 -0.161439
v 0.093338 0.488311 -0.150372
v 0.125278 0.489468 -0.136350
v 0.152440 0.491598 -0.119566
v 0.173782 0.491693 -0.097351
v 0.188460 0.491693 -0.072718
v -0.193582 0.491693 -0.050249
v -0.186527 0.491693 -0.072718
v -0.171849 0.491598 -0.097253
v -0.150508 0.489422 -0.117314
v -0.123345 0.487386 -0.134196
v -0.091406 0.490393 -0.152525
v -0.055916 0.490568 -0.163691
v -0.018241 0.487650 -0.166343
v 0.132447 0.469157 -0.128845
v -0.035309 0.467979 -0.165615
v 0.155571 0.469535 -0.108574
v 0.172754 0.469535 -0.085001
v 0.183163 0.469535 -0.060700
v -0.181230 0.469535 -0.060699
v -0.170821 0.469535 -0.085000
v 0.000966 0.467447 -0.167758
v -0.153638 0.469157 -0.108182
v 0.037241 0.467601 -0.165224
v -0.130514 0.467642 -0.127278
v 0.104270 0.467826 -0.144476
v 0.072123 0.468030 -0.157564
v -0.070190 0.469544 -0.159130
v -0.102337 0.467826 -0.144476
v 0.019752 0.475852 -0.165993
v 0.056602 0.476549 -0.161143
v 0.091314 0.476482 -0.150262
v 0.122554 0.477446 -0.136172
v 0.149122 0.479221 -0.119123
v 0.169996 0.479300 -0.097010
v 0.184352 0.479300 -0.072508
v -0.189317 0.479300 -0.050175
v -0.182419 0.479300 -0.072507
v -0.168063 0.479221 -0.096928
v -0.147190 0.477408 -0.117246
v -0.120622 0.475711 -0.134377
v -0.089382 0.478217 -0.152057
v -0.054670 0.478363 -0.163019
v -0.017820 0.475931 -0.166074
v 0.170263 0.449072 -0.060749
v -0.168330 0.449072 -0.060748
v -0.158657 0.449072 -0.085096
v -0.142691 0.449056 -0.108696
v 0.034673 0.448991 -0.166743
v -0.121204 0.448993 -0.129331
v 0.067084 0.449009 -0.158974
v -0.095023 0.449001 -0.146330
v 0.096955 0.449001 -0.146330
v -0.065152 0.449072 -0.159039
v 0.123137 0.449056 -0.129397
v 0.000966 0.434141 -0.173403
v -0.032741 0.449007 -0.166759
v 0.151739 0.434141 -0.086619
v 0.144624 0.449072 -0.108713
v 0.018515 0.458056 -0.168271
v 0.052937 0.458195 -0.163119
v 0.085362 0.458182 -0.152741
v 0.114544 0.458375 -0.138014
v 0.139362 0.458730 -0.119447
v 0.158860 0.458746 -0.097202
v 0.172271 0.458746 -0.072627
v -0.176783 0.458746 -0.050217
v -0.170338 0.458746 -0.072626
v -0.156928 0.458730 -0.097186
v -0.137429 0.458367 -0.119072
v -0.112612 0.458028 -0.137655
v -0.083430 0.458529 -0.153099
v -0.051005 0.458558 -0.163494
v -0.016582 0.458072 -0.168287
v -0.152744 0.421713 -0.063367
v -0.143950 0.421713 -0.090234
v -0.129455 0.421713 -0.116171
v 0.031567 0.421713 -0.179966
v -0.109948 0.421713 -0.138906
v 0.060992 0.421713 -0.171429
v -0.086178 0.421713 -0.157564
v 0.088111 0.421713 -0.157564
v -0.059060 0.421713 -0.171428
v 0.111880 0.421713 -0.138907
v 0.000966 0.403628 -0.190501
v -0.029635 0.421713 -0.179966
v 0.131387 0.421713 -0.116172
v 0.145882 0.421713 -0.090234
v 0.154676 0.421713 -0.063368
v 0.016622 0.428045 -0.177179
v 0.047333 0.428045 -0.171632
v 0.076262 0.428045 -0.160750
v 0.102298 0.428045 -0.144951
v 0.124439 0.428045 -0.124844
v 0.141835 0.428045 -0.101200
v 0.153801 0.428045 -0.075088
v -0.157642 0.428045 -0.051083
v -0.151868 0.428045 -0.075088
v -0.139903 0.428045 -0.101200
v -0.122506 0.428045 -0.124844
v -0.100365 0.428045 -0.144951
v -0.074330 0.428045 -0.160749
v -0.045401 0.428045 -0.171631
v -0.014690 0.428045 -0.177179
v -0.131827 0.385932 -0.094129
v -0.118545 0.385932 -0.121826
v 0.029007 0.385932 -0.189948
v -0.100670 0.385932 -0.146103
v 0.055971 0.385932 -0.180832
v -0.078888 0.385932 -0.166027
v 0.080821 0.385932 -0.166027
v -0.054039 0.385932 -0.180831
v 0.102602 0.385932 -0.146103
v 0.000966 0.385932 -0.193026
v -0.027075 0.385932 -0.189948
v 0.120477 0.385932 -0.121826
v 0.133760 0.385932 -0.094129
v 0.141826 0.385932 -0.065353
v -0.139894 0.385932 -0.065353
v 0.015296 0.393698 -0.191570
v 0.043404 0.393698 -0.185469
v 0.069881 0.393698 -0.173502
v 0.093710 0.393698 -0.156129
v 0.113975 0.393698 -0.134018
v 0.129897 0.393698 -0.108017
v 0.140850 0.393698 -0.079286
v -0.144236 0.393698 -0.052559
v -0.138918 0.393698 -0.079286
v -0.127965 0.393698 -0.108016
v -0.112043 0.393698 -0.134017
v -0.091778 0.393698 -0.156129
v -0.067949 0.393698 -0.173502
v -0.041471 0.393698 -0.185469
v -0.013363 0.393698 -0.191570
v 0.055303 0.363435 -0.180184
v -0.077918 0.363435 -0.165444
v 0.079851 0.363435 -0.165445
v -0.053370 0.363435 -0.180184
v 0.101367 0.363435 -0.145608
v -0.026734 0.363435 -0.189261
v 0.119025 0.363435 -0.121437
v 0.132147 0.363435 -0.093861
v 0.140115 0.363435 -0.065217
v -0.138182 0.363435 -0.065216
v -0.130214 0.363435 -0.093860
v 0.028667 0.363435 -0.189261
v 0.000966 0.363435 -0.192326
v -0.099435 0.363435 -0.145608
v -0.117093 0.363435 -0.121437
v 0.014928 0.376827 -0.192133
v 0.042316 0.376827 -0.186010
v 0.068114 0.376827 -0.174001
v 0.091332 0.376827 -0.156566
v 0.111077 0.376827 -0.134376
v 0.126591 0.376827 -0.108283
v 0.137263 0.376827 -0.079450
v -0.140514 0.376827 -0.052617
v -0.135331 0.376827 -0.079450
v -0.124659 0.376827 -0.108283
v -0.109145 0.376827 -0.134376
v -0.089400 0.376827 -0.156566
v -0.066182 0.376827 -0.174001
v -0.040383 0.376827 -0.186010
v -0.012996 0.376827 -0.192133
v -0.138561 0.342742 -0.064894
v -0.130572 0.342742 -0.093228
v -0.117415 0.342742 -0.120519
v 0.028742 0.342742 -0.187641
v -0.099709 0.342742 -0.144440
v 0.055451 0.342742 -0.178659
v -0.078134 0.342742 -0.164071
v 0.080066 0.342742 -0.164071
v -0.053519 0.342742 -0.178658
v 0.101641 0.342742 -0.144440
v 0.000966 0.342742 -0.190674
v -0.026810 0.342742 -0.187641
v 0.119348 0.342742 -0.120520
v 0.140493 0.342742 -0.064895
v 0.132505 0.342742 -0.093229
v 0.014892 0.350442 -0.190790
v 0.042208 0.350442 -0.184720
v 0.067940 0.350442 -0.172812
v 0.091097 0.350442 -0.155524
v 0.110791 0.350442 -0.133521
v 0.126265 0.350442 -0.107648
v 0.136909 0.350442 -0.079059
v -0.140143 0.350442 -0.052479
v -0.134977 0.350442 -0.079058
v -0.124332 0.350442 -0.107647
v -0.108859 0.350442 -0.133520
v -0.089165 0.350442 -0.155524
v -0.066007 0.350442 -0.172812
v -0.040276 0.350442 -0.184720
v -0.012959 0.350442 -0.190790
v -0.085301 0.320442 -0.136857
v 0.040440 0.320442 -0.161611
v -0.104151 0.320442 -0.118201
v 0.014295 0.320442 -0.166759
v -0.118961 0.320442 -0.096264
v -0.129146 0.320442 -0.072048
v -0.134036 0.320442 -0.050014
v 0.131079 0.320442 -0.072049
v 0.120893 0.320442 -0.096264
v -0.012362 0.320442 -0.166758
v 0.106083 0.320442 -0.118201
v -0.038508 0.320442 -0.161611
v 0.087233 0.320442 -0.136857
v -0.063136 0.320442 -0.151515
v 0.065068 0.320442 -0.151515
v 0.076015 0.318356 -0.142529
v -0.050728 0.318356 -0.154721
v 0.096485 0.318356 -0.126120
v -0.025387 0.318356 -0.162230
v 0.113285 0.318356 -0.106125
v 0.125768 0.318356 -0.083314
v 0.133326 0.318356 -0.059840
v -0.131394 0.318356 -0.059840
v -0.123836 0.318356 -0.083313
v 0.000966 0.318356 -0.164765
v -0.111352 0.318356 -0.106125
v 0.053354 0.322779 -0.160599
v 0.027320 0.318356 -0.162230
v -0.075089 0.322779 -0.147818
v -0.094553 0.318356 -0.126119
v 0.079634 0.334508 -0.160538
v -0.053221 0.334508 -0.174732
v 0.101092 0.334508 -0.141435
v -0.026658 0.334508 -0.183473
v 0.118702 0.334508 -0.118158
v 0.131787 0.334508 -0.091602
v 0.139729 0.334508 -0.064065
v -0.137796 0.334508 -0.064065
v -0.129854 0.334508 -0.091602
v 0.000966 0.334508 -0.186424
v -0.116769 0.334508 -0.118158
v 0.052661 0.318356 -0.154722
v 0.028591 0.334508 -0.183473
v -0.074083 0.318356 -0.142528
v -0.099159 0.334508 -0.141435
v 0.014919 0.338409 -0.188374
v 0.042289 0.338409 -0.182396
v 0.068072 0.338409 -0.170670
v 0.091275 0.338409 -0.153647
v 0.111008 0.338409 -0.131980
v 0.126512 0.338409 -0.106503
v 0.137177 0.338409 -0.078354
v -0.140416 0.338409 -0.052231
v -0.135244 0.338409 -0.078353
v -0.124579 0.338409 -0.106503
v -0.109075 0.338409 -0.131980
v -0.089343 0.338409 -0.153647
v -0.066139 0.338409 -0.170670
v -0.040357 0.338409 -0.182396
v -0.012987 0.338409 -0.188374
v 0.014084 0.316882 -0.162067
v 0.039816 0.316882 -0.157100
v 0.064055 0.316882 -0.147357
v 0.085869 0.316882 -0.133213
v 0.104421 0.316882 -0.115210
v 0.118997 0.316882 -0.094042
v 0.129021 0.316882 -0.070680
v -0.131887 0.316882 -0.049532
v -0.127088 0.316882 -0.070680
v -0.117064 0.316882 -0.094041
v -0.102488 0.316882 -0.115210
v -0.083937 0.316882 -0.133212
v -0.062122 0.316882 -0.147357
v -0.037884 0.316882 -0.157100
v -0.012152 0.316882 -0.162066
v 0.192320 0.846646 -0.040630
v 0.184657 0.762415 -0.040601
v 0.177362 0.666478 -0.040603
v 0.172848 0.601392 -0.040599
v 0.173430 0.567932 -0.040595
v 0.180208 0.542347 -0.040596
v 0.190132 0.523475 -0.040607
v 0.196832 0.509366 -0.040637
v 0.197596 0.497340 -0.040634
v 0.195341 0.486246 -0.040610
v 0.186649 0.469535 -0.040607
v 0.173503 0.449072 -0.040615
v -0.148808 0.403628 -0.041305
v 0.157668 0.421713 -0.041055
v 0.163956 0.434141 -0.040746
v -0.142667 0.385932 -0.041388
v -0.140509 0.334508 -0.041172
v -0.140920 0.363435 -0.041365
v -0.141301 0.342742 -0.041311
v -0.138000 0.327844 -0.040938
v -0.135747 0.322779 -0.040671
v -0.133909 0.318356 -0.040463
v -0.130729 0.316281 -0.040324
v -0.125496 0.316195 -0.040158
v -0.113954 0.316196 -0.040688
v -0.071933 0.315927 -0.140597
v 0.115887 0.316195 -0.040688
v 0.132662 0.316281 -0.040324
v 0.127429 0.316195 -0.040158
v 0.144600 0.385932 -0.041388
v 0.142852 0.363435 -0.041365
v 0.142442 0.334508 -0.041172
v 0.150741 0.403628 -0.041305
v 0.143234 0.342742 -0.041311
v 0.139933 0.327844 -0.040938
v 0.137680 0.322779 -0.040671
v 0.135842 0.318357 -0.040463
v 0.082807 1.082848 -0.037989
v -0.080874 1.082848 -0.037989
v 0.000966 1.082948 -0.041873
v -0.107131 1.080456 -0.038826
v -0.063585 1.082948 -0.037893
v 0.109064 1.080456 -0.038826
v 0.065518 1.082948 -0.037893
v 0.134959 1.075898 -0.039931
v -0.133026 1.075898 -0.039931
v -0.157327 1.065914 -0.041047
v -0.147571 1.071091 -0.040659
v 0.149504 1.071091 -0.040659
v 0.159260 1.065914 -0.041047
v -0.203939 0.993285 -0.041277
v -0.203619 0.984707 -0.041054
v -0.203158 0.976410 -0.040797
v -0.202141 0.958295 -0.040672
v -0.200792 1.002696 -0.041369
v -0.197685 0.912760 -0.040648
v -0.190387 0.846646 -0.040630
v -0.191137 1.019705 -0.041392
v -0.182724 0.762415 -0.040601
v -0.179545 1.038554 -0.041386
v -0.169453 1.051596 -0.041338
v -0.162162 1.060491 -0.041225
v 0.164095 1.060491 -0.041225
v 0.171386 1.051596 -0.041338
v 0.181478 1.038554 -0.041386
v 0.193070 1.019705 -0.041392
v 0.202725 1.002696 -0.041369
v 0.205872 0.993285 -0.041277
v 0.205551 0.984707 -0.041054
v 0.204074 0.958295 -0.040672
v 0.205091 0.976410 -0.040797
v 0.199618 0.912760 -0.040649
v -0.175429 0.666478 -0.040603
v -0.170915 0.601392 -0.040599
v -0.171497 0.567932 -0.040594
v -0.178275 0.542347 -0.040596
v -0.188199 0.523474 -0.040607
v -0.195664 0.497340 -0.040634
v -0.194900 0.509366 -0.040636
v -0.193408 0.486246 -0.040610
v -0.184716 0.469535 -0.040607
v -0.171570 0.449072 -0.040615
v -0.162023 0.434141 -0.040746
v -0.155736 0.421713 -0.041055
v 0.179778 0.713564 -0.050156
v 0.142076 0.350442 -0.052480
v 0.142447 0.376827 -0.052617
v 0.142349 0.338409 -0.052232
v 0.123814 1.078202 -0.046497
v 0.146169 0.393698 -0.052559
v 0.141631 1.073557 -0.049353
v 0.171388 0.583373 -0.050138
v 0.178716 0.458746 -0.050217
v 0.193128 0.515946 -0.050255
v 0.129487 0.316195 -0.049066
v 0.175057 0.554190 -0.050177
v 0.093235 1.082149 -0.043000
v 0.166153 1.056803 -0.052324
v 0.194870 0.880826 -0.050300
v 0.173593 0.627587 -0.050201
v 0.167275 0.440922 -0.050319
v 0.074870 1.082948 -0.041457
v 0.123543 0.316195 -0.048476
v 0.045152 1.082948 -0.045194
v 0.191250 0.479300 -0.050175
v 0.137922 0.325245 -0.050822
v 0.160766 1.063279 -0.051876
v 0.197446 1.009711 -0.052623
v 0.140382 0.330862 -0.051603
v 0.135968 0.320442 -0.050014
v 0.154553 1.068527 -0.051091
v 0.204555 0.988971 -0.051993
v 0.195515 0.491693 -0.050249
v 0.185895 1.030179 -0.052642
v 0.159574 0.428045 -0.051083
v 0.184099 0.532203 -0.050150
v 0.175265 1.045370 -0.052576
v 0.196720 0.503286 -0.050289
v 0.133820 0.316882 -0.049532
v 0.201327 0.939613 -0.050346
v 0.153675 0.413797 -0.052047
v 0.204114 0.980621 -0.051155
v 0.187477 0.807909 -0.050219
v 0.203557 0.969837 -0.050526
v 0.203853 0.997726 -0.052467
v 0.110510 1.073557 0.051513
v -0.012924 1.073557 0.095894
v 0.125943 1.073557 0.030629
v 0.136557 1.073557 0.007586
v 0.141631 1.073557 -0.013231
v -0.134624 1.073557 0.007586
v -0.124011 1.073557 0.030630
v 0.014856 1.073557 0.095894
v -0.108577 1.073557 0.051513
v 0.042103 1.073557 0.091452
v -0.088934 1.073557 0.069274
v 0.067768 1.073557 0.082705
v -0.065835 1.073557 0.082705
v -0.081668 1.071091 0.084457
v 0.057886 1.071091 0.094651
v -0.104207 1.071091 0.067790
v 0.029984 1.071091 0.100457
v -0.122705 1.071091 0.046870
v -0.136450 1.071091 0.023023
v -0.144778 1.071091 -0.001575
v 0.146710 1.071091 -0.001576
v 0.138382 1.071091 0.023022
v 0.000966 1.071091 0.102418
v 0.124638 1.071091 0.046869
v -0.050427 1.075898 0.076999
v -0.028051 1.071091 0.100457
v 0.075578 1.075898 0.066414
v 0.106140 1.071091 0.067789
v 0.016738 1.063280 0.108451
v -0.123417 1.063280 0.067145
v 0.047675 1.063280 0.105458
v -0.101112 1.063280 0.087193
v 0.076818 1.063280 0.099434
v -0.074885 1.063280 0.099434
v 0.103045 1.063280 0.087193
v -0.045742 1.063280 0.105458
v 0.125349 1.063280 0.067145
v -0.014805 1.063280 0.108451
v 0.142874 1.063280 0.042278
v 0.154928 1.063280 0.014759
v 0.160766 1.063279 -0.010708
v -0.152996 1.063280 0.014759
v -0.140941 1.063280 0.042278
v -0.149870 1.060491 0.029647
v -0.159029 1.060491 0.001802
v 0.160961 1.060491 0.001801
v 0.151803 1.060491 0.029646
v 0.136715 1.060491 0.056486
v -0.030885 1.060491 0.108540
v 0.116411 1.060491 0.079502
v -0.061512 1.060491 0.104015
v 0.091671 1.060491 0.095597
v -0.089738 1.060491 0.095597
v 0.063445 1.060491 0.104015
v -0.130779 1.065914 0.053451
v -0.114479 1.060491 0.079503
v 0.000966 1.065914 0.107331
v 0.032818 1.060491 0.108540
v -0.195182 0.988971 0.015092
v -0.179825 0.989051 0.042819
v 0.021059 1.001382 0.104671
v -0.157498 0.990972 0.067836
v 0.060474 0.999540 0.102408
v -0.129082 0.994696 0.087182
v 0.097601 0.997578 0.097800
v -0.095668 0.997578 0.097800
v 0.131015 0.994696 0.087182
v -0.058541 0.999540 0.102408
v 0.159431 0.990972 0.067836
v -0.019127 1.001382 0.104671
v 0.181757 0.989051 0.042818
v 0.197115 0.988971 0.015092
v 0.204555 0.988971 -0.010591
v 0.000966 1.006097 0.105906
v -0.199996 0.993285 0.002108
v 0.201644 0.984707 0.000781
v 0.190163 0.984707 0.027645
v 0.171239 0.985347 0.053544
v -0.038985 0.996237 0.101902
v 0.145771 0.988550 0.075814
v -0.077401 0.994315 0.098642
v 0.114739 0.992073 0.091730
v -0.112806 0.992073 0.091731
v 0.079334 0.994315 0.098642
v -0.143838 0.988550 0.075815
v 0.040918 0.996237 0.101902
v -0.169306 0.985347 0.053545
v -0.188230 0.984707 0.027646
v -0.194783 0.980621 0.012710
v -0.179458 0.980701 0.038914
v 0.021019 0.993032 0.098077
v -0.157177 0.982623 0.061814
v 0.060353 0.991190 0.096050
v -0.128818 0.986346 0.080625
v 0.097405 0.989229 0.091848
v -0.095472 0.989229 0.091848
v 0.130751 0.986346 0.080625
v -0.058420 0.991191 0.096050
v 0.159109 0.982623 0.061813
v -0.019086 0.993032 0.098077
v 0.181390 0.980701 0.038913
v 0.196716 0.980621 0.012710
v 0.204114 0.980621 -0.011429
v 0.000966 0.997518 0.103002
v -0.199712 0.984707 0.000782
v 0.201230 0.976410 -0.000755
v 0.189781 0.976410 0.024632
v 0.170895 0.977037 0.048328
v -0.038904 0.987700 0.089231
v 0.145479 0.980173 0.066117
v -0.077243 0.985818 0.086572
v 0.114509 0.983623 0.080497
v -0.112576 0.983623 0.080497
v 0.079176 0.985818 0.086572
v -0.143546 0.980173 0.066117
v 0.040837 0.987700 0.089231
v -0.168962 0.977037 0.048329
v -0.187849 0.976410 0.024633
v -0.194268 0.969837 0.010921
v -0.178984 0.969904 0.035863
v 0.020966 0.980180 0.082889
v -0.156761 0.971505 0.054357
v 0.060197 0.978645 0.081058
v -0.128477 0.974608 0.067898
v 0.097152 0.977010 0.077288
v -0.095219 0.977010 0.077289
v 0.130410 0.974608 0.067897
v -0.058264 0.978645 0.081058
v 0.158694 0.971505 0.054356
v -0.019033 0.980180 0.082890
v 0.180916 0.969904 0.035862
v 0.196200 0.969837 0.010921
v 0.203557 0.969837 -0.012058
v 0.200251 0.958295 -0.001500
v 0.188862 0.958295 0.023171
v 0.170068 0.958616 0.045381
v -0.038710 0.964061 0.080447
v 0.144776 0.960217 0.058784
v -0.076863 0.963100 0.076837
v 0.113957 0.961979 0.070154
v -0.112024 0.961979 0.070154
v 0.078795 0.963100 0.076837
v -0.142843 0.960217 0.058784
v 0.000966 0.988954 0.090129
v 0.040643 0.964061 0.080447
v -0.168136 0.958616 0.045382
v -0.199297 0.976410 -0.000754
v -0.186930 0.958295 0.023172
v -0.146763 0.440922 0.035090
v 0.017385 0.440922 0.107151
v -0.128519 0.440922 0.057514
v 0.049591 0.440922 0.101889
v -0.105300 0.440922 0.076585
v 0.079929 0.440922 0.091568
v -0.077996 0.440922 0.091568
v 0.107232 0.440922 0.076584
v -0.047659 0.440922 0.101889
v 0.130452 0.440922 0.057514
v -0.015452 0.440922 0.107151
v 0.148695 0.440922 0.035089
v 0.161243 0.440922 0.010332
v 0.167275 0.440922 -0.012265
v -0.159310 0.440922 0.010333
v -0.158947 0.434141 -0.001059
v 0.160879 0.434141 -0.001060
v 0.151739 0.434141 0.024035
v 0.136658 0.434141 0.048340
v -0.030871 0.434141 0.108117
v 0.116363 0.434141 0.069643
v -0.061486 0.434141 0.100118
v 0.091633 0.434141 0.087126
v -0.089700 0.434141 0.087126
v 0.063418 0.434141 0.100117
v -0.114430 0.434141 0.069643
v 0.000966 0.448985 0.106780
v 0.032804 0.434141 0.108117
v -0.158657 0.449072 0.022512
v -0.134726 0.434141 0.048340
v -0.146161 0.413797 0.015246
v -0.134641 0.413797 0.043069
v 0.016038 0.413797 0.123995
v -0.117894 0.413797 0.068252
v 0.045602 0.413797 0.118086
v -0.096580 0.413797 0.089669
v 0.073450 0.413797 0.106496
v -0.071517 0.413797 0.106496
v 0.098513 0.413797 0.089669
v -0.043669 0.413797 0.118086
v 0.119827 0.413797 0.068252
v -0.014105 0.413797 0.123995
v 0.136574 0.413797 0.043068
v 0.148093 0.413797 0.015246
v 0.153675 0.413797 -0.010537
v 0.147857 0.403628 0.002276
v 0.139447 0.403628 0.030578
v 0.125595 0.403628 0.057839
v -0.028276 0.403628 0.124887
v 0.106955 0.403628 0.081733
v -0.056394 0.403628 0.115914
v 0.084241 0.403628 0.101342
v -0.082308 0.403628 0.101343
v 0.058327 0.403628 0.115914
v -0.105022 0.403628 0.081733
v 0.000966 0.421713 0.120265
v 0.030208 0.403628 0.124887
v -0.123663 0.403628 0.057839
v -0.137514 0.403628 0.030578
v -0.145924 0.403628 0.002277
v 0.090027 0.330862 0.086306
v -0.039786 0.330862 0.113923
v 0.109488 0.330862 0.065492
v -0.012794 0.330862 0.119666
v 0.124777 0.330862 0.041018
v 0.135294 0.330862 0.013983
v 0.140381 0.330862 -0.010981
v -0.133362 0.330862 0.013983
v -0.122845 0.330862 0.041018
v 0.014727 0.330862 0.119666
v -0.107555 0.330862 0.065492
v 0.041719 0.330862 0.113923
v -0.088095 0.330862 0.086306
v 0.067145 0.330862 0.102659
v -0.065212 0.330862 0.102659
v -0.053221 0.334508 0.112148
v 0.079635 0.334508 0.097953
v -0.076322 0.327844 0.092011
v 0.054204 0.327844 0.105545
v -0.097404 0.327844 0.073797
v 0.028107 0.327844 0.113879
v -0.114705 0.327844 0.051604
v -0.127560 0.327844 0.026283
v -0.135357 0.327844 0.000087
v 0.137290 0.327844 0.000087
v 0.129493 0.327844 0.026283
v 0.000966 0.327844 0.116693
v 0.116637 0.327844 0.051603
v -0.026174 0.327844 0.113879
v 0.099336 0.327844 0.073797
v 0.088468 0.325245 0.080389
v -0.039073 0.325245 0.106599
v 0.107588 0.325245 0.060636
v -0.012553 0.325245 0.112049
v 0.122610 0.325245 0.037410
v 0.132942 0.325245 0.011761
v 0.137922 0.325245 -0.011763
v -0.131009 0.325245 0.011762
v -0.120677 0.325245 0.037410
v 0.014486 0.325245 0.112049
v -0.105655 0.325245 0.060637
v 0.041005 0.325245 0.106599
v -0.086536 0.325245 0.080390
v 0.065986 0.325245 0.095909
v -0.064053 0.325245 0.095909
v -0.052271 0.327844 0.105545
v 0.078255 0.327844 0.092011
v -0.075089 0.322779 0.085234
v 0.053354 0.322779 0.098014
v -0.095834 0.322779 0.068034
v 0.027673 0.322779 0.105885
v -0.112858 0.322779 0.047075
v -0.125509 0.322779 0.023164
v -0.133174 0.322779 -0.001503
v 0.135107 0.322779 -0.001504
v 0.127441 0.322779 0.023164
v 0.000966 0.322779 0.108542
v 0.114791 0.322779 0.047075
v -0.025741 0.322779 0.105885
v 0.097766 0.322779 0.068033
v -0.021864 0.316195 0.083100
v -0.043816 0.316195 0.076656
v -0.064048 0.316195 0.066190
v -0.081781 0.316195 0.052107
v -0.096335 0.316195 0.034946
v -0.107149 0.316195 0.015367
v -0.113677 0.316195 -0.004591
v 0.115610 0.316195 -0.004591
v 0.109081 0.316195 0.015366
v 0.098267 0.316195 0.034945
v 0.083714 0.316195 0.052106
v 0.065981 0.316195 0.066190
v 0.045749 0.316195 0.076655
v 0.023796 0.316195 0.083100
v 0.000966 0.316195 0.085276
v -0.091817 0.315927 -0.124805
v -0.108135 0.315927 -0.105563
v -0.120261 0.315927 -0.083609
v -0.127581 0.315927 -0.061231
v 0.129514 0.315927 -0.061231
v 0.122194 0.315927 -0.083610
v 0.110068 0.315927 -0.105563
v 0.093750 0.315927 -0.124805
v -0.023752 0.316195 0.090497
v -0.047521 0.316195 0.083520
v -0.069427 0.316195 0.072189
v -0.088627 0.316195 0.056940
v -0.104385 0.316195 0.038359
v -0.116093 0.316195 0.017160
v -0.123174 0.316195 -0.004564
v 0.125106 0.316195 -0.004564
v 0.118026 0.316195 0.017160
v 0.106317 0.316195 0.038358
v 0.090560 0.316195 0.056939
v 0.071360 0.316195 0.072188
v 0.049454 0.316195 0.083519
v 0.025685 0.316195 0.090497
v 0.000966 0.316195 0.092853
v -0.011140 0.316195 0.089188
v -0.034887 0.316195 0.084616
v -0.057257 0.316195 0.075650
v -0.077389 0.316195 0.062632
v -0.094509 0.316195 0.046064
v -0.107961 0.316195 0.026581
v -0.117211 0.316195 0.005093
v 0.123543 0.316195 -0.014108
v 0.119143 0.316195 0.005093
v 0.109894 0.316195 0.026581
v 0.096442 0.316195 0.046063
v 0.079321 0.316195 0.062632
v 0.059189 0.316195 0.075650
v 0.036820 0.316195 0.084616
v 0.013073 0.316195 0.089188
v -0.024770 0.316281 0.095492
v -0.049517 0.316281 0.088224
v -0.072325 0.316281 0.076423
v -0.092316 0.316281 0.060541
v -0.108722 0.316281 0.041188
v -0.120913 0.316281 0.019109
v -0.128290 0.316281 -0.003571
v 0.130222 0.316281 -0.003571
v 0.122845 0.316281 0.019108
v 0.110654 0.316281 0.041188
v 0.094248 0.316281 0.060540
v 0.074257 0.316281 0.076422
v 0.051450 0.316281 0.088224
v 0.026703 0.316281 0.095492
v 0.000966 0.316281 0.097945
v -0.011725 0.316195 0.094937
v -0.036620 0.316195 0.090145
v -0.060071 0.316195 0.080745
v -0.081176 0.316195 0.067098
v -0.099124 0.316195 0.049729
v -0.113226 0.316195 0.029305
v -0.122924 0.316195 0.006770
v 0.129487 0.316195 -0.013518
v 0.124856 0.316195 0.006770
v 0.115159 0.316195 0.029304
v 0.101057 0.316195 0.049729
v 0.083109 0.316195 0.067098
v 0.062004 0.316195 0.080745
v 0.038553 0.316195 0.090145
v 0.013658 0.316195 0.094937
v -0.011969 1.082948 0.015056
v -0.024407 1.082948 0.012494
v -0.035870 1.082948 0.008334
v -0.045918 1.082948 0.002735
v -0.054164 1.082948 -0.004087
v -0.060291 1.082948 -0.011870
v -0.063878 1.082948 -0.019028
v 0.065810 1.082948 -0.019029
v 0.062223 1.082948 -0.011870
v 0.056096 1.082948 -0.004087
v 0.047850 1.082948 0.002735
v 0.037803 1.082948 0.008334
v 0.026340 1.082948 0.012494
v 0.000966 1.082948 0.015921
v 0.013902 1.082948 0.015056
v -0.003655 1.082948 0.008707
v -0.012719 1.082948 0.007483
v -0.021258 1.082948 0.005081
v -0.028943 1.082948 0.001595
v -0.035478 1.082948 -0.002842
v -0.040613 1.082948 -0.008060
v -0.044113 1.082948 -0.013609
v 0.045151 1.082948 -0.017390
v 0.046046 1.082948 -0.013609
v 0.042545 1.082948 -0.008060
v 0.037410 1.082948 -0.002842
v 0.030875 1.082948 0.001595
v 0.023191 1.082948 0.005081
v 0.014652 1.082948 0.007483
v 0.005587 1.082948 0.008707
v -0.015128 1.082848 0.025495
v -0.030605 1.082848 0.022288
v -0.044867 1.082848 0.017082
v -0.057369 1.082848 0.010075
v -0.067629 1.082848 0.001538
v -0.075253 1.082848 -0.008203
v -0.079762 1.082848 -0.017494
v 0.081695 1.082848 -0.017494
v 0.077185 1.082848 -0.008203
v 0.069561 1.082848 0.001538
v 0.059301 1.082848 0.010075
v 0.046800 1.082848 0.017082
v 0.032537 1.082848 0.022288
v 0.000966 1.082848 0.026577
v 0.017061 1.082848 0.025494
v -0.006364 1.082948 0.020773
v -0.020744 1.082948 0.018831
v -0.034289 1.082948 0.015021
v -0.046480 1.082948 0.009491
v -0.056847 1.082948 0.002452
v -0.064993 1.082948 -0.005825
v -0.070580 1.082948 -0.014863
v 0.074870 1.082948 -0.021128
v 0.072513 1.082948 -0.014863
v 0.066925 1.082948 -0.005826
v 0.058780 1.082948 0.002452
v 0.048412 1.082948 0.009491
v 0.036222 1.082948 0.015021
v 0.022677 1.082948 0.018831
v 0.008297 1.082948 0.020773
v 0.091265 1.080456 0.015754
v 0.077759 1.080456 0.028169
v 0.061302 1.080456 0.038358
v 0.101301 1.080456 0.001589
v 0.107310 1.080456 -0.012502
v 0.042526 1.080456 0.045930
v 0.022153 1.080456 0.050592
v 0.000966 1.080456 0.052166
v -0.020221 1.080456 0.050592
v -0.040594 1.080456 0.045930
v -0.059369 1.080456 0.038359
v -0.075827 1.080456 0.028170
v -0.089333 1.080456 0.015754
v -0.099368 1.080456 0.001590
v -0.105378 1.080456 -0.012502
v -0.008171 1.082149 0.035820
v -0.026094 1.082149 0.033299
v -0.042978 1.082149 0.028356
v -0.058173 1.082149 0.021178
v -0.071095 1.082149 0.012043
v -0.081248 1.082149 0.001302
v -0.088219 1.082149 -0.010474
v 0.093234 1.082149 -0.019584
v 0.090151 1.082149 -0.010474
v 0.083180 1.082149 0.001302
v 0.073027 1.082149 0.012043
v 0.060105 1.082149 0.021178
v 0.044911 1.082149 0.028355
v 0.028027 1.082149 0.033299
v 0.010104 1.082149 0.035820
v -0.073646 1.075898 0.066414
v 0.052360 1.075898 0.076999
v -0.093997 1.075898 0.052045
v 0.027167 1.075898 0.083498
v -0.110698 1.075898 0.034512
v -0.123109 1.075898 0.014510
v -0.130604 1.075898 -0.005915
v 0.132536 1.075898 -0.005915
v 0.125041 1.075898 0.014510
v 0.000966 1.075898 0.085692
v 0.112631 1.075898 0.034512
v -0.055953 1.071091 0.094652
v -0.025234 1.075898 0.083498
v 0.083601 1.071091 0.084457
v 0.095929 1.075898 0.052045
v -0.011175 1.078202 0.069902
v -0.034991 1.078202 0.066072
v -0.057425 1.078202 0.058559
v -0.077616 1.078202 0.047652
v -0.094786 1.078202 0.033770
v -0.108277 1.078202 0.017446
v -0.117550 1.078202 -0.000532
v 0.123814 1.078202 -0.016087
v 0.119482 1.078202 -0.000533
v 0.110210 1.078202 0.017446
v 0.096719 1.078202 0.033769
v 0.079548 1.078202 0.047652
v 0.059358 1.078202 0.058559
v 0.036924 1.078202 0.066072
v 0.013108 1.078202 0.069902
v -0.145422 1.065914 0.027555
v -0.154305 1.065914 0.000736
v 0.156238 1.065914 0.000735
v 0.147354 1.065914 0.027555
v 0.132712 1.065914 0.053450
v -0.029945 1.065914 0.105831
v 0.113007 1.065914 0.075984
v -0.059669 1.065914 0.101391
v 0.088996 1.065914 0.092846
v -0.087063 1.065914 0.092846
v 0.061602 1.065914 0.101391
v -0.134783 1.060491 0.056487
v -0.111074 1.065914 0.075985
v 0.000966 1.060491 0.110068
v 0.031878 1.065914 0.105831
v -0.014194 1.068527 0.104977
v -0.043932 1.068527 0.101731
v -0.071946 1.068527 0.095209
v -0.097157 1.068527 0.082233
v -0.118597 1.068527 0.062306
v -0.135442 1.068527 0.038653
v -0.147029 1.068527 0.012527
v 0.154553 1.068527 -0.011493
v 0.148961 1.068527 0.012526
v 0.137375 1.068527 0.038652
v 0.120529 1.068527 0.062306
v 0.099089 1.068527 0.082233
v 0.073878 1.068527 0.095209
v 0.045865 1.068527 0.101731
v 0.016127 1.068527 0.104977
v 0.168100 1.051596 0.002475
v 0.158530 1.051596 0.030967
v 0.142770 1.051596 0.058404
v -0.032305 1.051596 0.110274
v 0.121560 1.051596 0.081708
v -0.064299 1.051596 0.105648
v 0.095717 1.051596 0.097266
v -0.093784 1.051596 0.097266
v 0.066231 1.051596 0.105648
v -0.119628 1.051596 0.081708
v 0.000966 1.051596 0.111835
v 0.034238 1.051596 0.110273
v -0.140837 1.051596 0.058404
v -0.156598 1.051596 0.030968
v -0.166168 1.051596 0.002475
v -0.015336 1.056803 0.110687
v -0.047314 1.056803 0.107607
v -0.077436 1.056803 0.101447
v -0.104546 1.056803 0.089684
v -0.127600 1.056803 0.069890
v -0.145715 1.056803 0.044346
v -0.158175 1.056803 0.016033
v 0.166152 1.056803 -0.010260
v 0.160108 1.056803 0.016032
v 0.147647 1.056803 0.044345
v 0.129533 1.056803 0.069890
v 0.106478 1.056803 0.089684
v 0.079369 1.056803 0.101447
v 0.049246 1.056803 0.107607
v 0.017268 1.056803 0.110687
v 0.167855 1.038554 0.031527
v 0.151162 1.038567 0.059216
v -0.034274 1.038794 0.110775
v 0.128697 1.038634 0.082629
v -0.068161 1.038754 0.106167
v 0.101324 1.038707 0.097890
v -0.099391 1.038707 0.097890
v 0.070094 1.038754 0.106167
v -0.126765 1.038634 0.082629
v 0.000966 1.038821 0.112331
v 0.036207 1.038794 0.110775
v -0.149229 1.038567 0.059217
v -0.165922 1.038554 0.031527
v -0.176060 1.038554 0.002760
v 0.177992 1.038554 0.002760
v -0.016234 1.045370 0.111942
v -0.049975 1.045370 0.108814
v -0.081758 1.045370 0.102577
v -0.110362 1.045370 0.091083
v -0.134687 1.045370 0.071432
v -0.153800 1.045370 0.045507
v -0.166948 1.045370 0.016748
v 0.175264 1.045370 -0.010009
v 0.168880 1.045370 0.016747
v 0.155733 1.045370 0.045506
v 0.136620 1.045370 0.071431
v 0.112294 1.045370 0.091082
v 0.083691 1.045370 0.102577
v 0.051908 1.045370 0.108814
v 0.018167 1.045370 0.111942
v -0.072600 1.024509 0.102369
v 0.107768 1.023388 0.096086
v -0.105835 1.023388 0.096086
v 0.074533 1.024509 0.102369
v -0.134967 1.021627 0.082436
v 0.038470 1.025470 0.105640
v -0.158874 1.020025 0.059313
v -0.176639 1.019705 0.031594
v -0.187427 1.019705 0.002794
v 0.189360 1.019705 0.002794
v 0.178571 1.019705 0.031593
v -0.036537 1.025470 0.105640
v 0.000966 1.026111 0.106744
v 0.136899 1.021627 0.082435
v 0.160807 1.020025 0.059313
v -0.017283 1.032247 0.110289
v -0.053081 1.031940 0.107471
v -0.086802 1.031613 0.101837
v -0.117150 1.031133 0.091111
v -0.142959 1.030512 0.071825
v -0.163237 1.030192 0.045813
v -0.177187 1.030179 0.016936
v 0.185894 1.030179 -0.009942
v 0.179119 1.030179 0.016936
v 0.165170 1.030192 0.045813
v 0.144892 1.030512 0.071825
v 0.119083 1.031133 0.091110
v 0.088735 1.031613 0.101837
v 0.055014 1.031940 0.107471
v 0.019216 1.032247 0.110289
v -0.166911 1.003323 0.058927
v -0.185569 1.002696 0.031328
v -0.196899 1.002696 0.002659
v 0.198832 1.002696 0.002658
v 0.187501 1.002696 0.031327
v 0.000966 1.015240 0.103948
v 0.168843 1.003323 0.058927
v -0.038423 1.013986 0.103038
v 0.143734 1.006459 0.081850
v -0.076299 1.012104 0.100342
v 0.113138 1.009909 0.094889
v -0.141801 1.006459 0.081850
v -0.111205 1.009909 0.094890
v 0.040356 1.013986 0.103038
v 0.078232 1.012104 0.100342
v -0.018423 1.020053 0.103406
v -0.056457 1.018519 0.101687
v -0.092285 1.016884 0.098182
v -0.124529 1.014482 0.089826
v -0.151950 1.011379 0.071664
v -0.173495 1.009778 0.045727
v -0.188315 1.009711 0.016883
v 0.197446 1.009711 -0.009961
v 0.190248 1.009711 0.016883
v 0.175427 1.009778 0.045727
v 0.153883 1.011379 0.071664
v 0.126461 1.014482 0.089826
v 0.094218 1.016884 0.098182
v 0.058390 1.018518 0.101687
v 0.020356 1.020053 0.103406
v 0.201929 0.993285 0.002107
v 0.190424 0.993285 0.030247
v 0.171474 0.993926 0.057358
v -0.039040 1.004815 0.104760
v 0.145971 0.997129 0.080239
v -0.077509 1.002894 0.101365
v 0.114896 1.000652 0.094708
v -0.112963 1.000652 0.094708
v 0.079442 1.002894 0.101365
v -0.144038 0.997129 0.080240
v 0.000966 0.964701 0.081666
v 0.040973 1.004815 0.104760
v -0.169541 0.993926 0.057358
v -0.198318 0.958295 -0.001499
v -0.188492 0.993285 0.030247
v -0.019056 1.010137 0.105323
v -0.058331 1.008295 0.103183
v -0.095328 1.006333 0.098854
v -0.128624 1.003451 0.089393
v -0.156940 0.999727 0.070723
v -0.179188 0.997806 0.045005
v -0.194492 0.997726 0.016439
v 0.203853 0.997726 -0.010118
v 0.196425 0.997726 0.016438
v 0.181120 0.997806 0.045005
v 0.158873 0.999727 0.070722
v 0.130557 1.003451 0.089393
v 0.097261 1.006333 0.098853
v 0.060264 1.008295 0.103183
v 0.020989 1.010137 0.105323
v 0.195882 0.912760 -0.001638
v 0.184745 0.912760 0.022899
v 0.166362 0.912773 0.044973
v -0.037841 0.913000 0.082185
v 0.141624 0.912840 0.057988
v -0.075157 0.912960 0.077086
v 0.111480 0.912914 0.068770
v -0.109548 0.912914 0.068771
v 0.077090 0.912960 0.077086
v -0.139691 0.912840 0.057988
v 0.000966 0.913027 0.083907
v 0.039774 0.913000 0.082185
v -0.164430 0.912773 0.044974
v -0.182812 0.912760 0.022900
v -0.193950 0.912760 -0.001638
v -0.018814 0.941682 0.082720
v -0.057614 0.941375 0.079601
v -0.094163 0.941048 0.073450
v -0.127057 0.940568 0.063826
v -0.155030 0.939947 0.052390
v -0.177009 0.939627 0.035000
v -0.192125 0.939613 0.010411
v 0.201327 0.939613 -0.012238
v 0.194058 0.939613 0.010410
v 0.178942 0.939627 0.035000
v 0.156963 0.939947 0.052389
v 0.128989 0.940568 0.063825
v 0.096096 0.941048 0.073449
v 0.059547 0.941375 0.079601
v 0.020747 0.941682 0.082720
v 0.160289 0.846646 0.044681
v -0.036416 0.846646 0.081930
v 0.136459 0.846646 0.057696
v -0.072362 0.846646 0.076785
v 0.107422 0.846646 0.068430
v -0.105490 0.846646 0.068430
v 0.074294 0.846646 0.076785
v -0.134526 0.846646 0.057696
v 0.000966 0.846646 0.083667
v 0.038349 0.846646 0.081930
v -0.158356 0.846646 0.044681
v -0.176064 0.846646 0.022683
v -0.186792 0.846646 -0.001749
v 0.177996 0.846646 0.022682
v 0.188724 0.846646 -0.001749
v -0.018177 0.880826 0.083459
v -0.055727 0.880826 0.079992
v -0.091099 0.880826 0.073193
v -0.122932 0.880826 0.063386
v -0.150005 0.880826 0.052149
v -0.171275 0.880826 0.034790
v -0.185904 0.880826 0.010279
v 0.194870 0.880826 -0.012284
v 0.187837 0.880826 0.010279
v 0.173208 0.880826 0.034789
v 0.151937 0.880826 0.052148
v 0.124865 0.880826 0.063386
v 0.093031 0.880826 0.073192
v 0.057660 0.880826 0.079992
v 0.020109 0.880826 0.083459
v 0.071360 0.762415 0.076239
v -0.129104 0.762415 0.057249
v 0.036853 0.762415 0.081350
v -0.151981 0.762415 0.044219
v -0.168979 0.762415 0.022339
v -0.179277 0.762415 -0.001924
v 0.181209 0.762415 -0.001924
v 0.170912 0.762415 0.022339
v 0.000966 0.762415 0.083076
v 0.153913 0.762415 0.044219
v -0.034920 0.762415 0.081350
v 0.103162 0.762415 0.067938
v 0.131037 0.762415 0.057249
v -0.101230 0.762415 0.067939
v -0.069427 0.762415 0.076239
v -0.017447 0.807909 0.082937
v -0.053566 0.807909 0.079491
v -0.087589 0.807909 0.072731
v -0.118210 0.807909 0.062978
v -0.144250 0.807909 0.051742
v -0.164710 0.807909 0.034419
v -0.178781 0.807909 0.010049
v 0.187476 0.807909 -0.012365
v 0.180714 0.807909 0.010048
v 0.166643 0.807909 0.034419
v 0.146183 0.807909 0.051742
v 0.120142 0.807909 0.062978
v 0.089522 0.807909 0.072730
v 0.055499 0.807909 0.079491
v 0.019380 0.807909 0.082937
v -0.172119 0.666478 -0.001907
v 0.174051 0.666478 -0.001908
v 0.164162 0.666478 0.022371
v 0.147839 0.666478 0.044262
v -0.033495 0.666478 0.081404
v 0.125871 0.666478 0.057290
v -0.066632 0.666478 0.076289
v 0.099103 0.666478 0.067984
v -0.097171 0.666478 0.067984
v 0.068564 0.666478 0.076289
v -0.123938 0.666478 0.057291
v 0.000966 0.666478 0.083131
v 0.035427 0.666478 0.081404
v -0.162230 0.666478 0.022371
v -0.145906 0.666478 0.044262
v -0.016687 0.713564 0.082529
v -0.051316 0.713564 0.079099
v -0.083935 0.713564 0.072369
v -0.113292 0.713564 0.062658
v -0.138258 0.713564 0.051423
v -0.157873 0.713564 0.034129
v -0.171364 0.713564 0.009869
v 0.179777 0.713564 -0.012429
v 0.173296 0.713564 0.009868
v 0.159806 0.713564 0.034129
v 0.140190 0.713564 0.051423
v 0.115224 0.713564 0.062658
v 0.085868 0.713564 0.072369
v 0.053248 0.713564 0.079098
v 0.018620 0.713564 0.082529
v 0.169622 0.601392 -0.001931
v 0.159987 0.601392 0.022326
v 0.144081 0.601392 0.044201
v -0.032613 0.601392 0.081328
v 0.122675 0.601392 0.057232
v -0.064902 0.601392 0.076218
v 0.096592 0.601392 0.067920
v -0.094660 0.601392 0.067920
v 0.066835 0.601392 0.076218
v -0.120742 0.601392 0.057232
v 0.000966 0.601392 0.083053
v 0.034546 0.601392 0.081328
v -0.142148 0.601392 0.044202
v -0.158054 0.601392 0.022326
v -0.167690 0.601392 -0.001930
v -0.016076 0.627587 0.082822
v -0.049507 0.627587 0.079380
v -0.080998 0.627587 0.072628
v -0.109339 0.627587 0.062888
v -0.133441 0.627587 0.051652
v -0.152378 0.627587 0.034337
v -0.165402 0.627587 0.009998
v 0.173593 0.627587 -0.012383
v 0.167334 0.627587 0.009997
v 0.154310 0.627587 0.034337
v 0.135373 0.627587 0.051652
v 0.111271 0.627587 0.062887
v 0.082930 0.627587 0.072628
v 0.051440 0.627587 0.079380
v 0.018009 0.627587 0.082822
v 0.160526 0.567932 0.022268
v 0.144566 0.567932 0.044157
v -0.032727 0.567932 0.081692
v 0.123088 0.567932 0.057346
v -0.065125 0.567932 0.076533
v 0.096917 0.567932 0.068155
v -0.094984 0.567932 0.068155
v 0.067058 0.567932 0.076533
v -0.121155 0.567932 0.057346
v 0.000966 0.567932 0.083434
v 0.034660 0.567932 0.081692
v -0.142634 0.567932 0.044157
v -0.158594 0.567932 0.022268
v -0.168262 0.567932 -0.001960
v 0.170194 0.567932 -0.001960
v -0.015859 0.583373 0.082413
v -0.048863 0.583373 0.078987
v -0.079952 0.583373 0.072266
v -0.107931 0.583373 0.062568
v -0.131726 0.583373 0.051333
v -0.150421 0.583373 0.034047
v -0.163279 0.583373 0.009817
v 0.171388 0.583373 -0.012447
v 0.165211 0.583373 0.009817
v 0.152353 0.583373 0.034047
v 0.133658 0.583373 0.051333
v 0.109864 0.583373 0.062567
v 0.081884 0.583373 0.072266
v 0.050795 0.583373 0.078987
v 0.017792 0.583373 0.082413
v -0.067723 0.542284 0.085898
v 0.100687 0.542276 0.075454
v -0.098755 0.542276 0.075455
v 0.069655 0.542347 0.085963
v -0.125955 0.542331 0.061730
v 0.035984 0.542282 0.092328
v -0.148277 0.542347 0.044967
v -0.164864 0.542347 0.022289
v -0.174912 0.542347 -0.001949
v 0.176844 0.542347 -0.001950
v 0.166796 0.542347 0.022288
v -0.034051 0.542266 0.092312
v 0.000966 0.542260 0.094475
v 0.127887 0.542268 0.061664
v 0.150210 0.542331 0.044950
v -0.016221 0.554190 0.086471
v -0.049935 0.554190 0.082741
v -0.081693 0.554190 0.075425
v -0.110275 0.554190 0.064855
v -0.134582 0.554190 0.052363
v -0.153679 0.554190 0.034258
v -0.166814 0.554190 0.009928
v 0.175057 0.554190 -0.012408
v 0.168746 0.554190 0.009927
v 0.155612 0.554190 0.034258
v 0.136514 0.554190 0.052363
v 0.112208 0.554190 0.064854
v 0.083626 0.554190 0.075425
v 0.051868 0.554190 0.082741
v 0.018154 0.554190 0.086471
v -0.156538 0.523474 0.045959
v -0.174043 0.523474 0.022419
v -0.184648 0.523474 -0.001883
v 0.186580 0.523474 -0.001884
v 0.175976 0.523474 0.022418
v 0.000966 0.521387 0.104692
v 0.158471 0.523096 0.045566
v -0.035989 0.521540 0.102176
v 0.134913 0.521582 0.064504
v -0.071525 0.521970 0.094571
v 0.106207 0.521766 0.081572
v -0.132980 0.523096 0.066070
v -0.104275 0.521766 0.081572
v 0.037922 0.521918 0.102567
v 0.073458 0.523484 0.096137
v -0.017114 0.531513 0.101164
v -0.052579 0.531652 0.096334
v -0.085987 0.531639 0.086585
v -0.116053 0.531832 0.072784
v -0.141622 0.532187 0.055591
v -0.161712 0.532203 0.034275
v -0.175529 0.532203 0.009853
v 0.184099 0.532203 -0.012434
v 0.177461 0.532203 0.009852
v 0.163645 0.532187 0.034258
v 0.143555 0.531824 0.055215
v 0.117986 0.531485 0.072424
v 0.087920 0.531986 0.086944
v 0.054512 0.532015 0.096709
v 0.019046 0.531529 0.101181
v 0.193151 0.509366 -0.001710
v 0.182170 0.509366 0.022759
v 0.164045 0.508625 0.045721
v -0.037297 0.505578 0.102245
v 0.139653 0.505660 0.063452
v -0.074090 0.506419 0.094630
v 0.109932 0.506020 0.080992
v -0.107999 0.506020 0.080993
v 0.076023 0.509384 0.097697
v -0.137721 0.508625 0.066520
v 0.000966 0.505277 0.104716
v 0.039230 0.506319 0.103012
v -0.162112 0.509366 0.046488
v -0.191218 0.509366 -0.001709
v -0.180237 0.509366 0.022760
v -0.018005 0.512498 0.104190
v -0.055218 0.513194 0.099310
v -0.090272 0.513127 0.088370
v -0.121820 0.514091 0.074194
v -0.148649 0.515867 0.057037
v -0.169729 0.515946 0.034796
v -0.184226 0.515946 0.010152
v 0.193128 0.515946 -0.012329
v 0.186159 0.515946 0.010151
v 0.171661 0.515867 0.034713
v 0.150582 0.514053 0.055160
v 0.123753 0.512356 0.072399
v 0.092205 0.514862 0.090165
v 0.057151 0.515008 0.101186
v 0.019937 0.512576 0.104271
v 0.193901 0.497340 -0.001724
v 0.182877 0.497340 0.022732
v 0.164682 0.496583 0.045665
v -0.037446 0.493471 0.102120
v 0.140195 0.493554 0.063320
v -0.074383 0.494330 0.094512
v 0.110357 0.493922 0.080861
v -0.108425 0.493922 0.080862
v 0.076316 0.497358 0.097645
v -0.138262 0.496583 0.066453
v 0.000966 0.493164 0.104585
v 0.039379 0.494228 0.102903
v -0.162749 0.497340 0.046449
v -0.180944 0.497340 0.022732
v -0.191968 0.497340 -0.001723
v -0.018359 0.499149 0.104051
v -0.056268 0.499985 0.099230
v -0.091977 0.499904 0.088133
v -0.124114 0.501061 0.074069
v -0.151445 0.503192 0.057231
v -0.172918 0.503286 0.034952
v -0.187687 0.503286 0.010248
v 0.196719 0.503286 -0.012295
v 0.189619 0.503286 0.010247
v 0.174851 0.503192 0.034853
v 0.153377 0.501015 0.054978
v 0.126047 0.498979 0.071915
v 0.093909 0.501986 0.090287
v 0.058200 0.502161 0.101482
v 0.020292 0.499243 0.104149
v -0.037007 0.482458 0.101449
v 0.138601 0.482540 0.062878
v -0.073521 0.483299 0.093880
v 0.109105 0.482900 0.080318
v -0.107173 0.482900 0.080318
v 0.075454 0.486264 0.096947
v -0.136669 0.485505 0.065946
v 0.000966 0.482157 0.103904
v 0.038940 0.483199 0.102216
v -0.160875 0.486246 0.046037
v -0.178863 0.486246 0.022449
v -0.189759 0.486246 -0.001868
v 0.191692 0.486246 -0.001868
v 0.162808 0.485505 0.045270
v 0.180795 0.486246 0.022449
v -0.018240 0.487555 0.103661
v -0.055916 0.488392 0.098855
v -0.091405 0.488311 0.087788
v -0.123345 0.489468 0.073766
v -0.150508 0.491598 0.056982
v -0.171849 0.491693 0.034767
v -0.186527 0.491693 0.010134
v 0.195515 0.491693 -0.012335
v 0.188460 0.491693 0.010134
v 0.173782 0.491598 0.034669
v 0.152440 0.489422 0.054730
v 0.125278 0.487386 0.071612
v 0.093338 0.490393 0.089941
v 0.057849 0.490568 0.101107
v 0.020173 0.487650 0.103759
v -0.130514 0.469157 0.066261
v 0.037242 0.467979 0.103031
v -0.153638 0.469535 0.045990
v -0.170821 0.469535 0.022416
v -0.181231 0.469535 -0.001884
v 0.183163 0.469535 -0.001885
v 0.172754 0.469535 0.022416
v 0.000966 0.467447 0.105174
v 0.155571 0.469157 0.045598
v -0.035309 0.467601 0.102639
v 0.132447 0.467642 0.064694
v -0.102337 0.467826 0.081892
v -0.070190 0.468030 0.094980
v 0.072123 0.469544 0.096546
v 0.104270 0.467826 0.081892
v -0.017820 0.475852 0.103409
v -0.054670 0.476549 0.098559
v -0.089382 0.476482 0.087678
v -0.120622 0.477446 0.073588
v -0.147189 0.479221 0.056539
v -0.168063 0.479300 0.034426
v -0.182420 0.479300 0.009924
v 0.191250 0.479300 -0.012409
v 0.184352 0.479300 0.009923
v 0.169996 0.479221 0.034344
v 0.149122 0.477408 0.054662
v 0.122555 0.475711 0.071793
v 0.091315 0.478217 0.089473
v 0.056603 0.478363 0.100435
v 0.019752 0.475931 0.103490
v -0.168330 0.449072 -0.001835
v 0.170263 0.449072 -0.001836
v 0.160590 0.449072 0.022512
v 0.144624 0.449056 0.046112
v -0.032740 0.448991 0.104159
v 0.123137 0.448993 0.066747
v -0.065152 0.449009 0.096390
v 0.096955 0.449001 0.083746
v -0.095022 0.449001 0.083746
v 0.067085 0.449072 0.096455
v -0.121204 0.449056 0.066813
v 0.000966 0.434141 0.110819
v 0.034673 0.449007 0.104175
v -0.149807 0.434141 0.024035
v -0.142691 0.449072 0.046129
v -0.016582 0.458056 0.105687
v -0.051004 0.458195 0.100535
v -0.083430 0.458182 0.090156
v -0.112612 0.458375 0.075430
v -0.137429 0.458730 0.056863
v -0.156928 0.458745 0.034618
v -0.170338 0.458745 0.010042
v 0.178716 0.458745 -0.012367
v 0.172271 0.458745 0.010042
v 0.158860 0.458730 0.034601
v 0.139362 0.458367 0.056488
v 0.114545 0.458028 0.075071
v 0.085363 0.458529 0.090515
v 0.052937 0.458558 0.100910
v 0.018515 0.458072 0.105703
v 0.154676 0.421713 0.000783
v 0.145882 0.421713 0.027650
v 0.131387 0.421713 0.053587
v -0.029635 0.421713 0.117382
v 0.111880 0.421713 0.076322
v -0.059060 0.421713 0.108844
v 0.088111 0.421713 0.094980
v -0.086178 0.421713 0.094980
v 0.060992 0.421713 0.108844
v -0.109947 0.421713 0.076323
v 0.000966 0.403628 0.127916
v 0.031567 0.421713 0.117382
v -0.129455 0.421713 0.053588
v -0.143950 0.421713 0.027650
v -0.152744 0.421713 0.000784
v -0.014690 0.428045 0.114595
v -0.045401 0.428045 0.109047
v -0.074330 0.428045 0.098165
v -0.100365 0.428045 0.082367
v -0.122506 0.428045 0.062260
v -0.139903 0.428045 0.038616
v -0.151868 0.428045 0.012504
v 0.159574 0.428045 -0.011501
v 0.153801 0.428045 0.012504
v 0.141835 0.428045 0.038616
v 0.124439 0.428045 0.062259
v 0.102298 0.428045 0.082367
v 0.076262 0.428045 0.098165
v 0.047333 0.428045 0.109047
v 0.016623 0.428045 0.114595
v 0.133760 0.385932 0.031544
v 0.120477 0.385932 0.059242
v -0.027075 0.385932 0.127364
v 0.102602 0.385932 0.083519
v -0.054038 0.385932 0.118248
v 0.080821 0.385932 0.103443
v -0.078888 0.385932 0.103443
v 0.055971 0.385932 0.118247
v -0.100669 0.385932 0.083519
v 0.000966 0.385932 0.130442
v 0.029008 0.385932 0.127364
v -0.118545 0.385932 0.059242
v -0.131827 0.385932 0.031545
v -0.139894 0.385932 0.002769
v 0.141826 0.385932 0.002769
v -0.013363 0.393698 0.128986
v -0.041471 0.393698 0.122885
v -0.067949 0.393698 0.110918
v -0.091778 0.393698 0.093545
v -0.112043 0.393698 0.071433
v -0.127965 0.393698 0.045433
v -0.138918 0.393698 0.016702
v 0.146168 0.393698 -0.010025
v 0.140850 0.393698 0.016701
v 0.129897 0.393698 0.045432
v 0.113975 0.393698 0.071433
v 0.093710 0.393698 0.093545
v 0.069881 0.393698 0.110918
v 0.043404 0.393698 0.122885
v 0.015296 0.393698 0.128986
v -0.053370 0.363435 0.117600
v 0.079851 0.363435 0.102860
v -0.077918 0.363435 0.102860
v 0.055303 0.363435 0.117600
v -0.099435 0.363435 0.083024
v 0.028667 0.363435 0.126677
v -0.117093 0.363435 0.058853
v -0.130214 0.363435 0.031277
v -0.138182 0.363435 0.002633
v 0.140114 0.363435 0.002632
v 0.132147 0.363435 0.031276
v -0.026734 0.363435 0.126677
v 0.000966 0.363435 0.129742
v 0.101367 0.363435 0.083024
v 0.119025 0.363435 0.058853
v -0.012996 0.376827 0.129549
v -0.040383 0.376827 0.123426
v -0.066181 0.376827 0.111417
v -0.089400 0.376827 0.093982
v -0.109145 0.376827 0.071792
v -0.124659 0.376827 0.045699
v -0.135331 0.376827 0.016866
v 0.142446 0.376827 -0.009967
v 0.137263 0.376827 0.016866
v 0.126591 0.376827 0.045699
v 0.111078 0.376827 0.071792
v 0.091332 0.376827 0.093982
v 0.068114 0.376827 0.111417
v 0.042316 0.376827 0.123426
v 0.014928 0.376827 0.129548
v 0.140493 0.342742 0.002310
v 0.132505 0.342742 0.030644
v 0.119348 0.342742 0.057935
v -0.026810 0.342742 0.125057
v 0.101641 0.342742 0.081856
v -0.053518 0.342742 0.116074
v 0.080066 0.342742 0.101487
v -0.078133 0.342742 0.101487
v 0.055451 0.342742 0.116074
v -0.099709 0.342742 0.081856
v 0.000966 0.342742 0.128090
v 0.028743 0.342742 0.125057
v -0.117415 0.342742 0.057936
v -0.138561 0.342742 0.002310
v -0.130572 0.342742 0.030645
v -0.012959 0.350442 0.128206
v -0.040276 0.350442 0.122136
v -0.066007 0.350442 0.110228
v -0.089165 0.350442 0.092940
v -0.108859 0.350442 0.070937
v -0.124332 0.350442 0.045064
v -0.134977 0.350442 0.016475
v 0.142076 0.350442 -0.010105
v 0.136909 0.350442 0.016474
v 0.126265 0.350442 0.045063
v 0.110792 0.350442 0.070936
v 0.091098 0.350442 0.092940
v 0.067940 0.350442 0.110227
v 0.042208 0.350442 0.122136
v 0.014892 0.350442 0.128206
v 0.087234 0.320442 0.074273
v -0.038508 0.320442 0.099027
v 0.106083 0.320442 0.055617
v -0.012362 0.320442 0.104174
v 0.120893 0.320442 0.033680
v 0.131079 0.320442 0.009464
v 0.135968 0.320442 -0.012571
v -0.129146 0.320442 0.009465
v -0.118961 0.320442 0.033680
v 0.014295 0.320442 0.104174
v -0.104151 0.320442 0.055617
v 0.040440 0.320442 0.099027
v -0.085301 0.320442 0.074273
v 0.065069 0.320442 0.088931
v -0.063136 0.320442 0.088931
v -0.074083 0.318356 0.079945
v 0.052661 0.318356 0.092137
v -0.094553 0.318356 0.063536
v 0.027320 0.318356 0.099646
v -0.111352 0.318356 0.043541
v -0.123836 0.318356 0.020730
v -0.131394 0.318356 -0.002744
v 0.133326 0.318356 -0.002745
v 0.125768 0.318356 0.020729
v 0.000966 0.318356 0.102181
v 0.113285 0.318356 0.043541
v -0.051421 0.322779 0.098015
v -0.025387 0.318356 0.099646
v 0.077021 0.322779 0.085233
v 0.096485 0.318356 0.063535
v -0.077702 0.334508 0.097953
v 0.055154 0.334508 0.112148
v -0.099159 0.334508 0.078851
v 0.028591 0.334508 0.120889
v -0.116769 0.334508 0.055574
v -0.129854 0.334508 0.029018
v -0.137796 0.334508 0.001481
v 0.139728 0.334508 0.001481
v 0.131787 0.334508 0.029018
v 0.000966 0.334508 0.123840
v 0.118702 0.334508 0.055574
v -0.050728 0.318356 0.092138
v -0.026658 0.334508 0.120889
v 0.076015 0.318356 0.079944
v 0.101092 0.334508 0.078851
v -0.012987 0.338409 0.125790
v -0.040357 0.338409 0.119812
v -0.066139 0.338409 0.108086
v -0.089343 0.338409 0.091063
v -0.109075 0.338409 0.069396
v -0.124579 0.338409 0.043919
v -0.135245 0.338409 0.015770
v 0.142349 0.338409 -0.010353
v 0.137177 0.338409 0.015769
v 0.126512 0.338409 0.043918
v 0.111008 0.338409 0.069396
v 0.091275 0.338409 0.091063
v 0.068072 0.338409 0.108086
v 0.042290 0.338409 0.119812
v 0.014920 0.338409 0.125790
v -0.012152 0.316882 0.099482
v -0.037883 0.316882 0.094516
v -0.062122 0.316882 0.084773
v -0.083937 0.316882 0.070628
v -0.102488 0.316882 0.052626
v -0.117064 0.316882 0.031458
v -0.127088 0.316882 0.008096
v 0.133820 0.316882 -0.013052
v 0.129021 0.316882 0.008096
v 0.118997 0.316882 0.031457
v 0.104421 0.316882 0.052626
v 0.085869 0.316882 0.070628
v 0.064055 0.316882 0.084773
v 0.039816 0.316882 0.094516
v 0.014084 0.316882 0.099482
v -0.190387 0.846646 -0.021954
v -0.182724 0.762415 -0.021983
v -0.175429 0.666478 -0.021981
v -0.170915 0.601392 -0.021985
v -0.171497 0.567932 -0.021990
v -0.178275 0.542347 -0.021988
v -0.188199 0.523474 -0.021977
v -0.194900 0.509366 -0.021948
v -0.195664 0.497340 -0.021950
v -0.193409 0.486246 -0.021974
v -0.184716 0.469535 -0.021977
v -0.171570 0.449072 -0.021969
v 0.150741 0.403628 -0.021279
v -0.155736 0.421713 -0.021529
v -0.162023 0.434141 -0.021838
v 0.144600 0.385932 -0.021196
v 0.142441 0.334508 -0.021412
v 0.142852 0.363435 -0.021219
v 0.143234 0.342742 -0.021273
v 0.139933 0.327844 -0.021646
v 0.137680 0.322779 -0.021913
v 0.135842 0.318356 -0.022121
v 0.132662 0.316281 -0.022260
v 0.127429 0.316195 -0.022426
v 0.115887 0.316195 -0.021896
v -0.113955 0.316195 -0.021896
v -0.130730 0.316281 -0.022260
v -0.125496 0.316195 -0.022426
v -0.142667 0.385932 -0.021196
v -0.140920 0.363434 -0.021219
v -0.140509 0.334508 -0.021412
v -0.148808 0.403628 -0.021279
v -0.141301 0.342742 -0.021273
v -0.138000 0.327844 -0.021646
v -0.135747 0.322779 -0.021913
v -0.133909 0.318357 -0.022121
v -0.080874 1.082848 -0.024595
v 0.082807 1.082848 -0.024595
v 0.000966 1.082948 -0.020711
v 0.109063 1.080456 -0.023758
v 0.065518 1.082948 -0.024691
v -0.107131 1.080456 -0.023758
v -0.063586 1.082948 -0.024691
v -0.133026 1.075898 -0.022653
v 0.134959 1.075898 -0.022653
v 0.159260 1.065914 -0.021538
v 0.149504 1.071091 -0.021925
v -0.147572 1.071091 -0.021925
v -0.157328 1.065914 -0.021537
v 0.205871 0.993285 -0.021307
v 0.205551 0.984707 -0.021530
v 0.205091 0.976410 -0.021787
v 0.204074 0.958295 -0.021912
v 0.202725 1.002696 -0.021215
v 0.199618 0.912760 -0.021936
v 0.192320 0.846646 -0.021954
v 0.193069 1.019705 -0.021192
v 0.184657 0.762415 -0.021984
v 0.181477 1.038554 -0.021198
v 0.171386 1.051596 -0.021246
v 0.164095 1.060491 -0.021359
v -0.162162 1.060491 -0.021359
v -0.169453 1.051596 -0.021246
v -0.179545 1.038554 -0.021198
v -0.191137 1.019705 -0.021192
v -0.200793 1.002696 -0.021215
v -0.203939 0.993285 -0.021307
v -0.203619 0.984707 -0.021530
v -0.202141 0.958295 -0.021912
v -0.203159 0.976410 -0.021787
v -0.197685 0.912760 -0.021936
v 0.177362 0.666478 -0.021981
v 0.172847 0.601392 -0.021985
v 0.173430 0.567932 -0.021990
v 0.180207 0.542347 -0.021988
v 0.190132 0.523474 -0.021977
v 0.197596 0.497340 -0.021950
v 0.196832 0.509366 -0.021948
v 0.195341 0.486246 -0.021974
v 0.186648 0.469535 -0.021977
v 0.173502 0.449072 -0.021969
v 0.163955 0.434141 -0.021839
v 0.157668 0.421713 -0.021529
v -0.177845 0.713564 -0.012428
v -0.140144 0.350442 -0.010105
v 0.073866 0.315927 -0.140597
v -0.140514 0.376827 -0.009967
v -0.140417 0.338409 -0.010353
v -0.121881 1.078202 -0.016087
v -0.144236 0.393698 -0.010025
v -0.139699 1.073557 -0.013231
v -0.169455 0.583373 -0.012446
v -0.176783 0.458745 -0.012367
v -0.191195 0.515946 -0.012329
v -0.127554 0.316195 -0.013518
v -0.173125 0.554190 -0.012407
v -0.091302 1.082149 -0.019584
v -0.164220 1.056803 -0.010260
v -0.192938 0.880826 -0.012284
v -0.171660 0.627587 -0.012383
v -0.165343 0.440922 -0.012265
v -0.072938 1.082948 -0.021128
v -0.121610 0.316195 -0.014108
v -0.043219 1.082948 -0.017390
v -0.189317 0.479300 -0.012409
v -0.135990 0.325245 -0.011762
v -0.158834 1.063280 -0.010708
v -0.195514 1.009711 -0.009961
v -0.138449 0.330862 -0.010981
v -0.134036 0.320442 -0.012570
v -0.152621 1.068527 -0.011493
v -0.202623 0.988971 -0.010591
v -0.193582 0.491693 -0.012335
v -0.183962 1.030179 -0.009942
v -0.157642 0.428045 -0.011501
v -0.182167 0.532203 -0.012434
v -0.173332 1.045370 -0.010009
v -0.194787 0.503286 -0.012295
v -0.131888 0.316882 -0.013052
v -0.199395 0.939613 -0.012238
v -0.151742 0.413797 -0.010537
v -0.202181 0.980621 -0.011429
v -0.185544 0.807909 -0.012365
v -0.201625 0.969837 -0.012058
v -0.201921 0.997726 -0.010117
v 0.188890 0.807909 -0.031292
v 0.181130 0.713564 -0.031292
v 0.174900 0.627587 -0.031292
v 0.172676 0.583373 -0.031292
v 0.176375 0.554190 -0.031292
v 0.185484 0.532203 -0.031292
v 0.194585 0.515946 -0.031292
v 0.198205 0.503286 -0.031292
v 0.196990 0.491693 -0.031292
v 0.192690 0.479300 -0.031292
v 0.180062 0.458746 -0.031292
v 0.168538 0.440922 -0.031292
v 0.160799 0.428045 -0.031292
v 0.154876 0.413797 -0.031292
v 0.147321 0.393698 -0.031292
v 0.143571 0.376827 -0.031292
v 0.143195 0.350442 -0.031292
v 0.143465 0.338409 -0.031292
v 0.141469 0.330862 -0.031292
v 0.138974 0.325245 -0.031292
v 0.136986 0.320442 -0.031292
v 0.134809 0.316882 -0.031292
v 0.130431 0.316195 -0.031292
v 0.124427 0.316195 -0.031292
v 0.051180 0.315927 -0.152332
v -0.122495 0.316196 -0.031292
v -0.128499 0.316195 -0.031292
v -0.132877 0.316882 -0.031292
v -0.135053 0.320442 -0.031292
v -0.137041 0.325245 -0.031292
v -0.139537 0.330862 -0.031292
v -0.141533 0.338409 -0.031292
v -0.141263 0.350442 -0.031292
v -0.141638 0.376827 -0.031292
v -0.145389 0.393698 -0.031292
v -0.152944 0.413797 -0.031292
v -0.158866 0.428045 -0.031292
v -0.166605 0.440922 -0.031292
v -0.178130 0.458745 -0.031292
v -0.190758 0.479300 -0.031292
v -0.195057 0.491693 -0.031292
v -0.196273 0.503286 -0.031292
v -0.192652 0.515946 -0.031292
v -0.183552 0.532203 -0.031292
v -0.174442 0.554190 -0.031292
v -0.170744 0.583373 -0.031292
v -0.172968 0.627587 -0.031292
v -0.179198 0.713564 -0.031292
v -0.186957 0.807909 -0.031292
v -0.194410 0.880826 -0.031292
v -0.200917 0.939613 -0.031292
v -0.203171 0.969837 -0.031292
v -0.203752 0.980621 -0.031292
v -0.204223 0.988971 -0.031292
v -0.203529 0.997726 -0.031292
v -0.197075 1.009711 -0.031292
v -0.185432 1.030179 -0.031292
v -0.174716 1.045370 -0.031292
v -0.165526 1.056803 -0.031292
v -0.160087 1.063279 -0.031292
v -0.153807 1.068527 -0.031292
v -0.140739 1.073557 -0.031292
v -0.122691 1.078202 -0.031292
v -0.091743 1.082149 -0.031292
v -0.073180 1.082948 -0.031292
v -0.041015 1.082948 -0.031292
v 0.042947 1.082948 -0.031292
v 0.075112 1.082948 -0.031292
v 0.093675 1.082149 -0.031292
v 0.124623 1.078202 -0.031292
v 0.142671 1.073557 -0.031292
v 0.155740 1.068527 -0.031292
v 0.162020 1.063279 -0.031292
v 0.167459 1.056803 -0.031292
v 0.176649 1.045370 -0.031292
v 0.187365 1.030179 -0.031292
v 0.199008 1.009711 -0.031292
v 0.205462 0.997726 -0.031292
v 0.206156 0.988971 -0.031292
v 0.205685 0.980621 -0.031292
v 0.205103 0.969837 -0.031292
v 0.202850 0.939613 -0.031292
v 0.196342 0.880826 -0.031292
v -0.093392 1.071091 -0.139429
v 0.044142 1.071091 -0.160608
v -0.114009 1.071091 -0.120328
v 0.015545 1.071091 -0.164510
v -0.130209 1.071091 -0.097843
v -0.141350 1.071091 -0.073021
v -0.146707 1.071091 -0.050356
v 0.143282 1.071091 -0.073021
v 0.132141 1.071091 -0.097843
v -0.013613 1.071091 -0.164510
v 0.115942 1.071091 -0.120328
v -0.042210 1.071091 -0.160608
v 0.095324 1.071091 -0.139429
v -0.069148 1.071091 -0.152859
v 0.071081 1.071091 -0.152859
v -0.015036 1.060491 -0.172269
v 0.127171 1.060491 -0.131244
v -0.046427 1.060491 -0.169228
v 0.104539 1.060491 -0.151152
v -0.075996 1.060491 -0.163129
v 0.077928 1.060491 -0.163129
v -0.102607 1.060491 -0.151151
v 0.048359 1.060491 -0.169228
v -0.125238 1.060491 -0.131243
v 0.016969 1.060491 -0.172269
v -0.143019 1.060491 -0.106003
v -0.155250 1.060491 -0.078046
v -0.161180 1.060491 -0.052123
v 0.157183 1.060491 -0.078046
v 0.144952 1.060491 -0.106003
v 0.196911 0.984707 -0.076528
v 0.181570 0.984787 -0.103533
v -0.019106 0.997118 -0.165310
v 0.159267 0.986708 -0.127841
v -0.058479 0.995276 -0.163120
v 0.130880 0.990432 -0.147440
v -0.095568 0.993314 -0.158620
v 0.097501 0.993314 -0.158620
v -0.128947 0.990432 -0.147440
v 0.060412 0.995276 -0.163120
v -0.157334 0.986708 -0.127840
v 0.021039 0.997118 -0.165310
v -0.179637 0.984787 -0.103533
v -0.194978 0.984707 -0.076528
v -0.202398 0.984707 -0.051589
v 0.196514 0.976410 -0.074243
v 0.181205 0.976488 -0.099717
v -0.019066 0.988562 -0.152488
v 0.158947 0.978370 -0.120329
v -0.058359 0.986759 -0.150701
v 0.130618 0.982015 -0.136645
v -0.095373 0.984838 -0.146975
v 0.097306 0.984838 -0.146975
v -0.128685 0.982015 -0.136645
v 0.060292 0.986759 -0.150701
v -0.157014 0.978370 -0.120328
v 0.020998 0.988562 -0.152488
v -0.179273 0.976488 -0.099716
v -0.194582 0.976410 -0.074242
v -0.201959 0.976410 -0.050785
v 0.195562 0.958295 -0.073134
v 0.180328 0.958335 -0.097814
v -0.018968 0.964501 -0.143944
v 0.158178 0.959296 -0.115367
v -0.058071 0.963580 -0.141518
v 0.129987 0.961158 -0.127364
v -0.094905 0.962599 -0.136656
v 0.096837 0.962599 -0.136657
v -0.128054 0.961158 -0.127364
v 0.060003 0.963580 -0.141518
v -0.156246 0.959296 -0.115367
v 0.020901 0.964501 -0.143944
v -0.178396 0.958335 -0.097813
v -0.193630 0.958295 -0.073134
v -0.200958 0.958295 -0.050395
v 0.144891 0.434141 -0.099091
v -0.015030 0.434141 -0.172725
v 0.127117 0.434141 -0.122005
v -0.046407 0.434141 -0.167349
v 0.104496 0.434141 -0.141492
v -0.075963 0.434141 -0.156802
v 0.077896 0.434141 -0.156803
v -0.102563 0.434141 -0.141492
v 0.048339 0.434141 -0.167349
v -0.125185 0.434141 -0.122004
v 0.016962 0.434141 -0.172725
v -0.142959 0.434141 -0.099090
v -0.155183 0.434141 -0.073789
v -0.161069 0.434141 -0.050626
v 0.157116 0.434141 -0.073789
v 0.144387 0.403628 -0.078752
v 0.133157 0.403628 -0.107150
v -0.013725 0.403628 -0.189741
v 0.116832 0.403628 -0.132852
v -0.042544 0.403628 -0.183710
v 0.096055 0.403628 -0.154709
v -0.069691 0.403628 -0.171881
v 0.071624 0.403628 -0.171882
v -0.094123 0.403628 -0.154708
v 0.044477 0.403628 -0.183710
v -0.114900 0.403628 -0.132851
v 0.015658 0.403628 -0.189741
v -0.131225 0.403628 -0.107150
v -0.142454 0.403628 -0.078752
v -0.147903 0.403628 -0.052372
v -0.087288 0.327844 -0.146033
v 0.041349 0.327844 -0.172970
v -0.106572 0.327844 -0.125731
v 0.014602 0.327844 -0.178571
v -0.121723 0.327844 -0.101859
v -0.132144 0.327844 -0.075494
v -0.137176 0.327844 -0.051226
v 0.134077 0.327844 -0.075495
v 0.123655 0.327844 -0.101860
v -0.012669 0.327844 -0.178571
v 0.108504 0.327844 -0.125732
v -0.039417 0.327844 -0.172970
v 0.089220 0.327844 -0.146033
v -0.064612 0.327844 -0.161983
v 0.066545 0.327844 -0.161983
v -0.085879 0.322779 -0.139732
v 0.040705 0.322779 -0.165171
v -0.104855 0.322779 -0.120560
v 0.014384 0.322779 -0.170460
v -0.119764 0.322779 -0.098017
v -0.130019 0.322779 -0.073128
v -0.134951 0.322779 -0.050393
v 0.131951 0.322779 -0.073128
v 0.121697 0.322779 -0.098017
v -0.012452 0.322779 -0.170460
v 0.106788 0.322779 -0.120561
v -0.038772 0.322779 -0.165170
v 0.087812 0.322779 -0.139732
v -0.063566 0.322779 -0.154795
v 0.065498 0.322779 -0.154795
v 0.012345 0.316196 -0.146946
v 0.034666 0.316196 -0.142650
v 0.055692 0.316196 -0.134221
v 0.074615 0.316196 -0.121986
v 0.090707 0.316196 -0.106412
v 0.103351 0.316196 -0.088100
v 0.112043 0.316196 -0.067921
v -0.113776 0.316196 -0.049862
v -0.110111 0.316196 -0.067921
v -0.101419 0.316196 -0.088100
v -0.088775 0.316196 -0.106412
v -0.072682 0.316196 -0.121985
v -0.053760 0.316196 -0.134221
v -0.032734 0.316196 -0.142649
v -0.010413 0.316195 -0.146946
v 0.013385 0.316196 -0.154846
v 0.037746 0.316196 -0.150157
v 0.060694 0.316196 -0.140958
v 0.081346 0.316196 -0.127604
v 0.098910 0.316196 -0.110608
v 0.112709 0.316196 -0.090622
v 0.122198 0.316196 -0.068574
v -0.124788 0.316196 -0.048791
v -0.120266 0.316196 -0.068574
v -0.110777 0.316196 -0.090621
v -0.096977 0.316196 -0.110607
v -0.079414 0.316196 -0.127604
v -0.058762 0.316196 -0.140958
v -0.035814 0.316196 -0.150157
v -0.011453 0.316196 -0.154846
v 0.013897 0.316281 -0.159914
v 0.039261 0.316281 -0.155030
v 0.063153 0.316281 -0.145449
v 0.084655 0.316281 -0.131541
v 0.102942 0.316281 -0.113838
v 0.117309 0.316281 -0.093022
v 0.127190 0.316281 -0.070052
v -0.129982 0.316281 -0.049311
v -0.125257 0.316281 -0.070052
v -0.115377 0.316281 -0.093022
v -0.101009 0.316281 -0.113838
v -0.082723 0.316281 -0.131540
v -0.061220 0.316281 -0.145449
v -0.037328 0.316281 -0.155030
v -0.011964 0.316281 -0.159914
v 0.007412 1.082948 -0.078119
v 0.020057 1.082948 -0.076412
v 0.031967 1.082948 -0.073062
v 0.042687 1.082948 -0.068199
v 0.051803 1.082948 -0.062009
v 0.058965 1.082948 -0.054731
v 0.063874 1.082948 -0.046812
v 0.065637 1.082948 -0.041552
v -0.061942 1.082948 -0.046812
v -0.057033 1.082948 -0.054731
v -0.049870 1.082948 -0.062009
v -0.040754 1.082948 -0.068199
v -0.030035 1.082948 -0.073062
v -0.018124 1.082948 -0.076412
v -0.005480 1.082948 -0.078119
v 0.009053 1.082848 -0.088890
v 0.024914 1.082848 -0.086735
v 0.039856 1.082848 -0.082508
v 0.053303 1.082848 -0.076372
v 0.064738 1.082848 -0.068563
v 0.073723 1.082848 -0.059379
v 0.079889 1.082848 -0.049335
v 0.082546 1.082848 -0.042024
v -0.077956 1.082848 -0.049335
v -0.071791 1.082848 -0.059379
v -0.062806 1.082848 -0.068562
v -0.051370 1.082848 -0.076372
v -0.037923 1.082848 -0.082508
v -0.022982 1.082848 -0.086735
v -0.007120 1.082848 -0.088890
v -0.094811 1.080456 -0.071442
v -0.082983 1.080456 -0.084796
v -0.067929 1.080456 -0.096153
v -0.106643 1.080456 -0.044637
v -0.050228 1.080456 -0.105076
v -0.102937 1.080456 -0.056763
v -0.030559 1.080456 -0.111222
v -0.009678 1.080456 -0.114355
v 0.011611 1.080456 -0.114355
v 0.032491 1.080456 -0.111222
v 0.052160 1.080456 -0.105076
v 0.069862 1.080456 -0.096153
v 0.084916 1.080456 -0.084796
v 0.096744 1.080456 -0.071442
v 0.104870 1.080456 -0.056763
v 0.000966 1.082948 -0.058339
v 0.064274 1.075898 -0.134787
v -0.062341 1.075898 -0.134787
v 0.086164 1.075898 -0.122253
v -0.038018 1.075898 -0.143358
v 0.104780 1.075898 -0.106215
v -0.012197 1.075898 -0.147726
v 0.119406 1.075898 -0.087358
v 0.129463 1.075898 -0.066564
v -0.132295 1.075898 -0.048084
v -0.127530 1.075898 -0.066564
v -0.117473 1.075898 -0.087357
v 0.014130 1.075898 -0.147726
v -0.102847 1.075898 -0.106215
v 0.039951 1.075898 -0.143358
v -0.084231 1.075898 -0.122252
v 0.140705 1.065914 -0.103427
v 0.152575 1.065914 -0.076460
v -0.156383 1.065914 -0.051565
v -0.150643 1.065914 -0.076459
v -0.138773 1.065914 -0.103426
v 0.016497 1.065914 -0.169539
v -0.121516 1.065914 -0.127820
v 0.046961 1.065914 -0.166555
v -0.099552 1.065914 -0.147973
v 0.075658 1.065914 -0.160534
v -0.073726 1.065914 -0.160534
v 0.101485 1.065914 -0.147974
v -0.045029 1.065914 -0.166554
v 0.123449 1.065914 -0.127820
v -0.014564 1.065914 -0.169539
v -0.168421 1.051596 -0.052475
v -0.162218 1.051596 -0.079047
v -0.149441 1.051596 -0.107629
v 0.017683 1.051596 -0.174028
v -0.130867 1.051596 -0.133403
v 0.050473 1.051596 -0.170919
v -0.107226 1.051596 -0.153111
v 0.081361 1.051596 -0.164713
v -0.079428 1.051596 -0.164712
v 0.109159 1.051596 -0.153112
v -0.048540 1.051596 -0.170919
v 0.132799 1.051596 -0.133404
v -0.015750 1.051596 -0.174028
v 0.151374 1.051596 -0.107630
v 0.164151 1.051596 -0.079048
v -0.171876 1.038554 -0.079472
v -0.158342 1.038555 -0.108319
v 0.018672 1.038812 -0.174525
v -0.138669 1.038596 -0.134317
v 0.053403 1.038774 -0.171428
v -0.113629 1.038673 -0.153899
v 0.086118 1.038733 -0.165254
v -0.084186 1.038733 -0.165254
v 0.115562 1.038673 -0.153900
v -0.051470 1.038774 -0.171428
v 0.140601 1.038596 -0.134318
v -0.016739 1.038812 -0.174525
v 0.160275 1.038555 -0.108319
v 0.173809 1.038554 -0.079472
v 0.056770 1.024989 -0.166853
v -0.120988 1.022567 -0.153039
v 0.091586 1.024009 -0.162420
v -0.089654 1.024009 -0.162420
v 0.122920 1.022567 -0.153039
v -0.054837 1.024989 -0.166853
v 0.149568 1.020706 -0.134388
v -0.017876 1.025910 -0.169051
v 0.170505 1.019745 -0.108401
v 0.184907 1.019705 -0.079523
v -0.189970 1.019705 -0.052642
v -0.182974 1.019705 -0.079522
v -0.168572 1.019745 -0.108401
v 0.019809 1.025910 -0.169051
v -0.178449 1.038554 -0.052625
v 0.157040 1.004656 -0.133936
v -0.018824 1.014848 -0.166304
v 0.179029 1.002774 -0.108074
v 0.194156 1.002696 -0.079321
v -0.199568 1.002696 -0.052572
v -0.192223 1.002696 -0.079321
v -0.177096 1.002774 -0.108073
v 0.020756 1.014848 -0.166304
v -0.155107 1.004656 -0.133935
v 0.059575 1.013045 -0.164492
v -0.127120 1.008302 -0.152200
v 0.096143 1.011124 -0.160803
v -0.094210 1.011124 -0.160803
v 0.129052 1.008302 -0.152200
v -0.147635 1.020706 -0.134388
v -0.202702 0.993285 -0.052283
v -0.195250 0.993285 -0.078501
v -0.179886 0.993365 -0.106742
v 0.021066 1.005696 -0.168202
v -0.157552 0.995287 -0.132192
v 0.060494 1.003855 -0.165921
v -0.129127 0.999010 -0.151206
v 0.097634 1.001893 -0.161303
v -0.095702 1.001893 -0.161303
v 0.131059 0.999010 -0.151206
v -0.058561 1.003855 -0.165921
v 0.159485 0.995287 -0.132192
v -0.019134 1.005696 -0.168202
v 0.181819 0.993365 -0.106743
v -0.057643 1.013045 -0.164492
v -0.196529 0.912760 -0.050323
v -0.189365 0.912760 -0.072928
v -0.174465 0.912762 -0.097477
v 0.020464 0.913019 -0.146059
v -0.152800 0.912802 -0.114848
v 0.058709 0.912980 -0.142632
v -0.125227 0.912879 -0.126110
v 0.094736 0.912939 -0.135905
v -0.092804 0.912939 -0.135905
v 0.127159 0.912879 -0.126110
v -0.056777 0.912980 -0.142632
v 0.154733 0.912802 -0.114848
v -0.018531 0.913019 -0.146059
v 0.176398 0.912762 -0.097477
v 0.191298 0.912760 -0.072928
v 0.197182 0.993285 -0.078501
v -0.168023 0.846646 -0.097212
v 0.019748 0.846646 -0.145816
v -0.147154 0.846646 -0.114555
v 0.056589 0.846646 -0.142358
v -0.120593 0.846646 -0.125792
v 0.091293 0.846646 -0.135575
v -0.089360 0.846646 -0.135575
v 0.122525 0.846646 -0.125792
v -0.054657 0.846646 -0.142358
v 0.149087 0.846646 -0.114556
v -0.017815 0.846646 -0.145816
v 0.169956 0.846646 -0.097212
v 0.184308 0.846646 -0.072763
v -0.189275 0.846646 -0.050265
v -0.182376 0.846646 -0.072763
v -0.085746 0.762415 -0.135054
v 0.117661 0.762415 -0.125332
v -0.052431 0.762415 -0.141792
v 0.143159 0.762415 -0.114096
v -0.017064 0.762415 -0.145227
v 0.163193 0.762415 -0.096794
v 0.176972 0.762415 -0.072503
v -0.181659 0.762415 -0.050173
v -0.175039 0.762415 -0.072502
v -0.161261 0.762415 -0.096794
v 0.018996 0.762415 -0.145227
v -0.141227 0.762415 -0.114096
v 0.054363 0.762415 -0.141792
v -0.115729 0.762415 -0.125331
v 0.169981 0.666478 -0.072527
v -0.174406 0.666478 -0.050182
v -0.168048 0.666478 -0.072527
v -0.154817 0.666478 -0.096833
v 0.018280 0.666478 -0.145282
v -0.135579 0.666478 -0.114139
v 0.052242 0.666478 -0.141845
v -0.111094 0.666478 -0.125374
v 0.084234 0.666478 -0.135102
v -0.082302 0.666478 -0.135102
v 0.113026 0.666478 -0.125374
v -0.050310 0.666478 -0.141844
v 0.137512 0.666478 -0.114139
v -0.016348 0.666478 -0.145282
v 0.087678 0.762415 -0.135054
v -0.169918 0.601392 -0.050170
v -0.163724 0.601392 -0.072493
v -0.150831 0.601392 -0.096778
v 0.017837 0.601392 -0.145205
v -0.132086 0.601392 -0.114079
v 0.050930 0.601392 -0.141771
v -0.108227 0.601392 -0.125314
v 0.082104 0.601392 -0.135034
v -0.080171 0.601392 -0.135034
v 0.110159 0.601392 -0.125314
v -0.048998 0.601392 -0.141770
v 0.134018 0.601392 -0.114079
v -0.015905 0.601392 -0.145205
v 0.152764 0.601392 -0.096778
v 0.165657 0.601392 -0.072493
v 0.156750 0.666478 -0.096833
v -0.164283 0.567932 -0.072448
v -0.151346 0.567932 -0.096711
v 0.017894 0.567932 -0.145581
v -0.132537 0.567932 -0.114105
v 0.051100 0.567932 -0.142114
v -0.108597 0.567932 -0.125497
v 0.082379 0.567932 -0.135313
v -0.080447 0.567932 -0.135313
v 0.110529 0.567932 -0.125497
v -0.049167 0.567932 -0.142114
v 0.134469 0.567932 -0.114105
v -0.015962 0.567932 -0.145581
v 0.153279 0.567932 -0.096712
v 0.166215 0.567932 -0.072449
v -0.170498 0.567932 -0.050154
v 0.053070 0.542278 -0.152212
v -0.112903 0.542257 -0.131454
v 0.085578 0.542276 -0.143734
v -0.083646 0.542320 -0.143779
v 0.114835 0.542300 -0.131500
v -0.051138 0.542323 -0.152259
v 0.139716 0.542345 -0.116536
v -0.016627 0.542263 -0.156518
v 0.159265 0.542347 -0.096834
v 0.172709 0.542347 -0.072464
v -0.177236 0.542347 -0.050160
v -0.170777 0.542347 -0.072464
v -0.157332 0.542345 -0.096832
v 0.018560 0.542261 -0.156516
v -0.137783 0.542300 -0.116488
v 0.147396 0.523427 -0.119169
v -0.017601 0.521453 -0.166683
v 0.168027 0.523475 -0.097095
v 0.182216 0.523475 -0.072563
v -0.187101 0.523475 -0.050194
v -0.180283 0.523475 -0.072563
v -0.166094 0.523427 -0.097046
v 0.019533 0.521406 -0.166634
v -0.145464 0.522339 -0.118043
v 0.055954 0.521824 -0.161671
v -0.119206 0.521321 -0.135737
v 0.090262 0.521783 -0.151115
v -0.088330 0.522824 -0.152192
v 0.121138 0.522362 -0.136815
v -0.054022 0.522912 -0.162797
v -0.193761 0.509366 -0.050285
v -0.186698 0.509366 -0.072821
v -0.172007 0.509273 -0.097423
v 0.020190 0.505315 -0.166659
v -0.150646 0.507142 -0.117589
v 0.057900 0.506133 -0.161831
v -0.123459 0.505149 -0.134565
v 0.093422 0.506054 -0.150753
v -0.091490 0.508093 -0.152861
v 0.125391 0.507187 -0.136674
v -0.055968 0.508265 -0.164035
v 0.152579 0.509273 -0.119795
v -0.018258 0.505407 -0.166755
v 0.173940 0.509366 -0.097519
v 0.188631 0.509366 -0.072822
v -0.194521 0.497340 -0.050278
v -0.187431 0.497340 -0.072800
v -0.172682 0.497245 -0.097387
v 0.020266 0.493202 -0.166529
v -0.151238 0.495069 -0.117495
v 0.058122 0.494038 -0.161712
v -0.123944 0.493033 -0.134417
v 0.093783 0.493957 -0.150623
v -0.091851 0.496039 -0.152777
v 0.125877 0.495115 -0.136571
v -0.056190 0.496215 -0.163964
v 0.153170 0.497245 -0.119747
v -0.018333 0.493297 -0.166627
v 0.174615 0.497340 -0.097486
v 0.189363 0.497340 -0.072801
v 0.020045 0.482195 -0.165852
v -0.149496 0.484022 -0.117075
v 0.057468 0.483014 -0.161054
v -0.122515 0.482029 -0.133937
v 0.092721 0.482934 -0.150037
v -0.090788 0.484973 -0.152146
v 0.124447 0.484067 -0.136047
v -0.055536 0.485145 -0.163259
v 0.151428 0.486154 -0.119280
v -0.018112 0.482287 -0.165948
v 0.172627 0.486246 -0.097137
v 0.187207 0.486246 -0.072586
v -0.192280 0.486246 -0.050203
v -0.185274 0.486246 -0.072586
v 0.118926 0.468423 -0.137077
v -0.053009 0.468973 -0.163237
v 0.144700 0.469488 -0.119272
v -0.017259 0.467514 -0.167161
v 0.164951 0.469535 -0.097097
v 0.178879 0.469535 -0.072561
v -0.183639 0.469535 -0.050194
v -0.176946 0.469535 -0.072561
v -0.163019 0.469488 -0.097047
v 0.019192 0.467466 -0.167112
v -0.142768 0.468400 -0.118146
v 0.054942 0.467884 -0.162112
v -0.116993 0.467382 -0.136000
v 0.088618 0.467844 -0.151484
v -0.170695 0.486154 -0.097041
v 0.166282 0.449072 -0.072634
v -0.170568 0.449072 -0.050219
v -0.164349 0.449072 -0.072634
v -0.151407 0.449070 -0.097212
v 0.017901 0.448986 -0.168706
v -0.132590 0.449024 -0.119431
v 0.051120 0.449003 -0.163491
v -0.108641 0.448982 -0.138323
v 0.082412 0.449001 -0.153227
v -0.080479 0.449045 -0.153271
v 0.110573 0.449025 -0.138368
v -0.049188 0.449048 -0.163538
v 0.134523 0.449070 -0.119478
v -0.015969 0.448988 -0.168708
v -0.086685 0.468885 -0.152560
v -0.154801 0.421713 -0.051590
v -0.149118 0.421713 -0.076531
v -0.137368 0.421713 -0.103543
v 0.016341 0.421713 -0.182126
v -0.120284 0.421713 -0.127997
v 0.046499 0.421713 -0.176388
v -0.098542 0.421713 -0.148793
v 0.074907 0.421713 -0.165133
v -0.072975 0.421713 -0.165133
v 0.100474 0.421713 -0.148794
v -0.044566 0.421713 -0.176388
v 0.122217 0.421713 -0.127997
v -0.014408 0.421713 -0.182126
v 0.139300 0.421713 -0.103543
v 0.151051 0.421713 -0.076531
v 0.153340 0.449072 -0.097215
v -0.136565 0.385932 -0.079485
v -0.125796 0.385932 -0.108341
v 0.015055 0.385932 -0.192254
v -0.110142 0.385932 -0.134454
v 0.042690 0.385932 -0.186128
v -0.090218 0.385932 -0.156661
v 0.068722 0.385932 -0.174109
v -0.066790 0.385932 -0.174109
v 0.092150 0.385932 -0.156661
v -0.040758 0.385932 -0.186127
v 0.112074 0.385932 -0.134454
v -0.013122 0.385932 -0.192254
v 0.127729 0.385932 -0.108341
v 0.138497 0.385932 -0.079486
v -0.141795 0.385932 -0.052629
v 0.042183 0.363435 -0.185457
v -0.089110 0.363435 -0.156119
v 0.067899 0.363435 -0.173491
v -0.065966 0.363435 -0.173491
v 0.091042 0.363435 -0.156120
v -0.040251 0.363435 -0.185457
v 0.110724 0.363435 -0.134009
v -0.012951 0.363435 -0.191557
v 0.126189 0.363435 -0.108011
v 0.136826 0.363435 -0.079282
v -0.140059 0.363435 -0.052558
v -0.134894 0.363435 -0.079282
v -0.124256 0.363435 -0.108010
v 0.014883 0.363435 -0.191557
v -0.108792 0.363435 -0.134009
v -0.140440 0.342742 -0.052389
v -0.135264 0.342742 -0.078802
v -0.124598 0.342742 -0.107232
v 0.014921 0.342742 -0.189914
v -0.109091 0.342742 -0.132961
v 0.042296 0.342742 -0.183877
v -0.089356 0.342742 -0.154843
v 0.068081 0.342742 -0.172035
v -0.066149 0.342742 -0.172034
v 0.091288 0.342742 -0.154843
v -0.040363 0.342742 -0.183876
v 0.111024 0.342742 -0.132962
v -0.012989 0.342742 -0.189914
v 0.126530 0.342742 -0.107232
v 0.137197 0.342742 -0.078803
v -0.084730 0.318356 -0.134815
v 0.040179 0.318356 -0.159083
v -0.103455 0.318356 -0.116525
v 0.014207 0.318356 -0.164129
v -0.118167 0.318356 -0.095018
v -0.128285 0.318356 -0.071282
v -0.133135 0.318356 -0.049744
v 0.130218 0.318356 -0.071282
v 0.120100 0.318356 -0.095019
v -0.012274 0.318356 -0.164129
v 0.105388 0.318356 -0.116525
v -0.038247 0.318356 -0.159083
v 0.086663 0.318356 -0.134815
v -0.062712 0.318356 -0.149185
v 0.064644 0.318356 -0.149185
v 0.067715 0.334508 -0.168287
v -0.065783 0.334508 -0.168286
v 0.090795 0.334508 -0.151558
v -0.040138 0.334508 -0.179810
v 0.110423 0.334508 -0.130266
v -0.012913 0.334508 -0.185684
v 0.125845 0.334508 -0.105229
v 0.136453 0.334508 -0.077569
v -0.139659 0.334508 -0.051955
v -0.134521 0.334508 -0.077569
v -0.123912 0.334508 -0.105228
v 0.014845 0.334508 -0.185684
v -0.108491 0.334508 -0.130265
v 0.042070 0.334508 -0.179810
v -0.088863 0.334508 -0.151557
v 0.149835 0.403628 -0.052372
v 0.135068 0.318357 -0.049744
v 0.139109 0.327845 -0.051226
v 0.158316 1.065914 -0.051565
v 0.204331 0.984707 -0.051589
v 0.126721 0.316196 -0.048792
v 0.141992 0.363434 -0.052558
v 0.177666 0.666478 -0.031292
v 0.179169 0.542347 -0.050160
v 0.204634 0.993285 -0.052283
v 0.141592 0.334508 -0.051956
v 0.198462 0.912760 -0.050323
v -0.080613 1.082848 -0.042024
v 0.148640 1.071091 -0.050356
v 0.108576 1.080456 -0.044637
v 0.203892 0.976410 -0.050785
v 0.183592 0.762415 -0.050174
v -0.063704 1.082948 -0.041552
v 0.185571 0.469535 -0.050194
v 0.131914 0.316281 -0.049312
v 0.171851 0.601392 -0.050170
v 0.163112 1.060491 -0.052123
v 0.172501 0.449072 -0.050220
v 0.191903 1.019705 -0.052643
v 0.142373 0.342742 -0.052390
v 0.134228 1.075898 -0.048085
v 0.195694 0.509366 -0.050286
v 0.172430 0.567932 -0.050155
v 0.194213 0.486246 -0.050203
v 0.170353 1.051596 -0.052476
v 0.196453 0.497340 -0.050278
v 0.176339 0.666478 -0.050182
v 0.163002 0.434141 -0.050626
v 0.202890 0.958295 -0.050396
v 0.201501 1.002696 -0.052572
v 0.156734 0.421713 -0.051590
v 0.136883 0.322779 -0.050394
v 0.189034 0.523474 -0.050195
v 0.191208 0.846646 -0.050265
v 0.180382 1.038554 -0.052625
v 0.115709 0.316195 -0.049862
v 0.143728 0.385932 -0.052630
v 0.095324 1.071091 0.076845
v -0.042210 1.071091 0.098024
v 0.115942 1.071091 0.057744
v -0.013612 1.071091 0.101926
v 0.132141 1.071091 0.035259
v 0.143282 1.071091 0.010437
v 0.148640 1.071091 -0.012229
v -0.141350 1.071091 0.010437
v -0.130209 1.071091 0.035259
v 0.015545 1.071091 0.101926
v -0.114009 1.071091 0.057744
v 0.044143 1.071091 0.098024
v -0.093392 1.071091 0.076845
v 0.071081 1.071091 0.090275
v -0.069148 1.071091 0.090275
v 0.016969 1.060491 0.109685
v -0.125238 1.060491 0.068660
v 0.048359 1.060491 0.106644
v -0.102607 1.060491 0.088567
v 0.077928 1.060491 0.100545
v -0.075995 1.060491 0.100545
v 0.104540 1.060491 0.088567
v -0.046426 1.060491 0.106644
v 0.127171 1.060491 0.068659
v -0.015036 1.060491 0.109685
v 0.144952 1.060491 0.043418
v 0.157183 1.060491 0.015461
v 0.163112 1.060491 -0.010461
v -0.155251 1.060491 0.015462
v -0.143019 1.060491 0.043419
v -0.194979 0.984707 0.013944
v -0.179637 0.984787 0.040949
v 0.021039 0.997118 0.102726
v -0.157334 0.986709 0.065257
v 0.060412 0.995276 0.100536
v -0.128947 0.990432 0.084856
v 0.097501 0.993314 0.096036
v -0.095568 0.993314 0.096036
v 0.130880 0.990432 0.084856
v -0.058479 0.995276 0.100536
v 0.159267 0.986709 0.065256
v -0.019106 0.997118 0.102726
v 0.181570 0.984787 0.040949
v 0.196911 0.984707 0.013943
v 0.204331 0.984707 -0.010995
v -0.194582 0.976410 0.011659
v -0.179273 0.976488 0.037133
v 0.020998 0.988562 0.089904
v -0.157014 0.978370 0.057745
v 0.060292 0.986759 0.088116
v -0.128685 0.982015 0.074061
v 0.097306 0.984838 0.084391
v -0.095373 0.984838 0.084391
v 0.130618 0.982015 0.074060
v -0.058359 0.986759 0.088117
v 0.158947 0.978370 0.057744
v -0.019065 0.988562 0.089904
v 0.181205 0.976488 0.037132
v 0.196514 0.976410 0.011658
v 0.203892 0.976410 -0.011799
v -0.193630 0.958295 0.010550
v -0.178396 0.958335 0.035230
v 0.020901 0.964501 0.081360
v -0.156246 0.959296 0.052783
v 0.060003 0.963580 0.078934
v -0.128054 0.961158 0.064780
v 0.096837 0.962599 0.074072
v -0.094905 0.962599 0.074073
v 0.129987 0.961158 0.064779
v -0.058071 0.963580 0.078934
v 0.158179 0.959296 0.052783
v -0.018968 0.964501 0.081360
v 0.180328 0.958335 0.035229
v 0.195562 0.958295 0.010550
v 0.202890 0.958295 -0.012189
v -0.142959 0.434141 0.036506
v 0.016962 0.434141 0.110141
v -0.125185 0.434141 0.059421
v 0.048339 0.434141 0.104765
v -0.102563 0.434141 0.078908
v 0.077896 0.434141 0.094218
v -0.075963 0.434141 0.094219
v 0.104496 0.434141 0.078907
v -0.046406 0.434141 0.104765
v 0.127118 0.434141 0.059420
v -0.015029 0.434141 0.110141
v 0.144891 0.434141 0.036506
v 0.157116 0.434141 0.011205
v 0.163002 0.434141 -0.011958
v -0.155183 0.434141 0.011205
v -0.142454 0.403628 0.016168
v -0.131225 0.403628 0.044566
v 0.015658 0.403628 0.127157
v -0.114900 0.403628 0.070267
v 0.044477 0.403628 0.121126
v -0.094122 0.403628 0.092124
v 0.071624 0.403628 0.109297
v -0.069691 0.403628 0.109297
v 0.096055 0.403628 0.092124
v -0.042544 0.403628 0.121126
v 0.116833 0.403628 0.070267
v -0.013725 0.403628 0.127157
v 0.133157 0.403628 0.044566
v 0.144387 0.403628 0.016168
v 0.149835 0.403628 -0.010213
v 0.089220 0.327844 0.083448
v -0.039417 0.327844 0.110386
v 0.108504 0.327844 0.063147
v -0.012669 0.327844 0.115987
v 0.123655 0.327844 0.039275
v 0.134077 0.327844 0.012910
v 0.139109 0.327844 -0.011359
v -0.132144 0.327844 0.012910
v -0.121723 0.327844 0.039276
v 0.014602 0.327844 0.115987
v -0.106571 0.327844 0.063147
v 0.041349 0.327844 0.110386
v -0.087288 0.327844 0.083449
v 0.066545 0.327844 0.099399
v -0.064612 0.327844 0.099399
v 0.087812 0.322779 0.077148
v -0.038772 0.322779 0.102586
v 0.106788 0.322779 0.057976
v -0.012452 0.322779 0.107876
v 0.121697 0.322779 0.035433
v 0.131951 0.322779 0.010544
v 0.136883 0.322779 -0.012191
v -0.130019 0.322779 0.010544
v -0.119764 0.322779 0.035433
v 0.014384 0.322779 0.107876
v -0.104855 0.322779 0.057977
v 0.040705 0.322779 0.102586
v -0.085879 0.322779 0.077148
v 0.065498 0.322779 0.092211
v -0.063565 0.322779 0.092211
v -0.010413 0.316195 0.084362
v -0.032734 0.316195 0.080065
v -0.053759 0.316195 0.071637
v -0.072682 0.316195 0.059402
v -0.088775 0.316195 0.043828
v -0.101419 0.316195 0.025516
v -0.110111 0.316195 0.005337
v 0.115709 0.316195 -0.012722
v 0.112043 0.316195 0.005337
v 0.103351 0.316195 0.025516
v 0.090707 0.316195 0.043828
v 0.074615 0.316195 0.059401
v 0.055692 0.316195 0.071637
v 0.034666 0.316195 0.080065
v 0.012345 0.316195 0.084362
v -0.011453 0.316195 0.092262
v -0.035814 0.316195 0.087573
v -0.058761 0.316195 0.078374
v -0.079414 0.316195 0.065020
v -0.096977 0.316195 0.048024
v -0.110777 0.316195 0.028038
v -0.120266 0.316195 0.005990
v 0.126721 0.316195 -0.013793
v 0.122198 0.316195 0.005990
v 0.112709 0.316195 0.028037
v 0.098910 0.316195 0.048023
v 0.081346 0.316195 0.065020
v 0.060694 0.316195 0.078374
v 0.037747 0.316195 0.087573
v 0.013385 0.316195 0.092262
v -0.011964 0.316281 0.097330
v -0.037328 0.316281 0.092446
v -0.061220 0.316281 0.082865
v -0.082723 0.316281 0.068957
v -0.101009 0.316281 0.051254
v -0.115377 0.316281 0.030438
v -0.125257 0.316281 0.007468
v 0.131914 0.316281 -0.013273
v 0.127190 0.316281 0.007468
v 0.117309 0.316281 0.030438
v 0.102942 0.316281 0.051254
v 0.084656 0.316281 0.068956
v 0.063153 0.316281 0.082865
v 0.039261 0.316281 0.092446
v 0.013897 0.316281 0.097330
v -0.005480 1.082948 0.015535
v -0.018124 1.082948 0.013828
v -0.030035 1.082948 0.010478
v -0.040754 1.082948 0.005615
v -0.049870 1.082948 -0.000575
v -0.057033 1.082948 -0.007853
v -0.061942 1.082948 -0.015772
v -0.063704 1.082948 -0.021032
v 0.063874 1.082948 -0.015772
v 0.058965 1.082948 -0.007853
v 0.051803 1.082948 -0.000575
v 0.042687 1.082948 0.005614
v 0.031967 1.082948 0.010478
v 0.020057 1.082948 0.013827
v 0.007412 1.082948 0.015535
v -0.007120 1.082848 0.026306
v -0.022982 1.082848 0.024151
v -0.037923 1.082848 0.019924
v -0.051370 1.082848 0.013788
v -0.062806 1.082848 0.005979
v -0.071791 1.082848 -0.003205
v -0.077957 1.082848 -0.013249
v -0.080614 1.082848 -0.020560
v 0.079889 1.082848 -0.013249
v 0.073723 1.082848 -0.003205
v 0.064738 1.082848 0.005978
v 0.053303 1.082848 0.013788
v 0.039856 1.082848 0.019924
v 0.024914 1.082848 0.024151
v 0.009052 1.082848 0.026306
v 0.096744 1.080456 0.008858
v 0.084916 1.080456 0.022212
v 0.069862 1.080456 0.033569
v 0.108575 1.080456 -0.017947
v 0.052160 1.080456 0.042492
v 0.104870 1.080456 -0.005821
v 0.032491 1.080456 0.048638
v 0.011611 1.080456 0.051771
v -0.009678 1.080456 0.051771
v -0.030559 1.080456 0.048638
v -0.050228 1.080456 0.042492
v -0.067929 1.080456 0.033569
v -0.082983 1.080456 0.022212
v -0.094811 1.080456 0.008858
v -0.102937 1.080456 -0.005821
v 0.000966 1.082948 -0.004245
v -0.062341 1.075898 0.072203
v 0.064274 1.075898 0.072203
v -0.084231 1.075898 0.059668
v 0.039951 1.075898 0.080774
v -0.102847 1.075898 0.043631
v 0.014130 1.075898 0.085142
v -0.117474 1.075898 0.024774
v -0.127530 1.075898 0.003980
v 0.134228 1.075898 -0.014500
v 0.129462 1.075898 0.003980
v 0.119406 1.075898 0.024773
v -0.012197 1.075898 0.085142
v 0.104780 1.075898 0.043631
v -0.038018 1.075898 0.080774
v 0.086164 1.075898 0.059668
v -0.138773 1.065914 0.040843
v -0.150643 1.065914 0.013875
v 0.158316 1.065914 -0.011019
v 0.152575 1.065914 0.013875
v 0.140705 1.065914 0.040842
v -0.014564 1.065914 0.106955
v 0.123449 1.065914 0.065236
v -0.045029 1.065914 0.103970
v 0.101485 1.065914 0.085389
v -0.073726 1.065914 0.097950
v 0.075658 1.065914 0.097950
v -0.099552 1.065914 0.085390
v 0.046961 1.065914 0.103970
v -0.121516 1.065914 0.065236
v 0.016497 1.065914 0.106955
v 0.170353 1.051596 -0.010109
v 0.164151 1.051596 0.016463
v 0.151374 1.051596 0.045045
v -0.015750 1.051596 0.111444
v 0.132800 1.051596 0.070819
v -0.048540 1.051596 0.108335
v 0.109159 1.051596 0.090527
v -0.079428 1.051596 0.102129
v 0.081361 1.051596 0.102128
v -0.107226 1.051596 0.090527
v 0.050473 1.051596 0.108335
v -0.130867 1.051596 0.070820
v 0.017683 1.051596 0.111444
v -0.149441 1.051596 0.045046
v -0.162219 1.051596 0.016464
v 0.173808 1.038554 0.016888
v 0.160275 1.038556 0.045735
v -0.016739 1.038812 0.111941
v 0.140601 1.038596 0.071733
v -0.051470 1.038774 0.108844
v 0.115562 1.038673 0.091315
v -0.084186 1.038733 0.102670
v 0.086119 1.038733 0.102670
v -0.113629 1.038673 0.091316
v 0.053403 1.038774 0.108844
v -0.138669 1.038596 0.071733
v 0.018672 1.038812 0.111941
v -0.158342 1.038556 0.045735
v -0.171876 1.038554 0.016888
v -0.054837 1.024990 0.104269
v 0.122920 1.022567 0.090455
v -0.089654 1.024009 0.099836
v 0.091586 1.024009 0.099836
v -0.120988 1.022567 0.090455
v 0.056770 1.024990 0.104269
v -0.147635 1.020706 0.071804
v 0.019809 1.025910 0.106467
v -0.168572 1.019745 0.045817
v -0.182975 1.019705 0.016939
v 0.191903 1.019705 -0.009942
v 0.184907 1.019705 0.016938
v 0.170505 1.019745 0.045816
v -0.017876 1.025910 0.106467
v 0.180381 1.038554 -0.009959
v -0.155107 1.004656 0.071352
v 0.020756 1.014848 0.103720
v -0.177097 1.002774 0.045490
v -0.192223 1.002696 0.016737
v 0.201501 1.002696 -0.010013
v 0.194156 1.002696 0.016737
v 0.179029 1.002774 0.045489
v -0.018824 1.014848 0.103720
v 0.157040 1.004656 0.071351
v -0.057643 1.013045 0.101908
v 0.129052 1.008302 0.089616
v -0.094210 1.011124 0.098219
v 0.096143 1.011124 0.098219
v -0.127120 1.008302 0.089616
v 0.149568 1.020706 0.071803
v 0.204634 0.993285 -0.010301
v 0.197182 0.993285 0.015917
v 0.181819 0.993365 0.044158
v -0.019134 1.005696 0.105618
v 0.159485 0.995287 0.069608
v -0.058561 1.003855 0.103337
v 0.131059 0.999010 0.088622
v -0.095701 1.001893 0.098719
v 0.097634 1.001893 0.098719
v -0.129127 0.999010 0.088622
v 0.060494 1.003855 0.103337
v -0.157552 0.995287 0.069608
v 0.021066 1.005696 0.105618
v -0.179887 0.993365 0.044158
v 0.059576 1.013045 0.101908
v 0.198462 0.912760 -0.012261
v 0.191297 0.912760 0.010343
v 0.176398 0.912762 0.034893
v -0.018531 0.913019 0.083475
v 0.154733 0.912802 0.052263
v -0.056777 0.912980 0.080048
v 0.127159 0.912879 0.063526
v -0.092803 0.912939 0.073321
v 0.094736 0.912939 0.073321
v -0.125227 0.912879 0.063526
v 0.058710 0.912980 0.080048
v -0.152800 0.912802 0.052264
v 0.020464 0.913019 0.083475
v -0.174465 0.912762 0.034893
v -0.189365 0.912760 0.010344
v -0.195250 0.993285 0.015917
v 0.169956 0.846646 0.034628
v -0.017815 0.846646 0.083232
v 0.149087 0.846646 0.051971
v -0.054656 0.846646 0.079774
v 0.122526 0.846646 0.063208
v -0.089360 0.846646 0.072991
v 0.091293 0.846646 0.072991
v -0.120593 0.846646 0.063208
v 0.056589 0.846646 0.079774
v -0.147154 0.846646 0.051972
v 0.019748 0.846646 0.083232
v -0.168023 0.846646 0.034628
v -0.182376 0.846646 0.010179
v 0.191208 0.846646 -0.012319
v 0.184308 0.846646 0.010179
v 0.087678 0.762415 0.072470
v -0.115728 0.762415 0.062748
v 0.054363 0.762415 0.079208
v -0.141227 0.762415 0.051512
v 0.018996 0.762415 0.082643
v -0.161261 0.762415 0.034210
v -0.175039 0.762415 0.009919
v 0.183592 0.762415 -0.012411
v 0.176971 0.762415 0.009918
v 0.163193 0.762415 0.034210
v -0.017064 0.762415 0.082643
v 0.143159 0.762415 0.051512
v -0.052431 0.762415 0.079208
v 0.117661 0.762415 0.062747
v -0.168049 0.666478 0.009943
v 0.176339 0.666478 -0.012402
v 0.169981 0.666478 0.009942
v 0.156750 0.666478 0.034248
v -0.016347 0.666478 0.082698
v 0.137512 0.666478 0.051554
v -0.050310 0.666478 0.079260
v 0.113026 0.666478 0.062790
v -0.082302 0.666478 0.072518
v 0.084234 0.666478 0.072518
v -0.111094 0.666478 0.062790
v 0.052243 0.666478 0.079260
v -0.135579 0.666478 0.051555
v 0.018280 0.666478 0.082698
v -0.085746 0.762415 0.072470
v 0.171851 0.601392 -0.012414
v 0.165656 0.601392 0.009908
v 0.152764 0.601392 0.034194
v -0.015904 0.601392 0.082621
v 0.134018 0.601392 0.051494
v -0.048998 0.601392 0.079186
v 0.110159 0.601392 0.062730
v -0.080171 0.601392 0.072450
v 0.082104 0.601392 0.072450
v -0.108226 0.601392 0.062730
v 0.050931 0.601392 0.079186
v -0.132085 0.601392 0.051495
v 0.017837 0.601392 0.082621
v -0.150831 0.601392 0.034194
v -0.163724 0.601392 0.009909
v -0.154818 0.666478 0.034249
v 0.166215 0.567932 0.009864
v 0.153279 0.567932 0.034127
v -0.015962 0.567932 0.082997
v 0.134470 0.567932 0.051521
v -0.049167 0.567932 0.079530
v 0.110530 0.567932 0.062913
v -0.080446 0.567932 0.072729
v 0.082379 0.567932 0.072728
v -0.108597 0.567932 0.062913
v 0.051100 0.567932 0.079530
v -0.132537 0.567932 0.051521
v 0.017894 0.567932 0.082997
v -0.151346 0.567932 0.034128
v -0.164283 0.567932 0.009865
v 0.172430 0.567932 -0.012430
v -0.051137 0.542278 0.089628
v 0.114835 0.542257 0.068870
v -0.083646 0.542276 0.081150
v 0.085579 0.542320 0.081195
v -0.112902 0.542300 0.068915
v 0.053070 0.542323 0.089675
v -0.137783 0.542345 0.053952
v 0.018560 0.542263 0.093934
v -0.157332 0.542347 0.034250
v -0.170777 0.542347 0.009880
v 0.179168 0.542347 -0.012424
v 0.172709 0.542347 0.009880
v 0.159265 0.542345 0.034248
v -0.016627 0.542261 0.093932
v 0.139716 0.542299 0.053904
v -0.145464 0.523427 0.056585
v 0.019534 0.521453 0.104099
v -0.166095 0.523475 0.034511
v -0.180284 0.523475 0.009979
v 0.189034 0.523475 -0.012390
v 0.182216 0.523475 0.009979
v 0.168027 0.523427 0.034462
v -0.017601 0.521406 0.104050
v 0.147396 0.522339 0.055459
v -0.054022 0.521824 0.099087
v 0.121138 0.521321 0.073153
v -0.088329 0.521783 0.088531
v 0.090262 0.522824 0.089608
v -0.119206 0.522362 0.074231
v 0.055954 0.522912 0.100212
v 0.195694 0.509366 -0.012299
v 0.188631 0.509366 0.010237
v 0.173940 0.509273 0.034839
v -0.018258 0.505315 0.104075
v 0.152579 0.507142 0.055005
v -0.055968 0.506133 0.099246
v 0.125391 0.505149 0.071980
v -0.091490 0.506054 0.088169
v 0.093423 0.508093 0.090277
v -0.123459 0.507187 0.074090
v 0.057901 0.508265 0.101451
v -0.150646 0.509273 0.057210
v 0.020191 0.505407 0.104171
v -0.172007 0.509366 0.034935
v -0.186698 0.509366 0.010238
v 0.196453 0.497340 -0.012306
v 0.189363 0.497340 0.010216
v 0.174615 0.497245 0.034803
v -0.018333 0.493202 0.103945
v 0.153170 0.495069 0.054911
v -0.056190 0.494038 0.099128
v 0.125877 0.493033 0.071833
v -0.091850 0.493957 0.088039
v 0.093783 0.496039 0.090193
v -0.123944 0.495115 0.073987
v 0.058123 0.496215 0.101380
v -0.151238 0.497245 0.057163
v 0.020266 0.493297 0.104043
v -0.172682 0.497340 0.034902
v -0.187431 0.497340 0.010217
v -0.018112 0.482195 0.103268
v 0.151429 0.484022 0.054490
v -0.055536 0.483014 0.098470
v 0.124447 0.482029 0.071353
v -0.090788 0.482934 0.087453
v 0.092721 0.484973 0.089562
v -0.122515 0.484067 0.073462
v 0.057469 0.485145 0.100674
v -0.149496 0.486154 0.056696
v 0.020045 0.482287 0.103363
v -0.170695 0.486246 0.034553
v -0.185275 0.486246 0.010002
v 0.194213 0.486246 -0.012382
v 0.187207 0.486246 0.010002
v -0.116993 0.468423 0.074493
v 0.054942 0.468973 0.100653
v -0.142768 0.469488 0.056688
v 0.019192 0.467514 0.104577
v -0.163019 0.469535 0.034512
v -0.176946 0.469535 0.009977
v 0.185571 0.469535 -0.012390
v 0.178879 0.469535 0.009977
v 0.164951 0.469488 0.034463
v -0.017259 0.467466 0.104528
v 0.144700 0.468400 0.055562
v -0.053009 0.467884 0.099528
v 0.118926 0.467382 0.073416
v -0.086685 0.467844 0.088900
v 0.172627 0.486154 0.034456
v -0.164349 0.449072 0.010050
v 0.172501 0.449072 -0.012365
v 0.166281 0.449072 0.010049
v 0.153340 0.449070 0.034628
v -0.015968 0.448986 0.106122
v 0.134523 0.449024 0.056847
v -0.049187 0.449003 0.100907
v 0.110573 0.448982 0.075739
v -0.080479 0.449001 0.090643
v 0.082412 0.449045 0.090687
v -0.108641 0.449025 0.075784
v 0.051120 0.449048 0.100954
v -0.132590 0.449070 0.056894
v 0.017901 0.448988 0.106124
v 0.088618 0.468885 0.089976
v 0.156734 0.421713 -0.010994
v 0.151051 0.421713 0.013947
v 0.139300 0.421713 0.040959
v -0.014408 0.421713 0.119542
v 0.122217 0.421713 0.065413
v -0.044566 0.421713 0.113804
v 0.100474 0.421713 0.086209
v -0.072975 0.421713 0.102549
v 0.074907 0.421713 0.102549
v -0.098541 0.421713 0.086209
v 0.046499 0.421713 0.113804
v -0.120284 0.421713 0.065413
v 0.016341 0.421713 0.119541
v -0.137368 0.421713 0.040959
v -0.149118 0.421713 0.013947
v -0.151407 0.449072 0.034631
v 0.138497 0.385932 0.016901
v 0.127729 0.385932 0.045757
v -0.013122 0.385932 0.129670
v 0.112074 0.385932 0.071869
v -0.040757 0.385932 0.123543
v 0.092150 0.385932 0.094077
v -0.066789 0.385932 0.111525
v 0.068722 0.385932 0.111525
v -0.090218 0.385932 0.094077
v 0.042690 0.385932 0.123543
v -0.110142 0.385932 0.071870
v 0.015055 0.385932 0.129670
v -0.125796 0.385932 0.045757
v -0.136565 0.385932 0.016902
v 0.143727 0.385932 -0.009955
v -0.040250 0.363435 0.122873
v 0.091043 0.363435 0.093535
v -0.065966 0.363435 0.110907
v 0.067899 0.363435 0.110907
v -0.089110 0.363435 0.093535
v 0.042183 0.363435 0.122873
v -0.108792 0.363435 0.071425
v 0.014884 0.363435 0.128973
v -0.124256 0.363435 0.045427
v -0.134894 0.363435 0.016698
v 0.141992 0.363435 -0.010026
v 0.136826 0.363435 0.016698
v 0.126189 0.363435 0.045426
v -0.012951 0.363435 0.128973
v 0.110725 0.363435 0.071425
v 0.142373 0.342742 -0.010195
v 0.137197 0.342742 0.016218
v 0.126530 0.342742 0.044648
v -0.012989 0.342742 0.127329
v 0.111024 0.342742 0.070377
v -0.040363 0.342742 0.121293
v 0.091288 0.342742 0.092258
v -0.066149 0.342742 0.109451
v 0.068082 0.342742 0.109450
v -0.089356 0.342742 0.092259
v 0.042296 0.342742 0.121292
v -0.109091 0.342742 0.070378
v 0.014922 0.342742 0.127329
v -0.124598 0.342742 0.044648
v -0.135265 0.342742 0.016219
v 0.086663 0.318356 0.072231
v -0.038246 0.318356 0.096499
v 0.105388 0.318356 0.053941
v -0.012274 0.318356 0.101545
v 0.120100 0.318356 0.032434
v 0.130218 0.318356 0.008697
v 0.135068 0.318356 -0.012840
v -0.128285 0.318356 0.008698
v -0.118167 0.318356 0.032435
v 0.014207 0.318356 0.101545
v -0.103455 0.318356 0.053941
v 0.040179 0.318356 0.096499
v -0.084730 0.318356 0.072231
v 0.064644 0.318356 0.086601
v -0.062712 0.318356 0.086601
v -0.065783 0.334508 0.105702
v 0.067715 0.334508 0.105702
v -0.088863 0.334508 0.088973
v 0.042070 0.334508 0.117225
v -0.108491 0.334508 0.067681
v 0.014845 0.334508 0.123100
v -0.123913 0.334508 0.042645
v -0.134521 0.334508 0.014985
v 0.141592 0.334508 -0.010629
v 0.136453 0.334508 0.014985
v 0.125845 0.334508 0.042644
v -0.012913 0.334508 0.123100
v 0.110423 0.334508 0.067681
v -0.040137 0.334508 0.117226
v 0.090795 0.334508 0.088973
v 0.026565 0.315927 -0.159558
v -0.147903 0.403628 -0.010212
v -0.133135 0.318356 -0.012840
v -0.137177 0.327844 -0.011358
v -0.156384 1.065914 -0.011019
v -0.202398 0.984707 -0.010995
v -0.124789 0.316195 -0.013793
v -0.140059 0.363434 -0.010026
v 0.184974 0.762415 -0.031292
v -0.177236 0.542347 -0.012424
v -0.202702 0.993285 -0.010301
v -0.139659 0.334508 -0.010629
v -0.196530 0.912760 -0.012261
v 0.082546 1.082848 -0.020560
v -0.146707 1.071091 -0.012228
v -0.106643 1.080456 -0.017947
v -0.201960 0.976410 -0.011799
v -0.181659 0.762415 -0.012411
v 0.065636 1.082948 -0.021032
v -0.183639 0.469535 -0.012390
v -0.129982 0.316281 -0.013273
v -0.169918 0.601392 -0.012414
v -0.161180 1.060491 -0.010461
v -0.170569 0.449072 -0.012364
v -0.189970 1.019705 -0.009941
v -0.140441 0.342742 -0.010195
v -0.132296 1.075898 -0.014500
v -0.193761 0.509366 -0.012298
v -0.170498 0.567932 -0.012430
v -0.192281 0.486246 -0.012381
v -0.168421 1.051596 -0.010108
v -0.194521 0.497340 -0.012306
v -0.174406 0.666478 -0.012402
v -0.161069 0.434141 -0.011958
v -0.200958 0.958295 -0.012189
v -0.199569 1.002696 -0.010012
v -0.154801 0.421713 -0.010994
v -0.134951 0.322779 -0.012191
v -0.187102 0.523474 -0.012389
v -0.189275 0.846646 -0.012319
v -0.178449 1.038554 -0.009959
v -0.113776 0.316195 -0.012722
v -0.141795 0.385932 -0.009954
v 0.173144 0.601392 -0.031292
v 0.173727 0.567932 -0.031292
v 0.180517 0.542347 -0.031292
v 0.190458 0.523474 -0.031292
v 0.197171 0.509366 -0.031292
v 0.197937 0.497340 -0.031292
v 0.195677 0.486246 -0.031292
v 0.186969 0.469535 -0.031292
v 0.173801 0.449072 -0.031292
v 0.164240 0.434141 -0.031292
v 0.157948 0.421713 -0.031292
v 0.151013 0.403628 -0.031292
v 0.144862 0.385932 -0.031292
v 0.143111 0.363434 -0.031292
v 0.143493 0.342742 -0.031292
v 0.142697 0.334508 -0.031292
v 0.140179 0.327845 -0.031292
v 0.137917 0.322779 -0.031292
v 0.136072 0.318357 -0.031292
v 0.132883 0.316281 -0.031292
v 0.127638 0.316196 -0.031292
v 0.116072 0.316195 -0.031292
v -0.114139 0.316195 -0.031292
v -0.125705 0.316196 -0.031292
v -0.130951 0.316281 -0.031292
v -0.134139 0.318356 -0.031292
v -0.135984 0.322779 -0.031292
v -0.138247 0.327844 -0.031292
v -0.140764 0.334508 -0.031292
v -0.141560 0.342742 -0.031292
v -0.141179 0.363435 -0.031292
v -0.142930 0.385932 -0.031292
v -0.149081 0.403628 -0.031292
v -0.156016 0.421713 -0.031292
v -0.162308 0.434141 -0.031292
v -0.171868 0.449072 -0.031292
v -0.185037 0.469535 -0.031292
v -0.193744 0.486246 -0.031292
v -0.196004 0.497340 -0.031292
v -0.195239 0.509366 -0.031292
v -0.188526 0.523474 -0.031292
v -0.178584 0.542347 -0.031292
v -0.171795 0.567932 -0.031292
v -0.171212 0.601392 -0.031292
v -0.175734 0.666478 -0.031292
v -0.183041 0.762415 -0.031292
v -0.190718 0.846646 -0.031292
v -0.198030 0.912760 -0.031292
v -0.202494 0.958295 -0.031292
v -0.203517 0.976410 -0.031292
v -0.203985 0.984707 -0.031292
v -0.204311 0.993285 -0.031292
v -0.201161 1.002696 -0.031292
v -0.191488 1.019705 -0.031292
v -0.179875 1.038554 -0.031292
v -0.169764 1.051596 -0.031292
v -0.162458 1.060491 -0.031292
v -0.157611 1.065914 -0.031292
v -0.147829 1.071091 -0.031292
v -0.133240 1.075898 -0.031292
v -0.107265 1.080456 -0.031292
v -0.080935 1.082848 -0.031292
v -0.063610 1.082948 -0.031292
v 0.000966 1.082948 -0.031292
v 0.065543 1.082948 -0.031292
v 0.082868 1.082848 -0.031292
v 0.109198 1.080456 -0.031292
v 0.135173 1.075898 -0.031292
v 0.149762 1.071091 -0.031292
v 0.159543 1.065914 -0.031292
v 0.164390 1.060491 -0.031292
v 0.171696 1.051596 -0.031292
v 0.181808 1.038554 -0.031292
v 0.193421 1.019705 -0.031292
v 0.203094 1.002696 -0.031292
v 0.206244 0.993285 -0.031292
v 0.205917 0.984707 -0.031292
v 0.205449 0.976410 -0.031292
v 0.204427 0.958295 -0.031292
v 0.199962 0.912760 -0.031292
v 0.192651 0.846646 -0.031292
v 0.023796 0.315603 -0.145684
v 0.045749 0.315603 -0.139240
v 0.065981 0.315603 -0.128775
v 0.083714 0.315603 -0.114691
v 0.098267 0.315603 -0.097530
v 0.109081 0.315603 -0.077951
v 0.115610 0.315603 -0.057993
v -0.113677 0.315603 -0.057993
v -0.107149 0.315603 -0.077950
v -0.096335 0.315603 -0.097529
v -0.081781 0.315603 -0.114691
v -0.064048 0.315603 -0.128774
v -0.043816 0.315603 -0.139240
v -0.021864 0.315603 -0.145684
v 0.000966 0.315603 -0.147860
v -0.113954 0.315603 -0.040688
v 0.115887 0.315603 -0.040688
v -0.021864 0.315603 0.083100
v -0.043816 0.315603 0.076656
v -0.064048 0.315603 0.066190
v -0.081781 0.315603 0.052107
v -0.096335 0.315603 0.034946
v -0.107149 0.315603 0.015367
v -0.113677 0.315603 -0.004591
v 0.115610 0.315603 -0.004591
v 0.109081 0.315603 0.015366
v 0.098267 0.315603 0.034945
v 0.083714 0.315603 0.052106
v 0.065981 0.315603 0.066190
v 0.045749 0.315603 0.076655
v 0.023796 0.315603 0.083100
v 0.000966 0.315603 0.085276
v 0.115887 0.315603 -0.021896
v -0.113955 0.315603 -0.021896
v 0.012345 0.315603 -0.146946
v 0.034666 0.315603 -0.142650
v 0.055692 0.315603 -0.134221
v 0.074615 0.315603 -0.121986
v 0.090707 0.315603 -0.106412
v 0.103351 0.315603 -0.088100
v 0.112043 0.315603 -0.067921
v -0.113776 0.315603 -0.049862
v -0.110111 0.315603 -0.067921
v -0.101419 0.315603 -0.088100
v -0.088775 0.315603 -0.106412
v -0.072682 0.315603 -0.121985
v -0.053760 0.315603 -0.134221
v -0.032734 0.315603 -0.142649
v -0.010413 0.315603 -0.146946
v 0.115709 0.315603 -0.049862
v -0.010413 0.315603 0.084362
v -0.032734 0.315603 0.080065
v -0.053759 0.315603 0.071637
v -0.072682 0.315603 0.059402
v -0.088775 0.315603 0.043828
v -0.101419 0.315603 0.025516
v -0.110111 0.315603 0.005337
v 0.115709 0.315603 -0.012722
v 0.112043 0.315603 0.005337
v 0.103351 0.315603 0.025516
v 0.090707 0.315603 0.043828
v 0.074615 0.315603 0.059401
v 0.055692 0.315603 0.071637
v 0.034666 0.315603 0.080065
v 0.012345 0.315603 0.084362
v -0.113776 0.315603 -0.012722
v 0.116072 0.315603 -0.031292
v -0.114139 0.315603 -0.031292
v 0.073866 0.315927 0.078013
v 0.051180 0.315927 0.089747
v 0.026565 0.315927 0.096973
v 0.000966 0.315927 0.099413
v 0.129825 0.315927 -0.020757
v -0.127892 0.315927 -0.020757
v 0.013725 0.315927 -0.160973
v 0.038753 0.315927 -0.156155
v 0.062329 0.315927 -0.146705
v 0.083547 0.315927 -0.132985
v 0.101591 0.315927 -0.115523
v 0.115769 0.315927 -0.094990
v 0.125515 0.315927 -0.072364
v -0.127692 0.315927 -0.052114
v -0.123582 0.315927 -0.072363
v -0.113836 0.315927 -0.094989
v -0.099659 0.315927 -0.115523
v -0.081614 0.315927 -0.132985
v -0.060397 0.315927 -0.146705
v -0.036821 0.315927 -0.156155
v -0.011793 0.315927 -0.160973
v 0.129625 0.315927 -0.052114
v -0.011793 0.315927 0.098389
v -0.036821 0.315927 0.093571
v -0.060397 0.315927 0.084121
v -0.081614 0.315927 0.070401
v -0.099659 0.315927 0.052939
v -0.113836 0.315927 0.032406
v -0.123582 0.315927 0.009780
v 0.129625 0.315927 -0.010470
v 0.125515 0.315927 0.009779
v 0.115768 0.315927 0.032405
v 0.101591 0.315927 0.052939
v 0.083547 0.315927 0.070401
v 0.062329 0.315927 0.084120
v 0.038753 0.315927 0.093571
v 0.013725 0.315927 0.098389
v -0.127692 0.315927 -0.010470
v 0.130032 0.315927 -0.031292
v -0.128100 0.315927 -0.031292
v 0.115768 0.257726 0.032405
v -0.036821 0.257727 -0.156155
v -0.011793 0.257726 0.098389
v 0.101591 0.257727 -0.115523
v 0.122194 0.257726 0.021025
v -0.049248 0.257727 -0.152332
v 0.125515 0.257726 0.009779
v 0.093750 0.257727 -0.124806
v -0.060397 0.257727 -0.146705
v 0.083547 0.257727 -0.132985
v 0.129625 0.257726 -0.052114
v 0.129514 0.257726 -0.001353
v -0.071933 0.257727 -0.140597
v 0.129625 0.257726 -0.010470
v 0.073866 0.257727 -0.140597
v -0.081614 0.257727 -0.132985
v 0.062329 0.257727 -0.146705
v -0.128100 0.257726 -0.031292
v -0.091817 0.257727 -0.124805
v -0.123582 0.257726 0.009780
v 0.051180 0.257727 -0.152332
v -0.099659 0.257727 -0.115523
v 0.000966 0.257726 0.099413
v 0.038753 0.257727 -0.156155
v -0.120261 0.257726 0.021025
v 0.013725 0.257726 0.098389
v -0.108135 0.257727 -0.105563
v -0.113836 0.257726 0.032406
v -0.113836 0.257727 -0.094990
v 0.026565 0.257726 0.096973
v 0.129825 0.257726 -0.041828
v -0.108135 0.257726 0.042979
v 0.038753 0.257726 0.093571
v -0.120261 0.257727 -0.083609
v -0.099659 0.257726 0.052939
v 0.130032 0.257726 -0.031292
v 0.129825 0.257726 -0.020757
v -0.123582 0.257727 -0.072363
v 0.051180 0.257726 0.089747
v -0.127581 0.257726 -0.001353
v -0.091817 0.257726 0.062221
v 0.062329 0.257726 0.084120
v -0.127581 0.257727 -0.061231
v -0.081614 0.257726 0.070401
v -0.127692 0.257726 -0.010470
v -0.127892 0.257726 -0.020757
v -0.127892 0.257727 -0.041827
v -0.127692 0.257727 -0.052114
v 0.073866 0.257726 0.078013
v -0.071933 0.257726 0.078013
v 0.013725 0.257727 -0.160973
v 0.026565 0.257727 -0.159558
v 0.083547 0.257726 0.070401
v 0.129514 0.257727 -0.061232
v -0.060397 0.257726 0.084121
v 0.125515 0.257727 -0.072364
v 0.093750 0.257726 0.062221
v 0.000966 0.257727 -0.161998
v -0.049248 0.257726 0.089748
v 0.110068 0.257726 0.042979
v 0.101591 0.257726 0.052939
v 0.122194 0.257727 -0.083610
v -0.024633 0.257727 -0.159558
v -0.011793 0.257726 -0.160973
v -0.024632 0.257726 0.096974
v -0.036821 0.257726 0.093571
v 0.110068 0.257727 -0.105563
v 0.115769 0.257727 -0.094990
v 0.115768 0.247486 0.032405
v -0.036821 0.247486 -0.156155
v -0.011793 0.247486 0.098389
v 0.101591 0.247486 -0.115523
v 0.122194 0.247486 0.021025
v -0.049248 0.247486 -0.152332
v 0.125515 0.247486 0.009779
v 0.093750 0.247486 -0.124806
v -0.060397 0.247486 -0.146705
v 0.083547 0.247486 -0.132985
v 0.129514 0.247486 -0.001353
v -0.071933 0.247486 -0.140597
v 0.129625 0.247486 -0.010470
v 0.073866 0.247486 -0.140597
v -0.081614 0.247486 -0.132985
v 0.062329 0.247486 -0.146705
v -0.128100 0.247486 -0.031292
v -0.091817 0.247486 -0.124805
v -0.123582 0.247486 0.009780
v 0.051180 0.247486 -0.152332
v -0.099659 0.247486 -0.115523
v 0.000966 0.247486 0.099413
v 0.038753 0.247486 -0.156155
v -0.120261 0.247486 0.021025
v 0.013725 0.247486 0.098389
v -0.108135 0.247486 -0.105563
v -0.113836 0.247486 0.032406
v -0.113836 0.247486 -0.094990
v 0.026565 0.247486 0.096973
v -0.108135 0.247486 0.042979
v 0.038753 0.247486 0.093571
v -0.120261 0.247486 -0.083609
v -0.099659 0.247486 0.052939
v 0.129825 0.247486 -0.020757
v -0.123582 0.247486 -0.072363
v 0.051180 0.247486 0.089747
v -0.091817 0.247486 0.062221
v 0.062329 0.247486 0.084120
v -0.127581 0.247486 -0.061231
v -0.081614 0.247486 0.070401
v -0.127892 0.247486 -0.020757
v -0.127692 0.247486 -0.052114
v 0.073866 0.247486 0.078013
v -0.071933 0.247486 0.078013
v 0.026565 0.247486 -0.159558
v 0.083547 0.247486 0.070401
v 0.129514 0.247486 -0.061232
v -0.060397 0.247486 0.084121
v 0.125515 0.247486 -0.072364
v 0.093750 0.247486 0.062221
v 0.000966 0.247486 -0.161998
v -0.049248 0.247486 0.089748
v 0.101591 0.247486 0.052939
v 0.122194 0.247486 -0.083610
v -0.011793 0.247486 -0.160973
v -0.036821 0.247486 0.093571
v 0.115769 0.247486 -0.094990
v 0.129625 0.247486 -0.052114
v 0.129825 0.247486 -0.041828
v 0.130032 0.247486 -0.031292
v -0.127581 0.247486 -0.001353
v -0.127692 0.247486 -0.010470
v -0.127892 0.247486 -0.041827
v 0.013725 0.247486 -0.160973
v 0.110068 0.247486 0.042979
v -0.024633 0.247486 -0.159558
v -0.024632 0.247486 0.096974
v 0.110068 0.247486 -0.105563
v 0.000966 0.243390 -0.161998
v 0.013725 0.243390 -0.160973
v 0.026565 0.243390 -0.159558
v 0.038753 0.243390 -0.156155
v 0.051180 0.243390 -0.152332
v 0.062329 0.243390 -0.146705
v 0.073866 0.243390 -0.140597
v 0.083547 0.243390 -0.132985
v 0.093750 0.243390 -0.124806
v 0.101591 0.243390 -0.115523
v 0.110068 0.243390 -0.105563
v 0.115769 0.243390 -0.094990
v 0.122194 0.243390 -0.083610
v 0.125515 0.243390 -0.072364
v 0.129514 0.243390 -0.061232
v -0.127892 0.243390 -0.041827
v -0.127692 0.243390 -0.052114
v -0.127581 0.243390 -0.061231
v -0.123582 0.243390 -0.072363
v -0.120261 0.243390 -0.083609
v -0.113836 0.243390 -0.094990
v -0.108135 0.243390 -0.105563
v -0.099659 0.243390 -0.115523
v -0.091817 0.243390 -0.124805
v -0.081614 0.243390 -0.132985
v -0.071933 0.243390 -0.140597
v -0.060397 0.243390 -0.146705
v -0.049248 0.243390 -0.152332
v -0.036821 0.243390 -0.156155
v -0.024633 0.243390 -0.159558
v -0.011793 0.243390 -0.160973
v 0.129825 0.243390 -0.041828
v 0.129625 0.243390 -0.052114
v 0.000966 0.243390 0.099413
v -0.011793 0.243390 0.098389
v -0.024632 0.243390 0.096974
v -0.036821 0.243390 0.093571
v -0.049248 0.243390 0.089748
v -0.060397 0.243390 0.084121
v -0.071933 0.243390 0.078013
v -0.081614 0.243390 0.070401
v -0.091817 0.243390 0.062221
v -0.099659 0.243390 0.052939
v -0.108135 0.243390 0.042979
v -0.113836 0.243390 0.032406
v -0.120261 0.243390 0.021025
v -0.123582 0.243390 0.009780
v -0.127581 0.243390 -0.001353
v 0.129825 0.243390 -0.020757
v 0.129625 0.243390 -0.010470
v 0.129514 0.243390 -0.001353
v 0.125515 0.243390 0.009779
v 0.122194 0.243390 0.021025
v 0.115768 0.243390 0.032405
v 0.110068 0.243390 0.042979
v 0.101591 0.243390 0.052939
v 0.093750 0.243390 0.062221
v 0.083547 0.243390 0.070401
v 0.073866 0.243390 0.078013
v 0.062329 0.243390 0.084120
v 0.051180 0.243390 0.089747
v 0.038753 0.243390 0.093571
v 0.026565 0.243390 0.096973
v 0.013725 0.243390 0.098389
v -0.127892 0.243390 -0.020757
v -0.127692 0.243390 -0.010470
v 0.130032 0.243390 -0.031292
v -0.128100 0.243390 -0.031292
v -0.011267 0.243390 0.095842
v 0.013199 0.243390 0.095841
v 0.000966 0.243390 0.107786
v -0.011793 0.243390 0.107786
v 0.013725 0.243390 0.107786
v 0.000966 0.243390 0.107786
v -0.011267 0.243390 0.107786
v 0.013199 0.243390 0.107786
v 0.000966 0.241601 -0.161998
v 0.013725 0.241601 -0.160973
v 0.026565 0.241601 -0.159558
v 0.038753 0.241601 -0.156155
v 0.051180 0.241601 -0.152332
v 0.062329 0.241601 -0.146705
v 0.073866 0.241601 -0.140597
v 0.083547 0.241601 -0.132985
v 0.093750 0.241601 -0.124806
v 0.101591 0.241601 -0.115523
v 0.110068 0.241601 -0.105563
v 0.115769 0.241601 -0.094990
v 0.122194 0.241601 -0.083610
v 0.125515 0.241601 -0.072364
v 0.129514 0.241601 -0.061232
v -0.127892 0.241601 -0.041827
v -0.127692 0.241601 -0.052114
v -0.127581 0.241601 -0.061231
v -0.123582 0.241601 -0.072363
v -0.120261 0.241601 -0.083609
v -0.113836 0.241601 -0.094990
v -0.108135 0.241601 -0.105563
v -0.099659 0.241601 -0.115523
v -0.091817 0.241601 -0.124805
v -0.081614 0.241601 -0.132985
v -0.071933 0.241601 -0.140597
v -0.060397 0.241601 -0.146705
v -0.049248 0.241601 -0.152332
v -0.036821 0.241601 -0.156155
v -0.024633 0.241601 -0.159558
v -0.011793 0.241601 -0.160973
v 0.129825 0.241601 -0.041828
v 0.129625 0.241601 -0.052114
v 0.000966 0.241601 0.099413
v -0.011793 0.241601 0.098389
v -0.024632 0.241601 0.096974
v -0.036821 0.241601 0.093571
v -0.049248 0.241601 0.089748
v -0.060397 0.241601 0.084121
v -0.071933 0.241601 0.078013
v -0.081614 0.241601 0.070401
v -0.091817 0.241601 0.062221
v -0.099659 0.241601 0.052939
v -0.108135 0.241601 0.042979
v -0.113836 0.241601 0.032406
v -0.120261 0.241601 0.021025
v -0.123582 0.241601 0.009780
v -0.127581 0.241601 -0.001353
v 0.129825 0.241601 -0.020757
v 0.129625 0.241601 -0.010470
v 0.129514 0.241601 -0.001353
v 0.125515 0.241601 0.009779
v 0.122194 0.241601 0.021025
v 0.115768 0.241601 0.032405
v 0.110068 0.241601 0.042979
v 0.101591 0.241601 0.052939
v 0.093750 0.241601 0.062221
v 0.083547 0.241601 0.070401
v 0.073866 0.241601 0.078013
v 0.062329 0.241601 0.084120
v 0.051180 0.241601 0.089747
v 0.038753 0.241601 0.093571
v 0.026565 0.241601 0.096973
v 0.013725 0.241601 0.098389
v -0.127892 0.241601 -0.020757
v -0.127692 0.241601 -0.010470
v 0.130032 0.241601 -0.031292
v -0.128100 0.241601 -0.031292
v 0.000966 0.241601 -0.159408
v 0.013199 0.241601 -0.158426
v 0.025528 0.241601 -0.157067
v 0.037251 0.241601 -0.153794
v 0.049247 0.241601 -0.150103
v 0.060035 0.241601 -0.144659
v 0.071243 0.241601 -0.138725
v 0.080669 0.241601 -0.131314
v 0.090636 0.241601 -0.123323
v 0.098309 0.241601 -0.114240
v 0.106624 0.241601 -0.104470
v 0.112222 0.241601 -0.094088
v 0.118543 0.241601 -0.082891
v 0.121817 0.241601 -0.071806
v 0.125730 0.241601 -0.060912
v -0.124105 0.241601 -0.041793
v -0.123905 0.241601 -0.052086
v -0.123798 0.241601 -0.060912
v -0.119884 0.241601 -0.071806
v -0.116610 0.241601 -0.082891
v -0.110289 0.241601 -0.094087
v -0.104692 0.241601 -0.104469
v -0.096376 0.241601 -0.114240
v -0.088704 0.241601 -0.123322
v -0.078736 0.241601 -0.131313
v -0.069310 0.241601 -0.138725
v -0.058102 0.241601 -0.144658
v -0.047314 0.241601 -0.150103
v -0.035319 0.241601 -0.153794
v -0.023595 0.241601 -0.157067
v -0.011267 0.241601 -0.158426
v 0.126038 0.241601 -0.041793
v 0.125838 0.241601 -0.052087
v 0.000966 0.241601 0.096824
v -0.011267 0.241601 0.095842
v -0.023595 0.241601 0.094483
v -0.035319 0.241601 0.091210
v -0.047314 0.241601 0.087519
v -0.058102 0.241601 0.082075
v -0.069310 0.241601 0.076141
v -0.078736 0.241601 0.068730
v -0.088704 0.241601 0.060738
v -0.096376 0.241601 0.051656
v -0.104692 0.241601 0.041885
v -0.110289 0.241601 0.031503
v -0.116611 0.241601 0.020307
v -0.119884 0.241601 0.009222
v -0.123798 0.241601 -0.001672
v 0.126038 0.241601 -0.020791
v 0.125837 0.241601 -0.010498
v 0.125730 0.241601 -0.001673
v 0.121817 0.241601 0.009221
v 0.118543 0.241601 0.020307
v 0.112222 0.241601 0.031503
v 0.106624 0.241601 0.041885
v 0.098309 0.241601 0.051656
v 0.090636 0.241601 0.060738
v 0.080669 0.241601 0.068729
v 0.071243 0.241601 0.076141
v 0.060035 0.241601 0.082074
v 0.049247 0.241601 0.087519
v 0.037251 0.241601 0.091210
v 0.025528 0.241601 0.094483
v 0.013199 0.241601 0.095841
v -0.124105 0.241601 -0.020791
v -0.123905 0.241601 -0.010498
v 0.126245 0.241601 -0.031292
v -0.124312 0.241601 -0.031292
v 0.013199 0.241601 0.107786
v 0.000966 0.241601 0.107786
v -0.011793 0.241601 0.107786
v 0.013725 0.241601 0.107786
v 0.000966 0.241601 0.107786
v -0.011267 0.241601 0.107786
v 0.000966 0.241601 -0.110466
v 0.001510 0.241601 -0.110422
v 0.002094 0.241601 -0.110358
v 0.002688 0.241601 -0.110192
v 0.003379 0.241601 -0.109980
v 0.004050 0.241601 -0.109641
v 0.004833 0.241601 -0.109226
v 0.005531 0.241601 -0.108678
v 0.006334 0.241601 -0.108034
v 0.006975 0.241601 -0.107276
v 0.007709 0.241601 -0.106413
v 0.008214 0.241601 -0.105477
v 0.008807 0.241601 -0.104426
v 0.009126 0.241601 -0.103345
v 0.009454 0.241601 -0.102433
v -0.007553 0.241601 -0.100585
v -0.007528 0.241601 -0.101878
v -0.007521 0.241601 -0.102433
v -0.007193 0.241601 -0.103345
v -0.006874 0.241601 -0.104426
v -0.006281 0.241601 -0.105477
v -0.005776 0.241601 -0.106413
v -0.005042 0.241601 -0.107276
v -0.004401 0.241601 -0.108034
v -0.003598 0.241601 -0.108678
v -0.002901 0.241601 -0.109226
v -0.002117 0.241601 -0.109641
v -0.001446 0.241601 -0.109980
v -0.000755 0.241601 -0.110192
v -0.000162 0.241601 -0.110358
v 0.000422 0.241601 -0.110422
v 0.009486 0.241601 -0.100585
v 0.009460 0.241601 -0.101878
v 0.000966 0.241601 -0.088220
v 0.000422 0.241601 -0.088263
v -0.000162 0.241601 -0.088328
v -0.000755 0.241601 -0.088493
v -0.001446 0.241601 -0.088706
v -0.002117 0.241601 -0.089044
v -0.002901 0.241601 -0.089459
v -0.003598 0.241601 -0.090008
v -0.004401 0.241601 -0.090652
v -0.005042 0.241601 -0.091410
v -0.005777 0.241601 -0.092273
v -0.006281 0.241601 -0.093209
v -0.006874 0.241601 -0.094259
v -0.007193 0.241601 -0.095340
v -0.007521 0.241601 -0.096252
v 0.009486 0.241601 -0.098100
v 0.009460 0.241601 -0.096808
v 0.009454 0.241601 -0.096252
v 0.009126 0.241601 -0.095340
v 0.008807 0.241601 -0.094259
v 0.008214 0.241601 -0.093209
v 0.007709 0.241601 -0.092273
v 0.006975 0.241601 -0.091410
v 0.006334 0.241601 -0.090652
v 0.005531 0.241601 -0.090008
v 0.004833 0.241601 -0.089459
v 0.004050 0.241601 -0.089044
v 0.003379 0.241601 -0.088706
v 0.002688 0.241601 -0.088493
v 0.002094 0.241601 -0.088328
v 0.001510 0.241601 -0.088263
v -0.007553 0.241601 -0.098100
v -0.007528 0.241601 -0.096808
v 0.009510 0.241601 -0.099343
v -0.007577 0.241601 -0.099343
v 0.000966 0.241601 -0.155209
v 0.012346 0.241601 -0.154296
v 0.023846 0.241601 -0.153028
v 0.034816 0.241601 -0.149966
v 0.046112 0.241601 -0.146490
v 0.056315 0.241601 -0.141341
v 0.066990 0.241601 -0.135689
v 0.076002 0.241601 -0.128604
v 0.085588 0.241601 -0.120918
v 0.092987 0.241601 -0.112160
v 0.101041 0.241601 -0.102697
v 0.106471 0.241601 -0.092625
v 0.112624 0.241601 -0.081727
v 0.115821 0.241601 -0.070902
v 0.119595 0.241601 -0.060394
v -0.117965 0.241601 -0.041738
v -0.117764 0.241601 -0.052042
v -0.117663 0.241601 -0.060394
v -0.113888 0.241601 -0.070901
v -0.110691 0.241601 -0.081727
v -0.104538 0.241601 -0.092624
v -0.099108 0.241601 -0.102696
v -0.091054 0.241601 -0.112159
v -0.083656 0.241601 -0.120918
v -0.074069 0.241601 -0.128603
v -0.065058 0.241601 -0.135689
v -0.054382 0.241601 -0.141341
v -0.044180 0.241601 -0.146490
v -0.032883 0.241601 -0.149966
v -0.021914 0.241601 -0.153028
v -0.010414 0.241601 -0.154296
v 0.119898 0.241601 -0.041738
v 0.119697 0.241601 -0.052042
v 0.000966 0.241601 0.092625
v -0.010414 0.241601 0.091711
v -0.021914 0.241601 0.090444
v -0.032883 0.241601 0.087382
v -0.044180 0.241601 0.083906
v -0.054382 0.241601 0.078757
v -0.065058 0.241601 0.073105
v -0.074069 0.241601 0.066020
v -0.083656 0.241601 0.058334
v -0.091054 0.241601 0.049575
v -0.099108 0.241601 0.040112
v -0.104539 0.241601 0.030040
v -0.110691 0.241601 0.019143
v -0.113888 0.241601 0.008318
v -0.117663 0.241601 -0.002190
v 0.119897 0.241601 -0.020846
v 0.119697 0.241601 -0.010543
v 0.119595 0.241601 -0.002191
v 0.115821 0.241601 0.008317
v 0.112624 0.241601 0.019143
v 0.106471 0.241601 0.030040
v 0.101041 0.241601 0.040112
v 0.092987 0.241601 0.049575
v 0.085588 0.241601 0.058334
v 0.076002 0.241601 0.066019
v 0.066990 0.241601 0.073105
v 0.056315 0.241601 0.078757
v 0.046112 0.241601 0.083906
v 0.034816 0.241601 0.087382
v 0.023847 0.241601 0.090444
v 0.012346 0.241601 0.091711
v -0.117965 0.241601 -0.020846
v -0.117765 0.241601 -0.010542
v 0.120103 0.241601 -0.031292
v -0.118170 0.241601 -0.031292
v 0.000966 0.241601 -0.148023
v 0.010886 0.241601 -0.147227
v 0.020968 0.241601 -0.146115
v 0.030647 0.241601 -0.143413
v 0.040747 0.241601 -0.140306
v 0.049947 0.241601 -0.135662
v 0.059711 0.241601 -0.130493
v 0.068014 0.241601 -0.123965
v 0.076948 0.241601 -0.116803
v 0.083878 0.241601 -0.108599
v 0.091484 0.241601 -0.099662
v 0.096628 0.241601 -0.090121
v 0.102492 0.241601 -0.079734
v 0.105558 0.241601 -0.069354
v 0.109095 0.241601 -0.059507
v -0.107455 0.241601 -0.041643
v -0.107254 0.241601 -0.051965
v -0.107162 0.241601 -0.059507
v -0.103625 0.241601 -0.069354
v -0.100560 0.241601 -0.079734
v -0.094696 0.241601 -0.090120
v -0.089552 0.241601 -0.099662
v -0.081946 0.241601 -0.108599
v -0.075015 0.241601 -0.116802
v -0.066081 0.241601 -0.123965
v -0.057779 0.241601 -0.130493
v -0.048015 0.241601 -0.135662
v -0.038814 0.241601 -0.140306
v -0.028714 0.241601 -0.143413
v -0.019036 0.241601 -0.146115
v -0.008954 0.241601 -0.147227
v 0.109388 0.241601 -0.041643
v 0.109187 0.241601 -0.051965
v 0.000966 0.241601 0.085439
v -0.008954 0.241601 0.084642
v -0.019036 0.241601 0.083531
v -0.028714 0.241601 0.080829
v -0.038814 0.241601 0.077722
v -0.048015 0.241601 0.073078
v -0.057779 0.241601 0.067909
v -0.066081 0.241601 0.061381
v -0.075015 0.241601 0.054219
v -0.081946 0.241601 0.046015
v -0.089552 0.241601 0.037078
v -0.094696 0.241601 0.027536
v -0.100560 0.241601 0.017150
v -0.103625 0.241601 0.006770
v -0.107163 0.241601 -0.003077
v 0.109388 0.241601 -0.020941
v 0.109187 0.241601 -0.010619
v 0.109095 0.241601 -0.003077
v 0.105558 0.241601 0.006770
v 0.102492 0.241601 0.017150
v 0.096628 0.241601 0.027536
v 0.091484 0.241601 0.037077
v 0.083878 0.241601 0.046014
v 0.076948 0.241601 0.054218
v 0.068014 0.241601 0.061381
v 0.059711 0.241601 0.067909
v 0.049947 0.241601 0.073078
v 0.040747 0.241601 0.077722
v 0.030647 0.241601 0.080829
v 0.020968 0.241601 0.083531
v 0.010886 0.241601 0.084642
v -0.107455 0.241601 -0.020941
v -0.107255 0.241601 -0.010619
v 0.109592 0.241601 -0.031292
v -0.107659 0.241601 -0.031292
v 0.000966 0.241601 -0.122206
v 0.002689 0.241601 -0.122067
v 0.004457 0.241601 -0.121873
v 0.006173 0.241601 -0.121394
v 0.008002 0.241601 -0.120831
v 0.009692 0.241601 -0.119978
v 0.011524 0.241601 -0.119008
v 0.013098 0.241601 -0.117770
v 0.014822 0.241601 -0.116388
v 0.016168 0.241601 -0.114795
v 0.017663 0.241601 -0.113038
v 0.018679 0.241601 -0.111154
v 0.019846 0.241601 -0.109087
v 0.020461 0.241601 -0.107004
v 0.021149 0.241601 -0.105089
v -0.019276 0.241601 -0.101511
v -0.019233 0.241601 -0.103702
v -0.019216 0.241601 -0.105089
v -0.018529 0.241601 -0.107004
v -0.017913 0.241601 -0.109087
v -0.016746 0.241601 -0.111154
v -0.015731 0.241601 -0.113038
v -0.014236 0.241601 -0.114794
v -0.012889 0.241601 -0.116388
v -0.011166 0.241601 -0.117770
v -0.009591 0.241601 -0.119008
v -0.007759 0.241601 -0.119978
v -0.006070 0.241601 -0.120831
v -0.004240 0.241601 -0.121394
v -0.002525 0.241601 -0.121873
v -0.000757 0.241601 -0.122067
v 0.021209 0.241601 -0.101511
v 0.021166 0.241601 -0.103702
v 0.000966 0.241601 -0.076480
v -0.000757 0.241601 -0.076618
v -0.002525 0.241601 -0.076813
v -0.004240 0.241601 -0.077292
v -0.006070 0.241601 -0.077855
v -0.007759 0.241601 -0.078707
v -0.009591 0.241601 -0.079677
v -0.011166 0.241601 -0.080915
v -0.012889 0.241601 -0.082297
v -0.014236 0.241601 -0.083891
v -0.015731 0.241601 -0.085648
v -0.016746 0.241601 -0.087531
v -0.017914 0.241601 -0.089599
v -0.018529 0.241601 -0.091682
v -0.019216 0.241601 -0.093596
v 0.021209 0.241601 -0.097175
v 0.021166 0.241601 -0.094984
v 0.021149 0.241601 -0.093596
v 0.020461 0.241601 -0.091682
v 0.019846 0.241601 -0.089599
v 0.018679 0.241601 -0.087531
v 0.017663 0.241601 -0.085648
v 0.016168 0.241601 -0.083891
v 0.014822 0.241601 -0.082297
v 0.013098 0.241601 -0.080915
v 0.011524 0.241601 -0.079677
v 0.009692 0.241601 -0.078707
v 0.008002 0.241601 -0.077855
v 0.006173 0.241601 -0.077292
v 0.004457 0.241601 -0.076813
v 0.002689 0.241601 -0.076618
v -0.019276 0.241601 -0.097175
v -0.019233 0.241601 -0.094984
v 0.021251 0.241601 -0.099343
v -0.019319 0.241601 -0.099343
v 0.000966 0.241601 -0.117522
v 0.001921 0.241601 -0.117445
v 0.002938 0.241601 -0.117333
v 0.003962 0.241601 -0.117047
v 0.005136 0.241601 -0.116686
v 0.006267 0.241601 -0.116116
v 0.007572 0.241601 -0.115425
v 0.008727 0.241601 -0.114516
v 0.010047 0.241601 -0.113458
v 0.011098 0.241601 -0.112215
v 0.012296 0.241601 -0.110806
v 0.013119 0.241601 -0.109281
v 0.014082 0.241601 -0.107574
v 0.014599 0.241601 -0.105823
v 0.015137 0.241601 -0.104327
v -0.013256 0.241601 -0.101331
v -0.013215 0.241601 -0.103393
v -0.013204 0.241601 -0.104327
v -0.012667 0.241601 -0.105823
v -0.012150 0.241601 -0.107574
v -0.011186 0.241601 -0.109281
v -0.010364 0.241601 -0.110806
v -0.009165 0.241601 -0.112215
v -0.008115 0.241601 -0.113458
v -0.006794 0.241601 -0.114516
v -0.005639 0.241601 -0.115425
v -0.004334 0.241601 -0.116116
v -0.003204 0.241601 -0.116686
v -0.002030 0.241601 -0.117047
v -0.001005 0.241601 -0.117333
v 0.000011 0.241601 -0.117445
v 0.015188 0.241601 -0.101332
v 0.015148 0.241601 -0.103393
v 0.000966 0.241601 -0.081163
v 0.000011 0.241601 -0.081240
v -0.001005 0.241601 -0.081352
v -0.002030 0.241601 -0.081638
v -0.003204 0.241601 -0.081999
v -0.004334 0.241601 -0.082570
v -0.005639 0.241601 -0.083261
v -0.006794 0.241601 -0.084169
v -0.008115 0.241601 -0.085228
v -0.009165 0.241601 -0.086471
v -0.010364 0.241601 -0.087879
v -0.011186 0.241601 -0.089405
v -0.012150 0.241601 -0.091111
v -0.012667 0.241601 -0.092863
v -0.013204 0.241601 -0.094358
v 0.015188 0.241601 -0.097354
v 0.015148 0.241601 -0.095293
v 0.015137 0.241601 -0.094358
v 0.014599 0.241601 -0.092863
v 0.014082 0.241601 -0.091111
v 0.013119 0.241601 -0.089405
v 0.012296 0.241601 -0.087879
v 0.011098 0.241601 -0.086471
v 0.010047 0.241601 -0.085228
v 0.008727 0.241601 -0.084169
v 0.007572 0.241601 -0.083261
v 0.006266 0.241601 -0.082570
v 0.005136 0.241601 -0.081999
v 0.003962 0.241601 -0.081638
v 0.002938 0.241601 -0.081352
v 0.001921 0.241601 -0.081240
v -0.013256 0.241601 -0.097354
v -0.013215 0.241601 -0.095293
v 0.015227 0.241601 -0.099343
v -0.013295 0.241601 -0.099343
v 0.000966 0.241367 -0.110466
v 0.001510 0.241367 -0.110422
v 0.002094 0.241367 -0.110358
v 0.002688 0.241367 -0.110192
v 0.003379 0.241367 -0.109980
v 0.004050 0.241367 -0.109641
v 0.004833 0.241367 -0.109226
v 0.005531 0.241367 -0.108678
v 0.006334 0.241367 -0.108034
v 0.006975 0.241367 -0.107276
v 0.007709 0.241367 -0.106413
v 0.008214 0.241367 -0.105477
v 0.008807 0.241367 -0.104426
v 0.009126 0.241367 -0.103345
v 0.009454 0.241367 -0.102433
v -0.007553 0.241367 -0.100585
v -0.007528 0.241367 -0.101878
v -0.007521 0.241367 -0.102433
v -0.007193 0.241367 -0.103345
v -0.006874 0.241367 -0.104426
v -0.006281 0.241367 -0.105477
v -0.005776 0.241367 -0.106413
v -0.005042 0.241367 -0.107276
v -0.004401 0.241367 -0.108034
v -0.003598 0.241367 -0.108678
v -0.002901 0.241367 -0.109226
v -0.002117 0.241367 -0.109641
v -0.001446 0.241367 -0.109980
v -0.000755 0.241367 -0.110192
v -0.000162 0.241367 -0.110358
v 0.000422 0.241367 -0.110422
v 0.009486 0.241367 -0.100585
v 0.009460 0.241367 -0.101878
v 0.000966 0.241367 -0.088220
v 0.000422 0.241367 -0.088263
v -0.000162 0.241367 -0.088328
v -0.000755 0.241367 -0.088493
v -0.001446 0.241367 -0.088706
v -0.002117 0.241367 -0.089044
v -0.002901 0.241367 -0.089459
v -0.003598 0.241367 -0.090008
v -0.004401 0.241367 -0.090652
v -0.005042 0.241367 -0.091410
v -0.005777 0.241367 -0.092273
v -0.006281 0.241367 -0.093209
v -0.006874 0.241367 -0.094259
v -0.007193 0.241367 -0.095340
v -0.007521 0.241367 -0.096252
v 0.009486 0.241367 -0.098100
v 0.009460 0.241367 -0.096808
v 0.009454 0.241367 -0.096252
v 0.009126 0.241367 -0.095340
v 0.008807 0.241367 -0.094259
v 0.008214 0.241367 -0.093209
v 0.007709 0.241367 -0.092273
v 0.006975 0.241367 -0.091410
v 0.006334 0.241367 -0.090652
v 0.005531 0.241367 -0.090008
v 0.004833 0.241367 -0.089459
v 0.004050 0.241367 -0.089044
v 0.003379 0.241367 -0.088706
v 0.002688 0.241367 -0.088493
v 0.002094 0.241367 -0.088328
v 0.001510 0.241367 -0.088263
v -0.007553 0.241367 -0.098100
v -0.007528 0.241367 -0.096808
v 0.009510 0.241367 -0.099343
v -0.007577 0.241367 -0.099343
v 0.000966 0.240236 -0.110466
v 0.001510 0.240236 -0.110422
v 0.002094 0.240236 -0.110358
v 0.002688 0.240236 -0.110192
v 0.003379 0.240236 -0.109980
v 0.004050 0.240236 -0.109641
v 0.004833 0.240236 -0.109226
v 0.005531 0.240236 -0.108678
v 0.006334 0.240236 -0.108034
v 0.006975 0.240236 -0.107276
v 0.007709 0.240236 -0.106413
v 0.008214 0.240236 -0.105477
v 0.008807 0.240236 -0.104426
v 0.009126 0.240236 -0.103345
v 0.009454 0.240236 -0.102433
v -0.007553 0.240236 -0.100585
v -0.007528 0.240236 -0.101878
v -0.007521 0.240236 -0.102433
v -0.007193 0.240236 -0.103345
v -0.006874 0.240236 -0.104426
v -0.006281 0.240236 -0.105477
v -0.005776 0.240236 -0.106413
v -0.005042 0.240236 -0.107276
v -0.004401 0.240236 -0.108034
v -0.003598 0.240236 -0.108678
v -0.002901 0.240236 -0.109226
v -0.002117 0.240236 -0.109641
v -0.001446 0.240236 -0.109980
v -0.000755 0.240236 -0.110192
v -0.000162 0.240236 -0.110358
v 0.000422 0.240236 -0.110422
v 0.009486 0.240236 -0.100585
v 0.009460 0.240236 -0.101878
v 0.000966 0.240236 -0.088220
v 0.000422 0.240236 -0.088263
v -0.000162 0.240236 -0.088328
v -0.000755 0.240236 -0.088493
v -0.001446 0.240236 -0.088706
v -0.002117 0.240236 -0.089044
v -0.002901 0.240236 -0.089459
v -0.003598 0.240236 -0.090008
v -0.004401 0.240236 -0.090652
v -0.005042 0.240236 -0.091410
v -0.005777 0.240236 -0.092273
v -0.006281 0.240236 -0.093209
v -0.006874 0.240236 -0.094259
v -0.007193 0.240236 -0.095340
v -0.007521 0.240236 -0.096252
v 0.009486 0.240236 -0.098100
v 0.009460 0.240236 -0.096808
v 0.009454 0.240236 -0.096252
v 0.009126 0.240236 -0.095340
v 0.008807 0.240236 -0.094259
v 0.008214 0.240236 -0.093209
v 0.007709 0.240236 -0.092273
v 0.006975 0.240236 -0.091410
v 0.006334 0.240236 -0.090652
v 0.005531 0.240236 -0.090008
v 0.004833 0.240236 -0.089459
v 0.004050 0.240236 -0.089044
v 0.003379 0.240236 -0.088706
v 0.002688 0.240236 -0.088493
v 0.002094 0.240236 -0.088328
v 0.001510 0.240236 -0.088263
v -0.007553 0.240236 -0.098100
v -0.007528 0.240236 -0.096808
v 0.009510 0.240236 -0.099343
v -0.007577 0.240236 -0.099343
v 0.000966 0.234454 -0.108809
v 0.001173 0.234454 -0.108792
v 0.001430 0.234454 -0.108764
v 0.001727 0.234454 -0.108681
v 0.002142 0.234454 -0.108554
v 0.002582 0.234454 -0.108332
v 0.003155 0.234454 -0.108028
v 0.003689 0.234454 -0.107608
v 0.004342 0.234454 -0.107085
v 0.004874 0.234454 -0.106455
v 0.005506 0.234454 -0.105713
v 0.005944 0.234454 -0.104899
v 0.006471 0.234454 -0.103967
v 0.006759 0.234454 -0.102989
v 0.007033 0.234454 -0.102229
v -0.005130 0.234454 -0.100563
v -0.005104 0.234454 -0.101860
v -0.005100 0.234454 -0.102229
v -0.004827 0.234454 -0.102989
v -0.004538 0.234454 -0.103967
v -0.004012 0.234454 -0.104899
v -0.003573 0.234454 -0.105713
v -0.002942 0.234454 -0.106455
v -0.002409 0.234454 -0.107085
v -0.001757 0.234454 -0.107608
v -0.001223 0.234454 -0.108028
v -0.000649 0.234454 -0.108332
v -0.000209 0.234454 -0.108554
v 0.000206 0.234454 -0.108681
v 0.000502 0.234454 -0.108764
v 0.000759 0.234454 -0.108792
v 0.007062 0.234454 -0.100564
v 0.007037 0.234454 -0.101860
v 0.000966 0.234454 -0.089876
v 0.000759 0.234454 -0.089893
v 0.000502 0.234454 -0.089921
v 0.000206 0.234454 -0.090004
v -0.000209 0.234454 -0.090132
v -0.000649 0.234454 -0.090354
v -0.001223 0.234454 -0.090657
v -0.001757 0.234454 -0.091077
v -0.002409 0.234454 -0.091601
v -0.002942 0.234454 -0.092231
v -0.003573 0.234454 -0.092973
v -0.004012 0.234454 -0.093786
v -0.004538 0.234454 -0.094719
v -0.004827 0.234454 -0.095697
v -0.005100 0.234454 -0.096457
v 0.007062 0.234454 -0.098122
v 0.007037 0.234454 -0.096825
v 0.007032 0.234454 -0.096457
v 0.006759 0.234454 -0.095697
v 0.006471 0.234454 -0.094719
v 0.005944 0.234454 -0.093786
v 0.005505 0.234454 -0.092973
v 0.004874 0.234454 -0.092231
v 0.004342 0.234454 -0.091601
v 0.003689 0.234454 -0.091077
v 0.003155 0.234454 -0.090657
v 0.002582 0.234454 -0.090354
v 0.002142 0.234454 -0.090132
v 0.001727 0.234454 -0.090004
v 0.001430 0.234454 -0.089921
v 0.001173 0.234454 -0.089893
v -0.005130 0.234454 -0.098122
v -0.005104 0.234454 -0.096825
v 0.007086 0.234454 -0.099343
v -0.005154 0.234454 -0.099343
v 0.000966 0.234454 -0.110466
v 0.001510 0.234454 -0.110422
v 0.002094 0.234454 -0.110358
v 0.002688 0.234454 -0.110192
v 0.003379 0.234454 -0.109980
v 0.004050 0.234454 -0.109641
v 0.004833 0.234454 -0.109226
v 0.005531 0.234454 -0.108678
v 0.006334 0.234454 -0.108034
v 0.006975 0.234454 -0.107276
v 0.007709 0.234454 -0.106413
v 0.008214 0.234454 -0.105477
v 0.008807 0.234454 -0.104426
v 0.009126 0.234454 -0.103345
v 0.009454 0.234454 -0.102433
v -0.007553 0.234454 -0.100585
v -0.007528 0.234454 -0.101878
v -0.007521 0.234454 -0.102433
v -0.007193 0.234454 -0.103345
v -0.006874 0.234454 -0.104426
v -0.006281 0.234454 -0.105477
v -0.005777 0.234454 -0.106413
v -0.005042 0.234454 -0.107276
v -0.004401 0.234454 -0.108034
v -0.003598 0.234454 -0.108678
v -0.002901 0.234454 -0.109226
v -0.002117 0.234454 -0.109641
v -0.001446 0.234454 -0.109980
v -0.000755 0.234454 -0.110192
v -0.000162 0.234454 -0.110358
v 0.000422 0.234454 -0.110422
v 0.009486 0.234454 -0.100585
v 0.009460 0.234454 -0.101878
v 0.000966 0.234454 -0.088220
v 0.000422 0.234454 -0.088263
v -0.000162 0.234454 -0.088328
v -0.000755 0.234454 -0.088493
v -0.001446 0.234454 -0.088706
v -0.002117 0.234454 -0.089044
v -0.002901 0.234454 -0.089459
v -0.003598 0.234454 -0.090008
v -0.004401 0.234454 -0.090652
v -0.005042 0.234454 -0.091410
v -0.005777 0.234454 -0.092273
v -0.006281 0.234454 -0.093209
v -0.006874 0.234454 -0.094259
v -0.007193 0.234454 -0.095340
v -0.007521 0.234454 -0.096252
v 0.009485 0.234454 -0.098100
v 0.009460 0.234454 -0.096808
v 0.009454 0.234454 -0.096252
v 0.009126 0.234454 -0.095340
v 0.008807 0.234454 -0.094259
v 0.008214 0.234454 -0.093209
v 0.007709 0.234454 -0.092273
v 0.006975 0.234454 -0.091410
v 0.006334 0.234454 -0.090652
v 0.005531 0.234454 -0.090008
v 0.004833 0.234454 -0.089459
v 0.004050 0.234454 -0.089044
v 0.003379 0.234454 -0.088706
v 0.002688 0.234454 -0.088493
v 0.002094 0.234454 -0.088328
v 0.001510 0.234454 -0.088263
v -0.007553 0.234454 -0.098100
v -0.007528 0.234454 -0.096808
v 0.009510 0.234454 -0.099343
v -0.007577 0.234454 -0.099343
v 0.000966 0.234454 -0.109810
v 0.001377 0.234454 -0.109777
v 0.001831 0.234454 -0.109726
v 0.002307 0.234454 -0.109594
v 0.002889 0.234454 -0.109415
v 0.003468 0.234454 -0.109122
v 0.004169 0.234454 -0.108751
v 0.004801 0.234454 -0.108254
v 0.005545 0.234454 -0.107658
v 0.006142 0.234454 -0.106950
v 0.006836 0.234454 -0.106135
v 0.007315 0.234454 -0.105248
v 0.007881 0.234454 -0.104244
v 0.008188 0.234454 -0.103204
v 0.008494 0.234454 -0.102352
v -0.006593 0.234454 -0.100577
v -0.006568 0.234454 -0.101871
v -0.006562 0.234454 -0.102352
v -0.006256 0.234454 -0.103204
v -0.005949 0.234454 -0.104244
v -0.005382 0.234454 -0.105248
v -0.004904 0.234454 -0.106135
v -0.004210 0.234454 -0.106950
v -0.003612 0.234454 -0.107658
v -0.002869 0.234454 -0.108254
v -0.002236 0.234454 -0.108751
v -0.001536 0.234454 -0.109122
v -0.000956 0.234454 -0.109415
v -0.000375 0.234454 -0.109594
v 0.000101 0.234454 -0.109726
v 0.000556 0.234454 -0.109777
v 0.008525 0.234454 -0.100577
v 0.008500 0.234454 -0.101871
v 0.000966 0.234454 -0.088876
v 0.000556 0.234454 -0.088909
v 0.000101 0.234454 -0.088959
v -0.000375 0.234454 -0.089092
v -0.000956 0.234454 -0.089271
v -0.001536 0.234454 -0.089563
v -0.002236 0.234454 -0.089934
v -0.002869 0.234454 -0.090432
v -0.003612 0.234454 -0.091028
v -0.004210 0.234454 -0.091735
v -0.004904 0.234454 -0.092550
v -0.005382 0.234454 -0.093438
v -0.005949 0.234454 -0.094441
v -0.006256 0.234454 -0.095481
v -0.006562 0.234454 -0.096333
v 0.008525 0.234454 -0.098109
v 0.008500 0.234454 -0.096815
v 0.008494 0.234454 -0.096333
v 0.008188 0.234454 -0.095481
v 0.007881 0.234454 -0.094441
v 0.007315 0.234454 -0.093438
v 0.006836 0.234454 -0.092550
v 0.006142 0.234454 -0.091735
v 0.005545 0.234454 -0.091028
v 0.004801 0.234454 -0.090432
v 0.004169 0.234454 -0.089934
v 0.003468 0.234454 -0.089563
v 0.002889 0.234454 -0.089271
v 0.002307 0.234454 -0.089092
v 0.001831 0.234454 -0.088959
v 0.001377 0.234454 -0.088909
v -0.006593 0.234454 -0.098109
v -0.006568 0.234454 -0.096815
v 0.008550 0.234454 -0.099343
v -0.006617 0.234454 -0.099343
vn 0.0442 0.9572 0.2860
vn -0.1702 0.9673 0.1881
vn 0.0810 0.9651 0.2490
vn 0.1213 0.9699 -0.2112
vn -0.0810 0.9651 -0.2490
vn 0.1702 0.9673 -0.1881
vn -0.0442 0.9572 -0.2860
vn 0.2199 0.9619 -0.1626
vn 0.2667 0.9559 -0.1231
vn 0.3005 0.9510 -0.0724
vn -0.3005 0.9510 -0.0724
vn -0.2667 0.9559 -0.1231
vn -0.0000 0.9535 -0.3014
vn -0.2199 0.9619 -0.1626
vn 0.0810 0.9651 -0.2490
vn 0.0442 0.9572 -0.2860
vn -0.1213 0.9699 -0.2112
vn -0.1702 0.9673 -0.1881
vn 0.6785 0.6713 -0.2982
vn 0.7274 0.6661 -0.1650
vn -0.7274 0.6661 -0.1650
vn -0.6785 0.6713 -0.2982
vn -0.5998 0.6784 -0.4242
vn 0.0859 0.4558 -0.8859
vn -0.4994 0.6610 -0.5600
vn 0.1781 0.4761 -0.8612
vn -0.3461 0.5560 -0.7557
vn 0.3461 0.5560 -0.7557
vn -0.1781 0.4761 -0.8612
vn 0.5998 0.6784 -0.4242
vn 0.4994 0.6610 -0.5600
vn -0.0000 0.4495 -0.8933
vn -0.0859 0.4558 -0.8859
vn -0.0000 -0.3120 -0.9501
vn 0.9582 -0.0776 -0.2755
vn -0.9582 -0.0776 -0.2755
vn -0.8600 -0.1750 -0.4794
vn -0.6946 -0.3106 -0.6489
vn 0.0400 -0.3089 -0.9502
vn -0.4803 -0.3939 -0.7837
vn 0.1018 -0.2977 -0.9492
vn -0.2582 -0.3248 -0.9099
vn 0.2582 -0.3248 -0.9099
vn -0.1018 -0.2977 -0.9492
vn 0.4803 -0.3939 -0.7837
vn -0.0400 -0.3089 -0.9502
vn 0.6946 -0.3106 -0.6489
vn 0.8600 -0.1750 -0.4794
vn -0.0000 -0.8165 -0.5773
vn 0.9525 -0.1032 -0.2864
vn -0.9525 -0.1032 -0.2864
vn -0.8428 -0.2195 -0.4914
vn -0.6145 -0.4559 -0.6439
vn -0.0076 -0.8128 -0.5824
vn -0.3214 -0.7112 -0.6253
vn 0.0265 -0.7996 -0.6000
vn -0.1404 -0.7761 -0.6148
vn 0.1404 -0.7761 -0.6148
vn -0.0265 -0.7996 -0.6000
vn 0.3214 -0.7112 -0.6253
vn 0.0076 -0.8128 -0.5824
vn 0.6145 -0.4559 -0.6439
vn 0.8428 -0.2195 -0.4914
vn -0.9524 -0.0655 -0.2977
vn -0.8511 -0.0920 -0.5169
vn -0.6289 -0.1756 -0.7574
vn 0.0322 -0.3748 -0.9266
vn -0.3805 -0.3502 -0.8559
vn 0.0818 -0.4164 -0.9055
vn -0.2197 -0.4458 -0.8678
vn 0.2197 -0.4458 -0.8678
vn -0.0818 -0.4164 -0.9055
vn 0.3805 -0.3502 -0.8559
vn -0.0000 -0.3611 -0.9325
vn -0.0322 -0.3748 -0.9266
vn 0.6289 -0.1756 -0.7574
vn 0.9524 -0.0655 -0.2977
vn 0.8511 -0.0920 -0.5169
vn 0.8325 -0.5095 -0.2177
vn -0.8325 -0.5095 -0.2177
vn -0.8048 -0.4337 -0.4052
vn -0.7410 -0.3036 -0.5989
vn 0.1574 0.2378 -0.9585
vn -0.6315 -0.1358 -0.7634
vn 0.3200 0.1593 -0.9339
vn -0.4842 0.0294 -0.8745
vn 0.4837 0.0299 -0.8747
vn -0.3202 0.1559 -0.9344
vn 0.6314 -0.1378 -0.7632
vn -0.0000 0.2637 -0.9646
vn -0.1571 0.2365 -0.9588
vn 0.8048 -0.4337 -0.4052
vn 0.7410 -0.3041 -0.5987
vn -0.9231 -0.3291 -0.1988
vn -0.8930 -0.2520 -0.3730
vn -0.8238 -0.1244 -0.5530
vn 0.1824 0.3668 -0.9122
vn -0.7056 0.0317 -0.7079
vn 0.3663 0.2970 -0.8818
vn -0.5462 0.1816 -0.8177
vn 0.5462 0.1816 -0.8177
vn -0.3663 0.2970 -0.8818
vn 0.7056 0.0317 -0.7079
vn -0.0000 0.3899 -0.9209
vn -0.1825 0.3668 -0.9122
vn 0.8238 -0.1244 -0.5530
vn 0.8930 -0.2520 -0.3730
vn 0.9231 -0.3291 -0.1988
vn 0.2928 -0.6928 -0.6591
vn -0.4443 -0.6460 -0.6207
vn 0.4443 -0.6460 -0.6207
vn -0.2928 -0.6928 -0.6591
vn 0.5945 -0.5812 -0.5557
vn -0.1449 -0.7202 -0.6785
vn 0.7320 -0.5045 -0.4579
vn 0.8414 -0.4295 -0.3280
vn 0.9084 -0.3758 -0.1831
vn -0.9084 -0.3758 -0.1831
vn -0.8414 -0.4295 -0.3280
vn -0.0000 -0.7292 -0.6843
vn -0.7320 -0.5045 -0.4579
vn 0.1449 -0.7202 -0.6785
vn -0.5945 -0.5812 -0.5557
vn 0.2264 -0.8190 -0.5273
vn -0.3578 -0.7776 -0.5170
vn 0.3578 -0.7776 -0.5170
vn -0.2264 -0.8190 -0.5273
vn 0.5047 -0.7123 -0.4878
vn -0.1093 -0.8412 -0.5296
vn 0.6572 -0.6223 -0.4252
vn 0.7918 -0.5205 -0.3195
vn 0.8792 -0.4395 -0.1841
vn -0.8792 -0.4395 -0.1841
vn -0.7918 -0.5205 -0.3195
vn -0.0000 -0.8481 -0.5298
vn -0.6572 -0.6223 -0.4252
vn 0.1093 -0.8412 -0.5296
vn -0.5047 -0.7123 -0.4878
vn -0.0000 -1.0000 -0.0000
vn 0.0036 -0.9998 -0.0182
vn 0.0070 -0.9998 -0.0171
vn 0.0101 -0.9998 -0.0153
vn 0.0128 -0.9998 -0.0130
vn 0.0150 -0.9998 -0.0101
vn 0.0166 -0.9998 -0.0070
vn 0.0175 -0.9998 -0.0039
vn -0.0175 -0.9998 -0.0039
vn -0.0166 -0.9998 -0.0070
vn -0.0150 -0.9998 -0.0101
vn -0.0128 -0.9998 -0.0130
vn -0.0101 -0.9998 -0.0153
vn -0.0070 -0.9998 -0.0171
vn -0.0000 -0.9998 -0.0186
vn -0.0036 -0.9998 -0.0182
vn 0.0860 -0.8946 -0.4386
vn 0.1729 -0.8892 -0.4236
vn 0.2610 -0.8803 -0.3962
vn 0.3481 -0.8686 -0.3528
vn 0.4291 -0.8553 -0.2903
vn 0.4957 -0.8430 -0.2087
vn 0.5382 -0.8345 -0.1181
vn -0.5382 -0.8345 -0.1181
vn -0.4957 -0.8430 -0.2087
vn -0.4291 -0.8553 -0.2903
vn -0.3481 -0.8686 -0.3528
vn -0.2610 -0.8803 -0.3962
vn -0.1729 -0.8892 -0.4236
vn -0.0000 -0.8964 -0.4433
vn -0.0860 -0.8946 -0.4386
vn 0.0012 1.0000 -0.0091
vn 0.0024 1.0000 -0.0086
vn 0.0036 1.0000 -0.0078
vn 0.0046 1.0000 -0.0067
vn 0.0055 1.0000 -0.0053
vn 0.0061 1.0000 -0.0037
vn 0.0065 1.0000 -0.0023
vn -0.0065 1.0000 -0.0023
vn -0.0061 1.0000 -0.0037
vn -0.0055 1.0000 -0.0053
vn -0.0046 1.0000 -0.0067
vn -0.0036 1.0000 -0.0078
vn -0.0024 1.0000 -0.0086
vn -0.0000 1.0000 -0.0093
vn -0.0012 1.0000 -0.0091
vn 0.0127 0.9960 -0.0888
vn 0.0257 0.9960 -0.0861
vn 0.0391 0.9959 -0.0811
vn 0.0527 0.9959 -0.0729
vn 0.0658 0.9960 -0.0608
vn 0.0770 0.9960 -0.0444
vn 0.0842 0.9961 -0.0269
vn -0.0842 0.9961 -0.0269
vn -0.0770 0.9960 -0.0444
vn -0.0658 0.9960 -0.0608
vn -0.0527 0.9959 -0.0729
vn -0.0391 0.9959 -0.0811
vn -0.0257 0.9960 -0.0861
vn -0.0000 0.9960 -0.0896
vn -0.0127 0.9960 -0.0888
vn -0.0000 1.0000 -0.0000
vn 0.0220 0.9905 -0.1357
vn 0.0450 0.9901 -0.1332
vn 0.0700 0.9893 -0.1280
vn 0.0975 0.9881 -0.1188
vn 0.1264 0.9866 -0.1027
vn 0.1535 0.9851 -0.0776
vn 0.1726 0.9839 -0.0462
vn -0.1726 0.9839 -0.0462
vn -0.1535 0.9851 -0.0776
vn -0.1264 0.9866 -0.1027
vn -0.0975 0.9881 -0.1188
vn -0.0700 0.9893 -0.1280
vn -0.0450 0.9901 -0.1332
vn -0.0220 0.9905 -0.1357
vn -0.0000 0.9907 -0.1364
vn 0.0761 0.7198 -0.6900
vn 0.1359 0.8016 -0.5822
vn 0.2249 0.8681 -0.4426
vn 0.3110 0.8895 -0.3347
vn 0.3778 0.8863 -0.2678
vn 0.4346 0.8800 -0.1917
vn 0.4710 0.8755 -0.1076
vn -0.4710 0.8755 -0.1076
vn -0.4346 0.8800 -0.1917
vn -0.3778 0.8863 -0.2678
vn -0.3110 0.8895 -0.3347
vn -0.2249 0.8681 -0.4426
vn -0.1359 0.8016 -0.5822
vn -0.0761 0.7198 -0.6900
vn -0.0000 0.6809 -0.7324
vn 0.0932 0.2131 -0.9726
vn 0.1934 0.2435 -0.9504
vn 0.3691 0.3407 -0.8647
vn 0.5623 0.4893 -0.6666
vn 0.6713 0.5642 -0.4807
vn 0.7298 0.6022 -0.3237
vn 0.7611 0.6249 -0.1739
vn -0.7611 0.6249 -0.1739
vn -0.7298 0.6022 -0.3237
vn -0.6713 0.5642 -0.4807
vn -0.5623 0.4893 -0.6666
vn -0.3691 0.3407 -0.8647
vn -0.1934 0.2435 -0.9504
vn -0.0932 0.2131 -0.9726
vn -0.0000 0.2036 -0.9791
vn 0.0918 0.0547 -0.9943
vn 0.1909 0.0982 -0.9767
vn 0.3623 0.2036 -0.9095
vn 0.5796 0.3681 -0.7270
vn 0.7028 0.4843 -0.5211
vn 0.7562 0.5546 -0.3472
vn 0.7815 0.5959 -0.1848
vn -0.7815 0.5959 -0.1848
vn -0.7562 0.5546 -0.3472
vn -0.7028 0.4843 -0.5211
vn -0.5796 0.3681 -0.7270
vn -0.3623 0.2036 -0.9095
vn -0.1909 0.0982 -0.9767
vn -0.0918 0.0547 -0.9943
vn -0.0000 0.0406 -0.9992
vn 0.0691 -0.3332 -0.9403
vn 0.1556 -0.2024 -0.9669
vn 0.3259 0.0203 -0.9452
vn 0.5755 0.2631 -0.7743
vn 0.7295 0.3856 -0.5649
vn 0.8001 0.4582 -0.3872
vn 0.8366 0.5065 -0.2086
vn -0.8366 0.5065 -0.2086
vn -0.8001 0.4582 -0.3872
vn -0.7295 0.3856 -0.5649
vn -0.5755 0.2631 -0.7743
vn -0.3260 0.0203 -0.9452
vn -0.1556 -0.2024 -0.9669
vn -0.0691 -0.3332 -0.9403
vn -0.0000 -0.3809 -0.9246
vn 0.0431 -0.1716 -0.9842
vn 0.1020 -0.1023 -0.9895
vn 0.2646 0.0338 -0.9638
vn 0.5533 0.2165 -0.8044
vn 0.7327 0.3386 -0.5904
vn 0.8083 0.4176 -0.4149
vn 0.8518 0.4728 -0.2256
vn -0.8518 0.4728 -0.2256
vn -0.8083 0.4176 -0.4149
vn -0.7327 0.3386 -0.5904
vn -0.5533 0.2165 -0.8044
vn -0.2646 0.0338 -0.9638
vn -0.1020 -0.1023 -0.9895
vn -0.0431 -0.1716 -0.9842
vn -0.0000 -0.2002 -0.9798
vn 0.0610 0.1752 -0.9826
vn 0.1201 0.1147 -0.9861
vn 0.2756 0.0274 -0.9609
vn 0.5488 -0.0048 -0.8360
vn 0.7548 0.0916 -0.6495
vn 0.8634 0.2006 -0.4630
vn 0.9270 0.2738 -0.2564
vn -0.9270 0.2738 -0.2564
vn -0.8634 0.2006 -0.4630
vn -0.7548 0.0916 -0.6495
vn -0.5488 -0.0048 -0.8360
vn -0.2756 0.0274 -0.9609
vn -0.1201 0.1147 -0.9861
vn -0.0610 0.1752 -0.9826
vn -0.0000 0.1967 -0.9805
vn 0.0784 0.0328 -0.9964
vn 0.1619 -0.0015 -0.9868
vn 0.2799 -0.0397 -0.9592
vn 0.3810 -0.0430 -0.9236
vn 0.6156 -0.0568 -0.7860
vn 0.8499 -0.0785 -0.5211
vn 0.9499 -0.0900 -0.2994
vn -0.9499 -0.0900 -0.2994
vn -0.8499 -0.0785 -0.5211
vn -0.6156 -0.0568 -0.7860
vn -0.3810 -0.0430 -0.9236
vn -0.2799 -0.0397 -0.9592
vn -0.1619 -0.0015 -0.9868
vn -0.0784 0.0328 -0.9964
vn -0.0000 0.0440 -0.9990
vn 0.0917 -0.0059 -0.9958
vn 0.1884 -0.0124 -0.9820
vn 0.2945 -0.0229 -0.9554
vn 0.3840 -0.0341 -0.9227
vn 0.6252 -0.0608 -0.7781
vn 0.8551 -0.0889 -0.5108
vn 0.9508 -0.1033 -0.2920
vn -0.9508 -0.1033 -0.2920
vn -0.8551 -0.0889 -0.5108
vn -0.6252 -0.0608 -0.7781
vn -0.3840 -0.0341 -0.9227
vn -0.2945 -0.0229 -0.9554
vn -0.1884 -0.0124 -0.9820
vn -0.0917 -0.0059 -0.9958
vn -0.0000 -0.0037 -1.0000
vn 0.0951 -0.0087 -0.9954
vn 0.1951 -0.0133 -0.9807
vn 0.3039 -0.0211 -0.9525
vn 0.3967 -0.0306 -0.9174
vn 0.6393 -0.0528 -0.7671
vn 0.8635 -0.0749 -0.4988
vn 0.9550 -0.0860 -0.2837
vn -0.9550 -0.0860 -0.2837
vn -0.8635 -0.0749 -0.4988
vn -0.6393 -0.0528 -0.7671
vn -0.3967 -0.0306 -0.9174
vn -0.3039 -0.0211 -0.9525
vn -0.1951 -0.0133 -0.9807
vn -0.0951 -0.0087 -0.9954
vn -0.0000 -0.0072 -1.0000
vn 0.0987 -0.0009 -0.9951
vn 0.2024 -0.0054 -0.9793
vn 0.3145 -0.0129 -0.9492
vn 0.4108 -0.0217 -0.9115
vn 0.6547 -0.0411 -0.7548
vn 0.8723 -0.0610 -0.4852
vn 0.9590 -0.0713 -0.2744
vn -0.9590 -0.0713 -0.2744
vn -0.8723 -0.0610 -0.4852
vn -0.6547 -0.0411 -0.7548
vn -0.4108 -0.0217 -0.9115
vn -0.3145 -0.0129 -0.9492
vn -0.2024 -0.0054 -0.9793
vn -0.0987 -0.0009 -0.9951
vn -0.0000 0.0005 -1.0000
vn 0.1023 -0.0036 -0.9948
vn 0.2093 -0.0076 -0.9778
vn 0.3246 -0.0142 -0.9457
vn 0.4225 -0.0222 -0.9061
vn 0.6669 -0.0395 -0.7441
vn 0.8796 -0.0566 -0.4724
vn 0.9619 -0.0651 -0.2657
vn -0.9619 -0.0651 -0.2657
vn -0.8796 -0.0566 -0.4724
vn -0.6669 -0.0395 -0.7441
vn -0.4225 -0.0222 -0.9061
vn -0.3246 -0.0142 -0.9457
vn -0.2093 -0.0076 -0.9778
vn -0.1023 -0.0036 -0.9948
vn -0.0000 -0.0023 -1.0000
vn 0.1034 0.0130 -0.9946
vn 0.2116 0.0125 -0.9773
vn 0.3280 0.0118 -0.9446
vn 0.4278 0.0103 -0.9038
vn 0.6717 0.0116 -0.7407
vn 0.8827 0.0165 -0.4697
vn 0.9643 0.0196 -0.2640
vn -0.9643 0.0196 -0.2640
vn -0.8827 0.0165 -0.4697
vn -0.6717 0.0116 -0.7407
vn -0.4278 0.0103 -0.9038
vn -0.3280 0.0118 -0.9446
vn -0.2116 0.0125 -0.9773
vn -0.1034 0.0130 -0.9946
vn -0.0000 0.0132 -0.9999
vn 0.1035 0.3790 -0.9196
vn 0.2143 0.3506 -0.9117
vn 0.3364 0.3029 -0.8917
vn 0.4531 0.2332 -0.8604
vn 0.6746 0.1845 -0.7148
vn 0.8584 0.2145 -0.4661
vn 0.9333 0.2464 -0.2611
vn -0.9333 0.2464 -0.2611
vn -0.8584 0.2145 -0.4661
vn -0.6744 0.1836 -0.7152
vn -0.4534 0.2309 -0.8609
vn -0.3372 0.3029 -0.8914
vn -0.2141 0.3529 -0.9108
vn -0.1030 0.3798 -0.9193
vn -0.0000 0.3883 -0.9215
vn 0.1185 0.4121 -0.9034
vn 0.2539 0.3975 -0.8818
vn 0.3811 0.3532 -0.8544
vn 0.5070 0.3516 -0.7870
vn 0.6798 0.3419 -0.6489
vn 0.7999 0.3946 -0.4522
vn 0.8591 0.4456 -0.2518
vn -0.8591 0.4456 -0.2518
vn -0.7998 0.3939 -0.4530
vn -0.6751 0.3143 -0.6674
vn -0.5212 0.2865 -0.8039
vn -0.4096 0.3607 -0.8379
vn -0.2453 0.4684 -0.8488
vn -0.0997 0.4366 -0.8941
vn 0.0008 0.4136 -0.9105
vn 0.1304 0.0145 -0.9914
vn 0.2964 0.0464 -0.9539
vn 0.4084 0.0720 -0.9100
vn 0.5224 0.1873 -0.8319
vn 0.6935 0.2932 -0.6581
vn 0.8051 0.3582 -0.4727
vn 0.8754 0.4030 -0.2669
vn -0.8754 0.4030 -0.2669
vn -0.8043 0.3573 -0.4749
vn -0.6641 0.2536 -0.7033
vn -0.5350 0.1110 -0.8376
vn -0.4917 0.0910 -0.8660
vn -0.2931 0.1335 -0.9467
vn -0.0830 0.0402 -0.9957
vn 0.0020 0.0011 -1.0000
vn 0.1270 -0.0088 -0.9919
vn 0.2975 -0.0022 -0.9547
vn 0.4015 0.0037 -0.9158
vn 0.5249 0.0184 -0.8509
vn 0.7208 0.0349 -0.6923
vn 0.8584 0.0477 -0.5108
vn 0.9539 0.0571 -0.2947
vn -0.9539 0.0571 -0.2947
vn -0.8573 0.0478 -0.5125
vn -0.6827 0.0320 -0.7300
vn -0.5277 0.0131 -0.8493
vn -0.4972 0.0076 -0.8676
vn -0.2975 0.0030 -0.9547
vn -0.0714 -0.0081 -0.9974
vn 0.0025 -0.0108 -0.9999
vn 0.1279 -0.0659 -0.9896
vn 0.2961 -0.0778 -0.9520
vn 0.4036 -0.0918 -0.9103
vn 0.5278 -0.1142 -0.8416
vn 0.7137 -0.1460 -0.6851
vn 0.8465 -0.1717 -0.5039
vn 0.9379 -0.1905 -0.2899
vn -0.9379 -0.1905 -0.2899
vn -0.8458 -0.1716 -0.5051
vn -0.6844 -0.1409 -0.7154
vn -0.5317 -0.1116 -0.8395
vn -0.4883 -0.0992 -0.8670
vn -0.2947 -0.0818 -0.9521
vn -0.0757 -0.0659 -0.9949
vn 0.0024 -0.0622 -0.9981
vn 0.1314 0.0548 -0.9898
vn 0.3004 0.0006 -0.9538
vn 0.4167 -0.0536 -0.9074
vn 0.5420 -0.1844 -0.8199
vn 0.6968 -0.2971 -0.6529
vn 0.8010 -0.3754 -0.4664
vn 0.8653 -0.4275 -0.2617
vn -0.8653 -0.4275 -0.2617
vn -0.8008 -0.3752 -0.4668
vn -0.6829 -0.2802 -0.6746
vn -0.5496 -0.1361 -0.8243
vn -0.4861 -0.0752 -0.8707
vn -0.2981 -0.0720 -0.9518
vn -0.0862 0.0294 -0.9958
vn 0.0022 0.0761 -0.9971
vn 0.1466 0.0577 -0.9875
vn 0.3043 -0.0080 -0.9526
vn 0.4479 -0.0926 -0.8893
vn 0.5793 -0.2421 -0.7783
vn 0.6980 -0.3684 -0.6140
vn 0.7789 -0.4600 -0.4263
vn 0.8233 -0.5172 -0.2339
vn -0.8233 -0.5172 -0.2339
vn -0.7789 -0.4599 -0.4264
vn -0.6968 -0.3597 -0.6206
vn -0.5852 -0.2055 -0.7844
vn -0.4671 -0.1050 -0.8780
vn -0.3033 -0.0678 -0.9505
vn -0.1340 0.0352 -0.9904
vn 0.0006 0.0833 -0.9965
vn 0.1452 0.5805 -0.8012
vn 0.3044 0.5056 -0.8073
vn 0.4834 0.3649 -0.7958
vn 0.6639 0.1540 -0.7318
vn 0.8015 -0.0891 -0.5913
vn 0.8692 -0.2916 -0.3992
vn 0.8878 -0.4092 -0.2109
vn -0.8878 -0.4092 -0.2109
vn -0.8692 -0.2916 -0.3992
vn -0.8015 -0.0891 -0.5913
vn -0.6639 0.1540 -0.7318
vn -0.4834 0.3649 -0.7958
vn -0.3044 0.5056 -0.8073
vn -0.1452 0.5805 -0.8012
vn -0.0000 0.6036 -0.7973
vn 0.2087 0.1147 -0.9712
vn 0.4077 0.0614 -0.9111
vn 0.5852 -0.0186 -0.8107
vn 0.7295 -0.1107 -0.6750
vn 0.8338 -0.1981 -0.5153
vn 0.8996 -0.2668 -0.3457
vn 0.9331 -0.3087 -0.1846
vn -0.9331 -0.3087 -0.1846
vn -0.8996 -0.2668 -0.3457
vn -0.8338 -0.1981 -0.5153
vn -0.7295 -0.1107 -0.6750
vn -0.5852 -0.0186 -0.8107
vn -0.4077 0.0614 -0.9111
vn -0.2087 0.1147 -0.9712
vn -0.0000 0.1333 -0.9911
vn 0.2162 -0.0309 -0.9759
vn 0.4189 -0.0378 -0.9072
vn 0.5970 -0.0480 -0.8008
vn 0.7436 -0.0594 -0.6660
vn 0.8561 -0.0704 -0.5120
vn 0.9343 -0.0794 -0.3475
vn 0.9786 -0.0850 -0.1874
vn -0.9786 -0.0850 -0.1874
vn -0.9343 -0.0794 -0.3475
vn -0.8561 -0.0704 -0.5120
vn -0.7436 -0.0594 -0.6660
vn -0.5970 -0.0480 -0.8008
vn -0.4189 -0.0378 -0.9072
vn -0.2162 -0.0309 -0.9759
vn -0.0000 -0.0284 -0.9996
vn 0.2149 -0.0815 -0.9732
vn 0.4169 -0.0690 -0.9063
vn 0.5954 -0.0505 -0.8018
vn 0.7433 -0.0293 -0.6684
vn 0.8572 -0.0088 -0.5148
vn 0.9368 0.0079 -0.3499
vn 0.9818 0.0185 -0.1889
vn -0.9818 0.0185 -0.1889
vn -0.9368 0.0079 -0.3499
vn -0.8572 -0.0088 -0.5148
vn -0.7433 -0.0293 -0.6684
vn -0.5954 -0.0505 -0.8018
vn -0.4169 -0.0690 -0.9063
vn -0.2149 -0.0815 -0.9732
vn -0.0000 -0.0860 -0.9963
vn 0.3705 -0.7425 -0.5580
vn -0.2351 -0.7860 -0.5717
vn 0.5202 -0.6753 -0.5229
vn -0.1136 -0.8098 -0.5756
vn 0.6732 -0.5855 -0.4516
vn 0.8055 -0.4882 -0.3359
vn 0.8896 -0.4142 -0.1926
vn -0.8896 -0.4142 -0.1926
vn -0.8055 -0.4882 -0.3359
vn -0.0000 -0.8173 -0.5763
vn -0.6732 -0.5855 -0.4516
vn 0.2351 -0.7860 -0.5717
vn 0.1136 -0.8098 -0.5756
vn -0.3705 -0.7425 -0.5580
vn -0.5202 -0.6753 -0.5229
vn 0.1916 -0.4357 -0.8794
vn 0.3779 -0.4028 -0.8336
vn 0.5525 -0.3506 -0.7562
vn 0.7070 -0.2848 -0.6473
vn 0.8328 -0.2155 -0.5099
vn 0.9232 -0.1547 -0.3518
vn 0.9748 -0.1147 -0.1915
vn -0.9748 -0.1147 -0.1915
vn -0.9232 -0.1547 -0.3518
vn -0.8328 -0.2155 -0.5099
vn -0.7070 -0.2848 -0.6473
vn -0.5525 -0.3506 -0.7562
vn -0.3779 -0.4028 -0.8336
vn -0.1916 -0.4357 -0.8794
vn -0.0000 -0.4469 -0.8946
vn 0.5384 0.6334 0.5558
vn 0.6186 0.6603 0.4257
vn 0.6742 0.6804 0.2873
vn 0.7153 0.6865 0.1307
vn -0.7153 0.6865 0.1307
vn -0.6742 0.6804 0.2873
vn -0.6186 0.6603 0.4257
vn -0.5384 0.6334 0.5558
vn -0.1213 0.9699 0.2112
vn 0.9911 -0.1094 -0.0760
vn 0.9932 -0.0907 -0.0735
vn 0.9946 -0.0755 -0.0708
vn 0.9953 -0.0686 -0.0684
vn 0.9975 0.0209 -0.0678
vn 0.9634 0.2594 -0.0669
vn 0.8825 0.4660 -0.0643
vn 0.9040 0.4219 -0.0687
vn 0.9952 0.0611 -0.0769
vn 0.9771 -0.1989 -0.0753
vn 0.8401 -0.5392 -0.0594
vn 0.8911 -0.4487 -0.0671
vn 0.8420 -0.5366 -0.0553
vn -0.9329 -0.3563 -0.0529
vn 0.9329 -0.3563 -0.0529
vn 0.8920 -0.4488 -0.0544
vn -0.9448 -0.3239 -0.0501
vn -0.9329 -0.3567 -0.0491
vn -0.9936 -0.1008 -0.0518
vn -0.9949 -0.0872 -0.0512
vn -0.9984 0.0223 -0.0515
vn -0.9115 -0.4085 -0.0485
vn -0.9209 -0.3867 -0.0495
vn -0.5522 -0.8332 -0.0297
vn -0.0177 -0.9998 -0.0009
vn -0.4333 0.6021 0.6706
vn 0.0177 -0.9998 -0.0009
vn 0.5522 -0.8332 -0.0297
vn 0.9448 -0.3239 -0.0501
vn 0.9949 -0.0872 -0.0512
vn 0.9984 0.0223 -0.0514
vn 0.9936 -0.1008 -0.0518
vn 0.9329 -0.3567 -0.0491
vn 0.9115 -0.4085 -0.0485
vn 0.9209 -0.3867 -0.0495
vn 0.0065 1.0000 -0.0002
vn 0.0870 0.9962 -0.0039
vn -0.0870 0.9962 -0.0039
vn -0.1796 0.9837 -0.0099
vn -0.0065 1.0000 -0.0002
vn 0.1796 0.9837 -0.0099
vn 0.3133 0.9495 -0.0181
vn -0.3133 0.9495 -0.0181
vn -0.7450 0.6656 -0.0445
vn -0.4833 0.8750 -0.0285
vn 0.4833 0.8750 -0.0285
vn 0.7450 0.6656 -0.0445
vn -0.9508 0.3017 -0.0703
vn -0.9963 -0.0403 -0.0755
vn -0.9953 -0.0588 -0.0773
vn -0.9953 -0.0560 -0.0788
vn -0.9924 -0.0950 -0.0784
vn -0.8675 0.4936 -0.0618
vn -0.9911 -0.1094 -0.0761
vn -0.8493 0.5248 -0.0570
vn -0.9932 -0.0907 -0.0735
vn -0.7899 0.6112 -0.0501
vn -0.7719 0.6341 -0.0470
vn 0.7719 0.6341 -0.0470
vn 0.8493 0.5248 -0.0570
vn 0.7899 0.6112 -0.0501
vn 0.8675 0.4936 -0.0618
vn 0.9508 0.3017 -0.0703
vn 0.9963 -0.0403 -0.0755
vn 0.9953 -0.0588 -0.0773
vn 0.9953 -0.0560 -0.0788
vn 0.9924 -0.0950 -0.0784
vn -0.9946 -0.0755 -0.0708
vn -0.9953 -0.0686 -0.0684
vn -0.9975 0.0209 -0.0679
vn -0.9634 0.2594 -0.0669
vn -0.8825 0.4660 -0.0643
vn -0.9040 0.4219 -0.0688
vn -0.9952 0.0611 -0.0769
vn -0.9771 -0.1989 -0.0753
vn -0.8911 -0.4487 -0.0671
vn -0.8401 -0.5392 -0.0594
vn -0.8420 -0.5366 -0.0553
vn -0.8920 -0.4488 -0.0544
vn -0.2199 0.9619 0.1626
vn -0.2667 0.9559 0.1231
vn -0.3005 0.9510 0.0724
vn 0.3005 0.9510 0.0724
vn 0.2667 0.9559 0.1231
vn -0.0000 0.9535 0.3014
vn 0.2199 0.9619 0.1626
vn -0.0810 0.9651 0.2490
vn -0.0442 0.9572 0.2860
vn 0.1213 0.9699 0.2112
vn 0.1702 0.9673 0.1881
vn -0.6785 0.6713 0.2982
vn -0.7274 0.6661 0.1650
vn 0.7274 0.6661 0.1650
vn 0.6785 0.6713 0.2982
vn 0.5998 0.6784 0.4242
vn -0.0859 0.4558 0.8859
vn 0.4994 0.6610 0.5600
vn -0.1781 0.4761 0.8612
vn 0.3461 0.5560 0.7557
vn -0.3461 0.5560 0.7557
vn 0.1781 0.4761 0.8612
vn -0.5998 0.6784 0.4242
vn -0.4994 0.6610 0.5600
vn -0.0000 0.4495 0.8933
vn 0.0859 0.4558 0.8859
vn -0.0000 -0.3120 0.9501
vn -0.9582 -0.0776 0.2755
vn 0.9582 -0.0776 0.2755
vn 0.8600 -0.1750 0.4794
vn 0.6946 -0.3106 0.6489
vn -0.0400 -0.3089 0.9502
vn 0.4803 -0.3939 0.7837
vn -0.1018 -0.2977 0.9492
vn 0.2582 -0.3248 0.9099
vn -0.2582 -0.3248 0.9099
vn 0.1018 -0.2977 0.9492
vn -0.4803 -0.3939 0.7837
vn 0.0400 -0.3089 0.9502
vn -0.6946 -0.3106 0.6489
vn -0.8600 -0.1750 0.4794
vn -0.0000 -0.8165 0.5773
vn -0.9525 -0.1032 0.2864
vn 0.9525 -0.1032 0.2864
vn 0.8428 -0.2195 0.4914
vn 0.6145 -0.4559 0.6439
vn 0.0076 -0.8128 0.5824
vn 0.3214 -0.7112 0.6253
vn -0.0265 -0.7996 0.6000
vn 0.1404 -0.7761 0.6148
vn -0.1404 -0.7761 0.6148
vn 0.0265 -0.7996 0.6000
vn -0.3214 -0.7112 0.6253
vn -0.0076 -0.8128 0.5824
vn -0.6145 -0.4559 0.6439
vn -0.8428 -0.2195 0.4914
vn 0.9524 -0.0655 0.2977
vn 0.8511 -0.0920 0.5169
vn 0.6289 -0.1756 0.7574
vn -0.0322 -0.3748 0.9266
vn 0.3805 -0.3502 0.8559
vn -0.0818 -0.4164 0.9055
vn 0.2197 -0.4458 0.8678
vn -0.2197 -0.4458 0.8678
vn 0.0818 -0.4164 0.9055
vn -0.3805 -0.3502 0.8559
vn -0.0000 -0.3611 0.9325
vn 0.0322 -0.3748 0.9266
vn -0.6289 -0.1756 0.7574
vn -0.9524 -0.0655 0.2977
vn -0.8511 -0.0920 0.5169
vn -0.8325 -0.5095 0.2177
vn 0.8325 -0.5095 0.2177
vn 0.8048 -0.4337 0.4052
vn 0.7410 -0.3036 0.5989
vn -0.1574 0.2378 0.9585
vn 0.6315 -0.1358 0.7634
vn -0.3200 0.1593 0.9339
vn 0.4842 0.0294 0.8745
vn -0.4837 0.0299 0.8747
vn 0.3202 0.1559 0.9344
vn -0.6314 -0.1378 0.7632
vn -0.0000 0.2637 0.9646
vn 0.1571 0.2365 0.9588
vn -0.8048 -0.4337 0.4052
vn -0.7410 -0.3041 0.5987
vn 0.9231 -0.3291 0.1988
vn 0.8930 -0.2520 0.3730
vn 0.8238 -0.1244 0.5530
vn -0.1824 0.3668 0.9122
vn 0.7056 0.0317 0.7079
vn -0.3663 0.2970 0.8818
vn 0.5462 0.1816 0.8177
vn -0.5462 0.1816 0.8177
vn 0.3663 0.2970 0.8818
vn -0.7056 0.0317 0.7079
vn -0.0000 0.3899 0.9209
vn 0.1825 0.3668 0.9122
vn -0.8238 -0.1244 0.5530
vn -0.8930 -0.2520 0.3730
vn -0.9231 -0.3291 0.1988
vn -0.2928 -0.6928 0.6591
vn 0.4443 -0.6460 0.6207
vn -0.4443 -0.6460 0.6207
vn 0.2928 -0.6928 0.6591
vn -0.5945 -0.5812 0.5557
vn 0.1449 -0.7202 0.6785
vn -0.7320 -0.5045 0.4579
vn -0.8414 -0.4295 0.3280
vn -0.9084 -0.3758 0.1831
vn 0.9084 -0.3758 0.1831
vn 0.8414 -0.4295 0.3280
vn -0.0000 -0.7292 0.6843
vn 0.7320 -0.5045 0.4579
vn -0.1449 -0.7202 0.6785
vn 0.5945 -0.5812 0.5557
vn -0.2264 -0.8190 0.5273
vn 0.3578 -0.7776 0.5170
vn -0.3578 -0.7776 0.5170
vn 0.2264 -0.8190 0.5273
vn -0.5047 -0.7123 0.4878
vn 0.1093 -0.8412 0.5296
vn -0.6573 -0.6223 0.4252
vn -0.7918 -0.5205 0.3195
vn -0.8792 -0.4395 0.1841
vn 0.8792 -0.4395 0.1841
vn 0.7918 -0.5205 0.3195
vn -0.0000 -0.8481 0.5298
vn 0.6573 -0.6223 0.4252
vn -0.1093 -0.8412 0.5296
vn 0.5047 -0.7123 0.4878
vn -0.0036 -0.9998 0.0182
vn -0.0070 -0.9998 0.0171
vn -0.0101 -0.9998 0.0153
vn -0.0128 -0.9998 0.0130
vn -0.0150 -0.9998 0.0101
vn -0.0166 -0.9998 0.0070
vn -0.0175 -0.9998 0.0039
vn 0.0175 -0.9998 0.0039
vn 0.0166 -0.9998 0.0070
vn 0.0150 -0.9998 0.0101
vn 0.0128 -0.9998 0.0130
vn 0.0101 -0.9998 0.0153
vn 0.0070 -0.9998 0.0171
vn -0.0000 -0.9998 0.0186
vn 0.0036 -0.9998 0.0182
vn -0.0860 -0.8946 0.4386
vn -0.1729 -0.8892 0.4236
vn -0.2610 -0.8803 0.3962
vn -0.3481 -0.8685 0.3528
vn -0.4291 -0.8553 0.2904
vn -0.4958 -0.8430 0.2088
vn -0.5382 -0.8345 0.1181
vn 0.5382 -0.8345 0.1181
vn 0.4958 -0.8430 0.2088
vn 0.4291 -0.8553 0.2903
vn 0.3481 -0.8685 0.3528
vn 0.2610 -0.8803 0.3962
vn 0.1729 -0.8892 0.4236
vn -0.0000 -0.8964 0.4433
vn 0.0860 -0.8946 0.4386
vn -0.0012 1.0000 0.0091
vn -0.0024 1.0000 0.0086
vn -0.0036 1.0000 0.0078
vn -0.0046 1.0000 0.0067
vn -0.0055 1.0000 0.0053
vn -0.0061 1.0000 0.0037
vn -0.0065 1.0000 0.0023
vn 0.0065 1.0000 0.0023
vn 0.0061 1.0000 0.0037
vn 0.0055 1.0000 0.0053
vn 0.0046 1.0000 0.0067
vn 0.0036 1.0000 0.0078
vn 0.0024 1.0000 0.0086
vn -0.0000 1.0000 0.0093
vn 0.0012 1.0000 0.0091
vn -0.0127 0.9960 0.0888
vn -0.0257 0.9960 0.0861
vn -0.0391 0.9959 0.0811
vn -0.0527 0.9959 0.0729
vn -0.0658 0.9960 0.0608
vn -0.0770 0.9960 0.0444
vn -0.0842 0.9961 0.0269
vn 0.0842 0.9961 0.0269
vn 0.0770 0.9960 0.0444
vn 0.0658 0.9960 0.0608
vn 0.0527 0.9959 0.0729
vn 0.0391 0.9959 0.0811
vn 0.0257 0.9960 0.0861
vn -0.0000 0.9960 0.0896
vn 0.0127 0.9960 0.0888
vn -0.0220 0.9905 0.1357
vn -0.0450 0.9901 0.1332
vn -0.0700 0.9893 0.1280
vn -0.0975 0.9881 0.1188
vn -0.1264 0.9866 0.1027
vn -0.1535 0.9851 0.0776
vn -0.1726 0.9839 0.0462
vn 0.1726 0.9839 0.0462
vn 0.1535 0.9851 0.0776
vn 0.1264 0.9866 0.1027
vn 0.0975 0.9881 0.1188
vn 0.0700 0.9893 0.1280
vn 0.0450 0.9901 0.1332
vn 0.0220 0.9905 0.1357
vn -0.0000 0.9907 0.1364
vn -0.0761 0.7198 0.6900
vn -0.1359 0.8016 0.5822
vn -0.2249 0.8681 0.4426
vn -0.3110 0.8895 0.3347
vn -0.3778 0.8863 0.2678
vn -0.4345 0.8800 0.1917
vn -0.4710 0.8755 0.1076
vn 0.4710 0.8755 0.1076
vn 0.4346 0.8800 0.1917
vn 0.3778 0.8863 0.2678
vn 0.3110 0.8895 0.3347
vn 0.2249 0.8681 0.4426
vn 0.1359 0.8016 0.5822
vn 0.0761 0.7198 0.6900
vn -0.0000 0.6809 0.7324
vn -0.0932 0.2131 0.9726
vn -0.1934 0.2435 0.9504
vn -0.3691 0.3407 0.8647
vn -0.5623 0.4893 0.6666
vn -0.6713 0.5642 0.4807
vn -0.7298 0.6022 0.3237
vn -0.7611 0.6249 0.1739
vn 0.7611 0.6249 0.1739
vn 0.7298 0.6022 0.3237
vn 0.6713 0.5642 0.4807
vn 0.5623 0.4893 0.6666
vn 0.3691 0.3407 0.8647
vn 0.1934 0.2435 0.9504
vn 0.0932 0.2131 0.9726
vn -0.0000 0.2036 0.9791
vn -0.0918 0.0547 0.9943
vn -0.1909 0.0982 0.9767
vn -0.3623 0.2036 0.9095
vn -0.5796 0.3681 0.7270
vn -0.7028 0.4843 0.5211
vn -0.7562 0.5546 0.3472
vn -0.7815 0.5959 0.1848
vn 0.7815 0.5959 0.1848
vn 0.7562 0.5546 0.3472
vn 0.7028 0.4843 0.5211
vn 0.5796 0.3681 0.7270
vn 0.3623 0.2036 0.9095
vn 0.1909 0.0982 0.9767
vn 0.0918 0.0547 0.9943
vn -0.0000 0.0406 0.9992
vn -0.0691 -0.3332 0.9403
vn -0.1556 -0.2024 0.9669
vn -0.3259 0.0203 0.9452
vn -0.5755 0.2631 0.7743
vn -0.7295 0.3856 0.5649
vn -0.8001 0.4582 0.3872
vn -0.8366 0.5065 0.2086
vn 0.8366 0.5065 0.2086
vn 0.8001 0.4582 0.3872
vn 0.7295 0.3856 0.5649
vn 0.5755 0.2631 0.7743
vn 0.3260 0.0203 0.9452
vn 0.1556 -0.2024 0.9669
vn 0.0691 -0.3332 0.9403
vn -0.0000 -0.3809 0.9246
vn -0.0431 -0.1716 0.9842
vn -0.1020 -0.1023 0.9895
vn -0.2646 0.0338 0.9638
vn -0.5533 0.2165 0.8044
vn -0.7327 0.3386 0.5904
vn -0.8083 0.4176 0.4149
vn -0.8518 0.4728 0.2256
vn 0.8518 0.4728 0.2256
vn 0.8083 0.4176 0.4149
vn 0.7327 0.3386 0.5904
vn 0.5533 0.2165 0.8044
vn 0.2646 0.0338 0.9638
vn 0.1020 -0.1023 0.9895
vn 0.0431 -0.1716 0.9842
vn -0.0000 -0.2002 0.9798
vn -0.0610 0.1752 0.9826
vn -0.1201 0.1147 0.9861
vn -0.2756 0.0274 0.9609
vn -0.5488 -0.0048 0.8360
vn -0.7548 0.0916 0.6495
vn -0.8634 0.2006 0.4630
vn -0.9270 0.2738 0.2564
vn 0.9270 0.2738 0.2564
vn 0.8634 0.2006 0.4630
vn 0.7548 0.0916 0.6495
vn 0.5488 -0.0048 0.8360
vn 0.2756 0.0274 0.9609
vn 0.1201 0.1147 0.9861
vn 0.0610 0.1752 0.9826
vn -0.0000 0.1967 0.9805
vn -0.0784 0.0328 0.9964
vn -0.1619 -0.0015 0.9868
vn -0.2799 -0.0397 0.9592
vn -0.3810 -0.0430 0.9236
vn -0.6156 -0.0568 0.7860
vn -0.8499 -0.0785 0.5211
vn -0.9499 -0.0900 0.2994
vn 0.9499 -0.0900 0.2994
vn 0.8499 -0.0785 0.5211
vn 0.6156 -0.0568 0.7860
vn 0.3810 -0.0430 0.9236
vn 0.2799 -0.0397 0.9592
vn 0.1619 -0.0015 0.9868
vn 0.0784 0.0328 0.9964
vn -0.0000 0.0440 0.9990
vn -0.0917 -0.0059 0.9958
vn -0.1884 -0.0124 0.9820
vn -0.2945 -0.0229 0.9554
vn -0.3840 -0.0341 0.9227
vn -0.6252 -0.0608 0.7781
vn -0.8551 -0.0889 0.5108
vn -0.9508 -0.1033 0.2920
vn 0.9508 -0.1033 0.2920
vn 0.8551 -0.0889 0.5108
vn 0.6252 -0.0608 0.7781
vn 0.3840 -0.0341 0.9227
vn 0.2945 -0.0229 0.9554
vn 0.1884 -0.0124 0.9820
vn 0.0917 -0.0059 0.9958
vn -0.0000 -0.0037 1.0000
vn -0.0951 -0.0087 0.9954
vn -0.1951 -0.0133 0.9807
vn -0.3039 -0.0211 0.9525
vn -0.3967 -0.0306 0.9174
vn -0.6393 -0.0528 0.7671
vn -0.8635 -0.0749 0.4988
vn -0.9550 -0.0860 0.2837
vn 0.9550 -0.0860 0.2837
vn 0.8635 -0.0749 0.4988
vn 0.6393 -0.0528 0.7671
vn 0.3967 -0.0306 0.9174
vn 0.3039 -0.0211 0.9525
vn 0.1951 -0.0133 0.9807
vn 0.0951 -0.0087 0.9954
vn -0.0000 -0.0072 1.0000
vn -0.0987 -0.0009 0.9951
vn -0.2024 -0.0054 0.9793
vn -0.3145 -0.0129 0.9492
vn -0.4108 -0.0217 0.9115
vn -0.6547 -0.0411 0.7548
vn -0.8723 -0.0610 0.4852
vn -0.9590 -0.0713 0.2744
vn 0.9590 -0.0713 0.2744
vn 0.8723 -0.0610 0.4852
vn 0.6547 -0.0411 0.7548
vn 0.4108 -0.0217 0.9115
vn 0.3145 -0.0129 0.9492
vn 0.2024 -0.0054 0.9793
vn 0.0987 -0.0009 0.9951
vn -0.0000 0.0005 1.0000
vn -0.1023 -0.0036 0.9948
vn -0.2093 -0.0076 0.9778
vn -0.3246 -0.0142 0.9457
vn -0.4225 -0.0222 0.9061
vn -0.6669 -0.0395 0.7441
vn -0.8796 -0.0566 0.4724
vn -0.9619 -0.0651 0.2657
vn 0.9619 -0.0651 0.2657
vn 0.8796 -0.0566 0.4724
vn 0.6669 -0.0395 0.7441
vn 0.4225 -0.0222 0.9061
vn 0.3246 -0.0142 0.9457
vn 0.2093 -0.0076 0.9778
vn 0.1023 -0.0037 0.9948
vn -0.0000 -0.0023 1.0000
vn -0.1034 0.0130 0.9946
vn -0.2116 0.0125 0.9773
vn -0.3280 0.0118 0.9446
vn -0.4278 0.0103 0.9038
vn -0.6717 0.0116 0.7407
vn -0.8827 0.0165 0.4697
vn -0.9643 0.0196 0.2640
vn 0.9643 0.0196 0.2640
vn 0.8827 0.0165 0.4697
vn 0.6717 0.0116 0.7407
vn 0.4278 0.0103 0.9038
vn 0.3280 0.0118 0.9446
vn 0.2116 0.0125 0.9773
vn 0.1034 0.0130 0.9946
vn -0.0000 0.0132 0.9999
vn -0.1035 0.3790 0.9196
vn -0.2143 0.3506 0.9117
vn -0.3364 0.3029 0.8917
vn -0.4531 0.2332 0.8604
vn -0.6746 0.1845 0.7148
vn -0.8584 0.2145 0.4661
vn -0.9333 0.2464 0.2611
vn 0.9333 0.2464 0.2611
vn 0.8584 0.2145 0.4661
vn 0.6744 0.1836 0.7152
vn 0.4534 0.2309 0.8609
vn 0.3373 0.3029 0.8914
vn 0.2141 0.3529 0.9108
vn 0.1030 0.3798 0.9193
vn -0.0000 0.3883 0.9215
vn -0.1185 0.4121 0.9034
vn -0.2539 0.3975 0.8818
vn -0.3811 0.3532 0.8544
vn -0.5070 0.3516 0.7870
vn -0.6798 0.3419 0.6489
vn -0.7999 0.3946 0.4522
vn -0.8591 0.4456 0.2518
vn 0.8591 0.4456 0.2518
vn 0.7998 0.3939 0.4530
vn 0.6751 0.3143 0.6674
vn 0.5212 0.2865 0.8039
vn 0.4096 0.3607 0.8379
vn 0.2453 0.4684 0.8488
vn 0.0997 0.4366 0.8941
vn -0.0008 0.4136 0.9105
vn -0.1304 0.0145 0.9914
vn -0.2964 0.0464 0.9539
vn -0.4084 0.0720 0.9100
vn -0.5224 0.1873 0.8319
vn -0.6935 0.2932 0.6581
vn -0.8051 0.3582 0.4727
vn -0.8754 0.4030 0.2669
vn 0.8754 0.4030 0.2669
vn 0.8043 0.3573 0.4749
vn 0.6641 0.2536 0.7033
vn 0.5350 0.1110 0.8376
vn 0.4917 0.0910 0.8660
vn 0.2931 0.1335 0.9467
vn 0.0830 0.0402 0.9957
vn -0.0020 0.0011 1.0000
vn -0.1270 -0.0088 0.9919
vn -0.2975 -0.0022 0.9547
vn -0.4015 0.0037 0.9158
vn -0.5249 0.0184 0.8509
vn -0.7208 0.0349 0.6923
vn -0.8584 0.0477 0.5108
vn -0.9539 0.0571 0.2947
vn 0.9539 0.0571 0.2947
vn 0.8573 0.0478 0.5125
vn 0.6827 0.0320 0.7300
vn 0.5277 0.0131 0.8493
vn 0.4972 0.0076 0.8676
vn 0.2975 0.0030 0.9547
vn 0.0714 -0.0081 0.9974
vn -0.0025 -0.0108 0.9999
vn -0.1279 -0.0659 0.9896
vn -0.2961 -0.0778 0.9520
vn -0.4036 -0.0918 0.9103
vn -0.5278 -0.1142 0.8416
vn -0.7137 -0.1460 0.6851
vn -0.8465 -0.1717 0.5039
vn -0.9379 -0.1905 0.2899
vn 0.9379 -0.1905 0.2899
vn 0.8458 -0.1716 0.5051
vn 0.6844 -0.1409 0.7154
vn 0.5317 -0.1116 0.8395
vn 0.4883 -0.0992 0.8670
vn 0.2947 -0.0818 0.9521
vn 0.0757 -0.0659 0.9949
vn -0.0024 -0.0622 0.9981
vn -0.1314 0.0548 0.9898
vn -0.3004 0.0006 0.9538
vn -0.4167 -0.0536 0.9074
vn -0.5420 -0.1844 0.8199
vn -0.6968 -0.2971 0.6529
vn -0.8010 -0.3754 0.4664
vn -0.8653 -0.4275 0.2617
vn 0.8653 -0.4275 0.2617
vn 0.8008 -0.3752 0.4668
vn 0.6829 -0.2802 0.6746
vn 0.5496 -0.1361 0.8243
vn 0.4861 -0.0752 0.8707
vn 0.2981 -0.0720 0.9518
vn 0.0862 0.0294 0.9958
vn -0.0022 0.0761 0.9971
vn -0.1466 0.0577 0.9875
vn -0.3043 -0.0080 0.9526
vn -0.4479 -0.0926 0.8893
vn -0.5793 -0.2421 0.7783
vn -0.6980 -0.3684 0.6140
vn -0.7789 -0.4600 0.4263
vn -0.8233 -0.5172 0.2339
vn 0.8233 -0.5172 0.2339
vn 0.7789 -0.4599 0.4264
vn 0.6968 -0.3597 0.6206
vn 0.5852 -0.2055 0.7844
vn 0.4671 -0.1050 0.8780
vn 0.3033 -0.0678 0.9505
vn 0.1340 0.0352 0.9904
vn -0.0006 0.0833 0.9965
vn -0.1452 0.5805 0.8012
vn -0.3044 0.5056 0.8073
vn -0.4834 0.3649 0.7958
vn -0.6639 0.1540 0.7318
vn -0.8015 -0.0891 0.5913
vn -0.8692 -0.2916 0.3992
vn -0.8877 -0.4092 0.2109
vn 0.8878 -0.4092 0.2109
vn 0.8692 -0.2916 0.3992
vn 0.8015 -0.0891 0.5913
vn 0.6639 0.1540 0.7318
vn 0.4834 0.3649 0.7958
vn 0.3044 0.5056 0.8073
vn 0.1452 0.5805 0.8012
vn -0.0000 0.6036 0.7973
vn -0.2087 0.1147 0.9712
vn -0.4077 0.0614 0.9111
vn -0.5852 -0.0186 0.8107
vn -0.7295 -0.1107 0.6750
vn -0.8338 -0.1981 0.5153
vn -0.8996 -0.2668 0.3457
vn -0.9331 -0.3087 0.1846
vn 0.9331 -0.3087 0.1846
vn 0.8996 -0.2668 0.3457
vn 0.8338 -0.1981 0.5153
vn 0.7295 -0.1107 0.6750
vn 0.5852 -0.0186 0.8107
vn 0.4077 0.0614 0.9111
vn 0.2087 0.1147 0.9712
vn -0.0000 0.1333 0.9911
vn -0.2162 -0.0309 0.9759
vn -0.4189 -0.0378 0.9072
vn -0.5970 -0.0480 0.8008
vn -0.7436 -0.0594 0.6660
vn -0.8561 -0.0704 0.5120
vn -0.9343 -0.0794 0.3475
vn -0.9786 -0.0850 0.1874
vn 0.9786 -0.0850 0.1874
vn 0.9343 -0.0794 0.3475
vn 0.8561 -0.0704 0.5120
vn 0.7436 -0.0594 0.6660
vn 0.5970 -0.0480 0.8008
vn 0.4189 -0.0378 0.9072
vn 0.2162 -0.0309 0.9759
vn -0.0000 -0.0284 0.9996
vn -0.2149 -0.0815 0.9732
vn -0.4169 -0.0690 0.9063
vn -0.5954 -0.0505 0.8018
vn -0.7433 -0.0293 0.6684
vn -0.8572 -0.0088 0.5148
vn -0.9368 0.0079 0.3499
vn -0.9818 0.0185 0.1889
vn 0.9818 0.0185 0.1889
vn 0.9368 0.0079 0.3499
vn 0.8572 -0.0088 0.5148
vn 0.7433 -0.0293 0.6684
vn 0.5954 -0.0505 0.8018
vn 0.4169 -0.0690 0.9063
vn 0.2149 -0.0815 0.9732
vn -0.0000 -0.0860 0.9963
vn -0.3705 -0.7425 0.5580
vn 0.2351 -0.7860 0.5717
vn -0.5202 -0.6753 0.5229
vn 0.1136 -0.8098 0.5756
vn -0.6732 -0.5855 0.4516
vn -0.8055 -0.4882 0.3359
vn -0.8896 -0.4142 0.1926
vn 0.8896 -0.4142 0.1926
vn 0.8055 -0.4882 0.3359
vn -0.0000 -0.8173 0.5763
vn 0.6732 -0.5855 0.4516
vn -0.2351 -0.7860 0.5717
vn -0.1136 -0.8098 0.5756
vn 0.3705 -0.7425 0.5580
vn 0.5202 -0.6753 0.5229
vn -0.1916 -0.4357 0.8794
vn -0.3779 -0.4028 0.8336
vn -0.5525 -0.3506 0.7562
vn -0.7070 -0.2848 0.6473
vn -0.8328 -0.2155 0.5099
vn -0.9232 -0.1547 0.3518
vn -0.9748 -0.1147 0.1915
vn 0.9748 -0.1147 0.1915
vn 0.9232 -0.1547 0.3518
vn 0.8328 -0.2155 0.5099
vn 0.7070 -0.2848 0.6473
vn 0.5525 -0.3506 0.7562
vn 0.3779 -0.4028 0.8336
vn 0.1916 -0.4357 0.8794
vn -0.0000 -0.4469 0.8946
vn -0.3049 0.5716 0.7618
vn -0.1577 0.5487 0.8210
vn 0.6987 0.7152 -0.0137
vn -0.6987 0.7152 -0.0137
vn -0.9911 -0.1094 0.0760
vn -0.9932 -0.0907 0.0735
vn -0.9946 -0.0755 0.0708
vn -0.9953 -0.0686 0.0684
vn -0.9975 0.0209 0.0678
vn -0.9634 0.2594 0.0669
vn -0.8825 0.4660 0.0643
vn -0.9040 0.4219 0.0687
vn -0.9952 0.0611 0.0769
vn -0.9771 -0.1989 0.0753
vn -0.8401 -0.5392 0.0594
vn -0.8911 -0.4487 0.0671
vn -0.8420 -0.5366 0.0553
vn 0.9329 -0.3563 0.0529
vn -0.9329 -0.3563 0.0529
vn -0.8920 -0.4488 0.0544
vn 0.9448 -0.3239 0.0501
vn 0.9329 -0.3567 0.0491
vn 0.9936 -0.1008 0.0518
vn 0.9949 -0.0872 0.0512
vn 0.9984 0.0223 0.0515
vn 0.9115 -0.4085 0.0485
vn 0.9209 -0.3867 0.0495
vn 0.5522 -0.8331 0.0297
vn 0.0177 -0.9998 0.0009
vn -0.0177 -0.9998 0.0009
vn -0.5522 -0.8332 0.0297
vn -0.9448 -0.3239 0.0501
vn -0.9949 -0.0872 0.0512
vn -0.9984 0.0223 0.0514
vn -0.9936 -0.1008 0.0518
vn -0.9329 -0.3567 0.0491
vn -0.9115 -0.4085 0.0485
vn -0.9209 -0.3867 0.0495
vn -0.0065 1.0000 0.0002
vn -0.0870 0.9962 0.0039
vn 0.0870 0.9962 0.0039
vn 0.1796 0.9837 0.0099
vn 0.0065 1.0000 0.0002
vn -0.1796 0.9837 0.0099
vn -0.3133 0.9495 0.0181
vn 0.3133 0.9495 0.0181
vn 0.7450 0.6656 0.0445
vn 0.4833 0.8750 0.0285
vn -0.4833 0.8750 0.0285
vn -0.7450 0.6656 0.0445
vn 0.9508 0.3017 0.0703
vn 0.9963 -0.0403 0.0755
vn 0.9953 -0.0588 0.0773
vn 0.9953 -0.0560 0.0788
vn 0.9924 -0.0950 0.0784
vn 0.8675 0.4936 0.0618
vn 0.9911 -0.1094 0.0761
vn 0.8493 0.5248 0.0570
vn 0.9932 -0.0907 0.0735
vn 0.7899 0.6112 0.0501
vn 0.7718 0.6341 0.0470
vn -0.7719 0.6341 0.0470
vn -0.8493 0.5248 0.0570
vn -0.7899 0.6112 0.0501
vn -0.8675 0.4936 0.0618
vn -0.9508 0.3017 0.0703
vn -0.9963 -0.0403 0.0755
vn -0.9953 -0.0588 0.0773
vn -0.9953 -0.0560 0.0788
vn -0.9924 -0.0950 0.0784
vn 0.9946 -0.0755 0.0708
vn 0.9953 -0.0686 0.0684
vn 0.9975 0.0209 0.0678
vn 0.9634 0.2594 0.0669
vn 0.8825 0.4660 0.0643
vn 0.9040 0.4219 0.0687
vn 0.9952 0.0611 0.0769
vn 0.9771 -0.1989 0.0753
vn 0.8911 -0.4487 0.0671
vn 0.8401 -0.5392 0.0594
vn 0.8420 -0.5366 0.0553
vn 0.8920 -0.4488 0.0544
vn -0.0635 0.9610 0.2691
vn 0.1456 0.9693 0.1984
vn -0.1456 0.9693 -0.1984
vn 0.0635 0.9610 -0.2691
vn -0.1950 0.9647 -0.1769
vn 0.0227 0.9545 -0.2974
vn -0.2442 0.9589 -0.1446
vn -0.2857 0.9532 -0.0993
vn -0.3100 0.9498 -0.0429
vn 0.2857 0.9532 -0.0993
vn 0.2442 0.9589 -0.1446
vn -0.0227 0.9545 -0.2974
vn 0.1950 0.9647 -0.1769
vn -0.0635 0.9610 -0.2691
vn 0.1456 0.9693 -0.1984
vn -0.0993 0.9684 -0.2286
vn 0.0993 0.9684 -0.2286
vn 0.1587 0.9436 -0.2905
vn -0.1068 0.9162 -0.3862
vn 0.2198 0.9462 -0.2375
vn -0.0631 0.8716 -0.4861
vn 0.2733 0.9416 -0.1969
vn 0.3198 0.9366 -0.1435
vn 0.3508 0.9329 -0.0818
vn -0.3508 0.9328 -0.0818
vn -0.3198 0.9366 -0.1435
vn -0.0000 0.8482 -0.5297
vn -0.2733 0.9416 -0.1969
vn 0.0599 0.9832 -0.1725
vn 0.0631 0.8716 -0.4861
vn -0.0931 0.9823 -0.1624
vn -0.2198 0.9462 -0.2375
vn -0.0428 0.4511 -0.8914
vn 0.5519 0.6775 -0.4862
vn -0.1296 0.4636 -0.8765
vn 0.4354 0.6181 -0.6544
vn -0.2492 0.5034 -0.8273
vn 0.2492 0.5034 -0.8273
vn -0.4354 0.6181 -0.6544
vn 0.1296 0.4636 -0.8765
vn -0.5519 0.6775 -0.4862
vn 0.0428 0.4511 -0.8914
vn -0.6425 0.6750 -0.3629
vn -0.7067 0.6683 -0.2325
vn -0.7401 0.6652 -0.0985
vn 0.7067 0.6683 -0.2325
vn 0.6425 0.6750 -0.3629
vn 0.7095 0.6316 -0.3127
vn 0.7503 0.6387 -0.1705
vn -0.7503 0.6387 -0.1705
vn -0.7095 0.6316 -0.3127
vn -0.6399 0.6195 -0.4547
vn 0.0903 0.3394 -0.9363
vn -0.5350 0.5768 -0.6173
vn 0.1875 0.3596 -0.9141
vn -0.3611 0.4464 -0.8187
vn 0.3611 0.4464 -0.8187
vn -0.1875 0.3596 -0.9141
vn 0.5145 0.7767 -0.3633
vn 0.5350 0.5768 -0.6173
vn -0.0000 0.5469 -0.8372
vn -0.0903 0.3394 -0.9363
vn 0.9163 -0.1200 -0.3820
vn 0.7863 -0.2399 -0.5693
vn -0.0170 -0.3114 -0.9501
vn 0.5893 -0.3709 -0.7178
vn -0.0678 -0.3039 -0.9503
vn 0.3708 -0.3692 -0.8522
vn -0.1612 -0.2993 -0.9404
vn 0.1612 -0.2993 -0.9404
vn -0.3708 -0.3692 -0.8522
vn 0.0678 -0.3039 -0.9503
vn -0.5893 -0.3709 -0.7178
vn 0.0170 -0.3114 -0.9501
vn -0.7863 -0.2399 -0.5693
vn -0.9163 -0.1200 -0.3820
vn -0.9848 -0.0510 -0.1661
vn -0.0000 -0.0702 -0.9975
vn 0.9616 0.0450 -0.2706
vn -0.9541 -0.1050 -0.2806
vn -0.8468 -0.2243 -0.4824
vn -0.6516 -0.4115 -0.6372
vn 0.0187 -0.5751 -0.8178
vn -0.4140 -0.5680 -0.7114
vn 0.0711 -0.5561 -0.8281
vn -0.2170 -0.5548 -0.8032
vn 0.2169 -0.5548 -0.8032
vn -0.0711 -0.5561 -0.8281
vn 0.4140 -0.5680 -0.7114
vn -0.0187 -0.5751 -0.8178
vn 0.6516 -0.4115 -0.6372
vn 0.8468 -0.2243 -0.4824
vn 0.9060 -0.1533 -0.3946
vn 0.7518 -0.3134 -0.5801
vn 0.0112 -0.8156 -0.5785
vn 0.4522 -0.6092 -0.6514
vn -0.0065 -0.8077 -0.5896
vn 0.2268 -0.7580 -0.6115
vn -0.0672 -0.7882 -0.6117
vn 0.0672 -0.7882 -0.6117
vn -0.2268 -0.7580 -0.6115
vn 0.0065 -0.8077 -0.5896
vn -0.4522 -0.6092 -0.6514
vn -0.0112 -0.8156 -0.5785
vn -0.7518 -0.3134 -0.5801
vn -0.9060 -0.1533 -0.3946
vn -0.9824 -0.0716 -0.1725
vn -0.0000 -0.5801 -0.8145
vn 0.9541 -0.1050 -0.2806
vn -0.9528 -0.0837 -0.2919
vn -0.8487 -0.1589 -0.5045
vn -0.6214 -0.3510 -0.7005
vn -0.0043 -0.7688 -0.6395
vn -0.3156 -0.6493 -0.6920
vn 0.0267 -0.7721 -0.6349
vn -0.1329 -0.7605 -0.6356
vn 0.1329 -0.7605 -0.6356
vn -0.0267 -0.7721 -0.6349
vn 0.3156 -0.6493 -0.6920
vn 0.0043 -0.7688 -0.6395
vn 0.6213 -0.3510 -0.7005
vn 0.8487 -0.1589 -0.5045
vn 0.9084 -0.0765 -0.4110
vn 0.7649 -0.1193 -0.6331
vn -0.0132 -0.3642 -0.9312
vn 0.4784 -0.2622 -0.8381
vn -0.0548 -0.3927 -0.9180
vn 0.3122 -0.4139 -0.8551
vn -0.1319 -0.4408 -0.8878
vn 0.1319 -0.4408 -0.8878
vn -0.3122 -0.4139 -0.8551
vn 0.0548 -0.3927 -0.9180
vn -0.4784 -0.2622 -0.8381
vn 0.0132 -0.3642 -0.9312
vn -0.7649 -0.1193 -0.6331
vn -0.9084 -0.0765 -0.4109
vn -0.9822 -0.0586 -0.1785
vn -0.9512 -0.0703 -0.3004
vn -0.8500 -0.0696 -0.5221
vn -0.6190 -0.0763 -0.7817
vn 0.0614 -0.0353 -0.9975
vn -0.3897 -0.1142 -0.9138
vn 0.1294 -0.0905 -0.9875
vn -0.2657 -0.1426 -0.9535
vn 0.2657 -0.1426 -0.9535
vn -0.1294 -0.0905 -0.9875
vn 0.3897 -0.1142 -0.9138
vn -0.0000 -0.7667 -0.6420
vn -0.0614 -0.0353 -0.9975
vn 0.6190 -0.0763 -0.7817
vn 0.9528 -0.0837 -0.2919
vn 0.8500 -0.0696 -0.5221
vn 0.7784 -0.3751 -0.5034
vn -0.0782 0.2570 -0.9633
vn 0.6919 -0.2238 -0.6864
vn -0.2378 0.2024 -0.9500
vn 0.5609 -0.0512 -0.8263
vn -0.4031 0.0982 -0.9099
vn 0.4025 0.1008 -0.9098
vn -0.5612 -0.0498 -0.8261
vn 0.2380 0.2051 -0.9494
vn -0.6920 -0.2224 -0.6868
vn 0.0783 0.2573 -0.9632
vn -0.7784 -0.3750 -0.5034
vn -0.8215 -0.4781 -0.3107
vn -0.8393 -0.5285 -0.1273
vn 0.8215 -0.4781 -0.3107
vn 0.8532 -0.4762 -0.2129
vn -0.8532 -0.4762 -0.2129
vn -0.8356 -0.3742 -0.4021
vn -0.7761 -0.1949 -0.5997
vn 0.1490 0.4724 -0.8687
vn -0.6538 0.0312 -0.7560
vn 0.3100 0.3901 -0.8670
vn -0.4853 0.2414 -0.8404
vn 0.4853 0.2414 -0.8404
vn -0.3100 0.3901 -0.8670
vn 0.6538 0.0312 -0.7560
vn 0.0002 0.0861 -0.9963
vn -0.1490 0.4724 -0.8687
vn 0.7861 -0.4595 -0.4134
vn 0.7761 -0.1949 -0.5997
vn 0.9114 -0.2972 -0.2847
vn 0.8643 -0.1936 -0.4643
vn -0.0911 0.3841 -0.9188
vn 0.7709 -0.0479 -0.6352
vn -0.2743 0.3378 -0.9004
vn 0.6299 0.1096 -0.7689
vn -0.4575 0.2447 -0.8549
vn 0.4575 0.2447 -0.8549
vn -0.6299 0.1096 -0.7689
vn 0.2743 0.3378 -0.9004
vn -0.7709 -0.0479 -0.6352
vn 0.0911 0.3841 -0.9188
vn -0.8643 -0.1936 -0.4643
vn -0.9114 -0.2972 -0.2847
vn -0.9300 -0.3483 -0.1174
vn -0.9246 -0.3302 -0.1897
vn -0.8932 -0.2750 -0.3558
vn -0.8278 -0.1836 -0.5302
vn 0.1990 0.2153 -0.9561
vn -0.7203 -0.0680 -0.6904
vn 0.3927 0.1508 -0.9072
vn -0.5714 0.0511 -0.8191
vn 0.5714 0.0511 -0.8191
vn -0.3927 0.1508 -0.9072
vn 0.7203 -0.0680 -0.6904
vn -0.0000 0.5511 -0.8344
vn -0.1990 0.2153 -0.9561
vn 0.8278 -0.1836 -0.5302
vn 0.8932 -0.2750 -0.3558
vn 0.9246 -0.3302 -0.1897
vn -0.5201 -0.6157 -0.5920
vn 0.2183 -0.7089 -0.6707
vn -0.6657 -0.5436 -0.5111
vn 0.0722 -0.7270 -0.6829
vn -0.7913 -0.4656 -0.3963
vn -0.8802 -0.3989 -0.2571
vn -0.9258 -0.3618 -0.1093
vn 0.8802 -0.3989 -0.2571
vn 0.7913 -0.4656 -0.3963
vn -0.0722 -0.7270 -0.6829
vn 0.6657 -0.5436 -0.5111
vn -0.2183 -0.7089 -0.6707
vn 0.5201 -0.6157 -0.5920
vn -0.3683 -0.6718 -0.6427
vn 0.3683 -0.6718 -0.6427
vn 0.3331 -0.5837 -0.7405
vn -0.4969 -0.5322 -0.6854
vn 0.3946 -0.7288 -0.5595
vn -0.2549 -0.7720 -0.5823
vn 0.5419 -0.6649 -0.5141
vn -0.1245 -0.7962 -0.5920
vn 0.6857 -0.5831 -0.4356
vn 0.8068 -0.4970 -0.3196
vn 0.8836 -0.4317 -0.1814
vn -0.8836 -0.4317 -0.1814
vn -0.8068 -0.4970 -0.3196
vn -0.0000 -0.8040 -0.5946
vn -0.6857 -0.5831 -0.4356
vn 0.1245 -0.7962 -0.5920
vn -0.5419 -0.6649 -0.5141
vn -0.4296 -0.7482 -0.5056
vn 0.1664 -0.8322 -0.5290
vn -0.5814 -0.6700 -0.4616
vn 0.0541 -0.8464 -0.5298
vn -0.7288 -0.5712 -0.3776
vn -0.8421 -0.4752 -0.2550
vn -0.9022 -0.4170 -0.1100
vn 0.8421 -0.4752 -0.2550
vn 0.7288 -0.5712 -0.3776
vn -0.0541 -0.8464 -0.5298
vn 0.5814 -0.6700 -0.4616
vn -0.1664 -0.8322 -0.5290
vn 0.4296 -0.7482 -0.5056
vn -0.2901 -0.8010 -0.5237
vn 0.2901 -0.8010 -0.5237
vn 0.2549 -0.7720 -0.5823
vn -0.3946 -0.7288 -0.5595
vn 0.3489 -0.7827 -0.5153
vn -0.2187 -0.8251 -0.5210
vn 0.4982 -0.7142 -0.4917
vn -0.1049 -0.8474 -0.5205
vn 0.6567 -0.6173 -0.4332
vn 0.7978 -0.5060 -0.3277
vn 0.8888 -0.4174 -0.1895
vn -0.8888 -0.4174 -0.1895
vn -0.7978 -0.5060 -0.3277
vn -0.0000 -0.8543 -0.5197
vn -0.6567 -0.6173 -0.4332
vn 0.1049 -0.8474 -0.5205
vn -0.4982 -0.7142 -0.4917
vn 0.1509 -0.5992 -0.7863
vn 0.2920 -0.6179 -0.7300
vn 0.4153 -0.6434 -0.6431
vn 0.5163 -0.6700 -0.5334
vn 0.5933 -0.6936 -0.4086
vn 0.6463 -0.7115 -0.2758
vn 0.6712 -0.7310 -0.1230
vn -0.6712 -0.7310 -0.1230
vn -0.6463 -0.7115 -0.2758
vn -0.5933 -0.6936 -0.4086
vn -0.5163 -0.6700 -0.5334
vn -0.4153 -0.6434 -0.6431
vn -0.2920 -0.6179 -0.7300
vn -0.1509 -0.5992 -0.7863
vn -0.0000 -0.5922 -0.8058
vn -0.0000 0.5401 -0.8416
vn -0.1577 0.5487 -0.8210
vn -0.3049 0.5716 -0.7618
vn 0.0307 -0.9872 -0.1564
vn 0.0608 -0.9870 -0.1485
vn 0.0894 -0.9867 -0.1354
vn 0.1158 -0.9863 -0.1171
vn 0.1386 -0.9859 -0.0936
vn 0.1562 -0.9855 -0.0656
vn 0.1669 -0.9853 -0.0366
vn -0.1669 -0.9853 -0.0366
vn -0.1562 -0.9855 -0.0656
vn -0.1386 -0.9859 -0.0936
vn -0.1158 -0.9863 -0.1171
vn -0.0894 -0.9867 -0.1354
vn -0.0608 -0.9870 -0.1485
vn -0.0307 -0.9872 -0.1564
vn -0.0000 -0.9873 -0.1590
vn 0.0018 -0.9998 -0.0185
vn 0.0053 -0.9998 -0.0178
vn 0.0086 -0.9998 -0.0163
vn 0.0115 -0.9998 -0.0142
vn 0.0140 -0.9998 -0.0116
vn 0.0159 -0.9998 -0.0086
vn 0.0171 -0.9998 -0.0054
vn -0.0178 -0.9998 -0.0023
vn -0.0171 -0.9998 -0.0054
vn -0.0159 -0.9998 -0.0086
vn -0.0140 -0.9998 -0.0116
vn -0.0115 -0.9998 -0.0142
vn -0.0086 -0.9998 -0.0163
vn -0.0053 -0.9998 -0.0178
vn -0.0018 -0.9998 -0.0185
vn 0.0064 0.9989 -0.0458
vn 0.0127 0.9989 -0.0441
vn 0.0191 0.9990 -0.0409
vn 0.0252 0.9990 -0.0362
vn 0.0309 0.9991 -0.0296
vn 0.0355 0.9991 -0.0212
vn 0.0383 0.9992 -0.0130
vn -0.0383 0.9992 -0.0130
vn -0.0355 0.9991 -0.0212
vn -0.0309 0.9991 -0.0296
vn -0.0252 0.9990 -0.0362
vn -0.0191 0.9990 -0.0409
vn -0.0127 0.9989 -0.0441
vn -0.0000 0.9989 -0.0464
vn -0.0064 0.9989 -0.0458
vn 0.0006 1.0000 -0.0092
vn 0.0018 1.0000 -0.0089
vn 0.0030 1.0000 -0.0083
vn 0.0041 1.0000 -0.0073
vn 0.0050 1.0000 -0.0061
vn 0.0058 1.0000 -0.0046
vn 0.0063 1.0000 -0.0030
vn -0.0067 1.0000 -0.0011
vn -0.0063 1.0000 -0.0030
vn -0.0058 1.0000 -0.0046
vn -0.0051 1.0000 -0.0061
vn -0.0041 1.0000 -0.0073
vn -0.0030 1.0000 -0.0083
vn -0.0018 1.0000 -0.0089
vn -0.0006 1.0000 -0.0092
vn -0.0932 0.9923 -0.0813
vn -0.0736 0.9927 -0.0961
vn -0.0539 0.9930 -0.1054
vn -0.1107 0.9920 -0.0603
vn -0.1225 0.9918 -0.0359
vn -0.0351 0.9932 -0.1108
vn -0.0173 0.9934 -0.1135
vn -0.0000 0.9934 -0.1143
vn 0.0173 0.9934 -0.1135
vn 0.0351 0.9932 -0.1108
vn 0.0539 0.9930 -0.1054
vn 0.0735 0.9927 -0.0961
vn 0.0932 0.9923 -0.0813
vn 0.1107 0.9920 -0.0603
vn 0.1225 0.9918 -0.0359
vn 0.0064 0.9960 -0.0894
vn 0.0192 0.9960 -0.0877
vn 0.0324 0.9959 -0.0839
vn 0.0459 0.9959 -0.0775
vn 0.0594 0.9960 -0.0674
vn 0.0718 0.9960 -0.0530
vn 0.0809 0.9961 -0.0361
vn -0.0867 0.9961 -0.0141
vn -0.0809 0.9961 -0.0361
vn -0.0718 0.9960 -0.0530
vn -0.0594 0.9960 -0.0674
vn -0.0459 0.9959 -0.0775
vn -0.0324 0.9959 -0.0839
vn -0.0192 0.9960 -0.0877
vn -0.0064 0.9960 -0.0894
vn 0.0931 0.9823 -0.1624
vn -0.0599 0.9832 -0.1725
vn 0.1320 0.9796 -0.1515
vn -0.0299 0.9833 -0.1796
vn 0.1741 0.9756 -0.1334
vn 0.2151 0.9712 -0.1026
vn 0.2451 0.9675 -0.0613
vn -0.2451 0.9675 -0.0613
vn -0.2151 0.9712 -0.1026
vn -0.0000 0.9833 -0.1821
vn -0.1741 0.9756 -0.1334
vn 0.1068 0.9162 -0.3863
vn 0.0299 0.9833 -0.1796
vn -0.1587 0.9436 -0.2905
vn -0.1320 0.9796 -0.1515
vn 0.0109 0.9906 -0.1362
vn 0.0333 0.9903 -0.1347
vn 0.0572 0.9897 -0.1310
vn 0.0834 0.9888 -0.1241
vn 0.1119 0.9874 -0.1118
vn 0.1406 0.9859 -0.0913
vn 0.1641 0.9844 -0.0630
vn -0.1781 0.9837 -0.0263
vn -0.1641 0.9844 -0.0630
vn -0.1406 0.9859 -0.0913
vn -0.1119 0.9874 -0.1118
vn -0.0834 0.9888 -0.1241
vn -0.0572 0.9897 -0.1310
vn -0.0333 0.9903 -0.1347
vn -0.0109 0.9906 -0.1362
vn 0.5883 0.7663 -0.2584
vn 0.6351 0.7589 -0.1442
vn -0.6351 0.7589 -0.1442
vn -0.5883 0.7663 -0.2584
vn -0.5145 0.7767 -0.3633
vn 0.0818 0.5691 -0.8182
vn -0.4275 0.7737 -0.4676
vn 0.1625 0.6245 -0.7639
vn -0.3043 0.7079 -0.6375
vn 0.3043 0.7079 -0.6375
vn -0.1625 0.6245 -0.7639
vn 0.6399 0.6195 -0.4547
vn 0.4275 0.7737 -0.4676
vn -0.0000 0.3334 -0.9428
vn -0.0818 0.5691 -0.8182
vn 0.0395 0.6913 -0.7215
vn 0.1076 0.7593 -0.6418
vn 0.1732 0.8395 -0.5151
vn 0.2734 0.8841 -0.3790
vn 0.3449 0.8891 -0.3009
vn 0.4082 0.8831 -0.2314
vn 0.4554 0.8775 -0.1507
vn -0.4804 0.8747 -0.0641
vn -0.4554 0.8775 -0.1507
vn -0.4082 0.8831 -0.2314
vn -0.3449 0.8891 -0.3009
vn -0.2734 0.8841 -0.3790
vn -0.1732 0.8395 -0.5151
vn -0.1076 0.7593 -0.6418
vn -0.0395 0.6913 -0.7215
vn -0.7702 0.6124 -0.1783
vn -0.7440 0.5785 -0.3345
vn -0.6909 0.5206 -0.5017
vn 0.0935 0.1245 -0.9878
vn -0.5759 0.4201 -0.7013
vn 0.1940 0.1612 -0.9677
vn -0.3685 0.2620 -0.8919
vn 0.3685 0.2620 -0.8919
vn -0.1940 0.1612 -0.9677
vn 0.5759 0.4201 -0.7013
vn -0.0000 0.1128 -0.9936
vn -0.0935 0.1245 -0.9878
vn 0.6909 0.5206 -0.5017
vn 0.7440 0.5785 -0.3345
vn 0.7702 0.6124 -0.1783
vn 0.0464 0.2060 -0.9775
vn 0.1410 0.2251 -0.9641
vn 0.2671 0.2783 -0.9226
vn 0.4752 0.4199 -0.7732
vn 0.6265 0.5356 -0.5663
vn 0.7044 0.5851 -0.4019
vn 0.7482 0.6154 -0.2482
vn -0.7689 0.6309 -0.1033
vn -0.7482 0.6154 -0.2482
vn -0.7044 0.5851 -0.4019
vn -0.6265 0.5356 -0.5663
vn -0.4752 0.4199 -0.7732
vn -0.2671 0.2783 -0.9226
vn -0.1410 0.2251 -0.9641
vn -0.0464 0.2060 -0.9775
vn -0.7767 0.5129 -0.3656
vn -0.7165 0.4378 -0.5432
vn 0.0863 -0.0959 -0.9916
vn -0.5802 0.3150 -0.7511
vn 0.1816 -0.0212 -0.9831
vn -0.3511 0.1239 -0.9281
vn 0.3511 0.1239 -0.9281
vn -0.1816 -0.0212 -0.9831
vn 0.5802 0.3150 -0.7511
vn -0.0000 -0.1215 -0.9926
vn -0.0863 -0.0959 -0.9916
vn 0.7165 0.4378 -0.5432
vn 0.7767 0.5129 -0.3656
vn 0.8057 0.5591 -0.1953
vn -0.8057 0.5591 -0.1953
vn 0.0456 0.0441 -0.9980
vn 0.1391 0.0723 -0.9876
vn 0.2622 0.1392 -0.9549
vn 0.4760 0.2857 -0.8318
vn 0.6556 0.4350 -0.6172
vn 0.7339 0.5230 -0.4334
vn 0.7713 0.5788 -0.2648
vn -0.7876 0.6063 -0.1097
vn -0.7713 0.5788 -0.2648
vn -0.7339 0.5230 -0.4334
vn -0.6556 0.4350 -0.6172
vn -0.4760 0.2857 -0.8317
vn -0.2622 0.1392 -0.9549
vn -0.1391 0.0723 -0.9876
vn -0.0456 0.0441 -0.9980
vn 0.1169 -0.2837 -0.9518
vn -0.2880 -0.0306 -0.9571
vn 0.2880 -0.0306 -0.9571
vn -0.1169 -0.2837 -0.9518
vn 0.5638 0.2296 -0.7933
vn -0.0443 -0.4388 -0.8975
vn 0.7344 0.3521 -0.5802
vn 0.8108 0.4232 -0.4044
vn 0.8532 0.4732 -0.2194
vn -0.8532 0.4732 -0.2194
vn -0.8108 0.4232 -0.4044
vn 0.0443 -0.4388 -0.8975
vn -0.0000 -0.4977 -0.8674
vn -0.5638 0.2296 -0.7933
vn -0.7344 0.3521 -0.5802
vn 0.0329 -0.3686 -0.9290
vn 0.1091 -0.2777 -0.9544
vn 0.2237 -0.1030 -0.9692
vn 0.4518 0.1516 -0.8792
vn 0.6699 0.3380 -0.6610
vn 0.7698 0.4237 -0.4773
vn 0.8216 0.4862 -0.2976
vn -0.8456 0.5191 -0.1244
vn -0.8216 0.4862 -0.2976
vn -0.7698 0.4237 -0.4773
vn -0.6699 0.3380 -0.6610
vn -0.4518 0.1516 -0.8792
vn -0.2237 -0.1030 -0.9692
vn -0.1091 -0.2777 -0.9544
vn -0.0329 -0.3686 -0.9290
vn 0.7399 0.2779 -0.6127
vn 0.8203 0.3751 -0.4317
vn 0.8666 0.4401 -0.2353
vn -0.8666 0.4401 -0.2353
vn -0.8203 0.3751 -0.4317
vn -0.0000 0.1912 -0.9815
vn -0.7399 0.2779 -0.6127
vn 0.0560 0.1783 -0.9824
vn -0.5518 0.1614 -0.8182
vn 0.1106 0.1372 -0.9843
vn -0.2668 0.1067 -0.9578
vn 0.5518 0.1614 -0.8182
vn 0.2668 0.1067 -0.9578
vn -0.0560 0.1783 -0.9824
vn -0.1106 0.1373 -0.9843
vn 0.0196 -0.1921 -0.9812
vn 0.0695 -0.1420 -0.9874
vn 0.1607 -0.0456 -0.9860
vn 0.4055 0.1265 -0.9053
vn 0.6667 0.2886 -0.6872
vn 0.7748 0.3795 -0.5057
vn 0.8338 0.4494 -0.3207
vn -0.8629 0.4871 -0.1347
vn -0.8338 0.4494 -0.3207
vn -0.7748 0.3795 -0.5057
vn -0.6667 0.2886 -0.6872
vn -0.4055 0.1265 -0.9053
vn -0.1607 -0.0456 -0.9860
vn -0.0695 -0.1420 -0.9874
vn -0.0197 -0.1921 -0.9812
vn -0.9616 0.0450 -0.2706
vn -0.8772 -0.0335 -0.4789
vn -0.7364 -0.1450 -0.6608
vn 0.0532 -0.0780 -0.9955
vn -0.5218 -0.2180 -0.8247
vn 0.1163 -0.0968 -0.9885
vn -0.2725 -0.1520 -0.9501
vn 0.2724 -0.1520 -0.9501
vn -0.1163 -0.0968 -0.9885
vn 0.5218 -0.2180 -0.8247
vn -0.0000 -0.0171 -0.9999
vn -0.0532 -0.0780 -0.9955
vn 0.7364 -0.1450 -0.6608
vn 0.9512 -0.0703 -0.3004
vn 0.8772 -0.0335 -0.4789
vn 0.0322 0.1910 -0.9811
vn 0.0882 0.1498 -0.9848
vn 0.1770 0.0721 -0.9816
vn 0.4067 -0.0058 -0.9135
vn 0.6705 0.0347 -0.7411
vn 0.8151 0.1489 -0.5599
vn 0.9002 0.2426 -0.3615
vn -0.9436 0.2931 -0.1537
vn -0.9002 0.2426 -0.3615
vn -0.8151 0.1489 -0.5599
vn -0.6705 0.0347 -0.7411
vn -0.4067 -0.0058 -0.9135
vn -0.1770 0.0721 -0.9816
vn -0.0882 0.1498 -0.9848
vn -0.0322 0.1910 -0.9811
vn -0.9496 -0.1029 -0.2961
vn -0.8517 -0.0882 -0.5166
vn -0.6192 -0.0598 -0.7830
vn 0.0878 0.0084 -0.9961
vn -0.3798 -0.0344 -0.9244
vn 0.1807 -0.0059 -0.9835
vn -0.2886 -0.0242 -0.9571
vn 0.2886 -0.0242 -0.9571
vn -0.1807 -0.0059 -0.9835
vn 0.3798 -0.0344 -0.9244
vn -0.0878 0.0084 -0.9961
vn 0.6192 -0.0598 -0.7830
vn 0.8517 -0.0882 -0.5166
vn 0.9496 -0.1029 -0.2961
vn 0.0390 0.0412 -0.9984
vn 0.1187 0.0184 -0.9928
vn 0.2147 -0.0235 -0.9764
vn 0.3384 -0.0446 -0.9399
vn 0.4633 -0.0457 -0.8850
vn 0.7610 -0.0695 -0.6450
vn 0.9066 -0.0850 -0.4133
vn -0.9794 -0.0934 -0.1789
vn -0.9066 -0.0850 -0.4133
vn -0.7610 -0.0695 -0.6450
vn -0.4633 -0.0457 -0.8850
vn -0.3384 -0.0446 -0.9399
vn -0.2147 -0.0235 -0.9764
vn -0.1187 0.0184 -0.9928
vn -0.0390 0.0412 -0.9984
vn -0.6321 -0.0581 -0.7727
vn 0.0935 -0.0089 -0.9956
vn -0.3901 -0.0333 -0.9202
vn 0.1920 -0.0141 -0.9813
vn -0.2992 -0.0227 -0.9539
vn 0.2992 -0.0227 -0.9539
vn -0.1920 -0.0141 -0.9813
vn 0.3901 -0.0333 -0.9202
vn -0.0000 -0.0073 -1.0000
vn -0.0935 -0.0089 -0.9956
vn 0.6321 -0.0581 -0.7727
vn 0.8592 -0.0833 -0.5048
vn 0.9528 -0.0961 -0.2878
vn -0.8592 -0.0833 -0.5048
vn -0.9528 -0.0961 -0.2878
vn 0.0456 -0.0042 -0.9990
vn 0.1391 -0.0086 -0.9902
vn 0.2405 -0.0173 -0.9705
vn 0.3419 -0.0284 -0.9393
vn 0.4710 -0.0442 -0.8810
vn 0.7689 -0.0774 -0.6347
vn 0.9096 -0.0970 -0.4039
vn -0.9788 -0.1075 -0.1741
vn -0.9096 -0.0970 -0.4039
vn -0.7689 -0.0774 -0.6347
vn -0.4710 -0.0442 -0.8810
vn -0.3419 -0.0284 -0.9393
vn -0.2405 -0.0173 -0.9705
vn -0.1391 -0.0086 -0.9902
vn -0.0456 -0.0042 -0.9990
vn -0.1986 -0.0103 -0.9800
vn 0.4037 -0.0266 -0.9145
vn -0.0968 -0.0060 -0.9953
vn 0.6470 -0.0469 -0.7611
vn 0.8678 -0.0671 -0.4923
vn 0.9571 -0.0774 -0.2793
vn -0.9571 -0.0774 -0.2793
vn -0.8678 -0.0671 -0.4923
vn -0.0000 -0.0045 -1.0000
vn -0.6470 -0.0469 -0.7611
vn 0.0968 -0.0060 -0.9953
vn -0.3089 -0.0177 -0.9509
vn -0.4037 -0.0266 -0.9145
vn 0.3089 -0.0177 -0.9509
vn 0.1986 -0.0103 -0.9800
vn 0.0473 -0.0075 -0.9989
vn 0.1442 -0.0106 -0.9895
vn 0.2487 -0.0168 -0.9684
vn 0.3526 -0.0257 -0.9354
vn 0.4856 -0.0392 -0.8733
vn 0.7800 -0.0659 -0.6223
vn 0.9158 -0.0812 -0.3934
vn -0.9816 -0.0893 -0.1688
vn -0.9158 -0.0812 -0.3934
vn -0.7800 -0.0659 -0.6223
vn -0.4856 -0.0392 -0.8733
vn -0.3526 -0.0257 -0.9354
vn -0.2487 -0.0168 -0.9684
vn -0.1442 -0.0106 -0.9895
vn -0.0473 -0.0075 -0.9989
vn 0.9606 -0.0676 -0.2695
vn -0.9606 -0.0676 -0.2695
vn -0.8765 -0.0575 -0.4780
vn -0.6616 -0.0379 -0.7489
vn 0.1007 0.0018 -0.9949
vn -0.4173 -0.0190 -0.9086
vn 0.2062 -0.0027 -0.9785
vn -0.3201 -0.0102 -0.9473
vn 0.3201 -0.0102 -0.9473
vn -0.2062 -0.0027 -0.9785
vn 0.4173 -0.0190 -0.9086
vn -0.0000 0.0033 -1.0000
vn -0.1007 0.0018 -0.9949
vn 0.8764 -0.0575 -0.4780
vn 0.6616 -0.0379 -0.7489
vn 0.0491 0.0002 -0.9988
vn 0.1496 -0.0028 -0.9887
vn 0.2576 -0.0088 -0.9662
vn 0.3649 -0.0172 -0.9309
vn 0.5014 -0.0291 -0.8647
vn 0.7921 -0.0528 -0.6081
vn 0.9220 -0.0669 -0.3814
vn -0.9838 -0.0742 -0.1629
vn -0.9220 -0.0669 -0.3814
vn -0.7921 -0.0528 -0.6081
vn -0.5014 -0.0291 -0.8647
vn -0.3649 -0.0172 -0.9309
vn -0.2576 -0.0088 -0.9662
vn -0.1496 -0.0028 -0.9887
vn -0.0491 0.0002 -0.9988
vn -0.9635 -0.0445 -0.2640
vn -0.8819 -0.0404 -0.4698
vn -0.6702 -0.0313 -0.7415
vn 0.1031 -0.0104 -0.9946
vn -0.4257 -0.0206 -0.9046
vn 0.2109 -0.0125 -0.9774
vn -0.3269 -0.0160 -0.9449
vn 0.3269 -0.0160 -0.9449
vn -0.2109 -0.0125 -0.9774
vn 0.4257 -0.0206 -0.9046
vn -0.0000 -0.0097 -1.0000
vn -0.1031 -0.0104 -0.9946
vn 0.6702 -0.0313 -0.7415
vn 0.8819 -0.0404 -0.4698
vn 0.9635 -0.0445 -0.2640
vn 0.0508 -0.0027 -0.9987
vn 0.1549 -0.0053 -0.9879
vn 0.2663 -0.0106 -0.9638
vn 0.3761 -0.0181 -0.9264
vn 0.5138 -0.0289 -0.8574
vn 0.8022 -0.0497 -0.5950
vn 0.9269 -0.0614 -0.3702
vn -0.9852 -0.0675 -0.1575
vn -0.9269 -0.0614 -0.3702
vn -0.8022 -0.0497 -0.5950
vn -0.5138 -0.0289 -0.8574
vn -0.3761 -0.0181 -0.9264
vn -0.2663 -0.0106 -0.9638
vn -0.1549 -0.0053 -0.9879
vn -0.0508 -0.0027 -0.9987
vn -0.8764 0.1076 -0.4693
vn -0.6719 0.0879 -0.7354
vn 0.1045 0.1386 -0.9848
vn -0.4347 0.0938 -0.8957
vn 0.2139 0.1293 -0.9683
vn -0.3317 0.1149 -0.9364
vn 0.3317 0.1149 -0.9364
vn -0.2139 0.1293 -0.9683
vn 0.4347 0.0938 -0.8957
vn -0.0000 0.1418 -0.9899
vn -0.1045 0.1386 -0.9848
vn 0.6719 0.0879 -0.7354
vn 0.8764 0.1076 -0.4693
vn 0.9568 0.1223 -0.2637
vn -0.9568 0.1223 -0.2637
vn 0.0514 0.0132 -0.9986
vn 0.1566 0.0128 -0.9876
vn 0.2691 0.0122 -0.9630
vn 0.3803 0.0112 -0.9248
vn 0.5193 0.0101 -0.8545
vn 0.8059 0.0142 -0.5919
vn 0.9297 0.0183 -0.3679
vn -0.9875 0.0205 -0.1564
vn -0.9297 0.0183 -0.3679
vn -0.8059 0.0142 -0.5919
vn -0.5193 0.0101 -0.8545
vn -0.3803 0.0112 -0.9248
vn -0.2691 0.0122 -0.9630
vn -0.1566 0.0128 -0.9876
vn -0.0514 0.0132 -0.9986
vn 0.2193 0.5001 -0.8377
vn -0.3541 0.4338 -0.8285
vn 0.3459 0.4337 -0.8320
vn -0.2166 0.5204 -0.8260
vn 0.4789 0.3515 -0.8044
vn -0.0984 0.5435 -0.8336
vn 0.6788 0.2799 -0.6789
vn 0.8293 0.3188 -0.4589
vn 0.8949 0.3655 -0.2559
vn -0.8949 0.3655 -0.2559
vn -0.8293 0.3186 -0.4590
vn 0.1035 0.5362 -0.8377
vn 0.0002 0.5469 -0.8372
vn -0.4830 0.3309 -0.8107
vn -0.6773 0.2715 -0.6837
vn 0.0513 0.3859 -0.9211
vn 0.1575 0.3673 -0.9167
vn 0.2742 0.3289 -0.9037
vn 0.3953 0.2715 -0.8775
vn 0.5437 0.1983 -0.8155
vn 0.7892 0.1947 -0.5825
vn 0.9016 0.2325 -0.3647
vn -0.9544 0.2554 -0.1545
vn -0.9016 0.2325 -0.3647
vn -0.7891 0.1945 -0.5826
vn -0.5434 0.1964 -0.8161
vn -0.3961 0.2698 -0.8777
vn -0.2747 0.3305 -0.9029
vn -0.1569 0.3691 -0.9160
vn -0.0512 0.3861 -0.9210
vn 0.6815 0.3515 -0.6419
vn 0.7872 0.4168 -0.4546
vn 0.8476 0.4659 -0.2541
vn -0.8476 0.4659 -0.2541
vn -0.7868 0.4157 -0.4563
vn 0.0015 0.1447 -0.9895
vn -0.6674 0.3066 -0.6787
vn 0.1300 0.1544 -0.9794
vn -0.5411 0.1720 -0.8232
vn 0.2852 0.1719 -0.9429
vn -0.4658 0.1877 -0.8648
vn 0.5227 0.2689 -0.8090
vn 0.4082 0.1699 -0.8969
vn -0.0955 0.1889 -0.9773
vn -0.2770 0.2816 -0.9187
vn 0.0595 0.4125 -0.9090
vn 0.1820 0.4097 -0.8939
vn 0.3237 0.3736 -0.8693
vn 0.4368 0.3501 -0.8286
vn 0.5927 0.3432 -0.7286
vn 0.7503 0.3626 -0.5527
vn 0.8341 0.4235 -0.3534
vn -0.8756 0.4597 -0.1485
vn -0.8341 0.4235 -0.3534
vn -0.7489 0.3557 -0.5591
vn -0.5911 0.2872 -0.7537
vn -0.4651 0.3105 -0.8290
vn -0.3386 0.4258 -0.8391
vn -0.1576 0.4641 -0.8716
vn -0.0532 0.4186 -0.9066
vn -0.9248 0.2524 -0.2845
vn -0.8380 0.2196 -0.4994
vn -0.6724 0.1555 -0.7237
vn 0.1280 -0.0010 -0.9918
vn -0.5269 0.0767 -0.8464
vn 0.2981 0.0221 -0.9543
vn -0.4987 0.0580 -0.8648
vn 0.4026 0.0442 -0.9143
vn -0.2975 0.0565 -0.9530
vn 0.5217 0.1073 -0.8464
vn 0.0024 -0.0093 -1.0000
vn -0.0735 0.0076 -0.9973
vn 0.7114 0.1743 -0.6808
vn 0.9248 0.2524 -0.2845
vn 0.8392 0.2200 -0.4973
vn 0.0660 0.0038 -0.9978
vn 0.2052 0.0313 -0.9782
vn 0.3726 0.0552 -0.9263
vn 0.4444 0.1179 -0.8880
vn 0.6168 0.2500 -0.7463
vn 0.7542 0.3275 -0.5692
vn 0.8450 0.3836 -0.3725
vn -0.8956 0.4158 -0.1581
vn -0.8450 0.3836 -0.3725
vn -0.7451 0.3174 -0.5866
vn -0.5848 0.1751 -0.7920
vn -0.5101 0.0810 -0.8563
vn -0.4324 0.1248 -0.8930
vn -0.1510 0.0928 -0.9842
vn -0.0495 0.0100 -0.9987
vn -0.9505 -0.1002 -0.2942
vn -0.8546 -0.0899 -0.5114
vn -0.6853 -0.0734 -0.7246
vn 0.1272 -0.0360 -0.9912
vn -0.5303 -0.0607 -0.8456
vn 0.2965 -0.0420 -0.9541
vn -0.4925 -0.0540 -0.8686
vn 0.4026 -0.0502 -0.9140
vn -0.2957 -0.0416 -0.9544
vn 0.5268 -0.0596 -0.8479
vn 0.0024 -0.0343 -0.9994
vn -0.0731 -0.0352 -0.9967
vn 0.7187 -0.0762 -0.6912
vn 0.8555 -0.0900 -0.5100
vn 0.9505 -0.1002 -0.2942
vn 0.0644 -0.0103 -0.9979
vn 0.2026 -0.0060 -0.9792
vn 0.3731 0.0010 -0.9278
vn 0.4361 0.0092 -0.8998
vn 0.6329 0.0276 -0.7738
vn 0.7937 0.0416 -0.6069
vn 0.9117 0.0530 -0.4074
vn -0.9826 0.0598 -0.1759
vn -0.9117 0.0530 -0.4074
vn -0.7826 0.0412 -0.6212
vn -0.5852 0.0211 -0.8106
vn -0.5073 0.0090 -0.8617
vn -0.4426 0.0069 -0.8967
vn -0.1426 -0.0036 -0.9898
vn -0.0444 -0.0101 -0.9990
vn 0.1293 -0.0362 -0.9909
vn -0.5369 -0.1330 -0.8331
vn 0.2989 -0.0640 -0.9521
vn -0.4874 -0.1047 -0.8669
vn 0.4071 -0.0906 -0.9089
vn -0.2970 -0.0948 -0.9502
vn 0.5326 -0.1549 -0.8320
vn 0.0024 -0.0263 -0.9997
vn -0.0780 -0.0452 -0.9959
vn 0.7070 -0.2189 -0.6724
vn 0.8301 -0.2662 -0.4900
vn 0.9122 -0.2995 -0.2797
vn -0.9122 -0.2995 -0.2797
vn -0.6843 -0.2079 -0.6990
vn -0.8296 -0.2660 -0.4909
vn 0.0647 -0.0631 -0.9959
vn 0.2033 -0.0707 -0.9766
vn 0.3711 -0.0855 -0.9246
vn 0.4417 -0.1001 -0.8916
vn 0.6299 -0.1310 -0.7655
vn 0.7841 -0.1594 -0.5998
vn 0.8977 -0.1822 -0.4012
vn -0.9652 -0.1962 -0.1727
vn -0.8977 -0.1822 -0.4012
vn -0.7761 -0.1578 -0.6105
vn -0.5920 -0.1241 -0.7964
vn -0.5046 -0.1040 -0.8571
vn -0.4326 -0.0927 -0.8968
vn -0.1469 -0.0716 -0.9866
vn -0.0457 -0.0632 -0.9970
vn 0.5594 -0.2102 -0.8018
vn -0.1080 0.0655 -0.9920
vn 0.6933 -0.3454 -0.6325
vn 0.7819 -0.4381 -0.4435
vn 0.8323 -0.4971 -0.2452
vn -0.8323 -0.4971 -0.2452
vn -0.7819 -0.4379 -0.4437
vn 0.0015 0.1256 -0.9921
vn -0.6875 -0.3299 -0.6469
vn 0.1374 0.0980 -0.9856
vn -0.5685 -0.1549 -0.8080
vn 0.4325 -0.0468 -0.9004
vn 0.3006 0.0299 -0.9533
vn -0.2989 -0.0573 -0.9526
vn -0.4778 -0.0683 -0.8758
vn 0.0664 0.0715 -0.9952
vn 0.2080 0.0284 -0.9777
vn 0.3765 -0.0224 -0.9261
vn 0.4623 -0.1116 -0.8797
vn 0.6279 -0.2481 -0.7377
vn 0.7534 -0.3388 -0.5635
vn 0.8377 -0.4051 -0.3663
vn -0.8836 -0.4420 -0.1547
vn -0.8377 -0.4051 -0.3663
vn -0.7503 -0.3353 -0.5697
vn -0.6084 -0.2089 -0.7656
vn -0.5135 -0.0866 -0.8537
vn -0.4258 -0.0840 -0.9009
vn -0.1604 -0.0262 -0.9867
vn -0.0493 0.0650 -0.9967
vn 0.8248 -0.5186 -0.2253
vn -0.8248 -0.5186 -0.2253
vn -0.7861 -0.4595 -0.4134
vn -0.7119 -0.3599 -0.6031
vn 0.1547 0.0622 -0.9860
vn -0.6027 -0.2249 -0.7656
vn 0.3127 -0.0043 -0.9499
vn -0.4689 -0.1057 -0.8769
vn 0.4643 -0.1023 -0.8798
vn -0.3127 -0.0265 -0.9495
vn 0.6010 -0.2378 -0.7630
vn -0.0000 0.4981 -0.8671
vn -0.1517 0.0539 -0.9870
vn 0.8356 -0.3742 -0.4021
vn 0.7120 -0.3627 -0.6013
vn 0.0734 0.0774 -0.9943
vn 0.2231 0.0268 -0.9744
vn 0.3816 -0.0443 -0.9233
vn 0.5114 -0.1625 -0.8438
vn 0.6436 -0.3114 -0.6991
vn 0.7431 -0.4178 -0.5227
vn 0.8047 -0.4930 -0.3306
vn -0.8352 -0.5324 -0.1374
vn -0.8047 -0.4930 -0.3306
vn -0.7429 -0.4165 -0.5241
vn -0.6427 -0.2862 -0.7106
vn -0.5270 -0.1398 -0.8383
vn -0.3950 -0.0906 -0.9142
vn -0.2095 -0.0199 -0.9776
vn -0.0686 0.0714 -0.9951
vn -0.9146 -0.3473 -0.2071
vn -0.8887 -0.2415 -0.3897
vn -0.8159 -0.0651 -0.5745
vn 0.1596 0.5282 -0.8340
vn -0.6824 0.1430 -0.7168
vn 0.3289 0.4559 -0.8271
vn -0.5088 0.3269 -0.7964
vn 0.5088 0.3269 -0.7964
vn -0.3289 0.4559 -0.8271
vn 0.6824 0.1430 -0.7168
vn -0.0000 0.2373 -0.9714
vn -0.1596 0.5282 -0.8340
vn 0.8159 -0.0651 -0.5745
vn 0.8887 -0.2415 -0.3897
vn 0.9146 -0.3473 -0.2071
vn 0.0716 0.5979 -0.7984
vn 0.2224 0.5503 -0.8048
vn 0.3918 0.4443 -0.8057
vn 0.5758 0.2672 -0.7727
vn 0.7409 0.0320 -0.6709
vn 0.8438 -0.1995 -0.4982
vn 0.8818 -0.3611 -0.3034
vn -0.8908 -0.4374 -0.1234
vn -0.8818 -0.3611 -0.3034
vn -0.8438 -0.1995 -0.4982
vn -0.7409 0.0320 -0.6709
vn -0.5759 0.2672 -0.7727
vn -0.3918 0.4443 -0.8057
vn -0.2224 0.5503 -0.8048
vn -0.0716 0.5979 -0.7984
vn -0.9192 -0.1881 -0.3459
vn -0.8459 -0.1492 -0.5120
vn 0.2137 0.0259 -0.9766
vn -0.7371 -0.1005 -0.6682
vn 0.4149 -0.0044 -0.9098
vn -0.5922 -0.0493 -0.8043
vn 0.5922 -0.0493 -0.8043
vn -0.4149 -0.0044 -0.9098
vn 0.7371 -0.1005 -0.6682
vn -0.0000 0.0365 -0.9993
vn -0.2137 0.0259 -0.9766
vn 0.8459 -0.1492 -0.5120
vn 0.9192 -0.1881 -0.3459
vn 0.9594 -0.2122 -0.1858
vn -0.9594 -0.2122 -0.1858
vn 0.1049 0.1286 -0.9861
vn 0.3101 0.0920 -0.9462
vn 0.4999 0.0239 -0.8658
vn 0.6621 -0.0642 -0.7467
vn 0.7867 -0.1560 -0.5973
vn 0.8713 -0.2354 -0.4307
vn 0.9195 -0.2912 -0.2641
vn -0.9413 -0.3192 -0.1097
vn -0.9195 -0.2912 -0.2641
vn -0.8713 -0.2354 -0.4307
vn -0.7867 -0.1560 -0.5973
vn -0.6621 -0.0642 -0.7467
vn -0.4999 0.0239 -0.8658
vn -0.3101 0.0920 -0.9462
vn -0.1049 0.1286 -0.9861
vn 0.4195 -0.0451 -0.9066
vn -0.5980 -0.0387 -0.8006
vn 0.5980 -0.0387 -0.8006
vn -0.4195 -0.0451 -0.9066
vn 0.7451 -0.0314 -0.6662
vn -0.2165 -0.0495 -0.9750
vn 0.8583 -0.0245 -0.5126
vn 0.9373 -0.0188 -0.3481
vn 0.9821 -0.0152 -0.1878
vn -0.9821 -0.0152 -0.1878
vn -0.9373 -0.0188 -0.3481
vn 0.2165 -0.0495 -0.9750
vn -0.0000 -0.0510 -0.9987
vn -0.7451 -0.0314 -0.6662
vn -0.8583 -0.0245 -0.5126
vn 0.1090 -0.0290 -0.9936
vn 0.3201 -0.0339 -0.9468
vn 0.5116 -0.0426 -0.8582
vn 0.6745 -0.0536 -0.7363
vn 0.8041 -0.0651 -0.5909
vn 0.8995 -0.0752 -0.4303
vn 0.9602 -0.0826 -0.2670
vn -0.9900 -0.0865 -0.1118
vn -0.9602 -0.0826 -0.2670
vn -0.8995 -0.0752 -0.4303
vn -0.8041 -0.0651 -0.5909
vn -0.6745 -0.0536 -0.7363
vn -0.5116 -0.0426 -0.8582
vn -0.3201 -0.0339 -0.9468
vn -0.1090 -0.0290 -0.9936
vn -0.9816 0.0068 -0.1909
vn -0.9354 -0.0180 -0.3532
vn -0.8533 -0.0567 -0.5183
vn 0.2086 -0.2127 -0.9546
vn -0.7359 -0.1031 -0.6692
vn 0.4069 -0.1879 -0.8939
vn -0.5854 -0.1495 -0.7969
vn 0.5854 -0.1495 -0.7969
vn -0.4069 -0.1879 -0.8939
vn 0.7359 -0.1031 -0.6692
vn -0.0000 -0.2211 -0.9752
vn -0.2086 -0.2127 -0.9546
vn 0.8533 -0.0567 -0.5183
vn 0.9816 0.0068 -0.1909
vn 0.9354 -0.0180 -0.3533
vn 0.1083 -0.0848 -0.9905
vn 0.3182 -0.0762 -0.9449
vn 0.5097 -0.0603 -0.8583
vn 0.6735 -0.0400 -0.7381
vn 0.8046 -0.0188 -0.5936
vn 0.9014 0.0002 -0.4330
vn 0.9631 0.0140 -0.2689
vn -0.9934 0.0212 -0.1125
vn -0.9631 0.0140 -0.2689
vn -0.9014 0.0002 -0.4330
vn -0.8046 -0.0188 -0.5936
vn -0.6735 -0.0400 -0.7381
vn -0.5097 -0.0603 -0.8583
vn -0.3182 -0.0762 -0.9449
vn -0.1083 -0.0848 -0.9905
vn -0.4439 -0.7120 -0.5440
vn 0.1729 -0.8001 -0.5744
vn -0.5975 -0.6327 -0.4926
vn 0.0563 -0.8154 -0.5761
vn -0.7440 -0.5361 -0.3989
vn -0.8539 -0.4465 -0.2674
vn -0.9119 -0.3942 -0.1143
vn 0.8539 -0.4465 -0.2674
vn 0.7440 -0.5361 -0.3989
vn -0.0563 -0.8154 -0.5761
vn 0.5975 -0.6327 -0.4926
vn -0.1729 -0.8001 -0.5744
vn 0.4439 -0.7120 -0.5440
vn -0.3009 -0.7670 -0.5667
vn 0.3009 -0.7670 -0.5667
vn 0.3682 -0.7426 -0.5594
vn -0.2388 -0.7746 -0.5857
vn 0.5033 -0.6971 -0.5107
vn -0.1170 -0.7930 -0.5978
vn 0.6352 -0.6414 -0.4303
vn 0.7470 -0.5854 -0.3150
vn 0.8192 -0.5447 -0.1797
vn -0.8192 -0.5447 -0.1797
vn -0.7470 -0.5854 -0.3150
vn -0.0000 -0.7990 -0.6013
vn -0.6352 -0.6414 -0.4303
vn 0.2187 -0.8251 -0.5210
vn 0.1170 -0.7930 -0.5978
vn -0.3489 -0.7827 -0.5153
vn -0.5033 -0.6971 -0.5107
vn 0.4969 -0.5322 -0.6854
vn -0.3331 -0.5837 -0.7405
vn 0.6507 -0.4646 -0.6006
vn -0.1666 -0.6152 -0.7706
vn 0.7836 -0.3896 -0.4839
vn 0.8841 -0.3206 -0.3400
vn 0.9435 -0.2734 -0.1873
vn -0.9435 -0.2734 -0.1873
vn -0.8841 -0.3206 -0.3400
vn -0.0000 -0.6257 -0.7801
vn -0.7836 -0.3896 -0.4839
vn 0.2388 -0.7746 -0.5857
vn 0.1666 -0.6152 -0.7706
vn -0.3682 -0.7426 -0.5594
vn -0.6507 -0.4646 -0.6006
vn 0.0961 -0.4441 -0.8908
vn 0.2858 -0.4219 -0.8604
vn 0.4671 -0.3789 -0.7989
vn 0.6328 -0.3189 -0.7056
vn 0.7740 -0.2499 -0.5818
vn 0.8828 -0.1832 -0.4325
vn 0.9533 -0.1317 -0.2718
vn -0.9880 -0.1046 -0.1140
vn -0.9533 -0.1317 -0.2718
vn -0.8828 -0.1832 -0.4325
vn -0.7740 -0.2499 -0.5818
vn -0.6328 -0.3189 -0.7056
vn -0.4671 -0.3789 -0.7989
vn -0.2858 -0.4219 -0.8604
vn -0.0961 -0.4441 -0.8908
vn 0.0429 -0.8959 -0.4421
vn 0.1293 -0.8923 -0.4325
vn 0.2169 -0.8852 -0.4117
vn 0.3049 -0.8747 -0.3767
vn 0.3898 -0.8620 -0.3241
vn 0.4650 -0.8488 -0.2515
vn 0.5198 -0.8383 -0.1648
vn -0.5493 -0.8327 -0.0696
vn -0.5198 -0.8383 -0.1648
vn -0.4650 -0.8488 -0.2515
vn -0.3898 -0.8620 -0.3241
vn -0.3049 -0.8747 -0.3767
vn -0.2169 -0.8852 -0.4117
vn -0.1293 -0.8923 -0.4325
vn -0.0429 -0.8959 -0.4421
vn 0.9920 -0.1015 -0.0748
vn 0.9940 -0.0817 -0.0722
vn 0.9950 -0.0718 -0.0694
vn 0.9966 -0.0462 -0.0679
vn 0.9894 0.1283 -0.0677
vn 0.9209 0.3842 -0.0654
vn 0.8716 0.4859 -0.0651
vn 0.9610 0.2664 -0.0739
vn 0.9915 -0.1048 -0.0766
vn 0.9467 -0.3139 -0.0724
vn 0.8518 -0.5202 -0.0624
vn 0.8391 -0.5409 -0.0572
vn -0.9353 -0.3500 -0.0511
vn 0.9219 -0.3837 -0.0542
vn 0.8578 -0.5111 -0.0542
vn -0.9739 -0.2211 -0.0507
vn -0.9651 -0.2571 -0.0505
vn -0.9986 -0.0140 -0.0513
vn -0.9985 0.0156 -0.0518
vn -0.9119 -0.4076 -0.0482
vn -0.9223 -0.3834 -0.0494
vn -0.8462 -0.5309 -0.0457
vn -0.1695 -0.9855 -0.0091
vn -0.7070 -0.7071 -0.0138
vn -0.4333 0.6021 -0.6706
vn 0.7070 -0.7071 -0.0138
vn 0.1695 -0.9855 -0.0091
vn 0.9739 -0.2211 -0.0507
vn 0.9986 -0.0140 -0.0513
vn 0.9651 -0.2571 -0.0505
vn 0.9353 -0.3500 -0.0511
vn 0.9985 0.0156 -0.0518
vn 0.9119 -0.4076 -0.0482
vn 0.9223 -0.3834 -0.0494
vn 0.8462 -0.5309 -0.0457
vn 0.0391 0.9992 -0.0015
vn -0.0391 0.9992 -0.0015
vn -0.1269 0.9919 -0.0065
vn 0.1269 0.9919 -0.0065
vn 0.2564 0.9665 -0.0146
vn -0.2564 0.9665 -0.0146
vn -0.6515 0.7577 -0.0387
vn -0.3619 0.9320 -0.0211
vn 0.3619 0.9320 -0.0211
vn 0.6515 0.7577 -0.0387
vn -0.9944 0.0748 -0.0744
vn -0.9953 -0.0589 -0.0764
vn -0.9954 -0.0558 -0.0781
vn -0.9943 -0.0711 -0.0789
vn -0.8832 0.4645 -0.0644
vn -0.9910 -0.1092 -0.0773
vn -0.9920 -0.1015 -0.0748
vn -0.8684 0.4922 -0.0601
vn -0.9940 -0.0817 -0.0722
vn -0.8154 0.5764 -0.0532
vn -0.7789 0.6253 -0.0483
vn -0.7648 0.6426 -0.0460
vn 0.7648 0.6426 -0.0460
vn 0.7789 0.6253 -0.0483
vn 0.8154 0.5764 -0.0532
vn 0.8684 0.4922 -0.0601
vn 0.8832 0.4645 -0.0643
vn 0.9944 0.0748 -0.0744
vn 0.9953 -0.0589 -0.0763
vn 0.9943 -0.0711 -0.0789
vn 0.9954 -0.0558 -0.0780
vn 0.9910 -0.1092 -0.0773
vn -0.9950 -0.0718 -0.0694
vn -0.9966 -0.0462 -0.0679
vn -0.9894 0.1283 -0.0677
vn -0.9209 0.3842 -0.0654
vn -0.8716 0.4859 -0.0651
vn -0.9915 -0.1048 -0.0767
vn -0.9610 0.2664 -0.0739
vn -0.9467 -0.3139 -0.0724
vn -0.8518 -0.5202 -0.0624
vn -0.8391 -0.5409 -0.0572
vn -0.8578 -0.5111 -0.0542
vn -0.9219 -0.3837 -0.0542
vn 0.9838 -0.0742 -0.1629
vn 0.9934 0.0212 -0.1125
vn 0.9900 -0.0865 -0.1117
vn 0.9880 -0.1046 -0.1140
vn 0.1781 0.9837 -0.0263
vn 0.9413 -0.3192 -0.1097
vn 0.3100 0.9498 -0.0429
vn 0.9875 0.0205 -0.1564
vn 0.8352 -0.5324 -0.1373
vn 0.8956 0.4158 -0.1581
vn 0.0178 -0.9998 -0.0023
vn 0.9544 0.2554 -0.1545
vn 0.0867 0.9961 -0.0141
vn 0.7689 0.6309 -0.1033
vn 0.9788 -0.1075 -0.1741
vn 0.9852 -0.0675 -0.1575
vn 0.8393 -0.5285 -0.1273
vn 0.0067 1.0000 -0.0012
vn 0.8836 -0.4420 -0.1547
vn 0.9022 -0.4170 -0.1100
vn 0.7401 0.6652 -0.0985
vn 0.8629 0.4871 -0.1347
vn 0.9258 -0.3618 -0.1093
vn 0.9119 -0.3942 -0.1142
vn 0.4804 0.8747 -0.0641
vn 0.9848 -0.0509 -0.1661
vn 0.9652 -0.1962 -0.1727
vn 0.8456 0.5191 -0.1244
vn 0.8908 -0.4374 -0.1234
vn 0.8756 0.4597 -0.1485
vn 0.7876 0.6063 -0.1097
vn 0.9826 0.0598 -0.1759
vn 0.5493 -0.8327 -0.0696
vn 0.9794 -0.0934 -0.1789
vn 0.9300 -0.3483 -0.1174
vn 0.9824 -0.0716 -0.1725
vn 0.9816 -0.0893 -0.1688
vn 0.9822 -0.0586 -0.1785
vn 0.9436 0.2931 -0.1537
vn 0.1950 0.9647 0.1769
vn -0.0227 0.9545 0.2974
vn 0.2442 0.9589 0.1446
vn 0.2857 0.9532 0.0993
vn 0.3100 0.9498 0.0429
vn -0.2857 0.9532 0.0993
vn -0.2442 0.9589 0.1446
vn 0.0227 0.9545 0.2974
vn -0.1950 0.9647 0.1769
vn 0.0635 0.9610 0.2691
vn -0.1456 0.9693 0.1984
vn 0.0993 0.9684 0.2286
vn -0.0993 0.9684 0.2286
vn -0.1587 0.9436 0.2905
vn 0.1068 0.9162 0.3862
vn -0.2198 0.9462 0.2375
vn 0.0631 0.8716 0.4861
vn -0.2733 0.9416 0.1969
vn -0.3198 0.9366 0.1435
vn -0.3508 0.9328 0.0818
vn 0.3509 0.9328 0.0818
vn 0.3198 0.9366 0.1435
vn -0.0000 0.8482 0.5297
vn 0.2733 0.9416 0.1969
vn -0.0599 0.9832 0.1725
vn -0.0631 0.8716 0.4861
vn 0.0931 0.9823 0.1624
vn 0.2198 0.9462 0.2375
vn 0.0428 0.4511 0.8914
vn -0.5519 0.6775 0.4862
vn 0.1296 0.4636 0.8765
vn -0.4354 0.6181 0.6544
vn 0.2492 0.5034 0.8273
vn -0.2492 0.5034 0.8273
vn 0.4354 0.6181 0.6544
vn -0.1296 0.4636 0.8765
vn 0.5519 0.6775 0.4862
vn -0.0428 0.4511 0.8914
vn 0.6425 0.6750 0.3629
vn 0.7067 0.6683 0.2325
vn 0.7401 0.6652 0.0985
vn -0.7067 0.6683 0.2325
vn -0.6425 0.6750 0.3629
vn -0.7095 0.6316 0.3127
vn -0.7503 0.6387 0.1705
vn 0.7503 0.6387 0.1705
vn 0.7095 0.6316 0.3127
vn 0.6399 0.6195 0.4547
vn -0.0903 0.3394 0.9363
vn 0.5350 0.5768 0.6173
vn -0.1875 0.3596 0.9141
vn 0.3611 0.4464 0.8187
vn -0.3611 0.4464 0.8187
vn 0.1875 0.3596 0.9141
vn -0.5145 0.7767 0.3633
vn -0.5350 0.5768 0.6173
vn -0.0000 0.5469 0.8372
vn 0.0903 0.3394 0.9363
vn -0.9163 -0.1200 0.3820
vn -0.7863 -0.2399 0.5693
vn 0.0170 -0.3114 0.9501
vn -0.5893 -0.3709 0.7178
vn 0.0678 -0.3039 0.9503
vn -0.3708 -0.3692 0.8522
vn 0.1612 -0.2993 0.9404
vn -0.1612 -0.2993 0.9404
vn 0.3708 -0.3692 0.8522
vn -0.0678 -0.3039 0.9503
vn 0.5893 -0.3709 0.7178
vn -0.0170 -0.3114 0.9501
vn 0.7863 -0.2399 0.5693
vn 0.9163 -0.1200 0.3820
vn 0.9848 -0.0509 0.1661
vn -0.0000 -0.0702 0.9975
vn -0.9616 0.0450 0.2707
vn 0.9541 -0.1050 0.2806
vn 0.8468 -0.2243 0.4824
vn 0.6516 -0.4115 0.6372
vn -0.0187 -0.5751 0.8178
vn 0.4140 -0.5680 0.7114
vn -0.0711 -0.5561 0.8281
vn 0.2170 -0.5548 0.8032
vn -0.2169 -0.5548 0.8032
vn 0.0711 -0.5561 0.8281
vn -0.4140 -0.5680 0.7114
vn 0.0187 -0.5751 0.8178
vn -0.6516 -0.4115 0.6372
vn -0.8468 -0.2243 0.4824
vn -0.9060 -0.1533 0.3946
vn -0.7518 -0.3134 0.5801
vn -0.0112 -0.8156 0.5785
vn -0.4522 -0.6092 0.6514
vn 0.0065 -0.8077 0.5896
vn -0.2268 -0.7580 0.6115
vn 0.0672 -0.7882 0.6117
vn -0.0672 -0.7882 0.6117
vn 0.2268 -0.7580 0.6115
vn -0.0065 -0.8077 0.5896
vn 0.4522 -0.6092 0.6514
vn 0.0112 -0.8156 0.5785
vn 0.7518 -0.3134 0.5801
vn 0.9060 -0.1533 0.3946
vn 0.9824 -0.0716 0.1725
vn -0.0000 -0.5801 0.8145
vn -0.9541 -0.1050 0.2806
vn 0.9528 -0.0837 0.2919
vn 0.8487 -0.1589 0.5045
vn 0.6214 -0.3510 0.7005
vn 0.0043 -0.7688 0.6395
vn 0.3156 -0.6493 0.6920
vn -0.0267 -0.7721 0.6349
vn 0.1329 -0.7605 0.6356
vn -0.1329 -0.7605 0.6356
vn 0.0267 -0.7721 0.6349
vn -0.3156 -0.6493 0.6920
vn -0.0043 -0.7688 0.6394
vn -0.6213 -0.3510 0.7005
vn -0.8487 -0.1589 0.5045
vn -0.9084 -0.0765 0.4110
vn -0.7649 -0.1193 0.6331
vn 0.0132 -0.3642 0.9312
vn -0.4784 -0.2622 0.8381
vn 0.0548 -0.3927 0.9180
vn -0.3122 -0.4139 0.8551
vn 0.1319 -0.4408 0.8878
vn -0.1319 -0.4408 0.8878
vn 0.3122 -0.4139 0.8551
vn -0.0548 -0.3927 0.9180
vn 0.4784 -0.2622 0.8381
vn -0.0132 -0.3642 0.9312
vn 0.7649 -0.1193 0.6331
vn 0.9084 -0.0765 0.4109
vn 0.9822 -0.0586 0.1785
vn 0.9512 -0.0703 0.3004
vn 0.8500 -0.0696 0.5221
vn 0.6190 -0.0763 0.7817
vn -0.0614 -0.0353 0.9975
vn 0.3897 -0.1142 0.9138
vn -0.1294 -0.0905 0.9875
vn 0.2657 -0.1426 0.9535
vn -0.2657 -0.1426 0.9535
vn 0.1294 -0.0905 0.9875
vn -0.3897 -0.1142 0.9138
vn -0.0000 -0.7667 0.6420
vn 0.0614 -0.0353 0.9975
vn -0.6190 -0.0763 0.7817
vn -0.9528 -0.0837 0.2919
vn -0.8500 -0.0696 0.5221
vn -0.7784 -0.3751 0.5034
vn 0.0782 0.2570 0.9633
vn -0.6919 -0.2238 0.6864
vn 0.2378 0.2024 0.9500
vn -0.5609 -0.0512 0.8263
vn 0.4031 0.0982 0.9099
vn -0.4025 0.1008 0.9098
vn 0.5612 -0.0498 0.8261
vn -0.2380 0.2051 0.9494
vn 0.6920 -0.2224 0.6868
vn -0.0783 0.2573 0.9632
vn 0.7784 -0.3750 0.5034
vn 0.8215 -0.4781 0.3107
vn 0.8393 -0.5285 0.1273
vn -0.8215 -0.4781 0.3107
vn -0.8532 -0.4762 0.2129
vn 0.8532 -0.4762 0.2129
vn 0.8356 -0.3742 0.4021
vn 0.7761 -0.1949 0.5997
vn -0.1490 0.4724 0.8687
vn 0.6538 0.0312 0.7560
vn -0.3100 0.3901 0.8670
vn 0.4853 0.2414 0.8404
vn -0.4853 0.2414 0.8404
vn 0.3100 0.3901 0.8670
vn -0.6538 0.0312 0.7560
vn -0.0002 0.0861 0.9963
vn 0.1490 0.4724 0.8687
vn -0.7861 -0.4595 0.4134
vn -0.7761 -0.1949 0.5997
vn -0.9114 -0.2972 0.2847
vn -0.8643 -0.1936 0.4643
vn 0.0911 0.3841 0.9188
vn -0.7709 -0.0479 0.6352
vn 0.2743 0.3378 0.9004
vn -0.6299 0.1096 0.7689
vn 0.4575 0.2447 0.8549
vn -0.4575 0.2447 0.8549
vn 0.6299 0.1096 0.7689
vn -0.2743 0.3378 0.9004
vn 0.7709 -0.0479 0.6352
vn -0.0911 0.3841 0.9188
vn 0.8643 -0.1936 0.4643
vn 0.9114 -0.2972 0.2847
vn 0.9300 -0.3483 0.1174
vn 0.9246 -0.3302 0.1897
vn 0.8932 -0.2750 0.3558
vn 0.8278 -0.1836 0.5302
vn -0.1990 0.2153 0.9561
vn 0.7203 -0.0680 0.6904
vn -0.3927 0.1508 0.9072
vn 0.5714 0.0511 0.8191
vn -0.5714 0.0511 0.8191
vn 0.3927 0.1508 0.9072
vn -0.7203 -0.0680 0.6904
vn -0.0000 0.5511 0.8344
vn 0.1990 0.2153 0.9561
vn -0.8278 -0.1836 0.5302
vn -0.8932 -0.2750 0.3558
vn -0.9246 -0.3302 0.1897
vn 0.5201 -0.6157 0.5920
vn -0.2183 -0.7089 0.6707
vn 0.6657 -0.5436 0.5111
vn -0.0722 -0.7270 0.6829
vn 0.7913 -0.4656 0.3963
vn 0.8802 -0.3989 0.2571
vn 0.9258 -0.3618 0.1093
vn -0.8802 -0.3989 0.2571
vn -0.7913 -0.4656 0.3963
vn 0.0722 -0.7270 0.6829
vn -0.6657 -0.5436 0.5111
vn 0.2183 -0.7089 0.6707
vn -0.5201 -0.6157 0.5920
vn 0.3683 -0.6718 0.6427
vn -0.3683 -0.6718 0.6427
vn -0.3331 -0.5837 0.7405
vn 0.4969 -0.5322 0.6854
vn -0.3946 -0.7288 0.5595
vn 0.2549 -0.7720 0.5823
vn -0.5419 -0.6649 0.5141
vn 0.1245 -0.7962 0.5920
vn -0.6857 -0.5831 0.4356
vn -0.8068 -0.4970 0.3196
vn -0.8836 -0.4317 0.1814
vn 0.8836 -0.4317 0.1814
vn 0.8068 -0.4969 0.3196
vn -0.0000 -0.8040 0.5946
vn 0.6857 -0.5831 0.4356
vn -0.1245 -0.7962 0.5920
vn 0.5419 -0.6649 0.5141
vn 0.4296 -0.7482 0.5056
vn -0.1664 -0.8322 0.5290
vn 0.5814 -0.6700 0.4616
vn -0.0541 -0.8464 0.5298
vn 0.7288 -0.5712 0.3776
vn 0.8421 -0.4752 0.2550
vn 0.9022 -0.4170 0.1100
vn -0.8421 -0.4752 0.2550
vn -0.7288 -0.5712 0.3776
vn 0.0541 -0.8464 0.5298
vn -0.5814 -0.6700 0.4616
vn 0.1664 -0.8322 0.5290
vn -0.4296 -0.7482 0.5056
vn 0.2901 -0.8010 0.5237
vn -0.2901 -0.8010 0.5237
vn -0.2549 -0.7720 0.5823
vn 0.3946 -0.7288 0.5595
vn -0.3489 -0.7827 0.5153
vn 0.2187 -0.8251 0.5210
vn -0.4982 -0.7142 0.4917
vn 0.1049 -0.8474 0.5205
vn -0.6567 -0.6173 0.4332
vn -0.7978 -0.5060 0.3277
vn -0.8888 -0.4174 0.1895
vn 0.8888 -0.4174 0.1895
vn 0.7978 -0.5060 0.3277
vn -0.0000 -0.8543 0.5197
vn 0.6567 -0.6173 0.4332
vn -0.1049 -0.8474 0.5205
vn 0.4982 -0.7142 0.4917
vn -0.1509 -0.5992 0.7863
vn -0.2920 -0.6179 0.7300
vn -0.4153 -0.6434 0.6431
vn -0.5163 -0.6700 0.5334
vn -0.5933 -0.6936 0.4086
vn -0.6463 -0.7115 0.2758
vn -0.6712 -0.7310 0.1230
vn 0.6712 -0.7310 0.1230
vn 0.6463 -0.7115 0.2758
vn 0.5933 -0.6936 0.4086
vn 0.5163 -0.6700 0.5334
vn 0.4153 -0.6434 0.6431
vn 0.2920 -0.6179 0.7300
vn 0.1509 -0.5992 0.7863
vn -0.0000 -0.5922 0.8058
vn -0.5384 0.6334 -0.5558
vn -0.6186 0.6603 -0.4257
vn -0.6742 0.6804 -0.2873
vn -0.7153 0.6865 -0.1307
vn 0.7153 0.6865 -0.1307
vn 0.6742 0.6804 -0.2873
vn 0.6186 0.6603 -0.4257
vn 0.5384 0.6334 -0.5558
vn -0.0307 -0.9872 0.1564
vn -0.0608 -0.9870 0.1485
vn -0.0894 -0.9867 0.1354
vn -0.1158 -0.9863 0.1171
vn -0.1386 -0.9859 0.0936
vn -0.1562 -0.9855 0.0656
vn -0.1669 -0.9853 0.0366
vn 0.1669 -0.9853 0.0366
vn 0.1562 -0.9855 0.0656
vn 0.1386 -0.9859 0.0936
vn 0.1158 -0.9863 0.1171
vn 0.0895 -0.9867 0.1354
vn 0.0608 -0.9870 0.1485
vn 0.0307 -0.9872 0.1564
vn -0.0000 -0.9873 0.1590
vn -0.0018 -0.9998 0.0185
vn -0.0053 -0.9998 0.0178
vn -0.0086 -0.9998 0.0163
vn -0.0115 -0.9998 0.0142
vn -0.0140 -0.9998 0.0116
vn -0.0159 -0.9998 0.0086
vn -0.0171 -0.9998 0.0054
vn 0.0178 -0.9998 0.0023
vn 0.0171 -0.9998 0.0054
vn 0.0159 -0.9998 0.0086
vn 0.0140 -0.9998 0.0116
vn 0.0115 -0.9998 0.0142
vn 0.0086 -0.9998 0.0163
vn 0.0053 -0.9998 0.0178
vn 0.0018 -0.9998 0.0185
vn -0.0064 0.9989 0.0458
vn -0.0127 0.9989 0.0441
vn -0.0191 0.9990 0.0409
vn -0.0252 0.9990 0.0362
vn -0.0309 0.9991 0.0296
vn -0.0355 0.9991 0.0212
vn -0.0383 0.9992 0.0130
vn 0.0383 0.9992 0.0130
vn 0.0355 0.9991 0.0212
vn 0.0309 0.9991 0.0296
vn 0.0252 0.9990 0.0362
vn 0.0191 0.9990 0.0409
vn 0.0127 0.9989 0.0441
vn -0.0000 0.9989 0.0464
vn 0.0064 0.9989 0.0458
vn -0.0006 1.0000 0.0092
vn -0.0018 1.0000 0.0089
vn -0.0030 1.0000 0.0083
vn -0.0041 1.0000 0.0073
vn -0.0050 1.0000 0.0061
vn -0.0058 1.0000 0.0046
vn -0.0062 1.0000 0.0030
vn 0.0067 1.0000 0.0011
vn 0.0063 1.0000 0.0030
vn 0.0058 1.0000 0.0046
vn 0.0050 1.0000 0.0061
vn 0.0041 1.0000 0.0073
vn 0.0030 1.0000 0.0083
vn 0.0018 1.0000 0.0089
vn 0.0006 1.0000 0.0092
vn 0.0932 0.9923 0.0813
vn 0.0735 0.9927 0.0961
vn 0.0539 0.9930 0.1054
vn 0.1107 0.9920 0.0603
vn 0.1225 0.9918 0.0359
vn 0.0351 0.9932 0.1108
vn 0.0173 0.9934 0.1135
vn -0.0000 0.9934 0.1143
vn -0.0173 0.9934 0.1135
vn -0.0351 0.9932 0.1108
vn -0.0539 0.9930 0.1054
vn -0.0735 0.9927 0.0961
vn -0.0932 0.9923 0.0813
vn -0.1107 0.9920 0.0603
vn -0.1225 0.9918 0.0359
vn -0.0064 0.9960 0.0894
vn -0.0192 0.9960 0.0877
vn -0.0324 0.9959 0.0839
vn -0.0459 0.9959 0.0775
vn -0.0594 0.9960 0.0674
vn -0.0718 0.9960 0.0530
vn -0.0810 0.9961 0.0361
vn 0.0867 0.9961 0.0140
vn 0.0810 0.9961 0.0361
vn 0.0718 0.9960 0.0530
vn 0.0594 0.9960 0.0674
vn 0.0459 0.9959 0.0775
vn 0.0324 0.9959 0.0839
vn 0.0192 0.9960 0.0877
vn 0.0064 0.9960 0.0894
vn -0.0931 0.9823 0.1624
vn 0.0599 0.9832 0.1725
vn -0.1320 0.9796 0.1515
vn 0.0299 0.9833 0.1796
vn -0.1741 0.9757 0.1334
vn -0.2151 0.9712 0.1026
vn -0.2451 0.9675 0.0613
vn 0.2451 0.9675 0.0613
vn 0.2151 0.9712 0.1026
vn -0.0000 0.9833 0.1821
vn 0.1741 0.9757 0.1334
vn -0.1068 0.9162 0.3863
vn -0.0299 0.9833 0.1796
vn 0.1587 0.9436 0.2905
vn 0.1320 0.9796 0.1515
vn -0.0109 0.9906 0.1362
vn -0.0333 0.9903 0.1347
vn -0.0572 0.9897 0.1310
vn -0.0834 0.9888 0.1241
vn -0.1119 0.9874 0.1118
vn -0.1406 0.9859 0.0913
vn -0.1641 0.9844 0.0630
vn 0.1781 0.9837 0.0263
vn 0.1641 0.9844 0.0630
vn 0.1406 0.9859 0.0913
vn 0.1119 0.9874 0.1118
vn 0.0834 0.9888 0.1241
vn 0.0572 0.9897 0.1310
vn 0.0333 0.9903 0.1347
vn 0.0109 0.9906 0.1362
vn -0.5883 0.7663 0.2584
vn -0.6351 0.7589 0.1442
vn 0.6351 0.7589 0.1442
vn 0.5883 0.7663 0.2584
vn 0.5145 0.7767 0.3633
vn -0.0818 0.5691 0.8182
vn 0.4275 0.7737 0.4676
vn -0.1625 0.6245 0.7639
vn 0.3043 0.7079 0.6375
vn -0.3043 0.7079 0.6375
vn 0.1625 0.6245 0.7639
vn -0.6399 0.6195 0.4547
vn -0.4275 0.7737 0.4676
vn -0.0000 0.3334 0.9428
vn 0.0818 0.5691 0.8182
vn -0.0395 0.6913 0.7214
vn -0.1076 0.7593 0.6417
vn -0.1731 0.8395 0.5151
vn -0.2734 0.8841 0.3790
vn -0.3449 0.8891 0.3009
vn -0.4082 0.8831 0.2314
vn -0.4554 0.8775 0.1507
vn 0.4804 0.8747 0.0641
vn 0.4554 0.8775 0.1507
vn 0.4082 0.8831 0.2314
vn 0.3449 0.8891 0.3009
vn 0.2734 0.8841 0.3790
vn 0.1732 0.8395 0.5151
vn 0.1076 0.7593 0.6417
vn 0.0395 0.6913 0.7214
vn 0.7702 0.6124 0.1783
vn 0.7440 0.5785 0.3345
vn 0.6909 0.5206 0.5017
vn -0.0935 0.1245 0.9878
vn 0.5759 0.4201 0.7013
vn -0.1940 0.1612 0.9677
vn 0.3685 0.2620 0.8919
vn -0.3685 0.2620 0.8919
vn 0.1940 0.1612 0.9677
vn -0.5759 0.4201 0.7013
vn -0.0000 0.1128 0.9936
vn 0.0935 0.1245 0.9878
vn -0.6909 0.5206 0.5017
vn -0.7440 0.5785 0.3345
vn -0.7702 0.6124 0.1783
vn -0.0464 0.2060 0.9775
vn -0.1410 0.2251 0.9641
vn -0.2671 0.2783 0.9226
vn -0.4752 0.4199 0.7732
vn -0.6265 0.5356 0.5663
vn -0.7044 0.5851 0.4019
vn -0.7482 0.6154 0.2482
vn 0.7689 0.6309 0.1033
vn 0.7482 0.6154 0.2482
vn 0.7044 0.5851 0.4019
vn 0.6265 0.5356 0.5663
vn 0.4752 0.4199 0.7732
vn 0.2671 0.2783 0.9226
vn 0.1410 0.2251 0.9641
vn 0.0464 0.2060 0.9775
vn 0.7767 0.5129 0.3656
vn 0.7165 0.4378 0.5432
vn -0.0863 -0.0959 0.9916
vn 0.5802 0.3150 0.7511
vn -0.1816 -0.0212 0.9831
vn 0.3511 0.1239 0.9281
vn -0.3511 0.1239 0.9281
vn 0.1816 -0.0212 0.9831
vn -0.5802 0.3150 0.7511
vn -0.0000 -0.1215 0.9926
vn 0.0863 -0.0959 0.9916
vn -0.7165 0.4378 0.5432
vn -0.7767 0.5129 0.3656
vn -0.8057 0.5591 0.1953
vn 0.8057 0.5591 0.1953
vn -0.0456 0.0441 0.9980
vn -0.1391 0.0723 0.9876
vn -0.2622 0.1392 0.9549
vn -0.4760 0.2857 0.8318
vn -0.6556 0.4350 0.6172
vn -0.7339 0.5230 0.4334
vn -0.7713 0.5788 0.2648
vn 0.7876 0.6063 0.1097
vn 0.7713 0.5788 0.2648
vn 0.7339 0.5230 0.4334
vn 0.6556 0.4350 0.6172
vn 0.4760 0.2857 0.8317
vn 0.2622 0.1392 0.9549
vn 0.1391 0.0723 0.9876
vn 0.0456 0.0441 0.9980
vn -0.1169 -0.2837 0.9518
vn 0.2880 -0.0306 0.9571
vn -0.2880 -0.0306 0.9571
vn 0.1169 -0.2837 0.9518
vn -0.5638 0.2296 0.7933
vn 0.0443 -0.4388 0.8975
vn -0.7344 0.3521 0.5802
vn -0.8108 0.4232 0.4044
vn -0.8532 0.4732 0.2194
vn 0.8532 0.4732 0.2194
vn 0.8108 0.4232 0.4044
vn -0.0443 -0.4388 0.8975
vn -0.0000 -0.4977 0.8674
vn 0.5638 0.2296 0.7933
vn 0.7344 0.3521 0.5802
vn -0.0329 -0.3686 0.9290
vn -0.1091 -0.2777 0.9544
vn -0.2237 -0.1031 0.9692
vn -0.4518 0.1516 0.8792
vn -0.6699 0.3380 0.6610
vn -0.7698 0.4237 0.4773
vn -0.8216 0.4862 0.2976
vn 0.8456 0.5191 0.1244
vn 0.8216 0.4862 0.2976
vn 0.7698 0.4237 0.4773
vn 0.6699 0.3380 0.6610
vn 0.4518 0.1516 0.8792
vn 0.2237 -0.1030 0.9692
vn 0.1091 -0.2777 0.9544
vn 0.0329 -0.3685 0.9290
vn -0.7399 0.2779 0.6127
vn -0.8203 0.3751 0.4317
vn -0.8666 0.4401 0.2353
vn 0.8666 0.4401 0.2353
vn 0.8203 0.3751 0.4317
vn -0.0000 0.1912 0.9815
vn 0.7399 0.2779 0.6127
vn -0.0560 0.1783 0.9824
vn 0.5518 0.1614 0.8182
vn -0.1106 0.1372 0.9843
vn 0.2668 0.1067 0.9578
vn -0.5518 0.1614 0.8182
vn -0.2668 0.1067 0.9578
vn 0.0560 0.1783 0.9824
vn 0.1106 0.1373 0.9843
vn -0.0196 -0.1921 0.9812
vn -0.0695 -0.1420 0.9874
vn -0.1607 -0.0456 0.9860
vn -0.4055 0.1265 0.9053
vn -0.6667 0.2886 0.6872
vn -0.7748 0.3795 0.5057
vn -0.8338 0.4494 0.3207
vn 0.8629 0.4871 0.1347
vn 0.8338 0.4494 0.3207
vn 0.7748 0.3795 0.5057
vn 0.6667 0.2886 0.6872
vn 0.4055 0.1265 0.9053
vn 0.1607 -0.0456 0.9860
vn 0.0695 -0.1420 0.9874
vn 0.0197 -0.1921 0.9812
vn 0.9616 0.0450 0.2706
vn 0.8772 -0.0335 0.4789
vn 0.7364 -0.1450 0.6608
vn -0.0532 -0.0780 0.9955
vn 0.5218 -0.2180 0.8247
vn -0.1163 -0.0968 0.9885
vn 0.2724 -0.1520 0.9501
vn -0.2724 -0.1520 0.9501
vn 0.1163 -0.0968 0.9885
vn -0.5218 -0.2180 0.8247
vn -0.0000 -0.0171 0.9999
vn 0.0532 -0.0780 0.9955
vn -0.7364 -0.1450 0.6608
vn -0.9512 -0.0703 0.3004
vn -0.8772 -0.0335 0.4789
vn -0.0322 0.1910 0.9811
vn -0.0882 0.1498 0.9848
vn -0.1770 0.0721 0.9816
vn -0.4067 -0.0058 0.9135
vn -0.6705 0.0347 0.7411
vn -0.8151 0.1489 0.5599
vn -0.9002 0.2426 0.3615
vn 0.9436 0.2931 0.1537
vn 0.9002 0.2426 0.3615
vn 0.8151 0.1489 0.5599
vn 0.6705 0.0347 0.7411
vn 0.4067 -0.0058 0.9135
vn 0.1770 0.0721 0.9816
vn 0.0882 0.1498 0.9848
vn 0.0322 0.1910 0.9811
vn 0.9496 -0.1029 0.2961
vn 0.8517 -0.0882 0.5166
vn 0.6192 -0.0598 0.7830
vn -0.0878 0.0084 0.9961
vn 0.3798 -0.0344 0.9244
vn -0.1807 -0.0059 0.9835
vn 0.2886 -0.0242 0.9571
vn -0.2886 -0.0242 0.9571
vn 0.1807 -0.0059 0.9835
vn -0.3798 -0.0344 0.9244
vn 0.0878 0.0084 0.9961
vn -0.6192 -0.0598 0.7830
vn -0.8517 -0.0882 0.5166
vn -0.9496 -0.1029 0.2961
vn -0.0390 0.0412 0.9984
vn -0.1187 0.0184 0.9928
vn -0.2147 -0.0235 0.9764
vn -0.3384 -0.0446 0.9399
vn -0.4633 -0.0457 0.8850
vn -0.7610 -0.0695 0.6450
vn -0.9066 -0.0850 0.4133
vn 0.9794 -0.0934 0.1789
vn 0.9066 -0.0850 0.4133
vn 0.7610 -0.0695 0.6450
vn 0.4633 -0.0457 0.8850
vn 0.3384 -0.0446 0.9399
vn 0.2147 -0.0235 0.9764
vn 0.1187 0.0184 0.9928
vn 0.0390 0.0412 0.9984
vn 0.6321 -0.0581 0.7727
vn -0.0935 -0.0089 0.9956
vn 0.3901 -0.0333 0.9202
vn -0.1920 -0.0141 0.9813
vn 0.2992 -0.0227 0.9539
vn -0.2992 -0.0228 0.9539
vn 0.1920 -0.0141 0.9813
vn -0.3901 -0.0333 0.9202
vn -0.0000 -0.0073 1.0000
vn 0.0935 -0.0089 0.9956
vn -0.6321 -0.0581 0.7727
vn -0.8592 -0.0833 0.5048
vn -0.9528 -0.0961 0.2878
vn 0.8592 -0.0833 0.5048
vn 0.9528 -0.0961 0.2878
vn -0.0456 -0.0042 0.9990
vn -0.1391 -0.0086 0.9902
vn -0.2405 -0.0173 0.9705
vn -0.3419 -0.0284 0.9393
vn -0.4710 -0.0442 0.8810
vn -0.7689 -0.0774 0.6347
vn -0.9096 -0.0970 0.4039
vn 0.9788 -0.1075 0.1741
vn 0.9096 -0.0970 0.4039
vn 0.7689 -0.0774 0.6347
vn 0.4711 -0.0442 0.8810
vn 0.3419 -0.0284 0.9393
vn 0.2405 -0.0173 0.9705
vn 0.1391 -0.0086 0.9902
vn 0.0456 -0.0042 0.9990
vn 0.1986 -0.0103 0.9800
vn -0.4037 -0.0266 0.9145
vn 0.0968 -0.0060 0.9953
vn -0.6470 -0.0469 0.7611
vn -0.8678 -0.0671 0.4923
vn -0.9571 -0.0774 0.2793
vn 0.9571 -0.0774 0.2793
vn 0.8678 -0.0671 0.4923
vn -0.0000 -0.0045 1.0000
vn 0.6470 -0.0469 0.7611
vn -0.0968 -0.0060 0.9953
vn 0.3089 -0.0177 0.9509
vn 0.4037 -0.0266 0.9145
vn -0.3089 -0.0177 0.9509
vn -0.1986 -0.0103 0.9800
vn -0.0473 -0.0075 0.9989
vn -0.1442 -0.0106 0.9895
vn -0.2487 -0.0168 0.9684
vn -0.3526 -0.0257 0.9354
vn -0.4856 -0.0392 0.8733
vn -0.7800 -0.0659 0.6223
vn -0.9158 -0.0812 0.3934
vn 0.9816 -0.0893 0.1688
vn 0.9158 -0.0812 0.3934
vn 0.7800 -0.0659 0.6223
vn 0.4856 -0.0392 0.8733
vn 0.3526 -0.0257 0.9354
vn 0.2487 -0.0168 0.9684
vn 0.1442 -0.0106 0.9895
vn 0.0473 -0.0075 0.9989
vn -0.9606 -0.0676 0.2695
vn 0.9606 -0.0676 0.2695
vn 0.8765 -0.0575 0.4780
vn 0.6616 -0.0379 0.7489
vn -0.1007 0.0018 0.9949
vn 0.4173 -0.0190 0.9086
vn -0.2062 -0.0027 0.9785
vn 0.3201 -0.0102 0.9473
vn -0.3201 -0.0102 0.9473
vn 0.2062 -0.0027 0.9785
vn -0.4173 -0.0190 0.9086
vn -0.0000 0.0033 1.0000
vn 0.1007 0.0018 0.9949
vn -0.8764 -0.0575 0.4780
vn -0.6616 -0.0379 0.7489
vn -0.0491 0.0002 0.9988
vn -0.1496 -0.0028 0.9887
vn -0.2576 -0.0088 0.9662
vn -0.3649 -0.0172 0.9309
vn -0.5014 -0.0291 0.8647
vn -0.7921 -0.0528 0.6081
vn -0.9220 -0.0669 0.3814
vn 0.9838 -0.0742 0.1629
vn 0.9220 -0.0669 0.3814
vn 0.7921 -0.0528 0.6081
vn 0.5014 -0.0291 0.8647
vn 0.3649 -0.0172 0.9309
vn 0.2576 -0.0088 0.9662
vn 0.1496 -0.0028 0.9887
vn 0.0491 0.0002 0.9988
vn 0.9635 -0.0445 0.2640
vn 0.8819 -0.0404 0.4698
vn 0.6702 -0.0313 0.7415
vn -0.1031 -0.0104 0.9946
vn 0.4257 -0.0206 0.9046
vn -0.2109 -0.0125 0.9774
vn 0.3269 -0.0160 0.9449
vn -0.3269 -0.0160 0.9449
vn 0.2109 -0.0125 0.9774
vn -0.4257 -0.0206 0.9046
vn -0.0000 -0.0097 1.0000
vn 0.1031 -0.0104 0.9946
vn -0.6702 -0.0313 0.7415
vn -0.8819 -0.0404 0.4698
vn -0.9635 -0.0445 0.2640
vn -0.0508 -0.0027 0.9987
vn -0.1549 -0.0053 0.9879
vn -0.2663 -0.0106 0.9638
vn -0.3761 -0.0181 0.9264
vn -0.5138 -0.0289 0.8574
vn -0.8022 -0.0497 0.5950
vn -0.9269 -0.0614 0.3702
vn 0.9852 -0.0675 0.1575
vn 0.9269 -0.0614 0.3702
vn 0.8022 -0.0497 0.5950
vn 0.5138 -0.0289 0.8574
vn 0.3761 -0.0181 0.9264
vn 0.2663 -0.0106 0.9638
vn 0.1549 -0.0053 0.9879
vn 0.0508 -0.0027 0.9987
vn 0.8764 0.1076 0.4693
vn 0.6719 0.0879 0.7354
vn -0.1045 0.1386 0.9848
vn 0.4347 0.0938 0.8957
vn -0.2139 0.1293 0.9683
vn 0.3317 0.1149 0.9364
vn -0.3317 0.1149 0.9364
vn 0.2139 0.1293 0.9683
vn -0.4347 0.0938 0.8957
vn -0.0000 0.1418 0.9899
vn 0.1045 0.1386 0.9848
vn -0.6719 0.0879 0.7354
vn -0.8764 0.1076 0.4693
vn -0.9568 0.1223 0.2637
vn 0.9568 0.1223 0.2637
vn -0.0514 0.0132 0.9986
vn -0.1566 0.0128 0.9876
vn -0.2691 0.0122 0.9630
vn -0.3803 0.0112 0.9248
vn -0.5193 0.0101 0.8545
vn -0.8059 0.0142 0.5919
vn -0.9297 0.0183 0.3679
vn 0.9875 0.0205 0.1564
vn 0.9297 0.0183 0.3679
vn 0.8059 0.0142 0.5919
vn 0.5193 0.0101 0.8545
vn 0.3803 0.0112 0.9248
vn 0.2691 0.0122 0.9630
vn 0.1566 0.0128 0.9876
vn 0.0514 0.0132 0.9986
vn -0.2193 0.5001 0.8377
vn 0.3541 0.4338 0.8285
vn -0.3459 0.4337 0.8320
vn 0.2166 0.5204 0.8260
vn -0.4789 0.3515 0.8044
vn 0.0984 0.5435 0.8336
vn -0.6788 0.2799 0.6789
vn -0.8293 0.3188 0.4589
vn -0.8949 0.3655 0.2559
vn 0.8949 0.3655 0.2559
vn 0.8293 0.3186 0.4590
vn -0.1035 0.5362 0.8377
vn -0.0002 0.5469 0.8372
vn 0.4830 0.3309 0.8107
vn 0.6773 0.2715 0.6837
vn -0.0513 0.3859 0.9211
vn -0.1575 0.3673 0.9167
vn -0.2742 0.3289 0.9037
vn -0.3953 0.2715 0.8775
vn -0.5437 0.1983 0.8155
vn -0.7892 0.1947 0.5825
vn -0.9016 0.2325 0.3647
vn 0.9544 0.2554 0.1545
vn 0.9016 0.2325 0.3647
vn 0.7891 0.1945 0.5826
vn 0.5434 0.1964 0.8161
vn 0.3961 0.2698 0.8777
vn 0.2747 0.3305 0.9029
vn 0.1569 0.3691 0.9160
vn 0.0512 0.3861 0.9210
vn -0.6815 0.3515 0.6419
vn -0.7872 0.4168 0.4546
vn -0.8476 0.4659 0.2541
vn 0.8476 0.4659 0.2541
vn 0.7868 0.4157 0.4563
vn -0.0015 0.1447 0.9895
vn 0.6674 0.3066 0.6787
vn -0.1300 0.1544 0.9794
vn 0.5411 0.1720 0.8232
vn -0.2852 0.1719 0.9429
vn 0.4658 0.1877 0.8648
vn -0.5227 0.2689 0.8090
vn -0.4082 0.1700 0.8969
vn 0.0955 0.1889 0.9773
vn 0.2770 0.2816 0.9187
vn -0.0595 0.4125 0.9090
vn -0.1820 0.4097 0.8939
vn -0.3237 0.3736 0.8693
vn -0.4368 0.3501 0.8286
vn -0.5927 0.3432 0.7286
vn -0.7503 0.3626 0.5527
vn -0.8341 0.4235 0.3534
vn 0.8756 0.4597 0.1485
vn 0.8341 0.4235 0.3534
vn 0.7489 0.3557 0.5591
vn 0.5911 0.2872 0.7537
vn 0.4651 0.3105 0.8290
vn 0.3386 0.4258 0.8391
vn 0.1576 0.4641 0.8716
vn 0.0532 0.4186 0.9066
vn 0.9248 0.2524 0.2845
vn 0.8380 0.2196 0.4994
vn 0.6724 0.1555 0.7237
vn -0.1280 -0.0010 0.9918
vn 0.5269 0.0767 0.8464
vn -0.2981 0.0221 0.9543
vn 0.4987 0.0580 0.8648
vn -0.4026 0.0442 0.9143
vn 0.2975 0.0565 0.9530
vn -0.5217 0.1073 0.8464
vn -0.0024 -0.0093 1.0000
vn 0.0735 0.0076 0.9973
vn -0.7114 0.1743 0.6808
vn -0.9249 0.2524 0.2845
vn -0.8392 0.2200 0.4973
vn -0.0660 0.0038 0.9978
vn -0.2052 0.0313 0.9782
vn -0.3726 0.0552 0.9263
vn -0.4444 0.1179 0.8880
vn -0.6168 0.2500 0.7463
vn -0.7542 0.3275 0.5692
vn -0.8450 0.3836 0.3725
vn 0.8956 0.4158 0.1581
vn 0.8450 0.3836 0.3725
vn 0.7451 0.3174 0.5866
vn 0.5848 0.1751 0.7920
vn 0.5101 0.0810 0.8563
vn 0.4324 0.1248 0.8930
vn 0.1510 0.0928 0.9842
vn 0.0495 0.0100 0.9987
vn 0.9505 -0.1002 0.2942
vn 0.8546 -0.0899 0.5114
vn 0.6853 -0.0734 0.7246
vn -0.1272 -0.0360 0.9912
vn 0.5303 -0.0607 0.8456
vn -0.2965 -0.0420 0.9541
vn 0.4925 -0.0540 0.8686
vn -0.4026 -0.0502 0.9140
vn 0.2957 -0.0416 0.9544
vn -0.5268 -0.0596 0.8479
vn -0.0024 -0.0343 0.9994
vn 0.0731 -0.0352 0.9967
vn -0.7187 -0.0762 0.6912
vn -0.8555 -0.0900 0.5100
vn -0.9505 -0.1002 0.2942
vn -0.0644 -0.0103 0.9979
vn -0.2026 -0.0060 0.9792
vn -0.3731 0.0010 0.9278
vn -0.4361 0.0092 0.8998
vn -0.6329 0.0276 0.7738
vn -0.7937 0.0416 0.6069
vn -0.9117 0.0530 0.4074
vn 0.9826 0.0598 0.1759
vn 0.9117 0.0530 0.4074
vn 0.7826 0.0412 0.6212
vn 0.5852 0.0211 0.8106
vn 0.5073 0.0090 0.8617
vn 0.4426 0.0069 0.8967
vn 0.1426 -0.0036 0.9898
vn 0.0444 -0.0101 0.9990
vn -0.1293 -0.0362 0.9909
vn 0.5369 -0.1330 0.8331
vn -0.2989 -0.0640 0.9521
vn 0.4874 -0.1047 0.8669
vn -0.4071 -0.0906 0.9089
vn 0.2970 -0.0948 0.9502
vn -0.5326 -0.1549 0.8320
vn -0.0024 -0.0263 0.9997
vn 0.0780 -0.0452 0.9959
vn -0.7070 -0.2189 0.6724
vn -0.8301 -0.2663 0.4900
vn -0.9122 -0.2995 0.2797
vn 0.9122 -0.2995 0.2797
vn 0.6843 -0.2079 0.6990
vn 0.8296 -0.2660 0.4909
vn -0.0647 -0.0631 0.9959
vn -0.2033 -0.0707 0.9766
vn -0.3711 -0.0855 0.9246
vn -0.4417 -0.1001 0.8916
vn -0.6299 -0.1310 0.7655
vn -0.7841 -0.1594 0.5998
vn -0.8977 -0.1822 0.4012
vn 0.9652 -0.1962 0.1727
vn 0.8977 -0.1822 0.4012
vn 0.7761 -0.1578 0.6105
vn 0.5920 -0.1241 0.7964
vn 0.5046 -0.1040 0.8571
vn 0.4326 -0.0927 0.8968
vn 0.1469 -0.0716 0.9866
vn 0.0457 -0.0632 0.9969
vn -0.5594 -0.2102 0.8018
vn 0.1080 0.0655 0.9920
vn -0.6933 -0.3454 0.6325
vn -0.7819 -0.4381 0.4435
vn -0.8323 -0.4971 0.2452
vn 0.8323 -0.4971 0.2452
vn 0.7819 -0.4379 0.4437
vn -0.0015 0.1256 0.9921
vn 0.6875 -0.3299 0.6469
vn -0.1374 0.0981 0.9856
vn 0.5685 -0.1549 0.8080
vn -0.4325 -0.0468 0.9004
vn -0.3006 0.0299 0.9533
vn 0.2989 -0.0573 0.9526
vn 0.4778 -0.0683 0.8758
vn -0.0664 0.0715 0.9952
vn -0.2080 0.0284 0.9777
vn -0.3765 -0.0224 0.9261
vn -0.4623 -0.1116 0.8797
vn -0.6279 -0.2481 0.7377
vn -0.7534 -0.3388 0.5635
vn -0.8377 -0.4051 0.3663
vn 0.8836 -0.4420 0.1547
vn 0.8377 -0.4051 0.3663
vn 0.7503 -0.3353 0.5697
vn 0.6084 -0.2089 0.7656
vn 0.5135 -0.0866 0.8537
vn 0.4258 -0.0840 0.9009
vn 0.1604 -0.0262 0.9867
vn 0.0493 0.0650 0.9967
vn -0.8248 -0.5186 0.2253
vn 0.8248 -0.5186 0.2253
vn 0.7861 -0.4595 0.4134
vn 0.7119 -0.3599 0.6031
vn -0.1547 0.0622 0.9860
vn 0.6027 -0.2249 0.7656
vn -0.3127 -0.0043 0.9499
vn 0.4689 -0.1057 0.8769
vn -0.4643 -0.1023 0.8798
vn 0.3127 -0.0265 0.9495
vn -0.6010 -0.2378 0.7630
vn -0.0000 0.4981 0.8671
vn 0.1517 0.0539 0.9870
vn -0.8356 -0.3742 0.4021
vn -0.7120 -0.3627 0.6013
vn -0.0734 0.0774 0.9943
vn -0.2231 0.0268 0.9744
vn -0.3816 -0.0443 0.9233
vn -0.5114 -0.1625 0.8438
vn -0.6436 -0.3114 0.6991
vn -0.7431 -0.4178 0.5227
vn -0.8047 -0.4930 0.3306
vn 0.8352 -0.5324 0.1373
vn 0.8047 -0.4930 0.3306
vn 0.7429 -0.4165 0.5241
vn 0.6427 -0.2862 0.7106
vn 0.5270 -0.1398 0.8383
vn 0.3950 -0.0906 0.9142
vn 0.2095 -0.0199 0.9776
vn 0.0686 0.0714 0.9951
vn 0.9146 -0.3473 0.2071
vn 0.8887 -0.2415 0.3897
vn 0.8159 -0.0651 0.5745
vn -0.1596 0.5282 0.8340
vn 0.6824 0.1430 0.7168
vn -0.3289 0.4559 0.8271
vn 0.5088 0.3269 0.7964
vn -0.5088 0.3269 0.7964
vn 0.3289 0.4559 0.8271
vn -0.6824 0.1430 0.7168
vn -0.0000 0.2373 0.9714
vn 0.1596 0.5282 0.8340
vn -0.8159 -0.0651 0.5745
vn -0.8887 -0.2415 0.3897
vn -0.9146 -0.3473 0.2071
vn -0.0716 0.5979 0.7984
vn -0.2224 0.5503 0.8048
vn -0.3918 0.4443 0.8057
vn -0.5758 0.2672 0.7727
vn -0.7409 0.0320 0.6709
vn -0.8438 -0.1995 0.4982
vn -0.8818 -0.3611 0.3034
vn 0.8908 -0.4374 0.1234
vn 0.8818 -0.3611 0.3034
vn 0.8438 -0.1995 0.4982
vn 0.7409 0.0320 0.6709
vn 0.5759 0.2672 0.7727
vn 0.3918 0.4443 0.8057
vn 0.2224 0.5503 0.8048
vn 0.0716 0.5979 0.7984
vn 0.9192 -0.1881 0.3459
vn 0.8459 -0.1492 0.5120
vn -0.2137 0.0259 0.9766
vn 0.7371 -0.1005 0.6682
vn -0.4149 -0.0044 0.9098
vn 0.5922 -0.0493 0.8043
vn -0.5922 -0.0493 0.8043
vn 0.4149 -0.0044 0.9098
vn -0.7371 -0.1005 0.6682
vn -0.0000 0.0365 0.9993
vn 0.2137 0.0259 0.9766
vn -0.8459 -0.1492 0.5120
vn -0.9192 -0.1881 0.3459
vn -0.9594 -0.2122 0.1858
vn 0.9594 -0.2122 0.1858
vn -0.1049 0.1286 0.9861
vn -0.3101 0.0920 0.9462
vn -0.4999 0.0239 0.8658
vn -0.6621 -0.0642 0.7467
vn -0.7867 -0.1560 0.5973
vn -0.8713 -0.2354 0.4307
vn -0.9195 -0.2912 0.2641
vn 0.9413 -0.3192 0.1097
vn 0.9195 -0.2912 0.2641
vn 0.8713 -0.2354 0.4307
vn 0.7867 -0.1560 0.5973
vn 0.6621 -0.0642 0.7467
vn 0.4999 0.0239 0.8658
vn 0.3101 0.0920 0.9462
vn 0.1049 0.1286 0.9861
vn -0.4195 -0.0451 0.9066
vn 0.5980 -0.0387 0.8006
vn -0.5980 -0.0387 0.8006
vn 0.4195 -0.0451 0.9066
vn -0.7451 -0.0314 0.6662
vn 0.2165 -0.0495 0.9750
vn -0.8583 -0.0245 0.5126
vn -0.9373 -0.0188 0.3481
vn -0.9821 -0.0152 0.1878
vn 0.9821 -0.0152 0.1878
vn 0.9373 -0.0188 0.3481
vn -0.2165 -0.0495 0.9750
vn -0.0000 -0.0510 0.9987
vn 0.7451 -0.0314 0.6662
vn 0.8583 -0.0245 0.5126
vn -0.1090 -0.0290 0.9936
vn -0.3201 -0.0339 0.9468
vn -0.5116 -0.0426 0.8582
vn -0.6745 -0.0536 0.7363
vn -0.8041 -0.0651 0.5909
vn -0.8995 -0.0752 0.4303
vn -0.9602 -0.0826 0.2670
vn 0.9900 -0.0865 0.1118
vn 0.9602 -0.0826 0.2670
vn 0.8995 -0.0752 0.4303
vn 0.8041 -0.0651 0.5909
vn 0.6745 -0.0536 0.7363
vn 0.5116 -0.0426 0.8582
vn 0.3201 -0.0339 0.9468
vn 0.1090 -0.0290 0.9936
vn 0.9816 0.0068 0.1909
vn 0.9354 -0.0180 0.3532
vn 0.8533 -0.0567 0.5183
vn -0.2086 -0.2127 0.9546
vn 0.7359 -0.1031 0.6692
vn -0.4069 -0.1879 0.8939
vn 0.5854 -0.1495 0.7969
vn -0.5854 -0.1495 0.7969
vn 0.4069 -0.1879 0.8939
vn -0.7359 -0.1031 0.6692
vn -0.0000 -0.2211 0.9752
vn 0.2086 -0.2127 0.9546
vn -0.8533 -0.0567 0.5183
vn -0.9816 0.0068 0.1909
vn -0.9354 -0.0180 0.3533
vn -0.1083 -0.0848 0.9905
vn -0.3182 -0.0762 0.9449
vn -0.5097 -0.0603 0.8583
vn -0.6735 -0.0400 0.7381
vn -0.8046 -0.0188 0.5936
vn -0.9014 0.0002 0.4330
vn -0.9631 0.0140 0.2689
vn 0.9934 0.0212 0.1125
vn 0.9631 0.0140 0.2689
vn 0.9014 0.0002 0.4330
vn 0.8046 -0.0188 0.5936
vn 0.6735 -0.0400 0.7381
vn 0.5097 -0.0603 0.8583
vn 0.3182 -0.0762 0.9449
vn 0.1083 -0.0848 0.9905
vn 0.4439 -0.7120 0.5440
vn -0.1729 -0.8001 0.5744
vn 0.5975 -0.6327 0.4926
vn -0.0563 -0.8154 0.5761
vn 0.7440 -0.5361 0.3989
vn 0.8539 -0.4465 0.2674
vn 0.9119 -0.3942 0.1142
vn -0.8539 -0.4465 0.2674
vn -0.7440 -0.5361 0.3989
vn 0.0563 -0.8154 0.5761
vn -0.5975 -0.6327 0.4926
vn 0.1729 -0.8001 0.5744
vn -0.4439 -0.7120 0.5440
vn 0.3009 -0.7670 0.5667
vn -0.3009 -0.7670 0.5667
vn -0.3682 -0.7426 0.5594
vn 0.2388 -0.7746 0.5857
vn -0.5033 -0.6971 0.5107
vn 0.1170 -0.7930 0.5978
vn -0.6352 -0.6414 0.4303
vn -0.7470 -0.5854 0.3150
vn -0.8192 -0.5447 0.1797
vn 0.8192 -0.5447 0.1797
vn 0.7471 -0.5854 0.3150
vn -0.0000 -0.7990 0.6013
vn 0.6352 -0.6414 0.4303
vn -0.2187 -0.8251 0.5210
vn -0.1170 -0.7930 0.5978
vn 0.3489 -0.7827 0.5153
vn 0.5033 -0.6971 0.5107
vn -0.4969 -0.5322 0.6854
vn 0.3331 -0.5837 0.7405
vn -0.6507 -0.4647 0.6006
vn 0.1666 -0.6152 0.7706
vn -0.7836 -0.3896 0.4839
vn -0.8841 -0.3206 0.3400
vn -0.9435 -0.2734 0.1873
vn 0.9435 -0.2734 0.1873
vn 0.8841 -0.3206 0.3400
vn -0.0000 -0.6257 0.7801
vn 0.7836 -0.3896 0.4839
vn -0.2388 -0.7746 0.5857
vn -0.1666 -0.6152 0.7706
vn 0.3682 -0.7426 0.5594
vn 0.6507 -0.4646 0.6006
vn -0.0961 -0.4441 0.8908
vn -0.2858 -0.4219 0.8604
vn -0.4671 -0.3789 0.7989
vn -0.6328 -0.3189 0.7056
vn -0.7740 -0.2499 0.5818
vn -0.8828 -0.1832 0.4325
vn -0.9533 -0.1317 0.2718
vn 0.9880 -0.1046 0.1140
vn 0.9533 -0.1317 0.2718
vn 0.8828 -0.1832 0.4325
vn 0.7740 -0.2499 0.5818
vn 0.6328 -0.3189 0.7056
vn 0.4671 -0.3789 0.7989
vn 0.2858 -0.4219 0.8604
vn 0.0961 -0.4441 0.8908
vn -0.0429 -0.8959 0.4421
vn -0.1293 -0.8923 0.4325
vn -0.2169 -0.8852 0.4117
vn -0.3049 -0.8747 0.3767
vn -0.3898 -0.8620 0.3241
vn -0.4650 -0.8488 0.2516
vn -0.5198 -0.8383 0.1648
vn 0.5493 -0.8327 0.0696
vn 0.5198 -0.8383 0.1648
vn 0.4650 -0.8488 0.2516
vn 0.3898 -0.8620 0.3241
vn 0.3049 -0.8747 0.3767
vn 0.2169 -0.8851 0.4117
vn 0.1293 -0.8923 0.4325
vn 0.0429 -0.8959 0.4421
vn -0.9920 -0.1015 0.0748
vn -0.9940 -0.0817 0.0722
vn -0.9950 -0.0718 0.0694
vn -0.9966 -0.0462 0.0679
vn -0.9894 0.1283 0.0677
vn -0.9209 0.3842 0.0654
vn -0.8716 0.4859 0.0651
vn -0.9610 0.2664 0.0739
vn -0.9915 -0.1048 0.0766
vn -0.9467 -0.3139 0.0724
vn -0.8518 -0.5202 0.0624
vn -0.8391 -0.5409 0.0572
vn 0.9353 -0.3500 0.0511
vn -0.9219 -0.3837 0.0542
vn -0.8578 -0.5111 0.0542
vn 0.9739 -0.2211 0.0507
vn 0.9651 -0.2571 0.0505
vn 0.9986 -0.0140 0.0513
vn 0.9985 0.0156 0.0518
vn 0.9119 -0.4076 0.0482
vn 0.9223 -0.3834 0.0494
vn 0.8462 -0.5309 0.0457
vn 0.1695 -0.9855 0.0091
vn 0.7070 -0.7071 0.0138
vn -0.7070 -0.7071 0.0138
vn -0.1695 -0.9855 0.0091
vn -0.9739 -0.2211 0.0507
vn -0.9986 -0.0140 0.0513
vn -0.9651 -0.2571 0.0505
vn -0.9353 -0.3500 0.0511
vn -0.9985 0.0156 0.0518
vn -0.9119 -0.4076 0.0482
vn -0.9223 -0.3834 0.0494
vn -0.8462 -0.5309 0.0457
vn -0.0391 0.9992 0.0015
vn 0.0391 0.9992 0.0015
vn 0.1269 0.9919 0.0065
vn -0.1269 0.9919 0.0064
vn -0.2564 0.9665 0.0146
vn 0.2564 0.9665 0.0146
vn 0.6515 0.7577 0.0387
vn 0.3619 0.9320 0.0211
vn -0.3619 0.9320 0.0211
vn -0.6515 0.7577 0.0387
vn 0.9944 0.0748 0.0744
vn 0.9953 -0.0589 0.0764
vn 0.9954 -0.0558 0.0781
vn 0.9943 -0.0711 0.0789
vn 0.8832 0.4645 0.0644
vn 0.9910 -0.1092 0.0773
vn 0.9920 -0.1015 0.0748
vn 0.8684 0.4922 0.0601
vn 0.9940 -0.0817 0.0722
vn 0.8154 0.5764 0.0532
vn 0.7789 0.6253 0.0483
vn 0.7648 0.6426 0.0460
vn -0.7648 0.6426 0.0460
vn -0.7789 0.6253 0.0483
vn -0.8154 0.5764 0.0532
vn -0.8684 0.4922 0.0601
vn -0.8832 0.4645 0.0643
vn -0.9944 0.0748 0.0744
vn -0.9953 -0.0589 0.0763
vn -0.9943 -0.0711 0.0789
vn -0.9954 -0.0558 0.0780
vn -0.9910 -0.1092 0.0773
vn 0.9950 -0.0718 0.0694
vn 0.9966 -0.0462 0.0679
vn 0.9894 0.1283 0.0677
vn 0.9209 0.3842 0.0654
vn 0.8716 0.4859 0.0651
vn 0.9915 -0.1048 0.0767
vn 0.9610 0.2664 0.0739
vn 0.9467 -0.3139 0.0724
vn 0.8518 -0.5202 0.0624
vn 0.8391 -0.5409 0.0572
vn 0.8578 -0.5111 0.0542
vn 0.9219 -0.3837 0.0542
vn -0.9838 -0.0742 0.1629
vn -0.9934 0.0212 0.1125
vn 0.4333 0.6021 -0.6706
vn -0.9900 -0.0865 0.1117
vn -0.9880 -0.1046 0.1140
vn -0.1781 0.9837 0.0263
vn -0.9413 -0.3192 0.1097
vn -0.3100 0.9498 0.0429
vn -0.9875 0.0205 0.1564
vn -0.8352 -0.5324 0.1373
vn -0.8956 0.4158 0.1581
vn -0.0178 -0.9998 0.0023
vn -0.9544 0.2554 0.1545
vn -0.0867 0.9961 0.0141
vn -0.7689 0.6309 0.1033
vn -0.9788 -0.1075 0.1741
vn -0.9852 -0.0675 0.1575
vn -0.8393 -0.5285 0.1273
vn -0.0067 1.0000 0.0012
vn -0.8836 -0.4420 0.1547
vn -0.9022 -0.4170 0.1100
vn -0.7401 0.6652 0.0985
vn -0.8629 0.4871 0.1347
vn -0.9258 -0.3618 0.1093
vn -0.9119 -0.3942 0.1142
vn -0.4804 0.8747 0.0641
vn -0.9848 -0.0509 0.1661
vn -0.9652 -0.1962 0.1727
vn -0.8456 0.5191 0.1244
vn -0.8908 -0.4374 0.1234
vn -0.8756 0.4597 0.1485
vn -0.7876 0.6063 0.1097
vn -0.9826 0.0598 0.1759
vn -0.5493 -0.8327 0.0696
vn -0.9794 -0.0934 0.1789
vn -0.9300 -0.3483 0.1174
vn -0.9824 -0.0716 0.1725
vn -0.9816 -0.0893 0.1688
vn -0.9822 -0.0586 0.1785
vn -0.9436 0.2931 0.1537
vn 0.9958 -0.0911 -0.0000
vn 0.9971 -0.0758 -0.0000
vn 0.9976 -0.0689 -0.0000
vn 0.9998 0.0210 -0.0000
vn 0.9655 0.2604 -0.0000
vn 0.8840 0.4676 -0.0000
vn 0.9059 0.4234 -0.0000
vn 0.9981 0.0614 -0.0000
vn 0.9799 -0.1997 -0.0000
vn 0.8928 -0.4504 -0.0000
vn 0.8411 -0.5409 -0.0000
vn 0.8426 -0.5386 -0.0000
vn 0.8923 -0.4514 -0.0000
vn 0.9337 -0.3581 -0.0000
vn 0.9457 -0.3251 -0.0000
vn 0.9962 -0.0875 -0.0000
vn 0.9997 0.0225 -0.0000
vn 0.9950 -0.1001 -0.0000
vn 0.9345 -0.3560 -0.0000
vn 0.9133 -0.4072 -0.0000
vn 0.9227 -0.3856 -0.0000
vn 0.5525 -0.8335 -0.0000
vn 0.0177 -0.9998 -0.0000
vn 0.3049 0.5716 -0.7618
vn -0.0177 -0.9998 -0.0000
vn -0.5525 -0.8335 -0.0000
vn -0.9227 -0.3856 -0.0000
vn -0.9133 -0.4072 -0.0000
vn -0.9345 -0.3560 -0.0000
vn -0.9950 -0.1001 -0.0000
vn -0.9997 0.0225 -0.0000
vn -0.9962 -0.0875 -0.0000
vn -0.9457 -0.3251 -0.0000
vn -0.9337 -0.3581 -0.0000
vn -0.8923 -0.4514 -0.0000
vn -0.8426 -0.5386 -0.0000
vn -0.8411 -0.5409 -0.0000
vn -0.8928 -0.4504 -0.0000
vn -0.9799 -0.1997 -0.0000
vn -0.9981 0.0614 -0.0000
vn -0.9059 0.4234 -0.0000
vn -0.8840 0.4676 -0.0000
vn -0.9655 0.2604 -0.0000
vn -0.9998 0.0210 -0.0000
vn -0.9976 -0.0689 -0.0000
vn -0.9971 -0.0758 -0.0000
vn -0.9958 -0.0911 -0.0000
vn -0.9939 -0.1099 -0.0000
vn -0.9954 -0.0954 -0.0000
vn -0.9985 -0.0555 -0.0000
vn -0.9984 -0.0564 -0.0000
vn -0.9993 -0.0382 -0.0000
vn -0.9528 0.3036 -0.0000
vn -0.8687 0.4954 -0.0000
vn -0.8502 0.5264 -0.0000
vn -0.7904 0.6126 -0.0000
vn -0.7724 0.6351 -0.0000
vn -0.7459 0.6661 -0.0000
vn -0.4837 0.8752 -0.0000
vn -0.3137 0.9495 -0.0000
vn -0.1796 0.9837 -0.0000
vn -0.0867 0.9962 -0.0000
vn -0.0065 1.0000 -0.0000
vn 0.0065 1.0000 -0.0000
vn 0.0867 0.9962 -0.0000
vn 0.1796 0.9837 -0.0000
vn 0.3137 0.9495 -0.0000
vn 0.4837 0.8752 -0.0000
vn 0.7459 0.6661 -0.0000
vn 0.7724 0.6351 -0.0000
vn 0.7904 0.6126 -0.0000
vn 0.8502 0.5264 -0.0000
vn 0.8687 0.4954 -0.0000
vn 0.9528 0.3036 -0.0000
vn 0.9993 -0.0382 -0.0000
vn 0.9984 -0.0564 -0.0000
vn 0.9985 -0.0555 -0.0000
vn 0.9954 -0.0954 -0.0000
vn 0.9939 -0.1099 -0.0000
vn -0.1908 0.9469 -0.2589
vn 0.0874 0.8940 -0.4394
vn -0.2471 0.9441 -0.2184
vn 0.0332 0.8546 -0.5182
vn -0.2980 0.9390 -0.1718
vn -0.3374 0.9345 -0.1138
vn -0.3591 0.9320 -0.0486
vn 0.3374 0.9345 -0.1138
vn 0.2980 0.9390 -0.1718
vn -0.0332 0.8546 -0.5182
vn 0.2471 0.9441 -0.2184
vn -0.0874 0.8940 -0.4394
vn 0.1908 0.9469 -0.2589
vn -0.1287 0.9336 -0.3345
vn 0.1287 0.9336 -0.3345
vn -0.0449 0.3349 -0.9412
vn 0.5932 0.6069 -0.5289
vn -0.1365 0.3470 -0.9279
vn 0.4596 0.5194 -0.7204
vn -0.2607 0.3885 -0.8838
vn 0.2607 0.3885 -0.8838
vn -0.4596 0.5194 -0.7204
vn 0.1365 0.3470 -0.9279
vn -0.5932 0.6069 -0.5289
vn 0.0449 0.3349 -0.9412
vn -0.6782 0.6263 -0.3844
vn -0.7332 0.6357 -0.2417
vn -0.7608 0.6410 -0.1015
vn 0.7332 0.6357 -0.2417
vn 0.6782 0.6263 -0.3844
vn 0.9086 -0.1571 -0.3871
vn 0.7630 -0.3081 -0.5682
vn -0.0040 -0.5791 -0.8152
vn 0.5256 -0.5110 -0.6802
vn -0.0415 -0.5673 -0.8225
vn 0.3173 -0.5740 -0.7549
vn -0.1261 -0.5470 -0.8276
vn 0.1261 -0.5470 -0.8276
vn -0.3173 -0.5740 -0.7549
vn 0.0415 -0.5673 -0.8225
vn -0.5256 -0.5110 -0.6802
vn 0.0040 -0.5791 -0.8152
vn -0.7630 -0.3081 -0.5682
vn -0.9086 -0.1571 -0.3871
vn -0.9829 -0.0722 -0.1692
vn 0.9080 -0.1156 -0.4028
vn 0.7610 -0.2272 -0.6077
vn 0.0087 -0.7672 -0.6413
vn 0.4492 -0.5169 -0.7287
vn -0.0089 -0.7707 -0.6372
vn 0.2222 -0.7237 -0.6534
vn -0.0631 -0.7720 -0.6325
vn 0.0631 -0.7720 -0.6325
vn -0.2222 -0.7237 -0.6534
vn 0.0089 -0.7707 -0.6372
vn -0.4492 -0.5168 -0.7287
vn -0.0087 -0.7672 -0.6413
vn -0.7610 -0.2272 -0.6077
vn -0.9080 -0.1156 -0.4027
vn -0.9824 -0.0638 -0.1755
vn 0.9074 -0.0698 -0.4145
vn 0.7615 -0.0705 -0.6443
vn -0.0304 -0.0215 -0.9993
vn 0.4706 -0.0911 -0.8776
vn -0.0934 -0.0587 -0.9939
vn 0.3415 -0.1364 -0.9299
vn -0.1840 -0.1239 -0.9751
vn 0.1840 -0.1239 -0.9751
vn -0.3415 -0.1364 -0.9299
vn 0.0934 -0.0586 -0.9939
vn -0.4706 -0.0911 -0.8776
vn 0.0303 -0.0215 -0.9993
vn -0.7615 -0.0705 -0.6443
vn -0.9074 -0.0698 -0.4145
vn -0.9812 -0.0707 -0.1798
vn 0.8131 -0.2935 -0.5028
vn -0.0737 0.4918 -0.8676
vn 0.7228 -0.0841 -0.6859
vn -0.2275 0.4389 -0.8693
vn 0.5728 0.1422 -0.8072
vn -0.3965 0.3245 -0.8588
vn 0.3965 0.3245 -0.8588
vn -0.5728 0.1422 -0.8072
vn 0.2275 0.4389 -0.8693
vn -0.7228 -0.0841 -0.6859
vn 0.0737 0.4918 -0.8676
vn -0.8131 -0.2935 -0.5027
vn -0.8471 -0.4345 -0.3059
vn -0.8565 -0.5009 -0.1243
vn 0.8471 -0.4345 -0.3059
vn 0.9120 -0.3073 -0.2717
vn 0.8654 -0.2333 -0.4434
vn -0.0998 0.2318 -0.9676
vn 0.7795 -0.1277 -0.6132
vn -0.2970 0.1881 -0.9362
vn 0.6505 -0.0074 -0.7595
vn -0.4848 0.1046 -0.8683
vn 0.4848 0.1046 -0.8683
vn -0.6505 -0.0074 -0.7595
vn 0.2970 0.1881 -0.9362
vn -0.7795 -0.1277 -0.6132
vn 0.0998 0.2318 -0.9676
vn -0.8654 -0.2333 -0.4434
vn -0.9120 -0.3073 -0.2717
vn -0.9322 -0.3441 -0.1125
vn -0.4677 -0.6995 -0.5403
vn 0.1886 -0.7863 -0.5883
vn -0.6153 -0.6257 -0.4796
vn 0.0619 -0.8021 -0.5940
vn -0.7506 -0.5392 -0.3819
vn -0.8511 -0.4602 -0.2529
vn -0.9038 -0.4141 -0.1083
vn 0.8511 -0.4602 -0.2529
vn 0.7506 -0.5392 -0.3819
vn -0.0619 -0.8021 -0.5940
vn 0.6153 -0.6257 -0.4796
vn -0.1886 -0.7863 -0.5883
vn 0.4677 -0.6995 -0.5403
vn -0.3235 -0.7530 -0.5730
vn 0.3235 -0.7530 -0.5730
vn -0.4214 -0.7521 -0.5067
vn 0.1602 -0.8384 -0.5210
vn -0.5776 -0.6690 -0.4679
vn 0.0519 -0.8526 -0.5199
vn -0.7318 -0.5616 -0.3862
vn -0.8503 -0.4564 -0.2622
vn -0.9127 -0.3928 -0.1129
vn 0.8503 -0.4564 -0.2622
vn 0.7318 -0.5616 -0.3862
vn -0.0519 -0.8526 -0.5199
vn 0.5776 -0.6690 -0.4679
vn -0.1602 -0.8384 -0.5210
vn 0.4214 -0.7521 -0.5067
vn -0.2814 -0.8068 -0.5195
vn 0.2814 -0.8068 -0.5195
vn 0.0779 -0.5691 -0.8186
vn 0.2286 -0.5831 -0.7795
vn 0.3650 -0.6069 -0.7060
vn 0.4807 -0.6344 -0.6054
vn 0.5728 -0.6603 -0.4857
vn 0.6410 -0.6812 -0.3537
vn 0.6853 -0.6929 -0.2242
vn -0.7076 -0.7065 -0.0112
vn -0.6853 -0.6929 -0.2242
vn -0.6410 -0.6812 -0.3537
vn -0.5728 -0.6603 -0.4857
vn -0.4807 -0.6344 -0.6054
vn -0.3650 -0.6069 -0.7060
vn -0.2286 -0.5831 -0.7795
vn -0.0780 -0.5691 -0.8186
vn 0.0154 -0.9873 -0.1583
vn 0.0459 -0.9871 -0.1531
vn 0.0753 -0.9869 -0.1426
vn 0.1030 -0.9866 -0.1269
vn 0.1277 -0.9861 -0.1060
vn 0.1482 -0.9857 -0.0800
vn 0.1622 -0.9854 -0.0514
vn -0.1695 -0.9853 -0.0215
vn -0.1622 -0.9854 -0.0514
vn -0.1482 -0.9857 -0.0800
vn -0.1277 -0.9861 -0.1060
vn -0.1030 -0.9866 -0.1269
vn -0.0753 -0.9869 -0.1426
vn -0.0459 -0.9871 -0.1531
vn -0.0154 -0.9873 -0.1583
vn 0.0032 0.9989 -0.0463
vn 0.0095 0.9989 -0.0451
vn 0.0159 0.9990 -0.0427
vn 0.0222 0.9990 -0.0388
vn 0.0282 0.9991 -0.0331
vn 0.0334 0.9991 -0.0256
vn 0.0369 0.9992 -0.0173
vn 0.0397 0.9992 -0.0066
vn -0.0369 0.9992 -0.0173
vn -0.0334 0.9991 -0.0256
vn -0.0282 0.9991 -0.0331
vn -0.0222 0.9990 -0.0388
vn -0.0159 0.9990 -0.0427
vn -0.0095 0.9989 -0.0451
vn -0.0032 0.9989 -0.0463
vn -0.1025 0.9922 -0.0715
vn -0.0835 0.9925 -0.0895
vn -0.0636 0.9928 -0.1013
vn -0.1260 0.9918 -0.0196
vn -0.0443 0.9931 -0.1085
vn -0.1173 0.9919 -0.0488
vn -0.0261 0.9933 -0.1124
vn -0.0086 0.9934 -0.1141
vn 0.0086 0.9934 -0.1141
vn 0.0261 0.9933 -0.1124
vn 0.0443 0.9931 -0.1085
vn 0.0636 0.9928 -0.1013
vn 0.0835 0.9925 -0.0895
vn 0.1025 0.9922 -0.0715
vn 0.1173 0.9919 -0.0488
vn 0.0757 0.9830 -0.1675
vn -0.0757 0.9830 -0.1675
vn 0.1120 0.9812 -0.1573
vn -0.0448 0.9833 -0.1766
vn 0.1527 0.9777 -0.1439
vn -0.0150 0.9833 -0.1815
vn 0.1953 0.9734 -0.1197
vn 0.2319 0.9692 -0.0835
vn -0.2537 0.9666 -0.0359
vn -0.2319 0.9692 -0.0835
vn -0.1953 0.9734 -0.1197
vn 0.0150 0.9833 -0.1815
vn -0.1527 0.9777 -0.1439
vn 0.0448 0.9833 -0.1766
vn -0.1120 0.9812 -0.1573
vn 0.5542 0.7714 -0.3128
vn 0.6151 0.7620 -0.2024
vn -0.6472 0.7574 -0.0861
vn -0.6151 0.7620 -0.2024
vn -0.5542 0.7714 -0.3128
vn 0.0413 0.5527 -0.8324
vn -0.4716 0.7797 -0.4120
vn 0.1211 0.5939 -0.7954
vn -0.3767 0.7502 -0.5434
vn 0.2226 0.6618 -0.7158
vn -0.2226 0.6618 -0.7158
vn 0.3767 0.7502 -0.5434
vn -0.1211 0.5939 -0.7954
vn 0.4716 0.7797 -0.4120
vn -0.0413 0.5527 -0.8324
vn -0.7766 0.6211 -0.1059
vn -0.7595 0.5983 -0.2553
vn -0.7215 0.5525 -0.4173
vn 0.0465 0.1157 -0.9922
vn -0.6460 0.4791 -0.5943
vn 0.1414 0.1392 -0.9801
vn -0.4795 0.3429 -0.8078
vn 0.2669 0.1989 -0.9430
vn -0.2669 0.1989 -0.9430
vn 0.4795 0.3429 -0.8078
vn -0.1414 0.1392 -0.9801
vn 0.6460 0.4791 -0.5943
vn -0.0465 0.1157 -0.9922
vn 0.7215 0.5525 -0.4173
vn 0.7595 0.5983 -0.2553
vn -0.7940 0.5399 -0.2795
vn -0.7514 0.4784 -0.4544
vn 0.0427 -0.1150 -0.9924
vn -0.6639 0.3867 -0.6401
vn 0.1315 -0.0648 -0.9892
vn -0.4687 0.2221 -0.8550
vn 0.2512 0.0401 -0.9671
vn -0.2512 0.0401 -0.9671
vn 0.4687 0.2221 -0.8550
vn -0.1315 -0.0648 -0.9892
vn 0.6639 0.3867 -0.6401
vn -0.0427 -0.1150 -0.9924
vn 0.7514 0.4784 -0.4544
vn 0.7940 0.5399 -0.2795
vn 0.0766 -0.3723 -0.9249
vn -0.4246 0.1116 -0.8985
vn 0.1822 -0.1691 -0.9686
vn -0.1822 -0.1691 -0.9686
vn 0.4246 0.1116 -0.8985
vn -0.0766 -0.3723 -0.9249
vn 0.6699 0.3063 -0.6763
vn -0.0187 -0.4822 -0.8759
vn 0.7773 0.3887 -0.4947
vn 0.8356 0.4520 -0.3121
vn -0.8639 0.4862 -0.1310
vn -0.8356 0.4520 -0.3121
vn -0.7773 0.3887 -0.4947
vn 0.0187 -0.4822 -0.8759
vn -0.8127 0.5709 -0.1162
vn 0.6695 0.2202 -0.7095
vn -0.0295 0.1882 -0.9817
vn 0.7847 0.3291 -0.5253
vn 0.8474 0.4126 -0.3342
vn -0.8783 0.4570 -0.1405
vn -0.8474 0.4126 -0.3342
vn -0.7847 0.3291 -0.5253
vn 0.0295 0.1882 -0.9817
vn -0.6695 0.2202 -0.7095
vn 0.0809 0.1607 -0.9837
vn -0.4042 0.1206 -0.9067
vn 0.1665 0.1154 -0.9793
vn -0.1665 0.1154 -0.9793
vn 0.4042 0.1206 -0.9067
vn -0.6700 0.3063 -0.6763
vn -0.9844 0.0661 -0.1629
vn -0.9257 0.0112 -0.3781
vn -0.8142 -0.0871 -0.5740
vn 0.0259 -0.0725 -0.9970
vn -0.6396 -0.1960 -0.7433
vn 0.0821 -0.0858 -0.9929
vn -0.3943 -0.1968 -0.8977
vn 0.1750 -0.1160 -0.9777
vn -0.1750 -0.1160 -0.9777
vn 0.3943 -0.1968 -0.8977
vn -0.0821 -0.0858 -0.9929
vn 0.6396 -0.1960 -0.7433
vn -0.0259 -0.0725 -0.9970
vn 0.8142 -0.0871 -0.5740
vn -0.0809 0.1607 -0.9837
vn -0.9784 -0.1072 -0.1768
vn -0.9074 -0.0965 -0.4091
vn -0.7640 -0.0765 -0.6406
vn 0.0436 0.0120 -0.9990
vn -0.4653 -0.0434 -0.8841
vn 0.1332 0.0024 -0.9911
vn -0.3381 -0.0301 -0.9406
vn 0.2325 -0.0155 -0.9725
vn -0.2325 -0.0155 -0.9725
vn 0.3381 -0.0301 -0.9406
vn -0.1332 0.0024 -0.9911
vn 0.4653 -0.0434 -0.8841
vn -0.0436 0.0120 -0.9990
vn 0.7640 -0.0765 -0.6406
vn 0.9074 -0.0965 -0.4091
vn 0.9257 0.0112 -0.3781
vn -0.7743 -0.0730 -0.6286
vn 0.0465 -0.0077 -0.9989
vn -0.4780 -0.0427 -0.8773
vn 0.1418 -0.0111 -0.9898
vn -0.3471 -0.0278 -0.9374
vn 0.2448 -0.0180 -0.9694
vn -0.2448 -0.0180 -0.9694
vn 0.3471 -0.0278 -0.9374
vn -0.1418 -0.0111 -0.9898
vn 0.4780 -0.0427 -0.8773
vn -0.0465 -0.0077 -0.9989
vn 0.7743 -0.0730 -0.6286
vn 0.9126 -0.0905 -0.3987
vn -0.9801 -0.0998 -0.1715
vn -0.9126 -0.0905 -0.3987
vn -0.2529 -0.0136 -0.9674
vn 0.3586 -0.0220 -0.9332
vn -0.1468 -0.0078 -0.9891
vn 0.4936 -0.0344 -0.8690
vn -0.0481 -0.0049 -0.9988
vn 0.7860 -0.0589 -0.6155
vn 0.9189 -0.0730 -0.3877
vn -0.9828 -0.0803 -0.1660
vn -0.9189 -0.0730 -0.3877
vn -0.7860 -0.0589 -0.6155
vn 0.0481 -0.0049 -0.9988
vn -0.4936 -0.0344 -0.8690
vn 0.1468 -0.0078 -0.9891
vn -0.3586 -0.0220 -0.9332
vn 0.9248 -0.0633 -0.3751
vn -0.9846 -0.0705 -0.1599
vn -0.9248 -0.0633 -0.3751
vn -0.7979 -0.0494 -0.6008
vn 0.0500 0.0029 -0.9987
vn -0.5084 -0.0262 -0.8607
vn 0.1525 -0.0001 -0.9883
vn -0.3711 -0.0146 -0.9285
vn 0.2624 -0.0061 -0.9649
vn -0.2624 -0.0061 -0.9649
vn 0.3711 -0.0146 -0.9285
vn -0.1525 -0.0001 -0.9883
vn 0.5083 -0.0262 -0.8608
vn -0.0501 0.0029 -0.9987
vn 0.2529 -0.0136 -0.9674
vn -0.9866 -0.0457 -0.1564
vn -0.9289 -0.0427 -0.3680
vn -0.8049 -0.0369 -0.5922
vn 0.0512 -0.0098 -0.9986
vn -0.5172 -0.0249 -0.8555
vn 0.1561 -0.0112 -0.9877
vn -0.3788 -0.0182 -0.9253
vn 0.2682 -0.0141 -0.9633
vn -0.2682 -0.0141 -0.9633
vn 0.3788 -0.0182 -0.9253
vn -0.1561 -0.0112 -0.9877
vn 0.5172 -0.0249 -0.8555
vn -0.0512 -0.0098 -0.9986
vn 0.8049 -0.0369 -0.5922
vn 0.9289 -0.0427 -0.3680
vn 0.7978 -0.0494 -0.6008
vn -0.9227 0.1159 -0.3676
vn -0.8013 0.0974 -0.5903
vn 0.0519 0.1410 -0.9887
vn -0.5254 0.0859 -0.8465
vn 0.1583 0.1346 -0.9782
vn -0.3852 0.1053 -0.9168
vn 0.2721 0.1227 -0.9544
vn -0.2721 0.1227 -0.9544
vn 0.3852 0.1053 -0.9168
vn -0.1583 0.1346 -0.9782
vn 0.5254 0.0859 -0.8465
vn -0.0519 0.1410 -0.9887
vn 0.8013 0.0974 -0.5903
vn 0.9227 0.1159 -0.3676
vn -0.9796 0.1264 -0.1562
vn 0.1588 0.5225 -0.8377
vn -0.4179 0.3827 -0.8239
vn 0.2827 0.4687 -0.8369
vn -0.2865 0.4829 -0.8275
vn 0.4095 0.3968 -0.8215
vn -0.1520 0.5384 -0.8288
vn 0.5695 0.3037 -0.7639
vn -0.0497 0.5458 -0.8364
vn 0.7706 0.2910 -0.5670
vn 0.8673 0.3453 -0.3586
vn -0.9132 0.3785 -0.1511
vn -0.8673 0.3453 -0.3586
vn -0.7702 0.2889 -0.5686
vn 0.0514 0.5440 -0.8375
vn -0.5688 0.2866 -0.7709
vn 0.6073 0.3181 -0.7280
vn -0.0539 0.1543 -0.9866
vn 0.7407 0.3838 -0.5515
vn 0.8218 0.4447 -0.3562
vn -0.8645 0.4796 -0.1500
vn -0.8218 0.4447 -0.3562
vn -0.7363 0.3725 -0.5649
vn 0.0657 0.1462 -0.9871
vn -0.5956 0.2296 -0.7698
vn 0.2014 0.1667 -0.9652
vn -0.5021 0.1550 -0.8508
vn 0.3607 0.1658 -0.9178
vn -0.3982 0.2507 -0.8824
vn 0.4521 0.2085 -0.8672
vn -0.1592 0.2470 -0.9559
vn -0.9501 0.2618 -0.1693
vn -0.8873 0.2383 -0.3948
vn -0.7679 0.1937 -0.6105
vn 0.0649 -0.0074 -0.9979
vn -0.5800 0.1112 -0.8070
vn 0.2036 0.0097 -0.9790
vn -0.5084 0.0592 -0.8591
vn 0.3739 0.0326 -0.9269
vn -0.4437 0.0637 -0.8939
vn 0.4359 0.0685 -0.8974
vn -0.1438 0.0315 -0.9891
vn 0.6268 0.1454 -0.7655
vn -0.0455 -0.0052 -0.9989
vn 0.7798 0.1983 -0.5938
vn 0.8873 0.2382 -0.3948
vn -0.9790 -0.1033 -0.1755
vn -0.9086 -0.0957 -0.4067
vn -0.7817 -0.0823 -0.6182
vn 0.0644 -0.0347 -0.9973
vn -0.5897 -0.0658 -0.8049
vn 0.2026 -0.0383 -0.9785
vn -0.5060 -0.0573 -0.8606
vn 0.3719 -0.0466 -0.9271
vn -0.4372 -0.0486 -0.8980
vn 0.4390 -0.0534 -0.8969
vn -0.1441 -0.0368 -0.9889
vn 0.6323 -0.0681 -0.7717
vn -0.0448 -0.0347 -0.9984
vn 0.7911 -0.0834 -0.6060
vn 0.9086 -0.0957 -0.4067
vn 0.0654 -0.0285 -0.9975
vn -0.5977 -0.1691 -0.7837
vn 0.2056 -0.0492 -0.9774
vn -0.5067 -0.1103 -0.8550
vn 0.3735 -0.0764 -0.9245
vn -0.4313 -0.1055 -0.8960
vn 0.4481 -0.1178 -0.8862
vn -0.1512 -0.0707 -0.9860
vn 0.6288 -0.1902 -0.7540
vn -0.0465 -0.0305 -0.9985
vn 0.7727 -0.2438 -0.5861
vn 0.8763 -0.2850 -0.3885
vn -0.9363 -0.3092 -0.1663
vn -0.8763 -0.2850 -0.3885
vn 0.4864 -0.1207 -0.8654
vn -0.1821 -0.0024 -0.9833
vn 0.6333 -0.2866 -0.7189
vn -0.0578 0.1109 -0.9921
vn 0.7423 -0.3952 -0.5411
vn 0.8111 -0.4720 -0.3454
vn -0.8462 -0.5130 -0.1442
vn -0.8111 -0.4720 -0.3454
vn -0.7412 -0.3926 -0.5445
vn 0.0691 0.1196 -0.9904
vn -0.6257 -0.2453 -0.7405
vn 0.2135 0.0648 -0.9748
vn -0.5215 -0.0896 -0.8485
vn 0.3784 -0.0022 -0.9257
vn -0.7670 -0.2409 -0.5948
vn 0.8088 -0.4938 -0.3194
vn -0.8351 -0.5341 -0.1321
vn -0.8088 -0.4938 -0.3194
vn -0.7538 -0.4148 -0.5097
vn 0.0773 0.0803 -0.9938
vn -0.6611 -0.2951 -0.6898
vn 0.2331 0.0330 -0.9719
vn -0.5381 -0.1589 -0.8278
vn 0.3906 -0.0483 -0.9193
vn -0.3941 -0.0649 -0.9168
vn 0.5345 -0.1678 -0.8284
vn -0.2300 0.0155 -0.9731
vn 0.6609 -0.3036 -0.6863
vn -0.0761 0.0781 -0.9940
vn -0.4104 -0.0725 -0.9090
vn -0.9198 -0.3731 -0.1217
vn -0.9053 -0.3037 -0.2971
vn -0.8598 -0.1606 -0.4847
vn 0.0791 0.5455 -0.8344
vn -0.7563 0.0386 -0.6531
vn 0.2426 0.4987 -0.8321
vn -0.5984 0.2408 -0.7642
vn 0.4181 0.3988 -0.8162
vn -0.4181 0.3988 -0.8162
vn 0.5984 0.2408 -0.7642
vn -0.2426 0.4987 -0.8321
vn 0.7563 0.0386 -0.6531
vn -0.0791 0.5455 -0.8344
vn 0.8598 -0.1605 -0.4847
vn 0.9053 -0.3037 -0.2971
vn 0.7538 -0.4152 -0.5093
vn -0.9428 -0.2021 -0.2651
vn -0.8870 -0.1702 -0.4293
vn 0.1076 0.0338 -0.9936
vn -0.7961 -0.1257 -0.5920
vn 0.3166 0.0130 -0.9485
vn -0.6691 -0.0747 -0.7394
vn 0.5072 -0.0255 -0.8615
vn -0.5072 -0.0255 -0.8614
vn 0.6691 -0.0747 -0.7394
vn -0.3166 0.0130 -0.9485
vn 0.7961 -0.1257 -0.5920
vn -0.1076 0.0338 -0.9936
vn 0.8870 -0.1702 -0.4293
vn 0.9428 -0.2021 -0.2651
vn -0.9696 -0.2184 -0.1106
vn 0.3205 -0.0476 -0.9461
vn -0.6757 -0.0351 -0.7363
vn 0.5123 -0.0421 -0.8578
vn -0.5123 -0.0421 -0.8578
vn 0.6757 -0.0351 -0.7363
vn -0.3205 -0.0476 -0.9461
vn 0.8060 -0.0278 -0.5913
vn -0.1091 -0.0506 -0.9927
vn 0.9021 -0.0214 -0.4309
vn 0.9634 -0.0167 -0.2675
vn -0.9936 -0.0143 -0.1120
vn -0.9634 -0.0167 -0.2675
vn -0.9021 -0.0214 -0.4309
vn 0.1091 -0.0506 -0.9927
vn -0.8060 -0.0278 -0.5913
vn -0.9934 0.0131 -0.1136
vn -0.9624 -0.0036 -0.2717
vn -0.8989 -0.0359 -0.4367
vn 0.1050 -0.2190 -0.9701
vn -0.7990 -0.0794 -0.5961
vn 0.3097 -0.2023 -0.9291
vn -0.6645 -0.1268 -0.7364
vn 0.4992 -0.1701 -0.8496
vn -0.4992 -0.1701 -0.8496
vn 0.6645 -0.1268 -0.7364
vn -0.3097 -0.2023 -0.9291
vn 0.7990 -0.0794 -0.5961
vn -0.1050 -0.2190 -0.9701
vn 0.8989 -0.0359 -0.4367
vn 0.9624 -0.0036 -0.2717
vn -0.4354 -0.7215 -0.5384
vn 0.1771 -0.7854 -0.5931
vn -0.5705 -0.6701 -0.4749
vn 0.0582 -0.7975 -0.6005
vn -0.6950 -0.6125 -0.3765
vn -0.7882 -0.5624 -0.2499
vn -0.8387 -0.5342 -0.1062
vn 0.7882 -0.5624 -0.2499
vn 0.6950 -0.6125 -0.3765
vn -0.0582 -0.7975 -0.6005
vn 0.5705 -0.6701 -0.4749
vn -0.1771 -0.7854 -0.5931
vn 0.4354 -0.7215 -0.5384
vn -0.3025 -0.7604 -0.5748
vn 0.3025 -0.7604 -0.5748
vn 0.4157 -0.5603 -0.7164
vn -0.4157 -0.5603 -0.7164
vn 0.5757 -0.5000 -0.6470
vn -0.2500 -0.6020 -0.7583
vn 0.7205 -0.4273 -0.5461
vn -0.0833 -0.6231 -0.7777
vn 0.8387 -0.3533 -0.4145
vn 0.9186 -0.2935 -0.2645
vn -0.9587 -0.2614 -0.1117
vn -0.9186 -0.2935 -0.2645
vn -0.8387 -0.3533 -0.4145
vn 0.0833 -0.6231 -0.7777
vn -0.7205 -0.4273 -0.5461
vn 0.2500 -0.6020 -0.7583
vn -0.5757 -0.5000 -0.6470
vn 0.9322 -0.3441 -0.1125
vn 0.8387 -0.5341 -0.1062
vn 0.9038 -0.4141 -0.1083
vn 0.6472 0.7574 -0.0861
vn 0.9829 -0.0722 -0.1692
vn 0.9936 -0.0143 -0.1120
vn 0.9974 -0.0721 -0.0000
vn 0.9132 0.3786 -0.1511
vn 0.9844 0.0661 -0.1629
vn 0.9587 -0.2614 -0.1117
vn 0.9784 -0.1072 -0.1768
vn -0.0397 0.9992 -0.0066
vn 0.3591 0.9320 -0.0486
vn 0.1260 0.9918 -0.0196
vn 0.9824 -0.0638 -0.1755
vn 0.9828 -0.0803 -0.1660
vn 0.8462 -0.5130 -0.1442
vn 0.1695 -0.9853 -0.0215
vn 0.9866 -0.0457 -0.1564
vn 0.7608 0.6410 -0.1015
vn 0.8351 -0.5341 -0.1321
vn 0.8639 0.4862 -0.1310
vn 0.9934 0.0131 -0.1136
vn 0.2537 0.9666 -0.0359
vn 0.9501 0.2618 -0.1693
vn 0.9796 0.1264 -0.1562
vn 0.9363 -0.3092 -0.1663
vn 0.7766 0.6211 -0.1059
vn 0.9790 -0.1033 -0.1755
vn 0.9846 -0.0705 -0.1599
vn 0.8565 -0.5009 -0.1243
vn 0.9812 -0.0707 -0.1798
vn 0.8783 0.4570 -0.1405
vn 0.9198 -0.3731 -0.1217
vn 0.9127 -0.3928 -0.1129
vn 0.8645 0.4796 -0.1500
vn 0.9801 -0.0998 -0.1715
vn 0.8127 0.5709 -0.1162
vn 0.7076 -0.7065 -0.0112
vn 0.9696 -0.2184 -0.1106
vn 0.1908 0.9469 0.2589
vn -0.0874 0.8940 0.4394
vn 0.2471 0.9441 0.2184
vn -0.0332 0.8546 0.5182
vn 0.2980 0.9390 0.1718
vn 0.3374 0.9344 0.1138
vn 0.3591 0.9320 0.0486
vn -0.3374 0.9344 0.1138
vn -0.2980 0.9390 0.1718
vn 0.0332 0.8546 0.5182
vn -0.2471 0.9441 0.2184
vn 0.0874 0.8940 0.4394
vn -0.1908 0.9469 0.2589
vn 0.1287 0.9336 0.3345
vn -0.1287 0.9336 0.3345
vn 0.0449 0.3349 0.9412
vn -0.5932 0.6069 0.5289
vn 0.1365 0.3470 0.9279
vn -0.4596 0.5194 0.7204
vn 0.2607 0.3885 0.8838
vn -0.2607 0.3885 0.8838
vn 0.4596 0.5194 0.7204
vn -0.1365 0.3470 0.9279
vn 0.5932 0.6069 0.5289
vn -0.0449 0.3349 0.9412
vn 0.6782 0.6263 0.3844
vn 0.7332 0.6357 0.2417
vn 0.7608 0.6410 0.1015
vn -0.7332 0.6357 0.2417
vn -0.6782 0.6263 0.3844
vn -0.9086 -0.1571 0.3871
vn -0.7630 -0.3081 0.5682
vn 0.0040 -0.5791 0.8152
vn -0.5256 -0.5110 0.6802
vn 0.0415 -0.5673 0.8225
vn -0.3173 -0.5740 0.7549
vn 0.1261 -0.5470 0.8276
vn -0.1261 -0.5470 0.8276
vn 0.3173 -0.5740 0.7549
vn -0.0415 -0.5673 0.8225
vn 0.5256 -0.5110 0.6802
vn -0.0040 -0.5791 0.8152
vn 0.7630 -0.3081 0.5682
vn 0.9086 -0.1571 0.3871
vn 0.9829 -0.0722 0.1692
vn -0.9080 -0.1156 0.4028
vn -0.7610 -0.2272 0.6077
vn -0.0087 -0.7672 0.6413
vn -0.4492 -0.5169 0.7287
vn 0.0089 -0.7707 0.6372
vn -0.2222 -0.7237 0.6534
vn 0.0631 -0.7720 0.6325
vn -0.0631 -0.7720 0.6325
vn 0.2222 -0.7237 0.6534
vn -0.0089 -0.7707 0.6372
vn 0.4492 -0.5168 0.7287
vn 0.0087 -0.7672 0.6413
vn 0.7610 -0.2272 0.6077
vn 0.9080 -0.1156 0.4027
vn 0.9824 -0.0638 0.1755
vn -0.9074 -0.0698 0.4145
vn -0.7615 -0.0705 0.6443
vn 0.0304 -0.0215 0.9993
vn -0.4706 -0.0911 0.8776
vn 0.0934 -0.0586 0.9939
vn -0.3415 -0.1364 0.9299
vn 0.1840 -0.1239 0.9751
vn -0.1840 -0.1239 0.9751
vn 0.3415 -0.1364 0.9299
vn -0.0934 -0.0586 0.9939
vn 0.4706 -0.0911 0.8776
vn -0.0303 -0.0215 0.9993
vn 0.7615 -0.0705 0.6443
vn 0.9074 -0.0698 0.4145
vn 0.9812 -0.0707 0.1798
vn -0.8131 -0.2935 0.5028
vn 0.0737 0.4918 0.8676
vn -0.7228 -0.0841 0.6859
vn 0.2275 0.4389 0.8693
vn -0.5728 0.1422 0.8072
vn 0.3965 0.3245 0.8588
vn -0.3965 0.3245 0.8588
vn 0.5728 0.1422 0.8072
vn -0.2275 0.4389 0.8692
vn 0.7228 -0.0841 0.6859
vn -0.0737 0.4918 0.8676
vn 0.8131 -0.2935 0.5028
vn 0.8471 -0.4345 0.3059
vn 0.8565 -0.5009 0.1243
vn -0.8471 -0.4345 0.3059
vn -0.9120 -0.3073 0.2717
vn -0.8654 -0.2333 0.4434
vn 0.0998 0.2318 0.9676
vn -0.7795 -0.1277 0.6132
vn 0.2970 0.1881 0.9362
vn -0.6505 -0.0074 0.7595
vn 0.4848 0.1046 0.8683
vn -0.4848 0.1046 0.8683
vn 0.6505 -0.0074 0.7595
vn -0.2970 0.1881 0.9362
vn 0.7795 -0.1277 0.6132
vn -0.0998 0.2318 0.9676
vn 0.8654 -0.2333 0.4434
vn 0.9120 -0.3073 0.2717
vn 0.9322 -0.3441 0.1125
vn 0.4677 -0.6995 0.5403
vn -0.1886 -0.7863 0.5883
vn 0.6153 -0.6257 0.4796
vn -0.0619 -0.8021 0.5940
vn 0.7506 -0.5392 0.3819
vn 0.8511 -0.4602 0.2529
vn 0.9038 -0.4141 0.1083
vn -0.8511 -0.4602 0.2529
vn -0.7506 -0.5392 0.3819
vn 0.0619 -0.8021 0.5940
vn -0.6153 -0.6257 0.4796
vn 0.1887 -0.7863 0.5883
vn -0.4677 -0.6995 0.5403
vn 0.3235 -0.7530 0.5730
vn -0.3235 -0.7530 0.5731
vn 0.4214 -0.7521 0.5067
vn -0.1602 -0.8384 0.5210
vn 0.5776 -0.6690 0.4679
vn -0.0519 -0.8526 0.5199
vn 0.7318 -0.5616 0.3862
vn 0.8503 -0.4564 0.2622
vn 0.9127 -0.3928 0.1129
vn -0.8503 -0.4564 0.2622
vn -0.7318 -0.5616 0.3862
vn 0.0519 -0.8526 0.5199
vn -0.5776 -0.6690 0.4679
vn 0.1602 -0.8384 0.5210
vn -0.4214 -0.7521 0.5067
vn 0.2814 -0.8068 0.5195
vn -0.2814 -0.8068 0.5195
vn -0.0779 -0.5691 0.8186
vn -0.2287 -0.5831 0.7795
vn -0.3650 -0.6069 0.7060
vn -0.4807 -0.6344 0.6054
vn -0.5728 -0.6603 0.4857
vn -0.6410 -0.6812 0.3537
vn -0.6853 -0.6929 0.2242
vn 0.7076 -0.7065 0.0112
vn 0.6853 -0.6929 0.2242
vn 0.6410 -0.6812 0.3537
vn 0.5728 -0.6603 0.4857
vn 0.4807 -0.6344 0.6054
vn 0.3650 -0.6069 0.7060
vn 0.2287 -0.5831 0.7795
vn 0.0780 -0.5691 0.8186
vn -0.0154 -0.9873 0.1583
vn -0.0459 -0.9871 0.1531
vn -0.0753 -0.9869 0.1426
vn -0.1030 -0.9866 0.1269
vn -0.1277 -0.9861 0.1060
vn -0.1482 -0.9857 0.0800
vn -0.1622 -0.9854 0.0514
vn 0.1695 -0.9853 0.0215
vn 0.1622 -0.9854 0.0514
vn 0.1482 -0.9857 0.0800
vn 0.1277 -0.9861 0.1060
vn 0.1030 -0.9866 0.1269
vn 0.0753 -0.9869 0.1426
vn 0.0459 -0.9871 0.1531
vn 0.0154 -0.9873 0.1583
vn -0.0032 0.9989 0.0463
vn -0.0095 0.9989 0.0451
vn -0.0159 0.9990 0.0427
vn -0.0222 0.9990 0.0387
vn -0.0282 0.9991 0.0331
vn -0.0334 0.9991 0.0256
vn -0.0369 0.9992 0.0173
vn -0.0397 0.9992 0.0066
vn 0.0369 0.9992 0.0173
vn 0.0334 0.9991 0.0256
vn 0.0282 0.9991 0.0331
vn 0.0222 0.9990 0.0387
vn 0.0159 0.9990 0.0427
vn 0.0095 0.9989 0.0451
vn 0.0032 0.9989 0.0463
vn 0.1025 0.9922 0.0715
vn 0.0835 0.9925 0.0895
vn 0.0636 0.9928 0.1013
vn 0.1260 0.9918 0.0196
vn 0.0443 0.9931 0.1085
vn 0.1173 0.9919 0.0488
vn 0.0261 0.9933 0.1124
vn 0.0086 0.9934 0.1141
vn -0.0086 0.9934 0.1141
vn -0.0261 0.9933 0.1124
vn -0.0443 0.9931 0.1085
vn -0.0636 0.9928 0.1013
vn -0.0835 0.9925 0.0895
vn -0.1025 0.9922 0.0715
vn -0.1173 0.9919 0.0488
vn -0.0757 0.9830 0.1675
vn 0.0757 0.9830 0.1675
vn -0.1120 0.9812 0.1573
vn 0.0448 0.9833 0.1766
vn -0.1527 0.9777 0.1439
vn 0.0150 0.9833 0.1815
vn -0.1953 0.9734 0.1197
vn -0.2319 0.9692 0.0835
vn 0.2536 0.9666 0.0359
vn 0.2319 0.9692 0.0835
vn 0.1953 0.9734 0.1197
vn -0.0150 0.9833 0.1815
vn 0.1527 0.9777 0.1439
vn -0.0448 0.9833 0.1766
vn 0.1120 0.9812 0.1573
vn -0.5542 0.7714 0.3128
vn -0.6151 0.7620 0.2024
vn 0.6472 0.7574 0.0861
vn 0.6151 0.7620 0.2024
vn 0.5542 0.7714 0.3128
vn -0.0413 0.5527 0.8324
vn 0.4716 0.7797 0.4120
vn -0.1211 0.5939 0.7954
vn 0.3767 0.7502 0.5434
vn -0.2226 0.6618 0.7158
vn 0.2226 0.6618 0.7158
vn -0.3767 0.7502 0.5434
vn 0.1211 0.5939 0.7954
vn -0.4716 0.7797 0.4120
vn 0.0413 0.5527 0.8324
vn 0.7766 0.6211 0.1059
vn 0.7595 0.5983 0.2553
vn 0.7215 0.5525 0.4173
vn -0.0465 0.1157 0.9922
vn 0.6460 0.4791 0.5943
vn -0.1414 0.1392 0.9801
vn 0.4795 0.3429 0.8078
vn -0.2669 0.1989 0.9430
vn 0.2669 0.1989 0.9430
vn -0.4795 0.3429 0.8078
vn 0.1414 0.1392 0.9801
vn -0.6460 0.4791 0.5943
vn 0.0465 0.1157 0.9922
vn -0.7215 0.5525 0.4173
vn -0.7595 0.5983 0.2553
vn 0.7940 0.5399 0.2795
vn 0.7514 0.4784 0.4544
vn -0.0427 -0.1150 0.9924
vn 0.6639 0.3867 0.6401
vn -0.1315 -0.0648 0.9892
vn 0.4687 0.2221 0.8550
vn -0.2512 0.0401 0.9671
vn 0.2512 0.0401 0.9671
vn -0.4687 0.2221 0.8550
vn 0.1315 -0.0648 0.9892
vn -0.6639 0.3867 0.6401
vn 0.0427 -0.1150 0.9924
vn -0.7514 0.4784 0.4544
vn -0.7940 0.5399 0.2795
vn -0.0766 -0.3723 0.9249
vn 0.4246 0.1116 0.8985
vn -0.1822 -0.1691 0.9686
vn 0.1822 -0.1691 0.9686
vn -0.4246 0.1116 0.8985
vn 0.0766 -0.3723 0.9249
vn -0.6699 0.3063 0.6763
vn 0.0187 -0.4822 0.8759
vn -0.7773 0.3887 0.4947
vn -0.8356 0.4520 0.3121
vn 0.8639 0.4862 0.1310
vn 0.8356 0.4520 0.3121
vn 0.7773 0.3887 0.4947
vn -0.0187 -0.4822 0.8759
vn 0.8127 0.5709 0.1162
vn -0.6695 0.2202 0.7095
vn 0.0295 0.1882 0.9817
vn -0.7847 0.3291 0.5253
vn -0.8474 0.4126 0.3342
vn 0.8783 0.4570 0.1405
vn 0.8474 0.4126 0.3342
vn 0.7847 0.3291 0.5253
vn -0.0295 0.1882 0.9817
vn 0.6695 0.2202 0.7094
vn -0.0809 0.1607 0.9837
vn 0.4042 0.1206 0.9067
vn -0.1665 0.1154 0.9793
vn 0.1665 0.1154 0.9793
vn -0.4042 0.1206 0.9067
vn 0.6700 0.3063 0.6763
vn 0.9844 0.0661 0.1629
vn 0.9257 0.0112 0.3781
vn 0.8142 -0.0871 0.5740
vn -0.0259 -0.0725 0.9970
vn 0.6396 -0.1960 0.7433
vn -0.0821 -0.0858 0.9929
vn 0.3943 -0.1968 0.8977
vn -0.1750 -0.1160 0.9777
vn 0.1750 -0.1160 0.9777
vn -0.3943 -0.1968 0.8977
vn 0.0821 -0.0858 0.9929
vn -0.6396 -0.1960 0.7433
vn 0.0259 -0.0725 0.9970
vn -0.8142 -0.0871 0.5740
vn 0.0809 0.1607 0.9837
vn 0.9784 -0.1072 0.1768
vn 0.9074 -0.0965 0.4091
vn 0.7640 -0.0765 0.6406
vn -0.0436 0.0120 0.9990
vn 0.4653 -0.0434 0.8841
vn -0.1332 0.0024 0.9911
vn 0.3381 -0.0301 0.9406
vn -0.2325 -0.0155 0.9725
vn 0.2325 -0.0155 0.9725
vn -0.3381 -0.0301 0.9406
vn 0.1332 0.0024 0.9911
vn -0.4653 -0.0434 0.8841
vn 0.0436 0.0120 0.9990
vn -0.7640 -0.0765 0.6406
vn -0.9074 -0.0965 0.4091
vn -0.9257 0.0112 0.3781
vn 0.7743 -0.0730 0.6286
vn -0.0465 -0.0077 0.9989
vn 0.4780 -0.0427 0.8773
vn -0.1418 -0.0111 0.9898
vn 0.3471 -0.0278 0.9374
vn -0.2448 -0.0180 0.9694
vn 0.2448 -0.0180 0.9694
vn -0.3471 -0.0278 0.9374
vn 0.1418 -0.0111 0.9898
vn -0.4780 -0.0427 0.8773
vn 0.0465 -0.0077 0.9989
vn -0.7743 -0.0730 0.6286
vn -0.9126 -0.0905 0.3987
vn 0.9801 -0.0998 0.1715
vn 0.9126 -0.0905 0.3987
vn 0.2529 -0.0136 0.9674
vn -0.3586 -0.0220 0.9332
vn 0.1468 -0.0078 0.9891
vn -0.4936 -0.0344 0.8690
vn 0.0481 -0.0049 0.9988
vn -0.7860 -0.0589 0.6155
vn -0.9189 -0.0730 0.3877
vn 0.9828 -0.0803 0.1660
vn 0.9189 -0.0730 0.3877
vn 0.7860 -0.0589 0.6155
vn -0.0481 -0.0049 0.9988
vn 0.4936 -0.0344 0.8690
vn -0.1468 -0.0078 0.9891
vn 0.3586 -0.0220 0.9332
vn -0.9248 -0.0633 0.3751
vn 0.9846 -0.0705 0.1599
vn 0.9248 -0.0633 0.3751
vn 0.7979 -0.0494 0.6008
vn -0.0500 0.0029 0.9987
vn 0.5084 -0.0262 0.8607
vn -0.1525 -0.0001 0.9883
vn 0.3711 -0.0146 0.9285
vn -0.2624 -0.0061 0.9649
vn 0.2624 -0.0061 0.9649
vn -0.3711 -0.0146 0.9285
vn 0.1525 -0.0001 0.9883
vn -0.5083 -0.0262 0.8608
vn 0.0501 0.0029 0.9987
vn -0.2529 -0.0136 0.9674
vn 0.9866 -0.0457 0.1564
vn 0.9289 -0.0427 0.3680
vn 0.8049 -0.0369 0.5922
vn -0.0512 -0.0098 0.9986
vn 0.5172 -0.0249 0.8555
vn -0.1561 -0.0112 0.9877
vn 0.3788 -0.0181 0.9253
vn -0.2682 -0.0141 0.9633
vn 0.2682 -0.0141 0.9633
vn -0.3788 -0.0182 0.9253
vn 0.1561 -0.0112 0.9877
vn -0.5172 -0.0249 0.8555
vn 0.0512 -0.0098 0.9986
vn -0.8049 -0.0369 0.5922
vn -0.9289 -0.0427 0.3680
vn -0.7978 -0.0494 0.6008
vn 0.9227 0.1159 0.3676
vn 0.8013 0.0974 0.5903
vn -0.0519 0.1410 0.9887
vn 0.5254 0.0859 0.8465
vn -0.1583 0.1346 0.9782
vn 0.3852 0.1053 0.9168
vn -0.2721 0.1227 0.9544
vn 0.2721 0.1227 0.9544
vn -0.3852 0.1053 0.9168
vn 0.1583 0.1346 0.9782
vn -0.5254 0.0859 0.8465
vn 0.0519 0.1410 0.9887
vn -0.8013 0.0974 0.5903
vn -0.9227 0.1159 0.3676
vn 0.9796 0.1264 0.1562
vn -0.1588 0.5225 0.8377
vn 0.4179 0.3827 0.8239
vn -0.2827 0.4687 0.8369
vn 0.2865 0.4829 0.8275
vn -0.4095 0.3968 0.8215
vn 0.1520 0.5384 0.8288
vn -0.5695 0.3037 0.7639
vn 0.0497 0.5458 0.8364
vn -0.7706 0.2910 0.5670
vn -0.8673 0.3453 0.3586
vn 0.9132 0.3785 0.1511
vn 0.8673 0.3453 0.3586
vn 0.7702 0.2889 0.5686
vn -0.0514 0.5440 0.8375
vn 0.5688 0.2866 0.7709
vn -0.6073 0.3181 0.7280
vn 0.0539 0.1543 0.9866
vn -0.7407 0.3838 0.5515
vn -0.8218 0.4447 0.3562
vn 0.8645 0.4796 0.1500
vn 0.8218 0.4447 0.3562
vn 0.7363 0.3725 0.5649
vn -0.0657 0.1462 0.9871
vn 0.5956 0.2296 0.7698
vn -0.2014 0.1667 0.9652
vn 0.5021 0.1550 0.8508
vn -0.3607 0.1658 0.9178
vn 0.3982 0.2507 0.8824
vn -0.4521 0.2085 0.8672
vn 0.1592 0.2470 0.9559
vn 0.9501 0.2618 0.1693
vn 0.8873 0.2383 0.3948
vn 0.7679 0.1937 0.6105
vn -0.0649 -0.0074 0.9979
vn 0.5800 0.1112 0.8070
vn -0.2036 0.0097 0.9790
vn 0.5084 0.0592 0.8591
vn -0.3739 0.0326 0.9269
vn 0.4437 0.0637 0.8939
vn -0.4359 0.0685 0.8974
vn 0.1438 0.0315 0.9891
vn -0.6268 0.1454 0.7655
vn 0.0455 -0.0052 0.9989
vn -0.7798 0.1983 0.5938
vn -0.8873 0.2382 0.3948
vn 0.9790 -0.1033 0.1755
vn 0.9086 -0.0957 0.4067
vn 0.7817 -0.0823 0.6182
vn -0.0644 -0.0347 0.9973
vn 0.5897 -0.0658 0.8049
vn -0.2026 -0.0383 0.9785
vn 0.5060 -0.0573 0.8606
vn -0.3719 -0.0466 0.9271
vn 0.4372 -0.0486 0.8980
vn -0.4390 -0.0534 0.8969
vn 0.1441 -0.0368 0.9889
vn -0.6323 -0.0681 0.7717
vn 0.0448 -0.0347 0.9984
vn -0.7911 -0.0834 0.6060
vn -0.9086 -0.0957 0.4067
vn -0.0654 -0.0285 0.9975
vn 0.5977 -0.1691 0.7837
vn -0.2056 -0.0492 0.9774
vn 0.5067 -0.1103 0.8550
vn -0.3735 -0.0764 0.9245
vn 0.4313 -0.1055 0.8960
vn -0.4481 -0.1178 0.8862
vn 0.1512 -0.0707 0.9860
vn -0.6288 -0.1902 0.7540
vn 0.0465 -0.0305 0.9985
vn -0.7727 -0.2438 0.5861
vn -0.8763 -0.2850 0.3885
vn 0.9363 -0.3092 0.1663
vn 0.8763 -0.2850 0.3885
vn -0.4864 -0.1207 0.8654
vn 0.1821 -0.0024 0.9833
vn -0.6333 -0.2866 0.7189
vn 0.0578 0.1109 0.9921
vn -0.7423 -0.3952 0.5411
vn -0.8111 -0.4720 0.3454
vn 0.8462 -0.5130 0.1442
vn 0.8111 -0.4720 0.3454
vn 0.7412 -0.3926 0.5445
vn -0.0691 0.1196 0.9904
vn 0.6257 -0.2453 0.7405
vn -0.2135 0.0648 0.9748
vn 0.5215 -0.0896 0.8485
vn -0.3784 -0.0022 0.9257
vn 0.7670 -0.2409 0.5948
vn -0.8088 -0.4938 0.3194
vn 0.8351 -0.5341 0.1321
vn 0.8088 -0.4938 0.3194
vn 0.7538 -0.4148 0.5097
vn -0.0773 0.0803 0.9938
vn 0.6611 -0.2951 0.6898
vn -0.2331 0.0330 0.9719
vn 0.5381 -0.1589 0.8278
vn -0.3906 -0.0483 0.9193
vn 0.3941 -0.0649 0.9168
vn -0.5345 -0.1678 0.8284
vn 0.2300 0.0155 0.9731
vn -0.6609 -0.3036 0.6863
vn 0.0761 0.0781 0.9940
vn 0.4104 -0.0725 0.9090
vn 0.9198 -0.3731 0.1217
vn 0.9053 -0.3037 0.2971
vn 0.8598 -0.1605 0.4847
vn -0.0791 0.5455 0.8344
vn 0.7563 0.0386 0.6531
vn -0.2426 0.4987 0.8321
vn 0.5984 0.2408 0.7642
vn -0.4181 0.3988 0.8162
vn 0.4181 0.3988 0.8162
vn -0.5984 0.2408 0.7642
vn 0.2426 0.4987 0.8321
vn -0.7563 0.0386 0.6531
vn 0.0791 0.5455 0.8344
vn -0.8598 -0.1605 0.4847
vn -0.9053 -0.3037 0.2971
vn -0.7538 -0.4152 0.5093
vn 0.9428 -0.2021 0.2651
vn 0.8870 -0.1702 0.4293
vn -0.1076 0.0338 0.9936
vn 0.7961 -0.1257 0.5920
vn -0.3166 0.0130 0.9485
vn 0.6691 -0.0747 0.7394
vn -0.5072 -0.0255 0.8615
vn 0.5072 -0.0255 0.8614
vn -0.6691 -0.0747 0.7394
vn 0.3166 0.0130 0.9485
vn -0.7961 -0.1257 0.5920
vn 0.1076 0.0338 0.9936
vn -0.8870 -0.1702 0.4293
vn -0.9428 -0.2021 0.2651
vn 0.9696 -0.2184 0.1106
vn -0.3205 -0.0476 0.9461
vn 0.6757 -0.0351 0.7363
vn -0.5123 -0.0421 0.8578
vn 0.5123 -0.0421 0.8578
vn -0.6757 -0.0351 0.7363
vn 0.3205 -0.0476 0.9461
vn -0.8060 -0.0278 0.5913
vn 0.1091 -0.0506 0.9927
vn -0.9021 -0.0214 0.4309
vn -0.9634 -0.0167 0.2675
vn 0.9936 -0.0143 0.1120
vn 0.9634 -0.0167 0.2675
vn 0.9021 -0.0214 0.4309
vn -0.1091 -0.0506 0.9927
vn 0.8060 -0.0278 0.5913
vn 0.9934 0.0131 0.1136
vn 0.9624 -0.0036 0.2717
vn 0.8989 -0.0359 0.4367
vn -0.1050 -0.2190 0.9701
vn 0.7990 -0.0794 0.5961
vn -0.3097 -0.2023 0.9291
vn 0.6645 -0.1268 0.7364
vn -0.4992 -0.1701 0.8496
vn 0.4992 -0.1701 0.8496
vn -0.6645 -0.1268 0.7364
vn 0.3097 -0.2023 0.9291
vn -0.7990 -0.0794 0.5961
vn 0.1050 -0.2190 0.9701
vn -0.8989 -0.0359 0.4367
vn -0.9624 -0.0036 0.2717
vn 0.4354 -0.7215 0.5385
vn -0.1771 -0.7854 0.5931
vn 0.5705 -0.6701 0.4749
vn -0.0582 -0.7975 0.6005
vn 0.6950 -0.6125 0.3765
vn 0.7882 -0.5624 0.2499
vn 0.8387 -0.5341 0.1062
vn -0.7882 -0.5624 0.2499
vn -0.6950 -0.6125 0.3765
vn 0.0582 -0.7975 0.6005
vn -0.5705 -0.6701 0.4749
vn 0.1771 -0.7854 0.5931
vn -0.4354 -0.7215 0.5385
vn 0.3025 -0.7604 0.5748
vn -0.3025 -0.7604 0.5748
vn -0.4157 -0.5603 0.7164
vn 0.4157 -0.5603 0.7164
vn -0.5757 -0.5000 0.6470
vn 0.2500 -0.6020 0.7583
vn -0.7205 -0.4273 0.5461
vn 0.0833 -0.6231 0.7777
vn -0.8387 -0.3533 0.4145
vn -0.9186 -0.2935 0.2645
vn 0.9587 -0.2614 0.1117
vn 0.9186 -0.2935 0.2645
vn 0.8387 -0.3533 0.4145
vn -0.0833 -0.6231 0.7777
vn 0.7205 -0.4273 0.5461
vn -0.2499 -0.6020 0.7583
vn 0.5757 -0.5000 0.6470
vn 0.1577 0.5487 -0.8210
vn -0.9322 -0.3441 0.1125
vn -0.8387 -0.5342 0.1062
vn -0.9038 -0.4141 0.1083
vn -0.6472 0.7574 0.0861
vn -0.9829 -0.0722 0.1692
vn -0.9936 -0.0143 0.1120
vn 0.9966 -0.0820 -0.0000
vn -0.9132 0.3786 0.1511
vn -0.9844 0.0661 0.1629
vn -0.9587 -0.2614 0.1117
vn -0.9784 -0.1072 0.1768
vn 0.0397 0.9992 0.0066
vn -0.3591 0.9320 0.0486
vn -0.1260 0.9918 0.0196
vn -0.9824 -0.0638 0.1755
vn -0.9828 -0.0803 0.1660
vn -0.8462 -0.5130 0.1442
vn -0.1695 -0.9853 0.0215
vn -0.9866 -0.0457 0.1564
vn -0.7608 0.6410 0.1015
vn -0.8351 -0.5341 0.1321
vn -0.8639 0.4862 0.1310
vn -0.9934 0.0131 0.1136
vn -0.2537 0.9666 0.0359
vn -0.9501 0.2618 0.1693
vn -0.9796 0.1264 0.1562
vn -0.9363 -0.3092 0.1662
vn -0.7766 0.6211 0.1059
vn -0.9790 -0.1033 0.1755
vn -0.9846 -0.0705 0.1599
vn -0.8565 -0.5009 0.1243
vn -0.9812 -0.0707 0.1798
vn -0.8783 0.4570 0.1405
vn -0.9198 -0.3731 0.1217
vn -0.9127 -0.3928 0.1129
vn -0.8645 0.4796 0.1500
vn -0.9801 -0.0998 0.1715
vn -0.8127 0.5709 0.1162
vn -0.7076 -0.7065 0.0112
vn -0.9696 -0.2184 0.1106
vn 0.9989 -0.0464 -0.0000
vn 0.9917 0.1288 -0.0000
vn 0.9226 0.3857 -0.0000
vn 0.8731 0.4875 -0.0000
vn 0.9635 0.2675 -0.0000
vn 0.9944 -0.1052 -0.0000
vn 0.9490 -0.3152 -0.0000
vn 0.8530 -0.5220 -0.0000
vn 0.8400 -0.5426 -0.0000
vn 0.8581 -0.5134 -0.0000
vn 0.9225 -0.3860 -0.0000
vn 0.9362 -0.3515 -0.0000
vn 0.9751 -0.2219 -0.0000
vn 0.9999 -0.0139 -0.0000
vn 0.9999 0.0161 -0.0000
vn 0.9666 -0.2564 -0.0000
vn 0.9136 -0.4067 -0.0000
vn 0.9242 -0.3819 -0.0000
vn 0.8476 -0.5307 -0.0000
vn 0.1693 -0.9856 -0.0000
vn 0.7041 -0.7101 -0.0000
vn -0.7041 -0.7101 -0.0000
vn -0.1693 -0.9856 -0.0000
vn -0.8476 -0.5307 -0.0000
vn -0.9242 -0.3819 -0.0000
vn -0.9136 -0.4067 -0.0000
vn -0.9666 -0.2564 -0.0000
vn -0.9999 0.0161 -0.0000
vn -0.9999 -0.0139 -0.0000
vn -0.9751 -0.2219 -0.0000
vn -0.9362 -0.3515 -0.0000
vn -0.9225 -0.3860 -0.0000
vn -0.8581 -0.5134 -0.0000
vn -0.8400 -0.5426 -0.0000
vn -0.8530 -0.5220 -0.0000
vn -0.9490 -0.3152 -0.0000
vn -0.9944 -0.1052 -0.0000
vn -0.9636 0.2675 -0.0000
vn -0.8731 0.4875 -0.0000
vn -0.9226 0.3857 -0.0000
vn -0.9917 0.1288 -0.0000
vn -0.9989 -0.0464 -0.0000
vn -0.9974 -0.0721 -0.0000
vn -0.9966 -0.0820 -0.0000
vn -0.9948 -0.1019 -0.0000
vn -0.9940 -0.1097 -0.0000
vn -0.9975 -0.0712 -0.0000
vn -0.9985 -0.0543 -0.0000
vn -0.9971 0.0766 -0.0000
vn -0.8845 0.4665 -0.0000
vn -0.8695 0.4939 -0.0000
vn -0.8161 0.5779 -0.0000
vn -0.7794 0.6265 -0.0000
vn -0.7656 0.6434 -0.0000
vn -0.6522 0.7580 -0.0000
vn -0.3622 0.9321 -0.0000
vn -0.2566 0.9665 -0.0000
vn -0.1268 0.9919 -0.0000
vn -0.0389 0.9992 -0.0000
vn 0.0389 0.9992 -0.0000
vn 0.1268 0.9919 -0.0000
vn 0.2566 0.9665 -0.0000
vn 0.3622 0.9321 -0.0000
vn 0.6522 0.7580 -0.0000
vn 0.7656 0.6434 -0.0000
vn 0.7794 0.6265 -0.0000
vn 0.8161 0.5779 -0.0000
vn 0.8695 0.4939 -0.0000
vn 0.8845 0.4665 -0.0000
vn 0.9971 0.0766 -0.0000
vn 0.9985 -0.0543 -0.0000
vn 0.9975 -0.0712 -0.0000
vn 0.9940 -0.1097 -0.0000
vn 0.9948 -0.1019 -0.0000
vn 0.1499 0.6058 -0.7814
vn 0.2897 0.6248 -0.7250
vn 0.4118 0.6506 -0.6381
vn 0.5113 0.6775 -0.5288
vn 0.5868 0.7014 -0.4046
vn 0.6386 0.7195 -0.2729
vn 0.6624 0.7392 -0.1218
vn -0.6624 0.7392 -0.1218
vn -0.6387 0.7195 -0.2729
vn -0.5868 0.7014 -0.4046
vn -0.5113 0.6775 -0.5288
vn -0.4117 0.6506 -0.6381
vn -0.2898 0.6248 -0.7250
vn -0.1499 0.6058 -0.7814
vn -0.0000 0.5987 -0.8010
vn -0.6988 0.7152 -0.0137
vn 0.6988 0.7152 -0.0137
vn -0.1499 0.6058 0.7814
vn -0.2898 0.6248 0.7250
vn -0.4118 0.6506 0.6381
vn -0.5113 0.6775 0.5287
vn -0.5868 0.7014 0.4046
vn -0.6387 0.7195 0.2729
vn -0.6624 0.7392 0.1218
vn 0.6624 0.7392 0.1218
vn 0.6387 0.7195 0.2729
vn 0.5868 0.7014 0.4046
vn 0.5113 0.6775 0.5287
vn 0.4118 0.6506 0.6381
vn 0.2898 0.6248 0.7250
vn 0.1499 0.6058 0.7814
vn -0.0000 0.5987 0.8010
vn 0.6988 0.7152 0.0137
vn -0.6988 0.7152 0.0137
vn 0.0775 0.5752 -0.8143
vn 0.2273 0.5895 -0.7751
vn 0.3626 0.6136 -0.7014
vn 0.4770 0.6415 -0.6008
vn 0.5678 0.6677 -0.4814
vn 0.6346 0.6889 -0.3502
vn 0.6781 0.7008 -0.2217
vn -0.6994 0.7147 -0.0111
vn -0.6781 0.7008 -0.2217
vn -0.6346 0.6889 -0.3502
vn -0.5678 0.6677 -0.4814
vn -0.4770 0.6415 -0.6008
vn -0.3626 0.6136 -0.7014
vn -0.2273 0.5895 -0.7751
vn -0.0775 0.5752 -0.8143
vn 0.6994 0.7147 -0.0110
vn -0.0775 0.5752 0.8143
vn -0.2273 0.5895 0.7751
vn -0.3626 0.6136 0.7014
vn -0.4770 0.6415 0.6008
vn -0.5678 0.6677 0.4814
vn -0.6346 0.6889 0.3502
vn -0.6781 0.7008 0.2217
vn 0.6994 0.7147 0.0111
vn 0.6781 0.7008 0.2217
vn 0.6346 0.6889 0.3502
vn 0.5678 0.6677 0.4814
vn 0.4770 0.6415 0.6008
vn 0.3626 0.6136 0.7014
vn 0.2273 0.5895 0.7751
vn 0.0775 0.5752 0.8143
vn -0.6994 0.7147 0.0111
vn 0.6957 0.7183 -0.0000
vn -0.6957 0.7183 -0.0000
vn 0.4333 0.6021 0.6706
vn 0.3049 0.5716 0.7618
vn 0.1577 0.5487 0.8210
vn -0.0000 0.5401 0.8416
vn 0.6987 0.7152 0.0137
vn -0.6987 0.7152 0.0137
vn 0.0783 0.5645 -0.8217
vn 0.2292 0.5807 -0.7812
vn 0.3646 0.6079 -0.7053
vn 0.4782 0.6391 -0.6023
vn 0.5672 0.6685 -0.4810
vn 0.6316 0.6925 -0.3486
vn 0.6690 0.7103 -0.2189
vn -0.6982 0.7158 -0.0110
vn -0.6690 0.7103 -0.2189
vn -0.6316 0.6925 -0.3486
vn -0.5672 0.6685 -0.4810
vn -0.4782 0.6391 -0.6023
vn -0.3646 0.6079 -0.7053
vn -0.2292 0.5807 -0.7812
vn -0.0783 0.5645 -0.8217
vn 0.6982 0.7158 -0.0110
vn -0.0783 0.5645 0.8217
vn -0.2292 0.5807 0.7812
vn -0.3646 0.6079 0.7053
vn -0.4782 0.6391 0.6023
vn -0.5672 0.6685 0.4810
vn -0.6316 0.6925 0.3486
vn -0.6690 0.7103 0.2189
vn 0.6982 0.7158 0.0111
vn 0.6690 0.7103 0.2189
vn 0.6316 0.6925 0.3486
vn 0.5672 0.6685 0.4810
vn 0.4782 0.6391 0.6023
vn 0.3646 0.6079 0.7053
vn 0.2292 0.5807 0.7812
vn 0.0783 0.5645 0.8217
vn -0.6982 0.7158 0.0110
vn 0.7019 0.7122 -0.0000
vn -0.7019 0.7122 -0.0000
vn 0.8755 -0.0000 0.4831
vn -0.2815 -0.0000 -0.9596
vn -0.0948 -0.0000 0.9955
vn 0.7627 -0.0000 -0.6467
vn 0.9198 -0.0000 0.3924
vn -0.3714 -0.0000 -0.9285
vn 0.9504 -0.0000 0.3109
vn 0.6955 -0.0000 -0.7185
vn -0.4592 -0.0000 -0.8883
vn 0.6218 -0.0000 -0.7832
vn 0.9999 -0.0000 -0.0158
vn 0.9836 -0.0000 0.1802
vn -0.5425 -0.0000 -0.8400
vn 0.9999 -0.0000 0.0158
vn 0.5425 -0.0000 -0.8400
vn -0.6218 -0.0000 -0.7832
vn 0.4592 -0.0000 -0.8883
vn -1.0000 -0.0000 -0.0000
vn -0.6955 -0.0000 -0.7185
vn -0.9504 -0.0000 0.3109
vn 0.3714 -0.0000 -0.9285
vn -0.7627 -0.0000 -0.6467
vn -0.0000 -0.0000 1.0000
vn 0.2815 -0.0000 -0.9596
vn -0.9198 -0.0000 0.3924
vn 0.0948 -0.0000 0.9955
vn -0.8235 -0.0000 -0.5672
vn -0.8755 -0.0000 0.4831
vn -0.8755 -0.0000 -0.4831
vn 0.1885 -0.0000 0.9821
vn 0.9998 -0.0000 -0.0196
vn -0.8235 -0.0000 0.5672
vn 0.2815 -0.0000 0.9596
vn -0.9198 -0.0000 -0.3924
vn -0.7627 -0.0000 0.6467
vn 1.0000 -0.0000 -0.0000
vn 0.9998 -0.0000 0.0196
vn -0.9504 -0.0000 -0.3109
vn 0.3714 -0.0000 0.9285
vn -0.9836 -0.0000 0.1802
vn -0.6955 -0.0000 0.7185
vn 0.4592 -0.0000 0.8883
vn -0.9836 -0.0000 -0.1802
vn -0.6218 -0.0000 0.7832
vn -0.9999 -0.0000 0.0158
vn -0.9998 -0.0000 0.0196
vn -0.9998 -0.0000 -0.0196
vn -0.9999 -0.0000 -0.0158
vn 0.5425 -0.0000 0.8400
vn -0.5425 -0.0000 0.8400
vn 0.0948 -0.0000 -0.9955
vn 0.1885 -0.0000 -0.9821
vn 0.6218 -0.0000 0.7832
vn 0.9836 -0.0000 -0.1802
vn -0.4592 -0.0000 0.8883
vn 0.9504 -0.0000 -0.3109
vn 0.6955 -0.0000 0.7185
vn -0.0000 -0.0000 -1.0000
vn -0.3714 -0.0000 0.9285
vn 0.8235 -0.0000 0.5672
vn 0.7627 -0.0000 0.6467
vn 0.9198 -0.0000 -0.3924
vn -0.1885 -0.0000 -0.9821
vn -0.0948 -0.0000 -0.9955
vn -0.1885 -0.0000 0.9821
vn -0.2815 -0.0000 0.9596
vn 0.8235 -0.0000 -0.5672
vn 0.8755 -0.0000 -0.4831
vn 0.6955 -0.0000 -0.7186
vn 0.2210 -0.2944 0.9298
vn 0.8236 -0.0000 0.5672
vn -0.2210 -0.2944 0.9298
vn -0.0434 -0.3974 0.9166
vn 0.0434 -0.3974 0.9166
vn -0.9998 -0.0000 0.0200
vn 0.4898 -0.4898 -0.7213
vn -0.4898 -0.4897 -0.7213
vn -0.2156 -0.2155 0.9524
vn 0.2155 -0.2156 0.9524
vn -0.0000 -0.5345 -0.8451
vn 0.0786 -0.5585 -0.8258
vn 0.1583 -0.5430 -0.8247
vn 0.2304 -0.5745 -0.7854
vn 0.3063 -0.5656 -0.7657
vn 0.3669 -0.6013 -0.7098
vn 0.4358 -0.5957 -0.6747
vn 0.4818 -0.6321 -0.6069
vn 0.5421 -0.6264 -0.5601
vn 0.5723 -0.6610 -0.4853
vn 0.6237 -0.6531 -0.4296
vn 0.6381 -0.6847 -0.3521
vn 0.6804 -0.6729 -0.2903
vn 0.6766 -0.7023 -0.2213
vn 0.7223 -0.6789 -0.1323
vn -0.7065 -0.7076 -0.0112
vn -0.7223 -0.6788 -0.1323
vn -0.6766 -0.7023 -0.2213
vn -0.6804 -0.6729 -0.2903
vn -0.6381 -0.6847 -0.3521
vn -0.6237 -0.6531 -0.4296
vn -0.5723 -0.6610 -0.4853
vn -0.5421 -0.6264 -0.5601
vn -0.4818 -0.6321 -0.6069
vn -0.4358 -0.5957 -0.6747
vn -0.3669 -0.6013 -0.7098
vn -0.3063 -0.5656 -0.7657
vn -0.2304 -0.5745 -0.7854
vn -0.1583 -0.5430 -0.8247
vn -0.0786 -0.5585 -0.8258
vn 0.7065 -0.7076 -0.0112
vn -0.0000 0.5922 0.8058
vn 0.4810 -0.0172 0.8765
vn -0.1583 -0.5430 0.8247
vn -0.2304 -0.5745 0.7854
vn -0.3063 -0.5656 0.7657
vn -0.3669 -0.6013 0.7098
vn -0.4358 -0.5957 0.6747
vn -0.4818 -0.6321 0.6069
vn -0.5421 -0.6264 0.5601
vn -0.5723 -0.6611 0.4853
vn -0.6237 -0.6531 0.4296
vn -0.6381 -0.6847 0.3521
vn -0.6804 -0.6729 0.2903
vn -0.6766 -0.7023 0.2213
vn -0.7223 -0.6789 0.1323
vn 0.7065 -0.7076 0.0112
vn 0.7223 -0.6789 0.1323
vn 0.6766 -0.7023 0.2213
vn 0.6804 -0.6729 0.2903
vn 0.6381 -0.6847 0.3521
vn 0.6237 -0.6531 0.4296
vn 0.5723 -0.6611 0.4853
vn 0.5421 -0.6264 0.5601
vn 0.4818 -0.6321 0.6069
vn 0.4358 -0.5957 0.6747
vn 0.3669 -0.6013 0.7098
vn 0.3063 -0.5656 0.7657
vn 0.2304 -0.5745 0.7854
vn 0.1583 -0.5430 0.8247
vn -0.4810 -0.0172 0.8765
vn -0.7065 -0.7076 0.0112
vn 0.7101 -0.7041 -0.0000
vn -0.7101 -0.7041 -0.0000
vn -0.0025 -0.9986 0.0522
vn 0.0025 -0.9986 0.0522
vn 0.4898 -0.4898 0.7213
vn -0.0000 0.5617 -0.8273
vn 0.4898 0.4898 -0.7213
vn -0.4898 0.4898 -0.7213
vn -0.0000 -0.5617 0.8273
vn -0.4898 -0.4898 0.7213
vn 0.2287 -0.5831 -0.7795
vn 0.6464 -0.7115 -0.2758
vn -0.6464 -0.7115 -0.2758
vn -0.0779 -0.5691 -0.8186
vn 0.6464 -0.7115 0.2758
vn 0.2286 -0.5831 0.7795
vn 0.0779 -0.5691 0.8186
vn 0.8235 -0.0000 -0.5673
vn -0.8236 -0.0000 -0.5672
vn -0.2814 -0.0000 -0.9596
vn -0.8236 -0.0000 0.5672
vn -0.8755 -0.0000 0.4832
vn 0.6955 -0.0000 0.7186
vn -0.8235 -0.0000 0.5673
vn -0.7223 -0.6789 -0.1323
vn -0.4819 -0.6321 -0.6069
vn -0.3062 -0.5656 -0.7657
vn -0.0000 -0.5345 0.8451
vn -0.0786 -0.5585 0.8258
vn -0.3062 -0.5656 0.7657
vn 0.3062 -0.5656 0.7657
vn 0.0786 -0.5585 0.8258
vt 0.000000 0.000000
s 1
usemtl Bottle
f 255/1/227 1904/1/1778 4212/1/4006 1861/1/1735
f 1904/1/1778 254/1/226 1439/1/1373 4212/1/4006
f 4212/1/4006 1439/1/1373 18/1/18 1410/1/1344
f 1861/1/1735 4212/1/4006 1410/1/1344 17/1/17
f 245/1/217 1894/1/1768 4213/1/4007 1859/1/1733
f 1894/1/1768 244/1/216 1437/1/1371 4213/1/4007
f 4213/1/4007 1437/1/1371 16/1/16 1411/1/1345
f 1859/1/1733 4213/1/4007 1411/1/1345 15/1/15
f 254/1/226 1903/1/1777 4214/1/4008 1439/1/1373
f 1903/1/1777 253/1/225 1435/1/1369 4214/1/4008
f 4214/1/4008 1435/1/1369 14/1/14 1412/1/1346
f 1439/1/1373 4214/1/4008 1412/1/1346 18/1/18
f 244/1/216 1893/1/1767 4215/1/4009 1437/1/1371
f 1893/1/1767 258/1/230 1434/1/1368 4215/1/4009
f 4215/1/4009 1434/1/1368 13/1/13 1413/1/1347
f 1437/1/1371 4215/1/4009 1413/1/1347 16/1/16
f 253/1/225 1902/1/1776 4216/1/4010 1435/1/1369
f 1902/1/1776 252/1/224 1433/1/1367 4216/1/4010
f 4216/1/4010 1433/1/1367 12/1/12 1414/1/1348
f 1435/1/1369 4216/1/4010 1414/1/1348 14/1/14
f 252/1/224 1901/1/1775 4217/1/4011 1433/1/1367
f 1901/1/1775 251/1/223 1432/1/1366 4217/1/4011
f 4217/1/4011 1432/1/1366 11/1/11 1415/1/1349
f 1433/1/1367 4217/1/4011 1415/1/1349 12/1/12
f 251/1/223 1900/1/1774 4218/1/4012 1432/1/1366
f 1900/1/1774 676/1/644 2690/1/2558 4218/1/4012
f 4218/1/4012 2690/1/2558 674/1/642 1416/1/1350
f 1432/1/1366 4218/1/4012 1416/1/1350 11/1/11
f 250/1/222 1899/1/1773 4219/1/4013 1431/1/1365
f 1899/1/1773 249/1/221 1430/1/1364 4219/1/4013
f 4219/1/4013 1430/1/1364 9/1/9 1417/1/1351
f 1431/1/1365 4219/1/4013 1417/1/1351 10/1/10
f 249/1/221 1898/1/1772 4220/1/4014 1430/1/1364
f 1898/1/1772 248/1/220 1429/1/1363 4220/1/4014
f 4220/1/4014 1429/1/1363 8/1/8 1418/1/1352
f 1430/1/1364 4220/1/4014 1418/1/1352 9/1/9
f 258/1/230 1907/1/1781 4221/1/4015 1434/1/1368
f 1907/1/1781 257/1/229 1428/1/1362 4221/1/4015
f 4221/1/4015 1428/1/1362 7/1/7 1419/1/1353
f 1434/1/1368 4221/1/4015 1419/1/1353 13/1/13
f 248/1/220 1897/1/1771 4222/1/4016 1429/1/1363
f 1897/1/1771 247/1/219 1427/1/1361 4222/1/4016
f 4222/1/4016 1427/1/1361 6/1/6 1420/1/1354
f 1429/1/1363 4222/1/4016 1420/1/1354 8/1/8
f 257/1/229 1906/1/1780 4223/1/4017 1428/1/1362
f 1906/1/1780 256/1/228 1426/1/1360 4223/1/4017
f 4223/1/4017 1426/1/1360 5/1/5 1421/1/1355
f 1428/1/1362 4223/1/4017 1421/1/1355 7/1/7
f 247/1/219 1896/1/1770 4224/1/4018 1427/1/1361
f 1896/1/1770 246/1/218 1425/1/1359 4224/1/4018
f 4224/1/4018 1425/1/1359 4/1/4 1422/1/1356
f 1427/1/1361 4224/1/4018 1422/1/1356 6/1/6
f 256/1/228 1905/1/1779 4225/1/4019 1426/1/1360
f 1905/1/1779 255/1/227 1861/1/1735 4225/1/4019
f 4225/1/4019 1861/1/1735 17/1/17 1423/1/1357
f 1426/1/1360 4225/1/4019 1423/1/1357 5/1/5
f 246/1/218 1895/1/1769 4226/1/4020 1425/1/1359
f 1895/1/1769 245/1/217 1859/1/1733 4226/1/4020
f 4226/1/4020 1859/1/1733 15/1/15 1424/1/1358
f 1425/1/1359 4226/1/4020 1424/1/1358 4/1/4
f 273/1/245 1937/1/1811 4227/1/4021 1891/1/1765
f 1937/1/1811 272/1/244 1469/1/1403 4227/1/4021
f 4227/1/4021 1469/1/1403 33/1/33 1440/1/1374
f 1891/1/1765 4227/1/4021 1440/1/1374 32/1/32
f 263/1/235 1927/1/1801 4228/1/4022 1889/1/1763
f 1927/1/1801 262/1/234 1467/1/1401 4228/1/4022
f 4228/1/4022 1467/1/1401 31/1/31 1441/1/1375
f 1889/1/1763 4228/1/4022 1441/1/1375 30/1/30
f 272/1/244 1936/1/1810 4229/1/4023 1469/1/1403
f 1936/1/1810 271/1/243 1465/1/1399 4229/1/4023
f 4229/1/4023 1465/1/1399 29/1/29 1442/1/1376
f 1469/1/1403 4229/1/4023 1442/1/1376 33/1/33
f 262/1/234 1926/1/1800 4230/1/4024 1467/1/1401
f 1926/1/1800 261/1/233 1464/1/1398 4230/1/4024
f 4230/1/4024 1464/1/1398 28/1/28 1443/1/1377
f 1467/1/1401 4230/1/4024 1443/1/1377 31/1/31
f 271/1/243 1935/1/1809 4231/1/4025 1465/1/1399
f 1935/1/1809 270/1/242 1463/1/1397 4231/1/4025
f 4231/1/4025 1463/1/1397 27/1/27 1444/1/1378
f 1465/1/1399 4231/1/4025 1444/1/1378 29/1/29
f 261/1/233 1925/1/1799 4232/1/4026 1464/1/1398
f 1925/1/1799 260/1/232 1462/1/1396 4232/1/4026
f 4232/1/4026 1462/1/1396 26/1/26 1445/1/1379
f 1464/1/1398 4232/1/4026 1445/1/1379 28/1/28
f 270/1/242 1934/1/1808 4233/1/4027 1463/1/1397
f 1934/1/1808 269/1/241 1461/1/1395 4233/1/4027
f 4233/1/4027 1461/1/1395 25/1/25 1446/1/1380
f 1463/1/1397 4233/1/4027 1446/1/1380 27/1/27
f 260/1/232 1924/1/1798 4234/1/4028 1462/1/1396
f 1924/1/1798 259/1/231 1460/1/1394 4234/1/4028
f 4234/1/4028 1460/1/1394 24/1/24 1447/1/1381
f 1462/1/1396 4234/1/4028 1447/1/1381 26/1/26
f 269/1/241 1933/1/1807 4235/1/4029 1461/1/1395
f 1933/1/1807 268/1/240 1459/1/1393 4235/1/4029
f 4235/1/4029 1459/1/1393 23/1/23 1448/1/1382
f 1461/1/1395 4235/1/4029 1448/1/1382 25/1/25
f 259/1/231 1923/1/1797 4236/1/4030 1460/1/1394
f 1923/1/1797 273/1/245 1891/1/1765 4236/1/4030
f 4236/1/4030 1891/1/1765 32/1/32 1449/1/1383
f 1460/1/1394 4236/1/4030 1449/1/1383 24/1/24
f 268/1/240 1932/1/1806 4237/1/4031 1459/1/1393
f 1932/1/1806 267/1/239 1458/1/1392 4237/1/4031
f 4237/1/4031 1458/1/1392 22/1/22 1450/1/1384
f 1459/1/1393 4237/1/4031 1450/1/1384 23/1/23
f 267/1/239 1931/1/1805 4238/1/4032 1458/1/1392
f 1931/1/1805 266/1/238 1457/1/1391 4238/1/4032
f 4238/1/4032 1457/1/1391 21/1/21 1451/1/1385
f 1458/1/1392 4238/1/4032 1451/1/1385 22/1/22
f 266/1/238 1930/1/1804 4239/1/4033 1457/1/1391
f 1930/1/1804 689/1/657 2704/1/2572 4239/1/4033
f 4239/1/4033 2704/1/2572 675/1/643 1452/1/1386
f 1457/1/1391 4239/1/4033 1452/1/1386 21/1/21
f 265/1/237 1929/1/1803 4240/1/4034 1456/1/1390
f 1929/1/1803 264/1/236 1455/1/1389 4240/1/4034
f 4240/1/4034 1455/1/1389 19/1/19 1453/1/1387
f 1456/1/1390 4240/1/4034 1453/1/1387 20/1/20
f 264/1/236 1928/1/1802 4241/1/4035 1455/1/1389
f 1928/1/1802 263/1/235 1889/1/1763 4241/1/4035
f 4241/1/4035 1889/1/1763 30/1/30 1454/1/1388
f 1455/1/1389 4241/1/4035 1454/1/1388 19/1/19
f 50/1/50 1500/1/1434 4242/1/4036 1516/1/1450
f 1500/1/1434 63/1/63 1499/1/1433 4242/1/4036
f 4242/1/4036 1499/1/1433 48/1/48 1470/1/1404
f 1516/1/1450 4242/1/4036 1470/1/1404 35/1/35
f 63/1/63 1501/1/1435 4243/1/4037 1499/1/1433
f 1501/1/1435 62/1/62 1498/1/1432 4243/1/4037
f 4243/1/4037 1498/1/1432 47/1/47 1471/1/1405
f 1499/1/1433 4243/1/4037 1471/1/1405 48/1/48
f 49/1/49 1502/1/1436 4244/1/4038 1515/1/1449
f 1502/1/1436 61/1/61 1497/1/1431 4244/1/4038
f 4244/1/4038 1497/1/1431 46/1/46 1472/1/1406
f 1515/1/1449 4244/1/4038 1472/1/1406 34/1/34
f 62/1/62 1503/1/1437 4245/1/4039 1498/1/1432
f 1503/1/1437 60/1/60 1496/1/1430 4245/1/4039
f 4245/1/4039 1496/1/1430 45/1/45 1473/1/1407
f 1498/1/1432 4245/1/4039 1473/1/1407 47/1/47
f 61/1/61 1504/1/1438 4246/1/4040 1497/1/1431
f 1504/1/1438 59/1/59 1495/1/1429 4246/1/4040
f 4246/1/4040 1495/1/1429 44/1/44 1474/1/1408
f 1497/1/1431 4246/1/4040 1474/1/1408 46/1/46
f 60/1/60 1505/1/1439 4247/1/4041 1496/1/1430
f 1505/1/1439 58/1/58 1494/1/1428 4247/1/4041
f 4247/1/4041 1494/1/1428 43/1/43 1475/1/1409
f 1496/1/1430 4247/1/4041 1475/1/1409 45/1/45
f 59/1/59 1506/1/1440 4248/1/4042 1495/1/1429
f 1506/1/1440 57/1/57 1493/1/1427 4248/1/4042
f 4248/1/4042 1493/1/1427 42/1/42 1476/1/1410
f 1495/1/1429 4248/1/4042 1476/1/1410 44/1/44
f 58/1/58 1507/1/1441 4249/1/4043 1494/1/1428
f 1507/1/1441 56/1/56 1492/1/1426 4249/1/4043
f 4249/1/4043 1492/1/1426 41/1/41 1477/1/1411
f 1494/1/1428 4249/1/4043 1477/1/1411 43/1/43
f 57/1/57 1508/1/1442 4250/1/4044 1493/1/1427
f 1508/1/1442 55/1/55 1491/1/1425 4250/1/4044
f 4250/1/4044 1491/1/1425 40/1/40 1478/1/1412
f 1493/1/1427 4250/1/4044 1478/1/1412 42/1/42
f 56/1/56 1509/1/1443 4251/1/4045 1492/1/1426
f 1509/1/1443 54/1/54 1490/1/1424 4251/1/4045
f 4251/1/4045 1490/1/1424 39/1/39 1479/1/1413
f 1492/1/1426 4251/1/4045 1479/1/1413 41/1/41
f 55/1/55 1510/1/1444 4252/1/4046 1491/1/1425
f 1510/1/1444 53/1/53 1489/1/1423 4252/1/4046
f 4252/1/4046 1489/1/1423 38/1/38 1480/1/1414
f 1491/1/1425 4252/1/4046 1480/1/1414 40/1/40
f 54/1/54 1511/1/1445 4253/1/4047 1490/1/1424
f 1511/1/1445 49/1/49 1515/1/1449 4253/1/4047
f 4253/1/4047 1515/1/1449 34/1/34 1481/1/1415
f 1490/1/1424 4253/1/4047 1481/1/1415 39/1/39
f 53/1/53 1512/1/1446 4254/1/4048 1489/1/1423
f 1512/1/1446 52/1/52 1488/1/1422 4254/1/4048
f 4254/1/4048 1488/1/1422 37/1/37 1482/1/1416
f 1489/1/1423 4254/1/4048 1482/1/1416 38/1/38
f 52/1/52 1513/1/1447 4255/1/4049 1488/1/1422
f 1513/1/1447 51/1/51 1487/1/1421 4255/1/4049
f 4255/1/4049 1487/1/1421 36/1/36 1483/1/1417
f 1488/1/1422 4255/1/4049 1483/1/1417 37/1/37
f 51/1/51 1514/1/1448 4256/1/4050 1487/1/1421
f 1514/1/1448 681/1/649 2694/1/2562 4256/1/4050
f 4256/1/4050 2694/1/2562 680/1/648 1484/1/1418
f 1487/1/1421 4256/1/4050 1484/1/1418 36/1/36
f 77/1/77 1530/1/1464 4257/1/4051 1558/1/1492
f 1530/1/1464 78/1/78 1529/1/1463 4257/1/4051
f 4257/1/4051 1529/1/1463 63/1/63 1500/1/1434
f 1558/1/1492 4257/1/4051 1500/1/1434 50/1/50
f 78/1/78 1531/1/1465 4258/1/4052 1529/1/1463
f 1531/1/1465 76/1/76 1528/1/1462 4258/1/4052
f 4258/1/4052 1528/1/1462 62/1/62 1501/1/1435
f 1529/1/1463 4258/1/4052 1501/1/1435 63/1/63
f 74/1/74 1532/1/1466 4259/1/4053 1555/1/1489
f 1532/1/1466 75/1/75 1527/1/1461 4259/1/4053
f 4259/1/4053 1527/1/1461 61/1/61 1502/1/1436
f 1555/1/1489 4259/1/4053 1502/1/1436 49/1/49
f 76/1/76 1533/1/1467 4260/1/4054 1528/1/1462
f 1533/1/1467 73/1/73 1526/1/1460 4260/1/4054
f 4260/1/4054 1526/1/1460 60/1/60 1503/1/1437
f 1528/1/1462 4260/1/4054 1503/1/1437 62/1/62
f 75/1/75 1534/1/1468 4261/1/4055 1527/1/1461
f 1534/1/1468 72/1/72 1525/1/1459 4261/1/4055
f 4261/1/4055 1525/1/1459 59/1/59 1504/1/1438
f 1527/1/1461 4261/1/4055 1504/1/1438 61/1/61
f 73/1/73 1535/1/1469 4262/1/4056 1526/1/1460
f 1535/1/1469 71/1/71 1524/1/1458 4262/1/4056
f 4262/1/4056 1524/1/1458 58/1/58 1505/1/1439
f 1526/1/1460 4262/1/4056 1505/1/1439 60/1/60
f 72/1/72 1536/1/1470 4263/1/4057 1525/1/1459
f 1536/1/1470 70/1/70 1523/1/1457 4263/1/4057
f 4263/1/4057 1523/1/1457 57/1/57 1506/1/1440
f 1525/1/1459 4263/1/4057 1506/1/1440 59/1/59
f 71/1/71 1537/1/1471 4264/1/4058 1524/1/1458
f 1537/1/1471 69/1/69 1522/1/1456 4264/1/4058
f 4264/1/4058 1522/1/1456 56/1/56 1507/1/1441
f 1524/1/1458 4264/1/4058 1507/1/1441 58/1/58
f 70/1/70 1538/1/1472 4265/1/4059 1523/1/1457
f 1538/1/1472 68/1/68 1521/1/1455 4265/1/4059
f 4265/1/4059 1521/1/1455 55/1/55 1508/1/1442
f 1523/1/1457 4265/1/4059 1508/1/1442 57/1/57
f 69/1/69 1539/1/1473 4266/1/4060 1522/1/1456
f 1539/1/1473 67/1/67 1520/1/1454 4266/1/4060
f 4266/1/4060 1520/1/1454 54/1/54 1509/1/1443
f 1522/1/1456 4266/1/4060 1509/1/1443 56/1/56
f 68/1/68 1540/1/1474 4267/1/4061 1521/1/1455
f 1540/1/1474 66/1/66 1519/1/1453 4267/1/4061
f 4267/1/4061 1519/1/1453 53/1/53 1510/1/1444
f 1521/1/1455 4267/1/4061 1510/1/1444 55/1/55
f 67/1/67 1541/1/1475 4268/1/4062 1520/1/1454
f 1541/1/1475 74/1/74 1555/1/1489 4268/1/4062
f 4268/1/4062 1555/1/1489 49/1/49 1511/1/1445
f 1520/1/1454 4268/1/4062 1511/1/1445 54/1/54
f 66/1/66 1542/1/1476 4269/1/4063 1519/1/1453
f 1542/1/1476 65/1/65 1518/1/1452 4269/1/4063
f 4269/1/4063 1518/1/1452 52/1/52 1512/1/1446
f 1519/1/1453 4269/1/4063 1512/1/1446 53/1/53
f 65/1/65 1543/1/1477 4270/1/4064 1518/1/1452
f 1543/1/1477 64/1/64 1517/1/1451 4270/1/4064
f 4270/1/4064 1517/1/1451 51/1/51 1513/1/1447
f 1518/1/1452 4270/1/4064 1513/1/1447 52/1/52
f 64/1/64 1544/1/1478 4271/1/4065 1517/1/1451
f 1544/1/1478 682/1/650 2695/1/2563 4271/1/4065
f 4271/1/4065 2695/1/2563 681/1/649 1514/1/1448
f 1517/1/1451 4271/1/4065 1514/1/1448 51/1/51
f 340/1/312 2079/1/1952 4272/1/4066 2041/1/1915
f 2079/1/1952 339/1/311 1559/1/1493 4272/1/4066
f 4272/1/4066 1559/1/1493 78/1/78 1530/1/1464
f 2041/1/1915 4272/1/4066 1530/1/1464 77/1/77
f 339/1/311 2078/1/1951 4273/1/4067 1559/1/1493
f 2078/1/1951 338/1/310 1557/1/1491 4273/1/4067
f 4273/1/4067 1557/1/1491 76/1/76 1531/1/1465
f 1559/1/1493 4273/1/4067 1531/1/1465 78/1/78
f 348/1/320 2087/1/1960 4274/1/4068 2038/1/1912
f 2087/1/1960 347/1/319 1556/1/1490 4274/1/4068
f 4274/1/4068 1556/1/1490 75/1/75 1532/1/1466
f 2038/1/1912 4274/1/4068 1532/1/1466 74/1/74
f 338/1/310 2077/1/1950 4275/1/4069 1557/1/1491
f 2077/1/1950 337/1/309 1554/1/1488 4275/1/4069
f 4275/1/4069 1554/1/1488 73/1/73 1533/1/1467
f 1557/1/1491 4275/1/4069 1533/1/1467 76/1/76
f 347/1/319 2086/1/1959 4276/1/4070 1556/1/1490
f 2086/1/1959 346/1/318 1553/1/1487 4276/1/4070
f 4276/1/4070 1553/1/1487 72/1/72 1534/1/1468
f 1556/1/1490 4276/1/4070 1534/1/1468 75/1/75
f 337/1/309 2076/1/1949 4277/1/4071 1554/1/1488
f 2076/1/1949 336/1/308 1552/1/1486 4277/1/4071
f 4277/1/4071 1552/1/1486 71/1/71 1535/1/1469
f 1554/1/1488 4277/1/4071 1535/1/1469 73/1/73
f 346/1/318 2085/1/1958 4278/1/4072 1553/1/1487
f 2085/1/1958 345/1/317 1551/1/1485 4278/1/4072
f 4278/1/4072 1551/1/1485 70/1/70 1536/1/1470
f 1553/1/1487 4278/1/4072 1536/1/1470 72/1/72
f 336/1/308 2075/1/1948 4279/1/4073 1552/1/1486
f 2075/1/1948 335/1/307 1550/1/1484 4279/1/4073
f 4279/1/4073 1550/1/1484 69/1/69 1537/1/1471
f 1552/1/1486 4279/1/4073 1537/1/1471 71/1/71
f 345/1/317 2084/1/1957 4280/1/4074 1551/1/1485
f 2084/1/1957 344/1/316 1549/1/1483 4280/1/4074
f 4280/1/4074 1549/1/1483 68/1/68 1538/1/1472
f 1551/1/1485 4280/1/4074 1538/1/1472 70/1/70
f 335/1/307 2074/1/1947 4281/1/4075 1550/1/1484
f 2074/1/1947 334/1/306 1548/1/1482 4281/1/4075
f 4281/1/4075 1548/1/1482 67/1/67 1539/1/1473
f 1550/1/1484 4281/1/4075 1539/1/1473 69/1/69
f 344/1/316 2083/1/1956 4282/1/4076 1549/1/1483
f 2083/1/1956 343/1/315 1547/1/1481 4282/1/4076
f 4282/1/4076 1547/1/1481 66/1/66 1540/1/1474
f 1549/1/1483 4282/1/4076 1540/1/1474 68/1/68
f 334/1/306 2073/1/1946 4283/1/4077 1548/1/1482
f 2073/1/1946 348/1/320 2038/1/1912 4283/1/4077
f 4283/1/4077 2038/1/1912 74/1/74 1541/1/1475
f 1548/1/1482 4283/1/4077 1541/1/1475 67/1/67
f 343/1/315 2082/1/1955 4284/1/4078 1547/1/1481
f 2082/1/1955 342/1/314 1546/1/1480 4284/1/4078
f 4284/1/4078 1546/1/1480 65/1/65 1542/1/1476
f 1547/1/1481 4284/1/4078 1542/1/1476 66/1/66
f 342/1/314 2081/1/1954 4285/1/4079 1546/1/1480
f 2081/1/1954 341/1/313 1545/1/1479 4285/1/4079
f 4285/1/4079 1545/1/1479 64/1/64 1543/1/1477
f 1546/1/1480 4285/1/4079 1543/1/1477 65/1/65
f 341/1/313 2080/1/1953 4286/1/4080 1545/1/1479
f 2080/1/1953 683/1/651 2696/1/2564 4286/1/4080
f 4286/1/4080 2696/1/2564 682/1/650 1544/1/1478
f 1545/1/1479 4286/1/4080 1544/1/1478 64/1/64
f 534/1/506 2468/1/2341 4287/1/4081 2431/1/2304
f 2468/1/2341 533/1/505 1589/1/1523 4287/1/4081
f 4287/1/4081 1589/1/1523 93/1/93 1560/1/1494
f 2431/1/2304 4287/1/4081 1560/1/1494 92/1/92
f 543/1/515 2477/1/2350 4288/1/4082 2429/1/2302
f 2477/1/2350 542/1/514 1587/1/1521 4288/1/4082
f 4288/1/4082 1587/1/1521 91/1/91 1561/1/1495
f 2429/1/2302 4288/1/4082 1561/1/1495 90/1/90
f 533/1/505 2467/1/2340 4289/1/4083 1589/1/1523
f 2467/1/2340 532/1/504 1585/1/1519 4289/1/4083
f 4289/1/4083 1585/1/1519 89/1/89 1562/1/1496
f 1589/1/1523 4289/1/4083 1562/1/1496 93/1/93
f 542/1/514 2476/1/2349 4290/1/4084 1587/1/1521
f 2476/1/2349 541/1/513 1584/1/1518 4290/1/4084
f 4290/1/4084 1584/1/1518 88/1/88 1563/1/1497
f 1587/1/1521 4290/1/4084 1563/1/1497 91/1/91
f 532/1/504 2466/1/2339 4291/1/4085 1585/1/1519
f 2466/1/2339 531/1/503 1583/1/1517 4291/1/4085
f 4291/1/4085 1583/1/1517 87/1/87 1564/1/1498
f 1585/1/1519 4291/1/4085 1564/1/1498 89/1/89
f 541/1/513 2475/1/2348 4292/1/4086 1584/1/1518
f 2475/1/2348 540/1/512 1582/1/1516 4292/1/4086
f 4292/1/4086 1582/1/1516 86/1/86 1565/1/1499
f 1584/1/1518 4292/1/4086 1565/1/1499 88/1/88
f 531/1/503 2465/1/2338 4293/1/4087 1583/1/1517
f 2465/1/2338 530/1/502 1581/1/1515 4293/1/4087
f 4293/1/4087 1581/1/1515 85/1/85 1566/1/1500
f 1583/1/1517 4293/1/4087 1566/1/1500 87/1/87
f 540/1/512 2474/1/2347 4294/1/4088 1582/1/1516
f 2474/1/2347 539/1/511 1580/1/1514 4294/1/4088
f 4294/1/4088 1580/1/1514 84/1/84 1567/1/1501
f 1582/1/1516 4294/1/4088 1567/1/1501 86/1/86
f 530/1/502 2464/1/2337 4295/1/4089 1581/1/1515
f 2464/1/2337 529/1/501 1579/1/1513 4295/1/4089
f 4295/1/4089 1579/1/1513 83/1/83 1568/1/1502
f 1581/1/1515 4295/1/4089 1568/1/1502 85/1/85
f 539/1/511 2473/1/2346 4296/1/4090 1580/1/1514
f 2473/1/2346 538/1/510 1578/1/1512 4296/1/4090
f 4296/1/4090 1578/1/1512 82/1/82 1569/1/1503
f 1580/1/1514 4296/1/4090 1569/1/1503 84/1/84
f 529/1/501 2463/1/2336 4297/1/4091 1579/1/1513
f 2463/1/2336 543/1/515 2429/1/2302 4297/1/4091
f 4297/1/4091 2429/1/2302 90/1/90 1570/1/1504
f 1579/1/1513 4297/1/4091 1570/1/1504 83/1/83
f 538/1/510 2472/1/2345 4298/1/4092 1578/1/1512
f 2472/1/2345 537/1/509 1577/1/1511 4298/1/4092
f 4298/1/4092 1577/1/1511 81/1/81 1571/1/1505
f 1578/1/1512 4298/1/4092 1571/1/1505 82/1/82
f 537/1/509 2471/1/2344 4299/1/4093 1577/1/1511
f 2471/1/2344 536/1/508 1576/1/1510 4299/1/4093
f 4299/1/4093 1576/1/1510 80/1/80 1572/1/1506
f 1577/1/1511 4299/1/4093 1572/1/1506 81/1/81
f 536/1/508 2470/1/2343 4300/1/4094 1576/1/1510
f 2470/1/2343 710/1/678 2725/1/2593 4300/1/4094
f 4300/1/4094 2725/1/2593 709/1/677 1573/1/1507
f 1576/1/1510 4300/1/4094 1573/1/1507 80/1/80
f 535/1/507 2469/1/2342 4301/1/4095 1575/1/1509
f 2469/1/2342 534/1/506 2431/1/2304 4301/1/4095
f 4301/1/4095 2431/1/2304 92/1/92 1574/1/1508
f 1575/1/1509 4301/1/4095 1574/1/1508 79/1/79
f 550/1/522 2499/1/2372 4302/1/4096 1619/1/1553
f 2499/1/2372 549/1/521 1618/1/1552 4302/1/4096
f 4302/1/4096 1618/1/1552 107/1/107 1590/1/1524
f 1619/1/1553 4302/1/4096 1590/1/1524 108/1/108
f 549/1/521 2498/1/2371 4303/1/4097 1618/1/1552
f 2498/1/2371 548/1/520 1617/1/1551 4303/1/4097
f 4303/1/4097 1617/1/1551 106/1/106 1591/1/1525
f 1618/1/1552 4303/1/4097 1591/1/1525 107/1/107
f 558/1/530 2507/1/2380 4304/1/4098 2458/1/2331
f 2507/1/2380 557/1/529 1616/1/1550 4304/1/4098
f 4304/1/4098 1616/1/1550 105/1/105 1592/1/1526
f 2458/1/2331 4304/1/4098 1592/1/1526 104/1/104
f 548/1/520 2497/1/2370 4305/1/4099 1617/1/1551
f 2497/1/2370 547/1/519 1614/1/1548 4305/1/4099
f 4305/1/4099 1614/1/1548 103/1/103 1593/1/1527
f 1617/1/1551 4305/1/4099 1593/1/1527 106/1/106
f 557/1/529 2506/1/2379 4306/1/4100 1616/1/1550
f 2506/1/2379 556/1/528 1613/1/1547 4306/1/4100
f 4306/1/4100 1613/1/1547 102/1/102 1594/1/1528
f 1616/1/1550 4306/1/4100 1594/1/1528 105/1/105
f 547/1/519 2496/1/2369 4307/1/4101 1614/1/1548
f 2496/1/2369 546/1/518 1612/1/1546 4307/1/4101
f 4307/1/4101 1612/1/1546 101/1/101 1595/1/1529
f 1614/1/1548 4307/1/4101 1595/1/1529 103/1/103
f 556/1/528 2505/1/2378 4308/1/4102 1613/1/1547
f 2505/1/2378 555/1/527 1611/1/1545 4308/1/4102
f 4308/1/4102 1611/1/1545 100/1/100 1596/1/1530
f 1613/1/1547 4308/1/4102 1596/1/1530 102/1/102
f 546/1/518 2495/1/2368 4309/1/4103 1612/1/1546
f 2495/1/2368 545/1/517 1610/1/1544 4309/1/4103
f 4309/1/4103 1610/1/1544 99/1/99 1597/1/1531
f 1612/1/1546 4309/1/4103 1597/1/1531 101/1/101
f 555/1/527 2504/1/2377 4310/1/4104 1611/1/1545
f 2504/1/2377 554/1/526 1609/1/1543 4310/1/4104
f 4310/1/4104 1609/1/1543 98/1/98 1598/1/1532
f 1611/1/1545 4310/1/4104 1598/1/1532 100/1/100
f 545/1/517 2494/1/2367 4311/1/4105 1610/1/1544
f 2494/1/2367 544/1/516 1608/1/1542 4311/1/4105
f 4311/1/4105 1608/1/1542 97/1/97 1599/1/1533
f 1610/1/1544 4311/1/4105 1599/1/1533 99/1/99
f 554/1/526 2503/1/2376 4312/1/4106 1609/1/1543
f 2503/1/2376 553/1/525 1607/1/1541 4312/1/4106
f 4312/1/4106 1607/1/1541 96/1/96 1600/1/1534
f 1609/1/1543 4312/1/4106 1600/1/1534 98/1/98
f 544/1/516 2493/1/2366 4313/1/4107 1608/1/1542
f 2493/1/2366 558/1/530 2458/1/2331 4313/1/4107
f 4313/1/4107 2458/1/2331 104/1/104 1601/1/1535
f 1608/1/1542 4313/1/4107 1601/1/1535 97/1/97
f 553/1/525 2502/1/2375 4314/1/4108 1607/1/1541
f 2502/1/2375 552/1/524 1606/1/1540 4314/1/4108
f 4314/1/4108 1606/1/1540 95/1/95 1602/1/1536
f 1607/1/1541 4314/1/4108 1602/1/1536 96/1/96
f 552/1/524 2501/1/2374 4315/1/4109 1606/1/1540
f 2501/1/2374 551/1/523 1605/1/1539 4315/1/4109
f 4315/1/4109 1605/1/1539 94/1/94 1603/1/1537
f 1606/1/1540 4315/1/4109 1603/1/1537 95/1/95
f 551/1/523 2500/1/2373 4316/1/4110 1605/1/1539
f 2500/1/2373 644/1/616 2655/1/2528 4316/1/4110
f 4316/1/4110 2655/1/2528 641/1/613 1604/1/1538
f 1605/1/1539 4316/1/4110 1604/1/1538 94/1/94
f 125/1/125 1650/1/1584 4317/1/4111 1666/1/1600
f 1650/1/1584 138/1/138 1649/1/1583 4317/1/4111
f 4317/1/4111 1649/1/1583 123/1/123 1620/1/1554
f 1666/1/1600 4317/1/4111 1620/1/1554 110/1/110
f 124/1/124 1651/1/1585 4318/1/4112 1665/1/1599
f 1651/1/1585 137/1/137 1648/1/1582 4318/1/4112
f 4318/1/4112 1648/1/1582 122/1/122 1621/1/1555
f 1665/1/1599 4318/1/4112 1621/1/1555 109/1/109
f 138/1/138 1652/1/1586 4319/1/4113 1649/1/1583
f 1652/1/1586 136/1/136 1647/1/1581 4319/1/4113
f 4319/1/4113 1647/1/1581 121/1/121 1622/1/1556
f 1649/1/1583 4319/1/4113 1622/1/1556 123/1/123
f 137/1/137 1653/1/1587 4320/1/4114 1648/1/1582
f 1653/1/1587 135/1/135 1646/1/1580 4320/1/4114
f 4320/1/4114 1646/1/1580 120/1/120 1623/1/1557
f 1648/1/1582 4320/1/4114 1623/1/1557 122/1/122
f 136/1/136 1654/1/1588 4321/1/4115 1647/1/1581
f 1654/1/1588 134/1/134 1645/1/1579 4321/1/4115
f 4321/1/4115 1645/1/1579 119/1/119 1624/1/1558
f 1647/1/1581 4321/1/4115 1624/1/1558 121/1/121
f 134/1/134 1655/1/1589 4322/1/4116 1645/1/1579
f 1655/1/1589 133/1/133 1644/1/1578 4322/1/4116
f 4322/1/4116 1644/1/1578 118/1/118 1625/1/1559
f 1645/1/1579 4322/1/4116 1625/1/1559 119/1/119
f 133/1/133 1656/1/1590 4323/1/4117 1644/1/1578
f 1656/1/1590 649/1/621 2662/1/2535 4323/1/4117
f 4323/1/4117 2662/1/2535 645/1/617 1626/1/1560
f 1644/1/1578 4323/1/4117 1626/1/1560 118/1/118
f 132/1/132 1657/1/1591 4324/1/4118 1643/1/1577
f 1657/1/1591 131/1/131 1642/1/1576 4324/1/4118
f 4324/1/4118 1642/1/1576 116/1/116 1627/1/1561
f 1643/1/1577 4324/1/4118 1627/1/1561 117/1/117
f 131/1/131 1658/1/1592 4325/1/4119 1642/1/1576
f 1658/1/1592 130/1/130 1641/1/1575 4325/1/4119
f 4325/1/4119 1641/1/1575 115/1/115 1628/1/1562
f 1642/1/1576 4325/1/4119 1628/1/1562 116/1/116
f 135/1/135 1659/1/1593 4326/1/4120 1646/1/1580
f 1659/1/1593 129/1/129 1640/1/1574 4326/1/4120
f 4326/1/4120 1640/1/1574 114/1/114 1629/1/1563
f 1646/1/1580 4326/1/4120 1629/1/1563 120/1/120
f 130/1/130 1660/1/1594 4327/1/4121 1641/1/1575
f 1660/1/1594 128/1/128 1639/1/1573 4327/1/4121
f 4327/1/4121 1639/1/1573 113/1/113 1630/1/1564
f 1641/1/1575 4327/1/4121 1630/1/1564 115/1/115
f 129/1/129 1661/1/1595 4328/1/4122 1640/1/1574
f 1661/1/1595 127/1/127 1638/1/1572 4328/1/4122
f 4328/1/4122 1638/1/1572 112/1/112 1631/1/1565
f 1640/1/1574 4328/1/4122 1631/1/1565 114/1/114
f 128/1/128 1662/1/1596 4329/1/4123 1639/1/1573
f 1662/1/1596 126/1/126 1637/1/1571 4329/1/4123
f 4329/1/4123 1637/1/1571 111/1/111 1632/1/1566
f 1639/1/1573 4329/1/4123 1632/1/1566 113/1/113
f 127/1/127 1663/1/1597 4330/1/4124 1638/1/1572
f 1663/1/1597 125/1/125 1666/1/1600 4330/1/4124
f 4330/1/4124 1666/1/1600 110/1/110 1633/1/1567
f 1638/1/1572 4330/1/4124 1633/1/1567 112/1/112
f 126/1/126 1664/1/1598 4331/1/4125 1637/1/1571
f 1664/1/1598 124/1/124 1665/1/1599 4331/1/4125
f 4331/1/4125 1665/1/1599 109/1/109 1634/1/1568
f 1637/1/1571 4331/1/4125 1634/1/1568 111/1/111
f 602/1/574 2568/1/2441 4332/1/4126 2596/1/2469
f 2568/1/2441 603/1/575 1679/1/1613 4332/1/4126
f 4332/1/4126 1679/1/1613 138/1/138 1650/1/1584
f 2596/1/2469 4332/1/4126 1650/1/1584 125/1/125
f 600/1/572 2569/1/2442 4333/1/4127 2594/1/2467
f 2569/1/2442 601/1/573 1678/1/1612 4333/1/4127
f 4333/1/4127 1678/1/1612 137/1/137 1651/1/1585
f 2594/1/2467 4333/1/4127 1651/1/1585 124/1/124
f 603/1/575 2570/1/2443 4334/1/4128 1679/1/1613
f 2570/1/2443 599/1/571 1677/1/1611 4334/1/4128
f 4334/1/4128 1677/1/1611 136/1/136 1652/1/1586
f 1679/1/1613 4334/1/4128 1652/1/1586 138/1/138
f 601/1/573 2571/1/2444 4335/1/4129 1678/1/1612
f 2571/1/2444 598/1/570 1676/1/1610 4335/1/4129
f 4335/1/4129 1676/1/1610 135/1/135 1653/1/1587
f 1678/1/1612 4335/1/4129 1653/1/1587 137/1/137
f 599/1/571 2572/1/2445 4336/1/4130 1677/1/1611
f 2572/1/2445 597/1/569 1675/1/1609 4336/1/4130
f 4336/1/4130 1675/1/1609 134/1/134 1654/1/1588
f 1677/1/1611 4336/1/4130 1654/1/1588 136/1/136
f 597/1/569 2573/1/2446 4337/1/4131 1675/1/1609
f 2573/1/2446 596/1/568 1674/1/1608 4337/1/4131
f 4337/1/4131 1674/1/1608 133/1/133 1655/1/1589
f 1675/1/1609 4337/1/4131 1655/1/1589 134/1/134
f 596/1/568 2574/1/2447 4338/1/4132 1674/1/1608
f 2574/1/2447 650/1/622 2663/1/2536 4338/1/4132
f 4338/1/4132 2663/1/2536 649/1/621 1656/1/1590
f 1674/1/1608 4338/1/4132 1656/1/1590 133/1/133
f 595/1/567 2575/1/2448 4339/1/4133 1673/1/1607
f 2575/1/2448 594/1/566 1672/1/1606 4339/1/4133
f 4339/1/4133 1672/1/1606 131/1/131 1657/1/1591
f 1673/1/1607 4339/1/4133 1657/1/1591 132/1/132
f 594/1/566 2576/1/2449 4340/1/4134 1672/1/1606
f 2576/1/2449 593/1/565 1671/1/1605 4340/1/4134
f 4340/1/4134 1671/1/1605 130/1/130 1658/1/1592
f 1672/1/1606 4340/1/4134 1658/1/1592 131/1/131
f 598/1/570 2577/1/2450 4341/1/4135 1676/1/1610
f 2577/1/2450 592/1/564 1670/1/1604 4341/1/4135
f 4341/1/4135 1670/1/1604 129/1/129 1659/1/1593
f 1676/1/1610 4341/1/4135 1659/1/1593 135/1/135
f 593/1/565 2578/1/2451 4342/1/4136 1671/1/1605
f 2578/1/2451 591/1/563 1669/1/1603 4342/1/4136
f 4342/1/4136 1669/1/1603 128/1/128 1660/1/1594
f 1671/1/1605 4342/1/4136 1660/1/1594 130/1/130
f 592/1/564 2579/1/2452 4343/1/4137 1670/1/1604
f 2579/1/2452 590/1/562 1668/1/1602 4343/1/4137
f 4343/1/4137 1668/1/1602 127/1/127 1661/1/1595
f 1670/1/1604 4343/1/4137 1661/1/1595 129/1/129
f 591/1/563 2580/1/2453 4344/1/4138 1669/1/1603
f 2580/1/2453 589/1/561 1667/1/1601 4344/1/4138
f 4344/1/4138 1667/1/1601 126/1/126 1662/1/1596
f 1669/1/1603 4344/1/4138 1662/1/1596 128/1/128
f 590/1/562 2581/1/2454 4345/1/4139 1668/1/1602
f 2581/1/2454 602/1/574 2596/1/2469 4345/1/4139
f 4345/1/4139 2596/1/2469 125/1/125 1663/1/1597
f 1668/1/1602 4345/1/4139 1663/1/1597 127/1/127
f 589/1/561 2582/1/2455 4346/1/4140 1667/1/1601
f 2582/1/2455 600/1/572 2594/1/2467 4346/1/4140
f 4346/1/4140 2594/1/2467 124/1/124 1664/1/1598
f 1667/1/1601 4346/1/4140 1664/1/1598 126/1/126
f 4347/1/4141 1694/1/1628 152/1/139 1713/1/139
f 1680/1/1614 4347/1/4141 1713/1/139 139/1/139
f 4348/1/4142 1680/1/1614 139/1/139 1714/1/139
f 1681/1/1615 4348/1/4142 1714/1/139 140/1/139
f 4349/1/4143 1681/1/1615 140/1/139 1715/1/139
f 1682/1/1616 4349/1/4143 1715/1/139 141/1/139
f 4350/1/4144 1682/1/1616 141/1/139 1716/1/139
f 1683/1/1617 4350/1/4144 1716/1/139 142/1/139
f 4351/1/4145 1683/1/1617 142/1/139 1717/1/139
f 1684/1/1618 4351/1/4145 1717/1/139 143/1/139
f 4352/1/4146 1684/1/1618 143/1/139 1718/1/139
f 1685/1/1619 4352/1/4146 1718/1/139 144/1/139
f 4353/1/4147 1685/1/1619 144/1/139 1719/1/139
f 1686/1/1620 4353/1/4147 1719/1/139 145/1/139
f 4354/1/4148 2667/1/2539 653/1/139 1720/1/139
f 1687/1/1621 4354/1/4148 1720/1/139 146/1/139
f 4355/1/4149 1687/1/1621 146/1/139 1721/1/139
f 1688/1/1622 4355/1/4149 1721/1/139 147/1/139
f 4356/1/4150 1688/1/1622 147/1/139 1722/1/139
f 1689/1/1623 4356/1/4150 1722/1/139 148/1/139
f 4357/1/4151 1689/1/1623 148/1/139 1723/1/139
f 1690/1/1624 4357/1/4151 1723/1/139 149/1/139
f 4358/1/4152 1690/1/1624 149/1/139 1724/1/139
f 1691/1/1625 4358/1/4152 1724/1/139 150/1/139
f 4359/1/4153 1691/1/1625 150/1/139 1725/1/139
f 1692/1/1626 4359/1/4153 1725/1/139 151/1/139
f 4360/1/4154 1692/1/1626 151/1/139 1726/1/139
f 1693/1/1627 4360/1/4154 1726/1/139 153/1/139
f 4361/1/4155 1693/1/1627 153/1/139 1727/1/139
f 1694/1/1628 4361/1/4155 1727/1/139 152/1/139
f 139/1/139 1713/1/139 4362/1/139 1698/1/139
f 1713/1/139 152/1/139 1712/1/139 4362/1/139
f 4362/1/139 1712/1/139 167/1/153 1743/1/1647
f 1698/1/139 4362/1/139 1743/1/1647 154/1/140
f 140/1/139 1714/1/139 4363/1/139 1699/1/139
f 1714/1/139 139/1/139 1698/1/139 4363/1/139
f 4363/1/139 1698/1/139 154/1/140 1744/1/1648
f 1699/1/139 4363/1/139 1744/1/1648 155/1/141
f 141/1/139 1715/1/139 4364/1/139 1700/1/139
f 1715/1/139 140/1/139 1699/1/139 4364/1/139
f 4364/1/139 1699/1/139 155/1/141 1745/1/1649
f 1700/1/139 4364/1/139 1745/1/1649 156/1/142
f 142/1/139 1716/1/139 4365/1/139 1701/1/139
f 1716/1/139 141/1/139 1700/1/139 4365/1/139
f 4365/1/139 1700/1/139 156/1/142 1746/1/1650
f 1701/1/139 4365/1/139 1746/1/1650 157/1/143
f 143/1/139 1717/1/139 4366/1/139 1702/1/139
f 1717/1/139 142/1/139 1701/1/139 4366/1/139
f 4366/1/139 1701/1/139 157/1/143 1747/1/1651
f 1702/1/139 4366/1/139 1747/1/1651 158/1/144
f 144/1/139 1718/1/139 4367/1/139 1703/1/139
f 1718/1/139 143/1/139 1702/1/139 4367/1/139
f 4367/1/139 1702/1/139 158/1/144 1748/1/1652
f 1703/1/139 4367/1/139 1748/1/1652 159/1/145
f 145/1/139 1719/1/139 4368/1/139 1704/1/139
f 1719/1/139 144/1/139 1703/1/139 4368/1/139
f 4368/1/139 1703/1/139 159/1/145 1749/1/1653
f 1704/1/139 4368/1/139 1749/1/1653 160/1/146
f 146/1/139 1720/1/139 4369/1/139 1705/1/139
f 1720/1/139 653/1/139 2666/1/139 4369/1/139
f 4369/1/139 2666/1/139 652/1/624 1750/1/1654
f 1705/1/139 4369/1/139 1750/1/1654 161/1/147
f 147/1/139 1721/1/139 4370/1/139 1706/1/139
f 1721/1/139 146/1/139 1705/1/139 4370/1/139
f 4370/1/139 1705/1/139 161/1/147 1751/1/1655
f 1706/1/139 4370/1/139 1751/1/1655 162/1/148
f 148/1/139 1722/1/139 4371/1/139 1707/1/139
f 1722/1/139 147/1/139 1706/1/139 4371/1/139
f 4371/1/139 1706/1/139 162/1/148 1752/1/1656
f 1707/1/139 4371/1/139 1752/1/1656 163/1/149
f 149/1/139 1723/1/139 4372/1/139 1708/1/139
f 1723/1/139 148/1/139 1707/1/139 4372/1/139
f 4372/1/139 1707/1/139 163/1/149 1753/1/1657
f 1708/1/139 4372/1/139 1753/1/1657 164/1/150
f 150/1/139 1724/1/139 4373/1/139 1709/1/139
f 1724/1/139 149/1/139 1708/1/139 4373/1/139
f 4373/1/139 1708/1/139 164/1/150 1754/1/1658
f 1709/1/139 4373/1/139 1754/1/1658 165/1/151
f 151/1/139 1725/1/139 4374/1/139 1710/1/139
f 1725/1/139 150/1/139 1709/1/139 4374/1/139
f 4374/1/139 1709/1/139 165/1/151 1755/1/1659
f 1710/1/139 4374/1/139 1755/1/1659 166/1/152
f 153/1/139 1726/1/139 4375/1/139 1711/1/139
f 1726/1/139 151/1/139 1710/1/139 4375/1/139
f 4375/1/139 1710/1/139 166/1/152 1756/1/1660
f 1711/1/139 4375/1/139 1756/1/1660 168/1/154
f 152/1/139 1727/1/139 4376/1/139 1712/1/139
f 1727/1/139 153/1/139 1711/1/139 4376/1/139
f 4376/1/139 1711/1/139 168/1/154 1757/1/1661
f 1712/1/139 4376/1/139 1757/1/1661 167/1/153
f 154/1/140 1743/1/1647 4377/1/4156 1728/1/1632
f 1743/1/1647 167/1/153 1742/1/1646 4377/1/4156
f 4377/1/4156 1742/1/1646 182/1/168 2628/1/2501
f 1728/1/1632 4377/1/4156 2628/1/2501 169/1/155
f 155/1/141 1744/1/1648 4378/1/4157 1729/1/1633
f 1744/1/1648 154/1/140 1728/1/1632 4378/1/4157
f 4378/1/4157 1728/1/1632 169/1/155 2629/1/2502
f 1729/1/1633 4378/1/4157 2629/1/2502 170/1/156
f 156/1/142 1745/1/1649 4379/1/4158 1730/1/1634
f 1745/1/1649 155/1/141 1729/1/1633 4379/1/4158
f 4379/1/4158 1729/1/1633 170/1/156 2630/1/2503
f 1730/1/1634 4379/1/4158 2630/1/2503 171/1/157
f 157/1/143 1746/1/1650 4380/1/4159 1731/1/1635
f 1746/1/1650 156/1/142 1730/1/1634 4380/1/4159
f 4380/1/4159 1730/1/1634 171/1/157 2631/1/2504
f 1731/1/1635 4380/1/4159 2631/1/2504 172/1/158
f 158/1/144 1747/1/1651 4381/1/4160 1732/1/1636
f 1747/1/1651 157/1/143 1731/1/1635 4381/1/4160
f 4381/1/4160 1731/1/1635 172/1/158 2632/1/2505
f 1732/1/1636 4381/1/4160 2632/1/2505 173/1/159
f 159/1/145 1748/1/1652 4382/1/4161 1733/1/1637
f 1748/1/1652 158/1/144 1732/1/1636 4382/1/4161
f 4382/1/4161 1732/1/1636 173/1/159 2633/1/2506
f 1733/1/1637 4382/1/4161 2633/1/2506 174/1/160
f 160/1/146 1749/1/1653 4383/1/4162 1734/1/1638
f 1749/1/1653 159/1/145 1733/1/1637 4383/1/4162
f 4383/1/4162 1733/1/1637 174/1/160 2634/1/2507
f 1734/1/1638 4383/1/4162 2634/1/2507 175/1/161
f 161/1/147 1750/1/1654 4384/1/4163 1735/1/1639
f 1750/1/1654 652/1/624 2665/1/2538 4384/1/4163
f 4384/1/4163 2665/1/2538 651/1/623 2635/1/2508
f 1735/1/1639 4384/1/4163 2635/1/2508 176/1/162
f 162/1/148 1751/1/1655 4385/1/4164 1736/1/1640
f 1751/1/1655 161/1/147 1735/1/1639 4385/1/4164
f 4385/1/4164 1735/1/1639 176/1/162 2636/1/2509
f 1736/1/1640 4385/1/4164 2636/1/2509 177/1/163
f 163/1/149 1752/1/1656 4386/1/4165 1737/1/1641
f 1752/1/1656 162/1/148 1736/1/1640 4386/1/4165
f 4386/1/4165 1736/1/1640 177/1/163 2637/1/2510
f 1737/1/1641 4386/1/4165 2637/1/2510 178/1/164
f 164/1/150 1753/1/1657 4387/1/4166 1738/1/1642
f 1753/1/1657 163/1/149 1737/1/1641 4387/1/4166
f 4387/1/4166 1737/1/1641 178/1/164 2638/1/2511
f 1738/1/1642 4387/1/4166 2638/1/2511 179/1/165
f 165/1/151 1754/1/1658 4388/1/4167 1739/1/1643
f 1754/1/1658 164/1/150 1738/1/1642 4388/1/4167
f 4388/1/4167 1738/1/1642 179/1/165 2639/1/2512
f 1739/1/1643 4388/1/4167 2639/1/2512 180/1/166
f 166/1/152 1755/1/1659 4389/1/4168 1740/1/1644
f 1755/1/1659 165/1/151 1739/1/1643 4389/1/4168
f 4389/1/4168 1739/1/1643 180/1/166 2640/1/2513
f 1740/1/1644 4389/1/4168 2640/1/2513 181/1/167
f 168/1/154 1756/1/1660 4390/1/4169 1741/1/1645
f 1756/1/1660 166/1/152 1740/1/1644 4390/1/4169
f 4390/1/4169 1740/1/1644 181/1/167 2641/1/2514
f 1741/1/1645 4390/1/4169 2641/1/2514 183/1/169
f 167/1/153 1757/1/1661 4391/1/4170 1742/1/1646
f 1757/1/1661 168/1/154 1741/1/1645 4391/1/4170
f 4391/1/4170 1741/1/1645 183/1/169 2642/1/2515
f 1742/1/1646 4391/1/4170 2642/1/2515 182/1/168
f 228/1/200 1773/1/200 4392/1/200 1771/1/200
f 1773/1/200 214/1/200 1758/1/200 4392/1/200
f 4392/1/200 1758/1/200 184/1/170 1803/1/1677
f 1771/1/200 4392/1/200 1803/1/1677 197/1/183
f 214/1/200 1774/1/200 4393/1/200 1758/1/200
f 1774/1/200 215/1/200 1759/1/200 4393/1/200
f 4393/1/200 1759/1/200 185/1/171 1804/1/1678
f 1758/1/200 4393/1/200 1804/1/1678 184/1/170
f 215/1/200 1775/1/200 4394/1/200 1759/1/200
f 1775/1/200 216/1/200 1760/1/200 4394/1/200
f 4394/1/200 1760/1/200 186/1/172 1805/1/1679
f 1759/1/200 4394/1/200 1805/1/1679 185/1/171
f 216/1/200 1776/1/200 4395/1/200 1760/1/200
f 1776/1/200 217/1/200 1761/1/200 4395/1/200
f 4395/1/200 1761/1/200 187/1/173 1806/1/1680
f 1760/1/200 4395/1/200 1806/1/1680 186/1/172
f 217/1/200 1777/1/200 4396/1/200 1761/1/200
f 1777/1/200 218/1/200 1762/1/200 4396/1/200
f 4396/1/200 1762/1/200 188/1/174 1807/1/1681
f 1761/1/200 4396/1/200 1807/1/1681 187/1/173
f 218/1/200 1778/1/200 4397/1/200 1762/1/200
f 1778/1/200 219/1/200 1763/1/200 4397/1/200
f 4397/1/200 1763/1/200 189/1/175 1808/1/1682
f 1762/1/200 4397/1/200 1808/1/1682 188/1/174
f 219/1/200 1779/1/200 4398/1/200 1763/1/200
f 1779/1/200 220/1/200 1764/1/200 4398/1/200
f 4398/1/200 1764/1/200 190/1/176 1809/1/1683
f 1763/1/200 4398/1/200 1809/1/1683 189/1/175
f 220/1/200 2746/1/200 4399/1/200 1764/1/200
f 2746/1/200 669/1/200 2686/1/200 4399/1/200
f 4399/1/200 2686/1/200 666/1/635 2744/1/2612
f 1764/1/200 4399/1/200 2744/1/2612 190/1/176
f 221/1/200 1781/1/200 4400/1/200 1765/1/200
f 1781/1/200 222/1/200 1766/1/200 4400/1/200
f 4400/1/200 1766/1/200 192/1/178 1811/1/1685
f 1765/1/200 4400/1/200 1811/1/1685 191/1/177
f 222/1/200 1782/1/200 4401/1/200 1766/1/200
f 1782/1/200 223/1/200 1767/1/200 4401/1/200
f 4401/1/200 1767/1/200 193/1/179 1812/1/1686
f 1766/1/200 4401/1/200 1812/1/1686 192/1/178
f 223/1/200 1783/1/200 4402/1/200 1767/1/200
f 1783/1/200 224/1/200 1768/1/200 4402/1/200
f 4402/1/200 1768/1/200 194/1/180 1813/1/1687
f 1767/1/200 4402/1/200 1813/1/1687 193/1/179
f 224/1/200 1784/1/200 4403/1/200 1768/1/200
f 1784/1/200 225/1/200 1769/1/200 4403/1/200
f 4403/1/200 1769/1/200 195/1/181 1814/1/1688
f 1768/1/200 4403/1/200 1814/1/1688 194/1/180
f 225/1/200 1785/1/200 4404/1/200 1769/1/200
f 1785/1/200 226/1/200 1770/1/200 4404/1/200
f 4404/1/200 1770/1/200 196/1/182 1815/1/1689
f 1769/1/200 4404/1/200 1815/1/1689 195/1/181
f 226/1/200 1786/1/200 4405/1/200 1770/1/200
f 1786/1/200 227/1/200 1772/1/200 4405/1/200
f 4405/1/200 1772/1/200 198/1/184 1816/1/1690
f 1770/1/200 4405/1/200 1816/1/1690 196/1/182
f 227/1/200 1787/1/200 4406/1/200 1772/1/200
f 1787/1/200 228/1/200 1771/1/200 4406/1/200
f 4406/1/200 1771/1/200 197/1/183 1817/1/1691
f 1772/1/200 4406/1/200 1817/1/1691 198/1/184
f 197/1/183 1803/1/1677 4407/1/4171 1801/1/1675
f 1803/1/1677 184/1/170 1788/1/1662 4407/1/4171
f 4407/1/4171 1788/1/1662 199/1/185 1833/1/1707
f 1801/1/1675 4407/1/4171 1833/1/1707 212/1/198
f 184/1/170 1804/1/1678 4408/1/4172 1788/1/1662
f 1804/1/1678 185/1/171 1789/1/1663 4408/1/4172
f 4408/1/4172 1789/1/1663 200/1/186 1834/1/1708
f 1788/1/1662 4408/1/4172 1834/1/1708 199/1/185
f 185/1/171 1805/1/1679 4409/1/4173 1789/1/1663
f 1805/1/1679 186/1/172 1790/1/1664 4409/1/4173
f 4409/1/4173 1790/1/1664 201/1/187 1835/1/1709
f 1789/1/1663 4409/1/4173 1835/1/1709 200/1/186
f 186/1/172 1806/1/1680 4410/1/4174 1790/1/1664
f 1806/1/1680 187/1/173 1791/1/1665 4410/1/4174
f 4410/1/4174 1791/1/1665 202/1/188 1836/1/1710
f 1790/1/1664 4410/1/4174 1836/1/1710 201/1/187
f 187/1/173 1807/1/1681 4411/1/4175 1791/1/1665
f 1807/1/1681 188/1/174 1792/1/1666 4411/1/4175
f 4411/1/4175 1792/1/1666 203/1/189 1837/1/1711
f 1791/1/1665 4411/1/4175 1837/1/1711 202/1/188
f 188/1/174 1808/1/1682 4412/1/4176 1792/1/1666
f 1808/1/1682 189/1/175 1793/1/1667 4412/1/4176
f 4412/1/4176 1793/1/1667 204/1/190 1838/1/1712
f 1792/1/1666 4412/1/4176 1838/1/1712 203/1/189
f 189/1/175 1809/1/1683 4413/1/4177 1793/1/1667
f 1809/1/1683 190/1/176 1794/1/1668 4413/1/4177
f 4413/1/4177 1794/1/1668 205/1/191 1839/1/1713
f 1793/1/1667 4413/1/4177 1839/1/1713 204/1/190
f 190/1/176 2744/1/2612 4414/1/4178 1794/1/1668
f 2744/1/2612 666/1/635 2680/1/2551 4414/1/4178
f 4414/1/4178 2680/1/2551 667/1/636 2739/1/2607
f 1794/1/1668 4414/1/4178 2739/1/2607 205/1/191
f 191/1/177 1811/1/1685 4415/1/4179 1795/1/1669
f 1811/1/1685 192/1/178 1796/1/1670 4415/1/4179
f 4415/1/4179 1796/1/1670 207/1/193 1841/1/1715
f 1795/1/1669 4415/1/4179 1841/1/1715 206/1/192
f 192/1/178 1812/1/1686 4416/1/4180 1796/1/1670
f 1812/1/1686 193/1/179 1797/1/1671 4416/1/4180
f 4416/1/4180 1797/1/1671 208/1/194 1842/1/1716
f 1796/1/1670 4416/1/4180 1842/1/1716 207/1/193
f 193/1/179 1813/1/1687 4417/1/4181 1797/1/1671
f 1813/1/1687 194/1/180 1798/1/1672 4417/1/4181
f 4417/1/4181 1798/1/1672 209/1/195 1843/1/1717
f 1797/1/1671 4417/1/4181 1843/1/1717 208/1/194
f 194/1/180 1814/1/1688 4418/1/4182 1798/1/1672
f 1814/1/1688 195/1/181 1799/1/1673 4418/1/4182
f 4418/1/4182 1799/1/1673 210/1/196 1844/1/1718
f 1798/1/1672 4418/1/4182 1844/1/1718 209/1/195
f 195/1/181 1815/1/1689 4419/1/4183 1799/1/1673
f 1815/1/1689 196/1/182 1800/1/1674 4419/1/4183
f 4419/1/4183 1800/1/1674 211/1/197 1845/1/1719
f 1799/1/1673 4419/1/4183 1845/1/1719 210/1/196
f 196/1/182 1816/1/1690 4420/1/4184 1800/1/1674
f 1816/1/1690 198/1/184 1802/1/1676 4420/1/4184
f 4420/1/4184 1802/1/1676 213/1/199 1846/1/1720
f 1800/1/1674 4420/1/4184 1846/1/1720 211/1/197
f 198/1/184 1817/1/1691 4421/1/4185 1802/1/1676
f 1817/1/1691 197/1/183 1801/1/1675 4421/1/4185
f 4421/1/4185 1801/1/1675 212/1/198 1847/1/1721
f 1802/1/1676 4421/1/4185 1847/1/1721 213/1/199
f 238/1/210 1872/1/1746 4422/1/4186 1818/1/1692
f 1872/1/1746 237/1/209 1821/1/1695 4422/1/4186
f 4422/1/4186 1821/1/1695 207/1/193 1842/1/1716
f 1818/1/1692 4422/1/4186 1842/1/1716 208/1/194
f 239/1/211 1873/1/1747 4423/1/4187 1819/1/1693
f 1873/1/1747 238/1/210 1818/1/1692 4423/1/4187
f 4423/1/4187 1818/1/1692 208/1/194 1843/1/1717
f 1819/1/1693 4423/1/4187 1843/1/1717 209/1/195
f 240/1/212 1874/1/1748 4424/1/4188 1820/1/1694
f 1874/1/1748 239/1/211 1819/1/1693 4424/1/4188
f 4424/1/4188 1819/1/1693 209/1/195 1844/1/1718
f 1820/1/1694 4424/1/4188 1844/1/1718 210/1/196
f 236/1/208 1870/1/1744 4425/1/4189 1822/1/1696
f 1870/1/1744 670/1/638 2683/1/2553 4425/1/4189
f 4425/1/4189 2683/1/2553 668/1/637 1840/1/1714
f 1822/1/1696 4425/1/4189 1840/1/1714 206/1/192
f 241/1/213 1875/1/1749 4426/1/4190 1823/1/1697
f 1875/1/1749 240/1/212 1820/1/1694 4426/1/4190
f 4426/1/4190 1820/1/1694 210/1/196 1845/1/1719
f 1823/1/1697 4426/1/4190 1845/1/1719 211/1/197
f 237/1/209 1871/1/1745 4427/1/4191 1821/1/1695
f 1871/1/1745 236/1/208 1822/1/1696 4427/1/4191
f 4427/1/4191 1822/1/1696 206/1/192 1841/1/1715
f 1821/1/1695 4427/1/4191 1841/1/1715 207/1/193
f 242/1/214 1876/1/1750 4428/1/4192 1824/1/1698
f 1876/1/1750 241/1/213 1823/1/1697 4428/1/4192
f 4428/1/4192 1823/1/1697 211/1/197 1846/1/1720
f 1824/1/1698 4428/1/4192 1846/1/1720 213/1/199
f 243/1/215 1877/1/1751 4429/1/4193 1825/1/1699
f 1877/1/1751 242/1/214 1824/1/1698 4429/1/4193
f 4429/1/4193 1824/1/1698 213/1/199 1847/1/1721
f 1825/1/1699 4429/1/4193 1847/1/1721 212/1/198
f 229/1/201 1863/1/1737 4430/1/4194 1826/1/1700
f 1863/1/1737 243/1/215 1825/1/1699 4430/1/4194
f 4430/1/4194 1825/1/1699 212/1/198 1833/1/1707
f 1826/1/1700 4430/1/4194 1833/1/1707 199/1/185
f 230/1/202 1864/1/1738 4431/1/4195 1827/1/1701
f 1864/1/1738 229/1/201 1826/1/1700 4431/1/4195
f 4431/1/4195 1826/1/1700 199/1/185 1834/1/1708
f 1827/1/1701 4431/1/4195 1834/1/1708 200/1/186
f 231/1/203 1865/1/1739 4432/1/4196 1828/1/1702
f 1865/1/1739 230/1/202 1827/1/1701 4432/1/4196
f 4432/1/4196 1827/1/1701 200/1/186 1835/1/1709
f 1828/1/1702 4432/1/4196 1835/1/1709 201/1/187
f 232/1/204 1866/1/1740 4433/1/4197 1829/1/1703
f 1866/1/1740 231/1/203 1828/1/1702 4433/1/4197
f 4433/1/4197 1828/1/1702 201/1/187 1836/1/1710
f 1829/1/1703 4433/1/4197 1836/1/1710 202/1/188
f 233/1/205 1867/1/1741 4434/1/4198 1830/1/1704
f 1867/1/1741 232/1/204 1829/1/1703 4434/1/4198
f 4434/1/4198 1829/1/1703 202/1/188 1837/1/1711
f 1830/1/1704 4434/1/4198 1837/1/1711 203/1/189
f 234/1/206 1868/1/1742 4435/1/4199 1831/1/1705
f 1868/1/1742 233/1/205 1830/1/1704 4435/1/4199
f 4435/1/4199 1830/1/1704 203/1/189 1838/1/1712
f 1831/1/1705 4435/1/4199 1838/1/1712 204/1/190
f 235/1/207 1869/1/1743 4436/1/4200 1832/1/1706
f 1869/1/1743 234/1/206 1831/1/1705 4436/1/4200
f 4436/1/4200 1831/1/1705 204/1/190 1839/1/1713
f 1832/1/1706 4436/1/4200 1839/1/1713 205/1/191
f 227/1/200 1786/1/200 4437/1/200 1787/1/200
f 226/1/200 1785/1/200 4437/1/200 1786/1/200
f 225/1/200 1784/1/200 4437/1/200 1785/1/200
f 224/1/200 1783/1/200 4437/1/200 1784/1/200
f 223/1/200 1782/1/200 4437/1/200 1783/1/200
f 222/1/200 1781/1/200 4437/1/200 1782/1/200
f 221/1/200 1780/1/200 4437/1/200 1781/1/200
f 665/1/200 2682/1/200 4437/1/200 1780/1/200
f 669/1/200 2746/1/200 4437/1/200 2682/1/200
f 220/1/200 1779/1/200 4437/1/200 2746/1/200
f 219/1/200 1778/1/200 4437/1/200 1779/1/200
f 218/1/200 1777/1/200 4437/1/200 1778/1/200
f 217/1/200 1776/1/200 4437/1/200 1777/1/200
f 216/1/200 1775/1/200 4437/1/200 1776/1/200
f 215/1/200 1774/1/200 4437/1/200 1775/1/200
f 214/1/200 1773/1/200 4437/1/200 1774/1/200
f 228/1/200 1787/1/200 4437/1/200 1773/1/200
f 4/1/4 1424/1/1358 4438/1/4201 1848/1/1722
f 1424/1/1358 15/1/15 1436/1/1370 4438/1/4201
f 4438/1/4201 1436/1/1370 230/1/202 1865/1/1739
f 1848/1/1722 4438/1/4201 1865/1/1739 231/1/203
f 5/1/5 1423/1/1357 4439/1/4202 1849/1/1723
f 1423/1/1357 17/1/17 1438/1/1372 4439/1/4202
f 4439/1/4202 1438/1/1372 240/1/212 1875/1/1749
f 1849/1/1723 4439/1/4202 1875/1/1749 241/1/213
f 6/1/6 1422/1/1356 4440/1/4203 1850/1/1724
f 1422/1/1356 4/1/4 1848/1/1722 4440/1/4203
f 4440/1/4203 1848/1/1722 231/1/203 1866/1/1740
f 1850/1/1724 4440/1/4203 1866/1/1740 232/1/204
f 7/1/7 1421/1/1355 4441/1/4204 1851/1/1725
f 1421/1/1355 5/1/5 1849/1/1723 4441/1/4204
f 4441/1/4204 1849/1/1723 241/1/213 1876/1/1750
f 1851/1/1725 4441/1/4204 1876/1/1750 242/1/214
f 8/1/8 1420/1/1354 4442/1/4205 1852/1/1726
f 1420/1/1354 6/1/6 1850/1/1724 4442/1/4205
f 4442/1/4205 1850/1/1724 232/1/204 1867/1/1741
f 1852/1/1726 4442/1/4205 1867/1/1741 233/1/205
f 13/1/13 1419/1/1353 4443/1/4206 1857/1/1731
f 1419/1/1353 7/1/7 1851/1/1725 4443/1/4206
f 4443/1/4206 1851/1/1725 242/1/214 1877/1/1751
f 1857/1/1731 4443/1/4206 1877/1/1751 243/1/215
f 9/1/9 1418/1/1352 4444/1/4207 1853/1/1727
f 1418/1/1352 8/1/8 1852/1/1726 4444/1/4207
f 4444/1/4207 1852/1/1726 233/1/205 1868/1/1742
f 1853/1/1727 4444/1/4207 1868/1/1742 234/1/206
f 10/1/10 1417/1/1351 4445/1/4208 1854/1/1728
f 1417/1/1351 9/1/9 1853/1/1727 4445/1/4208
f 4445/1/4208 1853/1/1727 234/1/206 1869/1/1743
f 1854/1/1728 4445/1/4208 1869/1/1743 235/1/207
f 11/1/11 1416/1/1350 4446/1/4209 1855/1/1729
f 1416/1/1350 674/1/642 2688/1/2556 4446/1/4209
f 4446/1/4209 2688/1/2556 670/1/638 1870/1/1744
f 1855/1/1729 4446/1/4209 1870/1/1744 236/1/208
f 12/1/12 1415/1/1349 4447/1/4210 1856/1/1730
f 1415/1/1349 11/1/11 1855/1/1729 4447/1/4210
f 4447/1/4210 1855/1/1729 236/1/208 1871/1/1745
f 1856/1/1730 4447/1/4210 1871/1/1745 237/1/209
f 14/1/14 1414/1/1348 4448/1/4211 1858/1/1732
f 1414/1/1348 12/1/12 1856/1/1730 4448/1/4211
f 4448/1/4211 1856/1/1730 237/1/209 1872/1/1746
f 1858/1/1732 4448/1/4211 1872/1/1746 238/1/210
f 16/1/16 1413/1/1347 4449/1/4212 1860/1/1734
f 1413/1/1347 13/1/13 1857/1/1731 4449/1/4212
f 4449/1/4212 1857/1/1731 243/1/215 1863/1/1737
f 1860/1/1734 4449/1/4212 1863/1/1737 229/1/201
f 18/1/18 1412/1/1346 4450/1/4213 1862/1/1736
f 1412/1/1346 14/1/14 1858/1/1732 4450/1/4213
f 4450/1/4213 1858/1/1732 238/1/210 1873/1/1747
f 1862/1/1736 4450/1/4213 1873/1/1747 239/1/211
f 15/1/15 1411/1/1345 4451/1/4214 1436/1/1370
f 1411/1/1345 16/1/16 1860/1/1734 4451/1/4214
f 4451/1/4214 1860/1/1734 229/1/201 1864/1/1738
f 1436/1/1370 4451/1/4214 1864/1/1738 230/1/202
f 17/1/17 1410/1/1344 4452/1/4215 1438/1/1372
f 1410/1/1344 18/1/18 1862/1/1736 4452/1/4215
f 4452/1/4215 1862/1/1736 239/1/211 1874/1/1748
f 1438/1/1372 4452/1/4215 1874/1/1748 240/1/212
f 19/1/19 1454/1/1388 4453/1/4216 1878/1/1752
f 1454/1/1388 30/1/30 1466/1/1400 4453/1/4216
f 4453/1/4216 1466/1/1400 248/1/220 1898/1/1772
f 1878/1/1752 4453/1/4216 1898/1/1772 249/1/221
f 20/1/20 1453/1/1387 4454/1/4217 1879/1/1753
f 1453/1/1387 19/1/19 1878/1/1752 4454/1/4217
f 4454/1/4217 1878/1/1752 249/1/221 1899/1/1773
f 1879/1/1753 4454/1/4217 1899/1/1773 250/1/222
f 21/1/21 1452/1/1386 4455/1/4218 1880/1/1754
f 1452/1/1386 675/1/643 2689/1/2557 4455/1/4218
f 4455/1/4218 2689/1/2557 676/1/644 1900/1/1774
f 1880/1/1754 4455/1/4218 1900/1/1774 251/1/223
f 22/1/22 1451/1/1385 4456/1/4219 1881/1/1755
f 1451/1/1385 21/1/21 1880/1/1754 4456/1/4219
f 4456/1/4219 1880/1/1754 251/1/223 1901/1/1775
f 1881/1/1755 4456/1/4219 1901/1/1775 252/1/224
f 23/1/23 1450/1/1384 4457/1/4220 1882/1/1756
f 1450/1/1384 22/1/22 1881/1/1755 4457/1/4220
f 4457/1/4220 1881/1/1755 252/1/224 1902/1/1776
f 1882/1/1756 4457/1/4220 1902/1/1776 253/1/225
f 24/1/24 1449/1/1383 4458/1/4221 1883/1/1757
f 1449/1/1383 32/1/32 1468/1/1402 4458/1/4221
f 4458/1/4221 1468/1/1402 258/1/230 1893/1/1767
f 1883/1/1757 4458/1/4221 1893/1/1767 244/1/216
f 25/1/25 1448/1/1382 4459/1/4222 1884/1/1758
f 1448/1/1382 23/1/23 1882/1/1756 4459/1/4222
f 4459/1/4222 1882/1/1756 253/1/225 1903/1/1777
f 1884/1/1758 4459/1/4222 1903/1/1777 254/1/226
f 26/1/26 1447/1/1381 4460/1/4223 1885/1/1759
f 1447/1/1381 24/1/24 1883/1/1757 4460/1/4223
f 4460/1/4223 1883/1/1757 244/1/216 1894/1/1768
f 1885/1/1759 4460/1/4223 1894/1/1768 245/1/217
f 27/1/27 1446/1/1380 4461/1/4224 1886/1/1760
f 1446/1/1380 25/1/25 1884/1/1758 4461/1/4224
f 4461/1/4224 1884/1/1758 254/1/226 1904/1/1778
f 1886/1/1760 4461/1/4224 1904/1/1778 255/1/227
f 28/1/28 1445/1/1379 4462/1/4225 1887/1/1761
f 1445/1/1379 26/1/26 1885/1/1759 4462/1/4225
f 4462/1/4225 1885/1/1759 245/1/217 1895/1/1769
f 1887/1/1761 4462/1/4225 1895/1/1769 246/1/218
f 29/1/29 1444/1/1378 4463/1/4226 1888/1/1762
f 1444/1/1378 27/1/27 1886/1/1760 4463/1/4226
f 4463/1/4226 1886/1/1760 255/1/227 1905/1/1779
f 1888/1/1762 4463/1/4226 1905/1/1779 256/1/228
f 31/1/31 1443/1/1377 4464/1/4227 1890/1/1764
f 1443/1/1377 28/1/28 1887/1/1761 4464/1/4227
f 4464/1/4227 1887/1/1761 246/1/218 1896/1/1770
f 1890/1/1764 4464/1/4227 1896/1/1770 247/1/219
f 33/1/33 1442/1/1376 4465/1/4228 1892/1/1766
f 1442/1/1376 29/1/29 1888/1/1762 4465/1/4228
f 4465/1/4228 1888/1/1762 256/1/228 1906/1/1780
f 1892/1/1766 4465/1/4228 1906/1/1780 257/1/229
f 30/1/30 1441/1/1375 4466/1/4229 1466/1/1400
f 1441/1/1375 31/1/31 1890/1/1764 4466/1/4229
f 4466/1/4229 1890/1/1764 247/1/219 1897/1/1771
f 1466/1/1400 4466/1/4229 1897/1/1771 248/1/220
f 32/1/32 1440/1/1374 4467/1/4230 1468/1/1402
f 1440/1/1374 33/1/33 1892/1/1766 4467/1/4230
f 4467/1/4230 1892/1/1766 257/1/229 1907/1/1781
f 1468/1/1402 4467/1/4230 1907/1/1781 258/1/230
f 281/1/253 1960/1/1834 4468/1/4231 1908/1/1782
f 1960/1/1834 688/1/656 2703/1/2571 4468/1/4231
f 4468/1/4231 2703/1/2571 689/1/657 1930/1/1804
f 1908/1/1782 4468/1/4231 1930/1/1804 266/1/238
f 282/1/254 1961/1/1835 4469/1/4232 1909/1/1783
f 1961/1/1835 281/1/253 1908/1/1782 4469/1/4232
f 4469/1/4232 1908/1/1782 266/1/238 1931/1/1805
f 1909/1/1783 4469/1/4232 1931/1/1805 267/1/239
f 283/1/255 1962/1/1836 4470/1/4233 1910/1/1784
f 1962/1/1836 282/1/254 1909/1/1783 4470/1/4233
f 4470/1/4233 1909/1/1783 267/1/239 1932/1/1806
f 1910/1/1784 4470/1/4233 1932/1/1806 268/1/240
f 274/1/246 1953/1/1827 4471/1/4234 1911/1/1785
f 1953/1/1827 288/1/260 1918/1/1792 4471/1/4234
f 4471/1/4234 1918/1/1792 273/1/245 1923/1/1797
f 1911/1/1785 4471/1/4234 1923/1/1797 259/1/231
f 284/1/256 1963/1/1837 4472/1/4235 1912/1/1786
f 1963/1/1837 283/1/255 1910/1/1784 4472/1/4235
f 4472/1/4235 1910/1/1784 268/1/240 1933/1/1807
f 1912/1/1786 4472/1/4235 1933/1/1807 269/1/241
f 275/1/247 1954/1/1828 4473/1/4236 1913/1/1787
f 1954/1/1828 274/1/246 1911/1/1785 4473/1/4236
f 4473/1/4236 1911/1/1785 259/1/231 1924/1/1798
f 1913/1/1787 4473/1/4236 1924/1/1798 260/1/232
f 285/1/257 1964/1/1838 4474/1/4237 1914/1/1788
f 1964/1/1838 284/1/256 1912/1/1786 4474/1/4237
f 4474/1/4237 1912/1/1786 269/1/241 1934/1/1808
f 1914/1/1788 4474/1/4237 1934/1/1808 270/1/242
f 276/1/248 1955/1/1829 4475/1/4238 1915/1/1789
f 1955/1/1829 275/1/247 1913/1/1787 4475/1/4238
f 4475/1/4238 1913/1/1787 260/1/232 1925/1/1799
f 1915/1/1789 4475/1/4238 1925/1/1799 261/1/233
f 286/1/258 1965/1/1839 4476/1/4239 1916/1/1790
f 1965/1/1839 285/1/257 1914/1/1788 4476/1/4239
f 4476/1/4239 1914/1/1788 270/1/242 1935/1/1809
f 1916/1/1790 4476/1/4239 1935/1/1809 271/1/243
f 277/1/249 1956/1/1830 4477/1/4240 1917/1/1791
f 1956/1/1830 276/1/248 1915/1/1789 4477/1/4240
f 4477/1/4240 1915/1/1789 261/1/233 1926/1/1800
f 1917/1/1791 4477/1/4240 1926/1/1800 262/1/234
f 287/1/259 1966/1/1840 4478/1/4241 1919/1/1793
f 1966/1/1840 286/1/258 1916/1/1790 4478/1/4241
f 4478/1/4241 1916/1/1790 271/1/243 1936/1/1810
f 1919/1/1793 4478/1/4241 1936/1/1810 272/1/244
f 278/1/250 1957/1/1831 4479/1/4242 1920/1/1794
f 1957/1/1831 277/1/249 1917/1/1791 4479/1/4242
f 4479/1/4242 1917/1/1791 262/1/234 1927/1/1801
f 1920/1/1794 4479/1/4242 1927/1/1801 263/1/235
f 288/1/260 1967/1/1841 4480/1/4243 1918/1/1792
f 1967/1/1841 287/1/259 1919/1/1793 4480/1/4243
f 4480/1/4243 1919/1/1793 272/1/244 1937/1/1811
f 1918/1/1792 4480/1/4243 1937/1/1811 273/1/245
f 279/1/251 1958/1/1832 4481/1/4244 1921/1/1795
f 1958/1/1832 278/1/250 1920/1/1794 4481/1/4244
f 4481/1/4244 1920/1/1794 263/1/235 1928/1/1802
f 1921/1/1795 4481/1/4244 1928/1/1802 264/1/236
f 280/1/252 1959/1/1833 4482/1/4245 1922/1/1796
f 1959/1/1833 279/1/251 1921/1/1795 4482/1/4245
f 4482/1/4245 1921/1/1795 264/1/236 1929/1/1803
f 1922/1/1796 4482/1/4245 1929/1/1803 265/1/237
f 297/1/269 1991/1/1865 4483/1/4246 1938/1/1812
f 1991/1/1865 296/1/268 1952/1/1826 4483/1/4246
f 4483/1/4246 1952/1/1826 281/1/253 1961/1/1835
f 1938/1/1812 4483/1/4246 1961/1/1835 282/1/254
f 298/1/270 1992/1/1866 4484/1/4247 1939/1/1813
f 1992/1/1866 297/1/269 1938/1/1812 4484/1/4247
f 4484/1/4247 1938/1/1812 282/1/254 1962/1/1836
f 1939/1/1813 4484/1/4247 1962/1/1836 283/1/255
f 289/1/261 1983/1/1857 4485/1/4248 1940/1/1814
f 1983/1/1857 303/1/275 1947/1/1821 4485/1/4248
f 4485/1/4248 1947/1/1821 288/1/260 1953/1/1827
f 1940/1/1814 4485/1/4248 1953/1/1827 274/1/246
f 299/1/271 1993/1/1867 4486/1/4249 1941/1/1815
f 1993/1/1867 298/1/270 1939/1/1813 4486/1/4249
f 4486/1/4249 1939/1/1813 283/1/255 1963/1/1837
f 1941/1/1815 4486/1/4249 1963/1/1837 284/1/256
f 290/1/262 1984/1/1858 4487/1/4250 1942/1/1816
f 1984/1/1858 289/1/261 1940/1/1814 4487/1/4250
f 4487/1/4250 1940/1/1814 274/1/246 1954/1/1828
f 1942/1/1816 4487/1/4250 1954/1/1828 275/1/247
f 300/1/272 1994/1/1868 4488/1/4251 1943/1/1817
f 1994/1/1868 299/1/271 1941/1/1815 4488/1/4251
f 4488/1/4251 1941/1/1815 284/1/256 1964/1/1838
f 1943/1/1817 4488/1/4251 1964/1/1838 285/1/257
f 291/1/263 1985/1/1859 4489/1/4252 1944/1/1818
f 1985/1/1859 290/1/262 1942/1/1816 4489/1/4252
f 4489/1/4252 1942/1/1816 275/1/247 1955/1/1829
f 1944/1/1818 4489/1/4252 1955/1/1829 276/1/248
f 301/1/273 1995/1/1869 4490/1/4253 1945/1/1819
f 1995/1/1869 300/1/272 1943/1/1817 4490/1/4253
f 4490/1/4253 1943/1/1817 285/1/257 1965/1/1839
f 1945/1/1819 4490/1/4253 1965/1/1839 286/1/258
f 292/1/264 1986/1/1860 4491/1/4254 1946/1/1820
f 1986/1/1860 291/1/263 1944/1/1818 4491/1/4254
f 4491/1/4254 1944/1/1818 276/1/248 1956/1/1830
f 1946/1/1820 4491/1/4254 1956/1/1830 277/1/249
f 302/1/274 1996/1/1870 4492/1/4255 1948/1/1822
f 1996/1/1870 301/1/273 1945/1/1819 4492/1/4255
f 4492/1/4255 1945/1/1819 286/1/258 1966/1/1840
f 1948/1/1822 4492/1/4255 1966/1/1840 287/1/259
f 293/1/265 1987/1/1861 4493/1/4256 1949/1/1823
f 1987/1/1861 292/1/264 1946/1/1820 4493/1/4256
f 4493/1/4256 1946/1/1820 277/1/249 1957/1/1831
f 1949/1/1823 4493/1/4256 1957/1/1831 278/1/250
f 303/1/275 1997/1/1871 4494/1/4257 1947/1/1821
f 1997/1/1871 302/1/274 1948/1/1822 4494/1/4257
f 4494/1/4257 1948/1/1822 287/1/259 1967/1/1841
f 1947/1/1821 4494/1/4257 1967/1/1841 288/1/260
f 294/1/266 1988/1/1862 4495/1/4258 1950/1/1824
f 1988/1/1862 293/1/265 1949/1/1823 4495/1/4258
f 4495/1/4258 1949/1/1823 278/1/250 1958/1/1832
f 1950/1/1824 4495/1/4258 1958/1/1832 279/1/251
f 295/1/267 1989/1/1863 4496/1/4259 1951/1/1825
f 1989/1/1863 294/1/266 1950/1/1824 4496/1/4259
f 4496/1/4259 1950/1/1824 279/1/251 1959/1/1833
f 1951/1/1825 4496/1/4259 1959/1/1833 280/1/252
f 305/1/277 2014/1/1888 4497/1/4260 1968/1/1842
f 2014/1/1888 304/1/276 1979/1/1853 4497/1/4260
f 4497/1/4260 1979/1/1853 289/1/261 1984/1/1858
f 1968/1/1842 4497/1/4260 1984/1/1858 290/1/262
f 315/1/287 2024/1/1898 4498/1/4261 1969/1/1843
f 2024/1/1898 314/1/286 1981/1/1855 4498/1/4261
f 4498/1/4261 1981/1/1855 299/1/271 1994/1/1868
f 1969/1/1843 4498/1/4261 1994/1/1868 300/1/272
f 306/1/278 2015/1/1889 4499/1/4262 1970/1/1844
f 2015/1/1889 305/1/277 1968/1/1842 4499/1/4262
f 4499/1/4262 1968/1/1842 290/1/262 1985/1/1859
f 1970/1/1844 4499/1/4262 1985/1/1859 291/1/263
f 316/1/288 2025/1/1899 4500/1/4263 1971/1/1845
f 2025/1/1899 315/1/287 1969/1/1843 4500/1/4263
f 4500/1/4263 1969/1/1843 300/1/272 1995/1/1869
f 1971/1/1845 4500/1/4263 1995/1/1869 301/1/273
f 307/1/279 2016/1/1890 4501/1/4264 1972/1/1846
f 2016/1/1890 306/1/278 1970/1/1844 4501/1/4264
f 4501/1/4264 1970/1/1844 291/1/263 1986/1/1860
f 1972/1/1846 4501/1/4264 1986/1/1860 292/1/264
f 317/1/289 2026/1/1900 4502/1/4265 1973/1/1847
f 2026/1/1900 316/1/288 1971/1/1845 4502/1/4265
f 4502/1/4265 1971/1/1845 301/1/273 1996/1/1870
f 1973/1/1847 4502/1/4265 1996/1/1870 302/1/274
f 308/1/280 2017/1/1891 4503/1/4266 1974/1/1848
f 2017/1/1891 307/1/279 1972/1/1846 4503/1/4266
f 4503/1/4266 1972/1/1846 292/1/264 1987/1/1861
f 1974/1/1848 4503/1/4266 1987/1/1861 293/1/265
f 318/1/290 2027/1/1901 4504/1/4267 1980/1/1854
f 2027/1/1901 317/1/289 1973/1/1847 4504/1/4267
f 4504/1/4267 1973/1/1847 302/1/274 1997/1/1871
f 1980/1/1854 4504/1/4267 1997/1/1871 303/1/275
f 309/1/281 2018/1/1892 4505/1/4268 1975/1/1849
f 2018/1/1892 308/1/280 1974/1/1848 4505/1/4268
f 4505/1/4268 1974/1/1848 293/1/265 1988/1/1862
f 1975/1/1849 4505/1/4268 1988/1/1862 294/1/266
f 310/1/282 2019/1/1893 4506/1/4269 1976/1/1850
f 2019/1/1893 309/1/281 1975/1/1849 4506/1/4269
f 4506/1/4269 1975/1/1849 294/1/266 1989/1/1863
f 1976/1/1850 4506/1/4269 1989/1/1863 295/1/267
f 311/1/283 2020/1/1894 4507/1/4270 1977/1/1851
f 2020/1/1894 684/1/652 2700/1/2568 4507/1/4270
f 4507/1/4270 2700/1/2568 686/1/654 1990/1/1864
f 1977/1/1851 4507/1/4270 1990/1/1864 296/1/268
f 312/1/284 2021/1/1895 4508/1/4271 1978/1/1852
f 2021/1/1895 311/1/283 1977/1/1851 4508/1/4271
f 4508/1/4271 1977/1/1851 296/1/268 1991/1/1865
f 1978/1/1852 4508/1/4271 1991/1/1865 297/1/269
f 313/1/285 2022/1/1896 4509/1/4272 1982/1/1856
f 2022/1/1896 312/1/284 1978/1/1852 4509/1/4272
f 4509/1/4272 1978/1/1852 297/1/269 1992/1/1866
f 1982/1/1856 4509/1/4272 1992/1/1866 298/1/270
f 304/1/276 2013/1/1887 4510/1/4273 1979/1/1853
f 2013/1/1887 318/1/290 1980/1/1854 4510/1/4273
f 4510/1/4273 1980/1/1854 303/1/275 1983/1/1857
f 1979/1/1853 4510/1/4273 1983/1/1857 289/1/261
f 296/1/268 1990/1/1864 4511/1/4274 1952/1/1826
f 1990/1/1864 686/1/654 2702/1/2570 4511/1/4274
f 4511/1/4274 2702/1/2570 688/1/656 1960/1/1834
f 1952/1/1826 4511/1/4274 1960/1/1834 281/1/253
f 323/1/295 2047/1/1921 4512/1/4275 1998/1/1872
f 2047/1/1921 322/1/294 2009/1/1883 4512/1/4275
f 4512/1/4275 2009/1/1883 307/1/279 2017/1/1891
f 1998/1/1872 4512/1/4275 2017/1/1891 308/1/280
f 333/1/305 2057/1/1931 4513/1/4276 2003/1/1877
f 2057/1/1931 332/1/304 2011/1/1885 4513/1/4276
f 4513/1/4276 2011/1/1885 317/1/289 2027/1/1901
f 2003/1/1877 4513/1/4276 2027/1/1901 318/1/290
f 324/1/296 2048/1/1922 4514/1/4277 1999/1/1873
f 2048/1/1922 323/1/295 1998/1/1872 4514/1/4277
f 4514/1/4277 1998/1/1872 308/1/280 2018/1/1892
f 1999/1/1873 4514/1/4277 2018/1/1892 309/1/281
f 325/1/297 2049/1/1923 4515/1/4278 2000/1/1874
f 2049/1/1923 324/1/296 1999/1/1873 4515/1/4278
f 4515/1/4278 1999/1/1873 309/1/281 2019/1/1893
f 2000/1/1874 4515/1/4278 2019/1/1893 310/1/282
f 326/1/298 2050/1/1924 4516/1/4279 2001/1/1875
f 2050/1/1924 679/1/647 2697/1/2565 4516/1/4279
f 4516/1/4279 2697/1/2565 684/1/652 2020/1/1894
f 2001/1/1875 4516/1/4279 2020/1/1894 311/1/283
f 327/1/299 2051/1/1925 4517/1/4280 2002/1/1876
f 2051/1/1925 326/1/298 2001/1/1875 4517/1/4280
f 4517/1/4280 2001/1/1875 311/1/283 2021/1/1895
f 2002/1/1876 4517/1/4280 2021/1/1895 312/1/284
f 328/1/300 2052/1/1926 4518/1/4281 2004/1/1878
f 2052/1/1926 327/1/299 2002/1/1876 4518/1/4281
f 4518/1/4281 2002/1/1876 312/1/284 2022/1/1896
f 2004/1/1878 4518/1/4281 2022/1/1896 313/1/285
f 319/1/291 2043/1/1917 4519/1/4282 2005/1/1879
f 2043/1/1917 333/1/305 2003/1/1877 4519/1/4282
f 4519/1/4282 2003/1/1877 318/1/290 2013/1/1887
f 2005/1/1879 4519/1/4282 2013/1/1887 304/1/276
f 329/1/301 2053/1/1927 4520/1/4283 2006/1/1880
f 2053/1/1927 328/1/300 2004/1/1878 4520/1/4283
f 4520/1/4283 2004/1/1878 313/1/285 2023/1/1897
f 2006/1/1880 4520/1/4283 2023/1/1897 314/1/286
f 320/1/292 2044/1/1918 4521/1/4284 2007/1/1881
f 2044/1/1918 319/1/291 2005/1/1879 4521/1/4284
f 4521/1/4284 2005/1/1879 304/1/276 2014/1/1888
f 2007/1/1881 4521/1/4284 2014/1/1888 305/1/277
f 330/1/302 2054/1/1928 4522/1/4285 2008/1/1882
f 2054/1/1928 329/1/301 2006/1/1880 4522/1/4285
f 4522/1/4285 2006/1/1880 314/1/286 2024/1/1898
f 2008/1/1882 4522/1/4285 2024/1/1898 315/1/287
f 321/1/293 2045/1/1919 4523/1/4286 2010/1/1884
f 2045/1/1919 320/1/292 2007/1/1881 4523/1/4286
f 4523/1/4286 2007/1/1881 305/1/277 2015/1/1889
f 2010/1/1884 4523/1/4286 2015/1/1889 306/1/278
f 331/1/303 2055/1/1929 4524/1/4287 2012/1/1886
f 2055/1/1929 330/1/302 2008/1/1882 4524/1/4287
f 4524/1/4287 2008/1/1882 315/1/287 2025/1/1899
f 2012/1/1886 4524/1/4287 2025/1/1899 316/1/288
f 322/1/294 2046/1/1920 4525/1/4288 2009/1/1883
f 2046/1/1920 321/1/293 2010/1/1884 4525/1/4288
f 4525/1/4288 2010/1/1884 306/1/278 2016/1/1890
f 2009/1/1883 4525/1/4288 2016/1/1890 307/1/279
f 314/1/286 2023/1/1897 4526/1/4289 1981/1/1855
f 2023/1/1897 313/1/285 1982/1/1856 4526/1/4289
f 4526/1/4289 1982/1/1856 298/1/270 1993/1/1867
f 1981/1/1855 4526/1/4289 1993/1/1867 299/1/271
f 36/1/36 1484/1/1418 4527/1/4290 2028/1/1902
f 1484/1/1418 680/1/648 2693/1/2561 4527/1/4290
f 4527/1/4290 2693/1/2561 679/1/647 2050/1/1924
f 2028/1/1902 4527/1/4290 2050/1/1924 326/1/298
f 37/1/37 1483/1/1417 4528/1/4291 2029/1/1903
f 1483/1/1417 36/1/36 2028/1/1902 4528/1/4291
f 4528/1/4291 2028/1/1902 326/1/298 2051/1/1925
f 2029/1/1903 4528/1/4291 2051/1/1925 327/1/299
f 38/1/38 1482/1/1416 4529/1/4292 2030/1/1904
f 1482/1/1416 37/1/37 2029/1/1903 4529/1/4292
f 4529/1/4292 2029/1/1903 327/1/299 2052/1/1926
f 2030/1/1904 4529/1/4292 2052/1/1926 328/1/300
f 39/1/39 1481/1/1415 4530/1/4293 2031/1/1905
f 1481/1/1415 34/1/34 1485/1/1419 4530/1/4293
f 4530/1/4293 1485/1/1419 333/1/305 2043/1/1917
f 2031/1/1905 4530/1/4293 2043/1/1917 319/1/291
f 40/1/40 1480/1/1414 4531/1/4294 2032/1/1906
f 1480/1/1414 38/1/38 2030/1/1904 4531/1/4294
f 4531/1/4294 2030/1/1904 328/1/300 2053/1/1927
f 2032/1/1906 4531/1/4294 2053/1/1927 329/1/301
f 41/1/41 1479/1/1413 4532/1/4295 2033/1/1907
f 1479/1/1413 39/1/39 2031/1/1905 4532/1/4295
f 4532/1/4295 2031/1/1905 319/1/291 2044/1/1918
f 2033/1/1907 4532/1/4295 2044/1/1918 320/1/292
f 42/1/42 1478/1/1412 4533/1/4296 2034/1/1908
f 1478/1/1412 40/1/40 2032/1/1906 4533/1/4296
f 4533/1/4296 2032/1/1906 329/1/301 2054/1/1928
f 2034/1/1908 4533/1/4296 2054/1/1928 330/1/302
f 43/1/43 1477/1/1411 4534/1/4297 2035/1/1909
f 1477/1/1411 41/1/41 2033/1/1907 4534/1/4297
f 4534/1/4297 2033/1/1907 320/1/292 2045/1/1919
f 2035/1/1909 4534/1/4297 2045/1/1919 321/1/293
f 44/1/44 1476/1/1410 4535/1/4298 2036/1/1910
f 1476/1/1410 42/1/42 2034/1/1908 4535/1/4298
f 4535/1/4298 2034/1/1908 330/1/302 2055/1/1929
f 2036/1/1910 4535/1/4298 2055/1/1929 331/1/303
f 45/1/45 1475/1/1409 4536/1/4299 2037/1/1911
f 1475/1/1409 43/1/43 2035/1/1909 4536/1/4299
f 4536/1/4299 2035/1/1909 321/1/293 2046/1/1920
f 2037/1/1911 4536/1/4299 2046/1/1920 322/1/294
f 46/1/46 1474/1/1408 4537/1/4300 2039/1/1913
f 1474/1/1408 44/1/44 2036/1/1910 4537/1/4300
f 4537/1/4300 2036/1/1910 331/1/303 2056/1/1930
f 2039/1/1913 4537/1/4300 2056/1/1930 332/1/304
f 47/1/47 1473/1/1407 4538/1/4301 2040/1/1914
f 1473/1/1407 45/1/45 2037/1/1911 4538/1/4301
f 4538/1/4301 2037/1/1911 322/1/294 2047/1/1921
f 2040/1/1914 4538/1/4301 2047/1/1921 323/1/295
f 34/1/34 1472/1/1406 4539/1/4302 1485/1/1419
f 1472/1/1406 46/1/46 2039/1/1913 4539/1/4302
f 4539/1/4302 2039/1/1913 332/1/304 2057/1/1931
f 1485/1/1419 4539/1/4302 2057/1/1931 333/1/305
f 48/1/48 1471/1/1405 4540/1/4303 2042/1/1916
f 1471/1/1405 47/1/47 2040/1/1914 4540/1/4303
f 4540/1/4303 2040/1/1914 323/1/295 2048/1/1922
f 2042/1/1916 4540/1/4303 2048/1/1922 324/1/296
f 332/1/304 2056/1/1930 4541/1/4304 2011/1/1885
f 2056/1/1930 331/1/303 2012/1/1886 4541/1/4304
f 4541/1/4304 2012/1/1886 316/1/288 2026/1/1900
f 2011/1/1885 4541/1/4304 2026/1/1900 317/1/289
f 356/1/328 2110/1/1983 4542/1/4305 2058/1/1932
f 2110/1/1983 685/1/653 2698/1/2566 4542/1/4305
f 4542/1/4305 2698/1/2566 683/1/651 2080/1/1953
f 2058/1/1932 4542/1/4305 2080/1/1953 341/1/313
f 357/1/329 2111/1/1984 4543/1/4306 2059/1/1933
f 2111/1/1984 356/1/328 2058/1/1932 4543/1/4306
f 4543/1/4306 2058/1/1932 341/1/313 2081/1/1954
f 2059/1/1933 4543/1/4306 2081/1/1954 342/1/314
f 358/1/330 2112/1/1985 4544/1/4307 2060/1/1934
f 2112/1/1985 357/1/329 2059/1/1933 4544/1/4307
f 4544/1/4307 2059/1/1933 342/1/314 2082/1/1955
f 2060/1/1934 4544/1/4307 2082/1/1955 343/1/315
f 349/1/321 2103/1/1976 4545/1/4308 2061/1/1935
f 2103/1/1976 363/1/335 2068/1/395 4545/1/4308
f 4545/1/4308 2068/1/395 348/1/320 2073/1/1946
f 2061/1/1935 4545/1/4308 2073/1/1946 334/1/306
f 359/1/331 2113/1/1986 4546/1/4309 2062/1/1936
f 2113/1/1986 358/1/330 2060/1/1934 4546/1/4309
f 4546/1/4309 2060/1/1934 343/1/315 2083/1/1956
f 2062/1/1936 4546/1/4309 2083/1/1956 344/1/316
f 350/1/322 2104/1/1977 4547/1/4310 2063/1/1937
f 2104/1/1977 349/1/321 2061/1/1935 4547/1/4310
f 4547/1/4310 2061/1/1935 334/1/306 2074/1/1947
f 2063/1/1937 4547/1/4310 2074/1/1947 335/1/307
f 360/1/332 2114/1/1987 4548/1/4311 2064/1/1938
f 2114/1/1987 359/1/331 2062/1/1936 4548/1/4311
f 4548/1/4311 2062/1/1936 344/1/316 2084/1/1957
f 2064/1/1938 4548/1/4311 2084/1/1957 345/1/317
f 351/1/323 2105/1/1978 4549/1/4312 2065/1/1939
f 2105/1/1978 350/1/322 2063/1/1937 4549/1/4312
f 4549/1/4312 2063/1/1937 335/1/307 2075/1/1948
f 2065/1/1939 4549/1/4312 2075/1/1948 336/1/308
f 361/1/333 2115/1/1988 4550/1/4313 2066/1/1940
f 2115/1/1988 360/1/332 2064/1/1938 4550/1/4313
f 4550/1/4313 2064/1/1938 345/1/317 2085/1/1958
f 2066/1/1940 4550/1/4313 2085/1/1958 346/1/318
f 352/1/324 2106/1/1979 4551/1/4314 2067/1/1941
f 2106/1/1979 351/1/323 2065/1/1939 4551/1/4314
f 4551/1/4314 2065/1/1939 336/1/308 2076/1/1949
f 2067/1/1941 4551/1/4314 2076/1/1949 337/1/309
f 362/1/334 2116/1/1989 4552/1/4315 2069/1/1942
f 2116/1/1989 361/1/333 2066/1/1940 4552/1/4315
f 4552/1/4315 2066/1/1940 346/1/318 2086/1/1959
f 2069/1/1942 4552/1/4315 2086/1/1959 347/1/319
f 353/1/325 2107/1/1980 4553/1/4316 2070/1/1943
f 2107/1/1980 352/1/324 2067/1/1941 4553/1/4316
f 4553/1/4316 2067/1/1941 337/1/309 2077/1/1950
f 2070/1/1943 4553/1/4316 2077/1/1950 338/1/310
f 363/1/335 2117/1/1990 4554/1/4317 2068/1/395
f 2117/1/1990 362/1/334 2069/1/1942 4554/1/4317
f 4554/1/4317 2069/1/1942 347/1/319 2087/1/1960
f 2068/1/395 4554/1/4317 2087/1/1960 348/1/320
f 354/1/326 2108/1/1981 4555/1/4318 2071/1/1944
f 2108/1/1981 353/1/325 2070/1/1943 4555/1/4318
f 4555/1/4318 2070/1/1943 338/1/310 2078/1/1951
f 2071/1/1944 4555/1/4318 2078/1/1951 339/1/311
f 355/1/327 2109/1/1982 4556/1/4319 2072/1/1945
f 2109/1/1982 354/1/326 2071/1/1944 4556/1/4319
f 4556/1/4319 2071/1/1944 339/1/311 2079/1/1952
f 2072/1/1945 4556/1/4319 2079/1/1952 340/1/312
f 35/1/35 1470/1/1404 4557/1/4320 1486/1/1420
f 1470/1/1404 48/1/48 2042/1/1916 4557/1/4320
f 4557/1/4320 2042/1/1916 324/1/296 2049/1/1923
f 1486/1/1420 4557/1/4320 2049/1/1923 325/1/297
f 373/1/345 2142/1/2015 4558/1/4321 2088/1/1961
f 2142/1/2015 372/1/344 2101/1/1974 4558/1/4321
f 4558/1/4321 2101/1/1974 357/1/329 2112/1/1985
f 2088/1/1961 4558/1/4321 2112/1/1985 358/1/330
f 364/1/336 2133/1/2006 4559/1/4322 2089/1/1962
f 2133/1/2006 378/1/350 2096/1/1969 4559/1/4322
f 4559/1/4322 2096/1/1969 363/1/335 2103/1/1976
f 2089/1/1962 4559/1/4322 2103/1/1976 349/1/321
f 374/1/346 2143/1/2016 4560/1/4323 2090/1/1963
f 2143/1/2016 373/1/345 2088/1/1961 4560/1/4323
f 4560/1/4323 2088/1/1961 358/1/330 2113/1/1986
f 2090/1/1963 4560/1/4323 2113/1/1986 359/1/331
f 365/1/337 2134/1/2007 4561/1/4324 2091/1/1964
f 2134/1/2007 364/1/336 2089/1/1962 4561/1/4324
f 4561/1/4324 2089/1/1962 349/1/321 2104/1/1977
f 2091/1/1964 4561/1/4324 2104/1/1977 350/1/322
f 375/1/347 2144/1/2017 4562/1/4325 2092/1/1965
f 2144/1/2017 374/1/346 2090/1/1963 4562/1/4325
f 4562/1/4325 2090/1/1963 359/1/331 2114/1/1987
f 2092/1/1965 4562/1/4325 2114/1/1987 360/1/332
f 366/1/338 2135/1/2008 4563/1/4326 2093/1/1966
f 2135/1/2008 365/1/337 2091/1/1964 4563/1/4326
f 4563/1/4326 2091/1/1964 350/1/322 2105/1/1978
f 2093/1/1966 4563/1/4326 2105/1/1978 351/1/323
f 376/1/348 2145/1/2018 4564/1/4327 2094/1/1967
f 2145/1/2018 375/1/347 2092/1/1965 4564/1/4327
f 4564/1/4327 2092/1/1965 360/1/332 2115/1/1988
f 2094/1/1967 4564/1/4327 2115/1/1988 361/1/333
f 367/1/339 2136/1/2009 4565/1/4328 2095/1/1968
f 2136/1/2009 366/1/338 2093/1/1966 4565/1/4328
f 4565/1/4328 2093/1/1966 351/1/323 2106/1/1979
f 2095/1/1968 4565/1/4328 2106/1/1979 352/1/324
f 377/1/349 2146/1/2019 4566/1/4329 2097/1/1970
f 2146/1/2019 376/1/348 2094/1/1967 4566/1/4329
f 4566/1/4329 2094/1/1967 361/1/333 2116/1/1989
f 2097/1/1970 4566/1/4329 2116/1/1989 362/1/334
f 368/1/340 2137/1/2010 4567/1/4330 2098/1/1971
f 2137/1/2010 367/1/339 2095/1/1968 4567/1/4330
f 4567/1/4330 2095/1/1968 352/1/324 2107/1/1980
f 2098/1/1971 4567/1/4330 2107/1/1980 353/1/325
f 378/1/350 2147/1/2020 4568/1/4331 2096/1/1969
f 2147/1/2020 377/1/349 2097/1/1970 4568/1/4331
f 4568/1/4331 2097/1/1970 362/1/334 2117/1/1990
f 2096/1/1969 4568/1/4331 2117/1/1990 363/1/335
f 369/1/341 2138/1/2011 4569/1/4332 2099/1/1972
f 2138/1/2011 368/1/340 2098/1/1971 4569/1/4332
f 4569/1/4332 2098/1/1971 353/1/325 2108/1/1981
f 2099/1/1972 4569/1/4332 2108/1/1981 354/1/326
f 370/1/342 2139/1/2012 4570/1/4333 2100/1/1973
f 2139/1/2012 369/1/341 2099/1/1972 4570/1/4333
f 4570/1/4333 2099/1/1972 354/1/326 2109/1/1982
f 2100/1/1973 4570/1/4333 2109/1/1982 355/1/327
f 371/1/343 2140/1/2013 4571/1/4334 2102/1/1975
f 2140/1/2013 687/1/655 2699/1/2567 4571/1/4334
f 4571/1/4334 2699/1/2567 685/1/653 2110/1/1983
f 2102/1/1975 4571/1/4334 2110/1/1983 356/1/328
f 372/1/344 2141/1/2014 4572/1/4335 2101/1/1974
f 2141/1/2014 371/1/343 2102/1/1975 4572/1/4335
f 4572/1/4335 2102/1/1975 356/1/328 2111/1/1984
f 2101/1/1974 4572/1/4335 2111/1/1984 357/1/329
f 391/1/363 2175/1/2048 4573/1/4336 2118/1/1991
f 2175/1/2048 390/1/362 2129/1/2002 4573/1/4336
f 4573/1/4336 2129/1/2002 375/1/347 2145/1/2018
f 2118/1/1991 4573/1/4336 2145/1/2018 376/1/348
f 382/1/354 2166/1/2039 4574/1/4337 2119/1/1992
f 2166/1/2039 381/1/353 2131/1/2004 4574/1/4337
f 4574/1/4337 2131/1/2004 366/1/338 2136/1/2009
f 2119/1/1992 4574/1/4337 2136/1/2009 367/1/339
f 392/1/364 2176/1/2049 4575/1/4338 2120/1/1993
f 2176/1/2049 391/1/363 2118/1/1991 4575/1/4338
f 4575/1/4338 2118/1/1991 376/1/348 2146/1/2019
f 2120/1/1993 4575/1/4338 2146/1/2019 377/1/349
f 383/1/355 2167/1/2040 4576/1/4339 2121/1/1994
f 2167/1/2040 382/1/354 2119/1/1992 4576/1/4339
f 4576/1/4339 2119/1/1992 367/1/339 2137/1/2010
f 2121/1/1994 4576/1/4339 2137/1/2010 368/1/340
f 393/1/365 2177/1/2050 4577/1/4340 2126/1/1999
f 2177/1/2050 392/1/364 2120/1/1993 4577/1/4340
f 4577/1/4340 2120/1/1993 377/1/349 2147/1/2020
f 2126/1/1999 4577/1/4340 2147/1/2020 378/1/350
f 384/1/356 2168/1/2041 4578/1/4341 2122/1/1995
f 2168/1/2041 383/1/355 2121/1/1994 4578/1/4341
f 4578/1/4341 2121/1/1994 368/1/340 2138/1/2011
f 2122/1/1995 4578/1/4341 2138/1/2011 369/1/341
f 385/1/357 2169/1/2042 4579/1/4342 2123/1/1996
f 2169/1/2042 384/1/356 2122/1/1995 4579/1/4342
f 4579/1/4342 2122/1/1995 369/1/341 2139/1/2012
f 2123/1/1996 4579/1/4342 2139/1/2012 370/1/342
f 386/1/358 2170/1/2043 4580/1/4343 2124/1/1997
f 2170/1/2043 699/1/667 2701/1/2569 4580/1/4343
f 4580/1/4343 2701/1/2569 687/1/655 2140/1/2013
f 2124/1/1997 4580/1/4343 2140/1/2013 371/1/343
f 387/1/359 2171/1/2044 4581/1/4344 2125/1/1998
f 2171/1/2044 386/1/358 2124/1/1997 4581/1/4344
f 4581/1/4344 2124/1/1997 371/1/343 2141/1/2014
f 2125/1/1998 4581/1/4344 2141/1/2014 372/1/344
f 388/1/360 2172/1/2045 4582/1/4345 2127/1/2000
f 2172/1/2045 387/1/359 2125/1/1998 4582/1/4345
f 4582/1/4345 2125/1/1998 372/1/344 2142/1/2015
f 2127/1/2000 4582/1/4345 2142/1/2015 373/1/345
f 379/1/351 2163/1/2036 4583/1/4346 2128/1/2001
f 2163/1/2036 393/1/365 2126/1/1999 4583/1/4346
f 4583/1/4346 2126/1/1999 378/1/350 2133/1/2006
f 2128/1/2001 4583/1/4346 2133/1/2006 364/1/336
f 389/1/361 2173/1/2046 4584/1/4347 2130/1/2003
f 2173/1/2046 388/1/360 2127/1/2000 4584/1/4347
f 4584/1/4347 2127/1/2000 373/1/345 2143/1/2016
f 2130/1/2003 4584/1/4347 2143/1/2016 374/1/346
f 380/1/352 2164/1/2037 4585/1/4348 2132/1/2005
f 2164/1/2037 379/1/351 2128/1/2001 4585/1/4348
f 4585/1/4348 2128/1/2001 364/1/336 2134/1/2007
f 2132/1/2005 4585/1/4348 2134/1/2007 365/1/337
f 390/1/362 2174/1/2047 4586/1/4349 2129/1/2002
f 2174/1/2047 389/1/361 2130/1/2003 4586/1/4349
f 4586/1/4349 2130/1/2003 374/1/346 2144/1/2017
f 2129/1/2002 4586/1/4349 2144/1/2017 375/1/347
f 400/1/372 2199/1/2072 4587/1/4350 2148/1/2021
f 2199/1/2072 399/1/371 2161/1/2034 4587/1/4350
f 4587/1/4350 2161/1/2034 384/1/356 2169/1/2042
f 2148/1/2021 4587/1/4350 2169/1/2042 385/1/357
f 401/1/373 2200/1/2073 4588/1/4351 2149/1/2022
f 2200/1/2073 700/1/668 2715/1/2583 4588/1/4351
f 4588/1/4351 2715/1/2583 699/1/667 2170/1/2043
f 2149/1/2022 4588/1/4351 2170/1/2043 386/1/358
f 402/1/374 2201/1/2074 4589/1/4352 2150/1/2023
f 2201/1/2074 401/1/373 2149/1/2022 4589/1/4352
f 4589/1/4352 2149/1/2022 386/1/358 2171/1/2044
f 2150/1/2023 4589/1/4352 2171/1/2044 387/1/359
f 403/1/375 2202/1/2075 4590/1/4353 2151/1/2024
f 2202/1/2075 402/1/374 2150/1/2023 4590/1/4353
f 4590/1/4353 2150/1/2023 387/1/359 2172/1/2045
f 2151/1/2024 4590/1/4353 2172/1/2045 388/1/360
f 394/1/366 2193/1/2066 4591/1/4354 2152/1/2025
f 2193/1/2066 408/1/380 2159/1/2032 4591/1/4354
f 4591/1/4354 2159/1/2032 393/1/365 2163/1/2036
f 2152/1/2025 4591/1/4354 2163/1/2036 379/1/351
f 404/1/376 2203/1/2076 4592/1/4355 2153/1/2026
f 2203/1/2076 403/1/375 2151/1/2024 4592/1/4355
f 4592/1/4355 2151/1/2024 388/1/360 2173/1/2046
f 2153/1/2026 4592/1/4355 2173/1/2046 389/1/361
f 395/1/367 2194/1/2067 4593/1/4356 2154/1/2027
f 2194/1/2067 394/1/366 2152/1/2025 4593/1/4356
f 4593/1/4356 2152/1/2025 379/1/351 2164/1/2037
f 2154/1/2027 4593/1/4356 2164/1/2037 380/1/352
f 405/1/377 2204/1/2077 4594/1/4357 2155/1/2028
f 2204/1/2077 404/1/376 2153/1/2026 4594/1/4357
f 4594/1/4357 2153/1/2026 389/1/361 2174/1/2047
f 2155/1/2028 4594/1/4357 2174/1/2047 390/1/362
f 396/1/368 2195/1/2068 4595/1/4358 2156/1/2029
f 2195/1/2068 395/1/367 2154/1/2027 4595/1/4358
f 4595/1/4358 2154/1/2027 380/1/352 2165/1/2038
f 2156/1/2029 4595/1/4358 2165/1/2038 381/1/353
f 406/1/378 2205/1/2078 4596/1/4359 2157/1/2030
f 2205/1/2078 405/1/377 2155/1/2028 4596/1/4359
f 4596/1/4359 2155/1/2028 390/1/362 2175/1/2048
f 2157/1/2030 4596/1/4359 2175/1/2048 391/1/363
f 397/1/369 2196/1/2069 4597/1/4360 2158/1/2031
f 2196/1/2069 396/1/368 2156/1/2029 4597/1/4360
f 4597/1/4360 2156/1/2029 381/1/353 2166/1/2039
f 2158/1/2031 4597/1/4360 2166/1/2039 382/1/354
f 407/1/379 2206/1/2079 4598/1/4361 2160/1/2033
f 2206/1/2079 406/1/378 2157/1/2030 4598/1/4361
f 4598/1/4361 2157/1/2030 391/1/363 2176/1/2049
f 2160/1/2033 4598/1/4361 2176/1/2049 392/1/364
f 398/1/370 2197/1/2070 4599/1/4362 2162/1/2035
f 2197/1/2070 397/1/369 2158/1/2031 4599/1/4362
f 4599/1/4362 2158/1/2031 382/1/354 2167/1/2040
f 2162/1/2035 4599/1/4362 2167/1/2040 383/1/355
f 408/1/380 2207/1/2080 4600/1/4363 2159/1/2032
f 2207/1/2080 407/1/379 2160/1/2033 4600/1/4363
f 4600/1/4363 2160/1/2033 392/1/364 2177/1/2050
f 2159/1/2032 4600/1/4363 2177/1/2050 393/1/365
f 381/1/353 2165/1/2038 4601/1/4364 2131/1/2004
f 2165/1/2038 380/1/352 2132/1/2005 4601/1/4364
f 4601/1/4364 2132/1/2005 365/1/337 2135/1/2008
f 2131/1/2004 4601/1/4364 2135/1/2008 366/1/338
f 416/1/388 2230/1/2103 4602/1/4365 2178/1/2051
f 2230/1/2103 701/1/669 2716/1/2584 4602/1/4365
f 4602/1/4365 2716/1/2584 700/1/668 2200/1/2073
f 2178/1/2051 4602/1/4365 2200/1/2073 401/1/373
f 417/1/389 2231/1/2104 4603/1/4366 2179/1/2052
f 2231/1/2104 416/1/388 2178/1/2051 4603/1/4366
f 4603/1/4366 2178/1/2051 401/1/373 2201/1/2074
f 2179/1/2052 4603/1/4366 2201/1/2074 402/1/374
f 418/1/390 2232/1/2105 4604/1/4367 2180/1/2053
f 2232/1/2105 417/1/389 2179/1/2052 4604/1/4367
f 4604/1/4367 2179/1/2052 402/1/374 2202/1/2075
f 2180/1/2053 4604/1/4367 2202/1/2075 403/1/375
f 409/1/381 2223/1/2096 4605/1/4368 2181/1/2054
f 2223/1/2096 423/1/395 2188/1/2061 4605/1/4368
f 4605/1/4368 2188/1/2061 408/1/380 2193/1/2066
f 2181/1/2054 4605/1/4368 2193/1/2066 394/1/366
f 419/1/391 2233/1/2106 4606/1/4369 2182/1/2055
f 2233/1/2106 418/1/390 2180/1/2053 4606/1/4369
f 4606/1/4369 2180/1/2053 403/1/375 2203/1/2076
f 2182/1/2055 4606/1/4369 2203/1/2076 404/1/376
f 410/1/382 2224/1/2097 4607/1/4370 2183/1/2056
f 2224/1/2097 409/1/381 2181/1/2054 4607/1/4370
f 4607/1/4370 2181/1/2054 394/1/366 2194/1/2067
f 2183/1/2056 4607/1/4370 2194/1/2067 395/1/367
f 420/1/392 2234/1/2107 4608/1/4371 2184/1/2057
f 2234/1/2107 419/1/391 2182/1/2055 4608/1/4371
f 4608/1/4371 2182/1/2055 404/1/376 2204/1/2077
f 2184/1/2057 4608/1/4371 2204/1/2077 405/1/377
f 411/1/383 2225/1/2098 4609/1/4372 2185/1/2058
f 2225/1/2098 410/1/382 2183/1/2056 4609/1/4372
f 4609/1/4372 2183/1/2056 395/1/367 2195/1/2068
f 2185/1/2058 4609/1/4372 2195/1/2068 396/1/368
f 421/1/393 2235/1/2108 4610/1/4373 2186/1/2059
f 2235/1/2108 420/1/392 2184/1/2057 4610/1/4373
f 4610/1/4373 2184/1/2057 405/1/377 2205/1/2078
f 2186/1/2059 4610/1/4373 2205/1/2078 406/1/378
f 412/1/384 2226/1/2099 4611/1/4374 2187/1/2060
f 2226/1/2099 411/1/383 2185/1/2058 4611/1/4374
f 4611/1/4374 2185/1/2058 396/1/368 2196/1/2069
f 2187/1/2060 4611/1/4374 2196/1/2069 397/1/369
f 422/1/394 2236/1/2109 4612/1/4375 2189/1/2062
f 2236/1/2109 421/1/393 2186/1/2059 4612/1/4375
f 4612/1/4375 2186/1/2059 406/1/378 2206/1/2079
f 2189/1/2062 4612/1/4375 2206/1/2079 407/1/379
f 413/1/385 2227/1/2100 4613/1/4376 2190/1/2063
f 2227/1/2100 412/1/384 2187/1/2060 4613/1/4376
f 4613/1/4376 2187/1/2060 397/1/369 2197/1/2070
f 2190/1/2063 4613/1/4376 2197/1/2070 398/1/370
f 423/1/395 2237/1/2110 4614/1/4377 2188/1/2061
f 2237/1/2110 422/1/394 2189/1/2062 4614/1/4377
f 4614/1/4377 2189/1/2062 407/1/379 2207/1/2080
f 2188/1/2061 4614/1/4377 2207/1/2080 408/1/380
f 414/1/386 2228/1/2101 4615/1/4378 2191/1/2064
f 2228/1/2101 413/1/385 2190/1/2063 4615/1/4378
f 4615/1/4378 2190/1/2063 398/1/370 2198/1/2071
f 2191/1/2064 4615/1/4378 2198/1/2071 399/1/371
f 415/1/387 2229/1/2102 4616/1/4379 2192/1/2065
f 2229/1/2102 414/1/386 2191/1/2064 4616/1/4379
f 4616/1/4379 2191/1/2064 399/1/371 2199/1/2072
f 2192/1/2065 4616/1/4379 2199/1/2072 400/1/372
f 399/1/371 2198/1/2071 4617/1/4380 2161/1/2034
f 2198/1/2071 398/1/370 2162/1/2035 4617/1/4380
f 4617/1/4380 2162/1/2035 383/1/355 2168/1/2041
f 2161/1/2034 4617/1/4380 2168/1/2041 384/1/356
f 432/1/404 2261/1/2134 4618/1/4381 2208/1/2081
f 2261/1/2134 431/1/403 2222/1/2095 4618/1/4381
f 4618/1/4381 2222/1/2095 416/1/388 2231/1/2104
f 2208/1/2081 4618/1/4381 2231/1/2104 417/1/389
f 433/1/405 2262/1/2135 4619/1/4382 2209/1/2082
f 2262/1/2135 432/1/404 2208/1/2081 4619/1/4382
f 4619/1/4382 2208/1/2081 417/1/389 2232/1/2105
f 2209/1/2082 4619/1/4382 2232/1/2105 418/1/390
f 424/1/396 2253/1/2126 4620/1/4383 2210/1/2083
f 2253/1/2126 438/1/410 2217/1/2090 4620/1/4383
f 4620/1/4383 2217/1/2090 423/1/395 2223/1/2096
f 2210/1/2083 4620/1/4383 2223/1/2096 409/1/381
f 434/1/406 2263/1/2136 4621/1/4384 2211/1/2084
f 2263/1/2136 433/1/405 2209/1/2082 4621/1/4384
f 4621/1/4384 2209/1/2082 418/1/390 2233/1/2106
f 2211/1/2084 4621/1/4384 2233/1/2106 419/1/391
f 425/1/397 2254/1/2127 4622/1/4385 2212/1/2085
f 2254/1/2127 424/1/396 2210/1/2083 4622/1/4385
f 4622/1/4385 2210/1/2083 409/1/381 2224/1/2097
f 2212/1/2085 4622/1/4385 2224/1/2097 410/1/382
f 435/1/407 2264/1/2137 4623/1/4386 2213/1/2086
f 2264/1/2137 434/1/406 2211/1/2084 4623/1/4386
f 4623/1/4386 2211/1/2084 419/1/391 2234/1/2107
f 2213/1/2086 4623/1/4386 2234/1/2107 420/1/392
f 426/1/398 2255/1/2128 4624/1/4387 2214/1/2087
f 2255/1/2128 425/1/397 2212/1/2085 4624/1/4387
f 4624/1/4387 2212/1/2085 410/1/382 2225/1/2098
f 2214/1/2087 4624/1/4387 2225/1/2098 411/1/383
f 436/1/408 2265/1/2138 4625/1/4388 2215/1/2088
f 2265/1/2138 435/1/407 2213/1/2086 4625/1/4388
f 4625/1/4388 2213/1/2086 420/1/392 2235/1/2108
f 2215/1/2088 4625/1/4388 2235/1/2108 421/1/393
f 427/1/399 2256/1/2129 4626/1/4389 2216/1/2089
f 2256/1/2129 426/1/398 2214/1/2087 4626/1/4389
f 4626/1/4389 2214/1/2087 411/1/383 2226/1/2099
f 2216/1/2089 4626/1/4389 2226/1/2099 412/1/384
f 437/1/409 2266/1/2139 4627/1/4390 2218/1/2091
f 2266/1/2139 436/1/408 2215/1/2088 4627/1/4390
f 4627/1/4390 2215/1/2088 421/1/393 2236/1/2109
f 2218/1/2091 4627/1/4390 2236/1/2109 422/1/394
f 428/1/400 2257/1/2130 4628/1/4391 2219/1/2092
f 2257/1/2130 427/1/399 2216/1/2089 4628/1/4391
f 4628/1/4391 2216/1/2089 412/1/384 2227/1/2100
f 2219/1/2092 4628/1/4391 2227/1/2100 413/1/385
f 438/1/410 2267/1/2140 4629/1/4392 2217/1/2090
f 2267/1/2140 437/1/409 2218/1/2091 4629/1/4392
f 4629/1/4392 2218/1/2091 422/1/394 2237/1/2110
f 2217/1/2090 4629/1/4392 2237/1/2110 423/1/395
f 429/1/401 2258/1/2131 4630/1/4393 2220/1/2093
f 2258/1/2131 428/1/400 2219/1/2092 4630/1/4393
f 4630/1/4393 2219/1/2092 413/1/385 2228/1/2101
f 2220/1/2093 4630/1/4393 2228/1/2101 414/1/386
f 430/1/402 2259/1/2132 4631/1/4394 2221/1/2094
f 2259/1/2132 429/1/401 2220/1/2093 4631/1/4394
f 4631/1/4394 2220/1/2093 414/1/386 2229/1/2102
f 2221/1/2094 4631/1/4394 2229/1/2102 415/1/387
f 431/1/403 2260/1/2133 4632/1/4395 2222/1/2095
f 2260/1/2133 702/1/670 2717/1/2585 4632/1/4395
f 4632/1/4395 2717/1/2585 701/1/669 2230/1/2103
f 2222/1/2095 4632/1/4395 2230/1/2103 416/1/388
f 440/1/412 2284/1/2157 4633/1/4396 2238/1/2111
f 2284/1/2157 439/1/411 2249/1/2122 4633/1/4396
f 4633/1/4396 2249/1/2122 424/1/396 2254/1/2127
f 2238/1/2111 4633/1/4396 2254/1/2127 425/1/397
f 450/1/422 2294/1/2167 4634/1/4397 2239/1/2112
f 2294/1/2167 449/1/421 2251/1/2124 4634/1/4397
f 4634/1/4397 2251/1/2124 434/1/406 2264/1/2137
f 2239/1/2112 4634/1/4397 2264/1/2137 435/1/407
f 441/1/413 2285/1/2158 4635/1/4398 2240/1/2113
f 2285/1/2158 440/1/412 2238/1/2111 4635/1/4398
f 4635/1/4398 2238/1/2111 425/1/397 2255/1/2128
f 2240/1/2113 4635/1/4398 2255/1/2128 426/1/398
f 451/1/423 2295/1/2168 4636/1/4399 2241/1/2114
f 2295/1/2168 450/1/422 2239/1/2112 4636/1/4399
f 4636/1/4399 2239/1/2112 435/1/407 2265/1/2138
f 2241/1/2114 4636/1/4399 2265/1/2138 436/1/408
f 442/1/414 2286/1/2159 4637/1/4400 2242/1/2115
f 2286/1/2159 441/1/413 2240/1/2113 4637/1/4400
f 4637/1/4400 2240/1/2113 426/1/398 2256/1/2129
f 2242/1/2115 4637/1/4400 2256/1/2129 427/1/399
f 452/1/424 2296/1/2169 4638/1/4401 2243/1/2116
f 2296/1/2169 451/1/423 2241/1/2114 4638/1/4401
f 4638/1/4401 2241/1/2114 436/1/408 2266/1/2139
f 2243/1/2116 4638/1/4401 2266/1/2139 437/1/409
f 443/1/415 2287/1/2160 4639/1/4402 2244/1/2117
f 2287/1/2160 442/1/414 2242/1/2115 4639/1/4402
f 4639/1/4402 2242/1/2115 427/1/399 2257/1/2130
f 2244/1/2117 4639/1/4402 2257/1/2130 428/1/400
f 453/1/425 2297/1/2170 4640/1/4403 2250/1/2123
f 2297/1/2170 452/1/424 2243/1/2116 4640/1/4403
f 4640/1/4403 2243/1/2116 437/1/409 2267/1/2140
f 2250/1/2123 4640/1/4403 2267/1/2140 438/1/410
f 444/1/416 2288/1/2161 4641/1/4404 2245/1/2118
f 2288/1/2161 443/1/415 2244/1/2117 4641/1/4404
f 4641/1/4404 2244/1/2117 428/1/400 2258/1/2131
f 2245/1/2118 4641/1/4404 2258/1/2131 429/1/401
f 445/1/417 2289/1/2162 4642/1/4405 2246/1/2119
f 2289/1/2162 444/1/416 2245/1/2118 4642/1/4405
f 4642/1/4405 2245/1/2118 429/1/401 2259/1/2132
f 2246/1/2119 4642/1/4405 2259/1/2132 430/1/402
f 446/1/418 2290/1/2163 4643/1/4406 2247/1/2120
f 2290/1/2163 703/1/671 2718/1/2586 4643/1/4406
f 4643/1/4406 2718/1/2586 702/1/670 2260/1/2133
f 2247/1/2120 4643/1/4406 2260/1/2133 431/1/403
f 447/1/419 2291/1/2164 4644/1/4407 2248/1/2121
f 2291/1/2164 446/1/418 2247/1/2120 4644/1/4407
f 4644/1/4407 2247/1/2120 431/1/403 2261/1/2134
f 2248/1/2121 4644/1/4407 2261/1/2134 432/1/404
f 448/1/420 2292/1/2165 4645/1/4408 2252/1/2125
f 2292/1/2165 447/1/419 2248/1/2121 4645/1/4408
f 4645/1/4408 2248/1/2121 432/1/404 2262/1/2135
f 2252/1/2125 4645/1/4408 2262/1/2135 433/1/405
f 439/1/411 2283/1/2156 4646/1/4409 2249/1/2122
f 2283/1/2156 453/1/425 2250/1/2123 4646/1/4409
f 4646/1/4409 2250/1/2123 438/1/410 2253/1/2126
f 2249/1/2122 4646/1/4409 2253/1/2126 424/1/396
f 449/1/421 2293/1/2166 4647/1/4410 2251/1/2124
f 2293/1/2166 448/1/420 2252/1/2125 4647/1/4410
f 4647/1/4410 2252/1/2125 433/1/405 2263/1/2136
f 2251/1/2124 4647/1/4410 2263/1/2136 434/1/406
f 458/1/430 2317/1/2190 4648/1/4411 2268/1/2141
f 2317/1/2190 457/1/429 2279/1/2152 4648/1/4411
f 4648/1/4411 2279/1/2152 442/1/414 2287/1/2160
f 2268/1/2141 4648/1/4411 2287/1/2160 443/1/415
f 468/1/440 2327/1/2200 4649/1/4412 2273/1/2146
f 2327/1/2200 467/1/439 2281/1/2154 4649/1/4412
f 4649/1/4412 2281/1/2154 452/1/424 2297/1/2170
f 2273/1/2146 4649/1/4412 2297/1/2170 453/1/425
f 459/1/431 2318/1/2191 4650/1/4413 2269/1/2142
f 2318/1/2191 458/1/430 2268/1/2141 4650/1/4413
f 4650/1/4413 2268/1/2141 443/1/415 2288/1/2161
f 2269/1/2142 4650/1/4413 2288/1/2161 444/1/416
f 460/1/432 2319/1/2192 4651/1/4414 2270/1/2143
f 2319/1/2192 459/1/431 2269/1/2142 4651/1/4414
f 4651/1/4414 2269/1/2142 444/1/416 2289/1/2162
f 2270/1/2143 4651/1/4414 2289/1/2162 445/1/417
f 461/1/433 2320/1/2193 4652/1/4415 2271/1/2144
f 2320/1/2193 704/1/672 2719/1/2587 4652/1/4415
f 4652/1/4415 2719/1/2587 703/1/671 2290/1/2163
f 2271/1/2144 4652/1/4415 2290/1/2163 446/1/418
f 462/1/434 2321/1/2194 4653/1/4416 2272/1/2145
f 2321/1/2194 461/1/433 2271/1/2144 4653/1/4416
f 4653/1/4416 2271/1/2144 446/1/418 2291/1/2164
f 2272/1/2145 4653/1/4416 2291/1/2164 447/1/419
f 463/1/435 2322/1/2195 4654/1/4417 2274/1/2147
f 2322/1/2195 462/1/434 2272/1/2145 4654/1/4417
f 4654/1/4417 2272/1/2145 447/1/419 2292/1/2165
f 2274/1/2147 4654/1/4417 2292/1/2165 448/1/420
f 454/1/426 2313/1/2186 4655/1/4418 2275/1/2148
f 2313/1/2186 468/1/440 2273/1/2146 4655/1/4418
f 4655/1/4418 2273/1/2146 453/1/425 2283/1/2156
f 2275/1/2148 4655/1/4418 2283/1/2156 439/1/411
f 464/1/436 2323/1/2196 4656/1/4419 2276/1/2149
f 2323/1/2196 463/1/435 2274/1/2147 4656/1/4419
f 4656/1/4419 2274/1/2147 448/1/420 2293/1/2166
f 2276/1/2149 4656/1/4419 2293/1/2166 449/1/421
f 455/1/427 2314/1/2187 4657/1/4420 2277/1/2150
f 2314/1/2187 454/1/426 2275/1/2148 4657/1/4420
f 4657/1/4420 2275/1/2148 439/1/411 2284/1/2157
f 2277/1/2150 4657/1/4420 2284/1/2157 440/1/412
f 465/1/437 2324/1/2197 4658/1/4421 2278/1/2151
f 2324/1/2197 464/1/436 2276/1/2149 4658/1/4421
f 4658/1/4421 2276/1/2149 449/1/421 2294/1/2167
f 2278/1/2151 4658/1/4421 2294/1/2167 450/1/422
f 456/1/428 2315/1/2188 4659/1/4422 2280/1/2153
f 2315/1/2188 455/1/427 2277/1/2150 4659/1/4422
f 4659/1/4422 2277/1/2150 440/1/412 2285/1/2158
f 2280/1/2153 4659/1/4422 2285/1/2158 441/1/413
f 466/1/438 2325/1/2198 4660/1/4423 2282/1/2155
f 2325/1/2198 465/1/437 2278/1/2151 4660/1/4423
f 4660/1/4423 2278/1/2151 450/1/422 2295/1/2168
f 2282/1/2155 4660/1/4423 2295/1/2168 451/1/423
f 457/1/429 2316/1/2189 4661/1/4424 2279/1/2152
f 2316/1/2189 456/1/428 2280/1/2153 4661/1/4424
f 4661/1/4424 2280/1/2153 441/1/413 2286/1/2159
f 2279/1/2152 4661/1/4424 2286/1/2159 442/1/414
f 467/1/439 2326/1/2199 4662/1/4425 2281/1/2154
f 2326/1/2199 466/1/438 2282/1/2155 4662/1/4425
f 4662/1/4425 2282/1/2155 451/1/423 2296/1/2169
f 2281/1/2154 4662/1/4425 2296/1/2169 452/1/424
f 476/1/448 2350/1/2223 4663/1/4426 2298/1/2171
f 2350/1/2223 705/1/673 2721/1/2589 4663/1/4426
f 4663/1/4426 2721/1/2589 704/1/672 2320/1/2193
f 2298/1/2171 4663/1/4426 2320/1/2193 461/1/433
f 477/1/449 2351/1/2224 4664/1/4427 2299/1/2172
f 2351/1/2224 476/1/448 2298/1/2171 4664/1/4427
f 4664/1/4427 2298/1/2171 461/1/433 2321/1/2194
f 2299/1/2172 4664/1/4427 2321/1/2194 462/1/434
f 478/1/450 2352/1/2225 4665/1/4428 2300/1/2173
f 2352/1/2225 477/1/449 2299/1/2172 4665/1/4428
f 4665/1/4428 2299/1/2172 462/1/434 2322/1/2195
f 2300/1/2173 4665/1/4428 2322/1/2195 463/1/435
f 469/1/441 2343/1/2216 4666/1/4429 2301/1/2174
f 2343/1/2216 483/1/455 2308/1/2181 4666/1/4429
f 4666/1/4429 2308/1/2181 468/1/440 2313/1/2186
f 2301/1/2174 4666/1/4429 2313/1/2186 454/1/426
f 479/1/451 2353/1/2226 4667/1/4430 2302/1/2175
f 2353/1/2226 478/1/450 2300/1/2173 4667/1/4430
f 4667/1/4430 2300/1/2173 463/1/435 2323/1/2196
f 2302/1/2175 4667/1/4430 2323/1/2196 464/1/436
f 470/1/442 2344/1/2217 4668/1/4431 2303/1/2176
f 2344/1/2217 469/1/441 2301/1/2174 4668/1/4431
f 4668/1/4431 2301/1/2174 454/1/426 2314/1/2187
f 2303/1/2176 4668/1/4431 2314/1/2187 455/1/427
f 480/1/452 2354/1/2227 4669/1/4432 2304/1/2177
f 2354/1/2227 479/1/451 2302/1/2175 4669/1/4432
f 4669/1/4432 2302/1/2175 464/1/436 2324/1/2197
f 2304/1/2177 4669/1/4432 2324/1/2197 465/1/437
f 471/1/443 2345/1/2218 4670/1/4433 2305/1/2178
f 2345/1/2218 470/1/442 2303/1/2176 4670/1/4433
f 4670/1/4433 2303/1/2176 455/1/427 2315/1/2188
f 2305/1/2178 4670/1/4433 2315/1/2188 456/1/428
f 481/1/453 2355/1/2228 4671/1/4434 2306/1/2179
f 2355/1/2228 480/1/452 2304/1/2177 4671/1/4434
f 4671/1/4434 2304/1/2177 465/1/437 2325/1/2198
f 2306/1/2179 4671/1/4434 2325/1/2198 466/1/438
f 472/1/444 2346/1/2219 4672/1/4435 2307/1/2180
f 2346/1/2219 471/1/443 2305/1/2178 4672/1/4435
f 4672/1/4435 2305/1/2178 456/1/428 2316/1/2189
f 2307/1/2180 4672/1/4435 2316/1/2189 457/1/429
f 482/1/454 2356/1/2229 4673/1/4436 2309/1/2182
f 2356/1/2229 481/1/453 2306/1/2179 4673/1/4436
f 4673/1/4436 2306/1/2179 466/1/438 2326/1/2199
f 2309/1/2182 4673/1/4436 2326/1/2199 467/1/439
f 473/1/445 2347/1/2220 4674/1/4437 2310/1/2183
f 2347/1/2220 472/1/444 2307/1/2180 4674/1/4437
f 4674/1/4437 2307/1/2180 457/1/429 2317/1/2190
f 2310/1/2183 4674/1/4437 2317/1/2190 458/1/430
f 483/1/455 2357/1/2230 4675/1/4438 2308/1/2181
f 2357/1/2230 482/1/454 2309/1/2182 4675/1/4438
f 4675/1/4438 2309/1/2182 467/1/439 2327/1/2200
f 2308/1/2181 4675/1/4438 2327/1/2200 468/1/440
f 474/1/446 2348/1/2221 4676/1/4439 2312/1/2185
f 2348/1/2221 473/1/445 2310/1/2183 4676/1/4439
f 4676/1/4439 2310/1/2183 458/1/430 2318/1/2191
f 2312/1/2185 4676/1/4439 2318/1/2191 459/1/431
f 475/1/447 2349/1/2222 4677/1/4440 2311/1/2184
f 2349/1/2222 474/1/446 2312/1/2185 4677/1/4440
f 4677/1/4440 2312/1/2185 459/1/431 2319/1/2192
f 2311/1/2184 4677/1/4440 2319/1/2192 460/1/432
f 491/1/463 2380/1/2253 4678/1/4441 2328/1/2201
f 2380/1/2253 706/1/674 2720/1/2588 4678/1/4441
f 4678/1/4441 2720/1/2588 705/1/673 2350/1/2223
f 2328/1/2201 4678/1/4441 2350/1/2223 476/1/448
f 492/1/464 2381/1/2254 4679/1/4442 2329/1/2202
f 2381/1/2254 491/1/463 2328/1/2201 4679/1/4442
f 4679/1/4442 2328/1/2201 476/1/448 2351/1/2224
f 2329/1/2202 4679/1/4442 2351/1/2224 477/1/449
f 493/1/465 2382/1/2255 4680/1/4443 2330/1/2203
f 2382/1/2255 492/1/464 2329/1/2202 4680/1/4443
f 4680/1/4443 2329/1/2202 477/1/449 2352/1/2225
f 2330/1/2203 4680/1/4443 2352/1/2225 478/1/450
f 484/1/456 2373/1/2246 4681/1/4444 2331/1/2204
f 2373/1/2246 498/1/470 2338/1/2211 4681/1/4444
f 4681/1/4444 2338/1/2211 483/1/455 2343/1/2216
f 2331/1/2204 4681/1/4444 2343/1/2216 469/1/441
f 494/1/466 2383/1/2256 4682/1/4445 2332/1/2205
f 2383/1/2256 493/1/465 2330/1/2203 4682/1/4445
f 4682/1/4445 2330/1/2203 478/1/450 2353/1/2226
f 2332/1/2205 4682/1/4445 2353/1/2226 479/1/451
f 485/1/457 2374/1/2247 4683/1/4446 2333/1/2206
f 2374/1/2247 484/1/456 2331/1/2204 4683/1/4446
f 4683/1/4446 2331/1/2204 469/1/441 2344/1/2217
f 2333/1/2206 4683/1/4446 2344/1/2217 470/1/442
f 495/1/467 2384/1/2257 4684/1/4447 2334/1/2207
f 2384/1/2257 494/1/466 2332/1/2205 4684/1/4447
f 4684/1/4447 2332/1/2205 479/1/451 2354/1/2227
f 2334/1/2207 4684/1/4447 2354/1/2227 480/1/452
f 486/1/458 2375/1/2248 4685/1/4448 2335/1/2208
f 2375/1/2248 485/1/457 2333/1/2206 4685/1/4448
f 4685/1/4448 2333/1/2206 470/1/442 2345/1/2218
f 2335/1/2208 4685/1/4448 2345/1/2218 471/1/443
f 496/1/468 2385/1/2258 4686/1/4449 2336/1/2209
f 2385/1/2258 495/1/467 2334/1/2207 4686/1/4449
f 4686/1/4449 2334/1/2207 480/1/452 2355/1/2228
f 2336/1/2209 4686/1/4449 2355/1/2228 481/1/453
f 487/1/459 2376/1/2249 4687/1/4450 2337/1/2210
f 2376/1/2249 486/1/458 2335/1/2208 4687/1/4450
f 4687/1/4450 2335/1/2208 471/1/443 2346/1/2219
f 2337/1/2210 4687/1/4450 2346/1/2219 472/1/444
f 497/1/469 2386/1/2259 4688/1/4451 2339/1/2212
f 2386/1/2259 496/1/468 2336/1/2209 4688/1/4451
f 4688/1/4451 2336/1/2209 481/1/453 2356/1/2229
f 2339/1/2212 4688/1/4451 2356/1/2229 482/1/454
f 488/1/460 2377/1/2250 4689/1/4452 2340/1/2213
f 2377/1/2250 487/1/459 2337/1/2210 4689/1/4452
f 4689/1/4452 2337/1/2210 472/1/444 2347/1/2220
f 2340/1/2213 4689/1/4452 2347/1/2220 473/1/445
f 498/1/470 2387/1/2260 4690/1/4453 2338/1/2211
f 2387/1/2260 497/1/469 2339/1/2212 4690/1/4453
f 4690/1/4453 2339/1/2212 482/1/454 2357/1/2230
f 2338/1/2211 4690/1/4453 2357/1/2230 483/1/455
f 489/1/461 2378/1/2251 4691/1/4454 2341/1/2214
f 2378/1/2251 488/1/460 2340/1/2213 4691/1/4454
f 4691/1/4454 2340/1/2213 473/1/445 2348/1/2221
f 2341/1/2214 4691/1/4454 2348/1/2221 474/1/446
f 490/1/462 2379/1/2252 4692/1/4455 2342/1/2215
f 2379/1/2252 489/1/461 2341/1/2214 4692/1/4455
f 4692/1/4455 2341/1/2214 474/1/446 2349/1/2222
f 2342/1/2215 4692/1/4455 2349/1/2222 475/1/447
f 499/1/471 2403/1/2276 4693/1/4456 2358/1/2231
f 2403/1/2276 513/1/485 2365/1/2238 4693/1/4456
f 4693/1/4456 2365/1/2238 498/1/470 2373/1/2246
f 2358/1/2231 4693/1/4456 2373/1/2246 484/1/456
f 509/1/481 2413/1/2286 4694/1/4457 2359/1/2232
f 2413/1/2286 508/1/480 2371/1/2244 4694/1/4457
f 4694/1/4457 2371/1/2244 493/1/465 2383/1/2256
f 2359/1/2232 4694/1/4457 2383/1/2256 494/1/466
f 500/1/472 2404/1/2277 4695/1/4458 2360/1/2233
f 2404/1/2277 499/1/471 2358/1/2231 4695/1/4458
f 4695/1/4458 2358/1/2231 484/1/456 2374/1/2247
f 2360/1/2233 4695/1/4458 2374/1/2247 485/1/457
f 510/1/482 2414/1/2287 4696/1/4459 2361/1/2234
f 2414/1/2287 509/1/481 2359/1/2232 4696/1/4459
f 4696/1/4459 2359/1/2232 494/1/466 2384/1/2257
f 2361/1/2234 4696/1/4459 2384/1/2257 495/1/467
f 501/1/473 2405/1/2278 4697/1/4460 2362/1/2235
f 2405/1/2278 500/1/472 2360/1/2233 4697/1/4460
f 4697/1/4460 2360/1/2233 485/1/457 2375/1/2248
f 2362/1/2235 4697/1/4460 2375/1/2248 486/1/458
f 511/1/483 2415/1/2288 4698/1/4461 2363/1/2236
f 2415/1/2288 510/1/482 2361/1/2234 4698/1/4461
f 4698/1/4461 2361/1/2234 495/1/467 2385/1/2258
f 2363/1/2236 4698/1/4461 2385/1/2258 496/1/468
f 502/1/474 2406/1/2279 4699/1/4462 2364/1/2237
f 2406/1/2279 501/1/473 2362/1/2235 4699/1/4462
f 4699/1/4462 2362/1/2235 486/1/458 2376/1/2249
f 2364/1/2237 4699/1/4462 2376/1/2249 487/1/459
f 512/1/484 2416/1/2289 4700/1/4463 2366/1/2239
f 2416/1/2289 511/1/483 2363/1/2236 4700/1/4463
f 4700/1/4463 2363/1/2236 496/1/468 2386/1/2259
f 2366/1/2239 4700/1/4463 2386/1/2259 497/1/469
f 503/1/475 2407/1/2280 4701/1/4464 2367/1/2240
f 2407/1/2280 502/1/474 2364/1/2237 4701/1/4464
f 4701/1/4464 2364/1/2237 487/1/459 2377/1/2250
f 2367/1/2240 4701/1/4464 2377/1/2250 488/1/460
f 513/1/485 2417/1/2290 4702/1/4465 2365/1/2238
f 2417/1/2290 512/1/484 2366/1/2239 4702/1/4465
f 4702/1/4465 2366/1/2239 497/1/469 2387/1/2260
f 2365/1/2238 4702/1/4465 2387/1/2260 498/1/470
f 504/1/476 2408/1/2281 4703/1/4466 2368/1/2241
f 2408/1/2281 503/1/475 2367/1/2240 4703/1/4466
f 4703/1/4466 2367/1/2240 488/1/460 2378/1/2251
f 2368/1/2241 4703/1/4466 2378/1/2251 489/1/461
f 505/1/477 2409/1/2282 4704/1/4467 2369/1/2242
f 2409/1/2282 504/1/476 2368/1/2241 4704/1/4467
f 4704/1/4467 2368/1/2241 489/1/461 2379/1/2252
f 2369/1/2242 4704/1/4467 2379/1/2252 490/1/462
f 506/1/478 2410/1/2283 4705/1/4468 2370/1/2243
f 2410/1/2283 707/1/675 2722/1/2590 4705/1/4468
f 4705/1/4468 2722/1/2590 706/1/674 2380/1/2253
f 2370/1/2243 4705/1/4468 2380/1/2253 491/1/463
f 507/1/479 2411/1/2284 4706/1/4469 2372/1/2245
f 2411/1/2284 506/1/478 2370/1/2243 4706/1/4469
f 4706/1/4469 2370/1/2243 491/1/463 2381/1/2254
f 2372/1/2245 4706/1/4469 2381/1/2254 492/1/464
f 517/1/489 2436/1/2309 4707/1/4470 2388/1/2261
f 2436/1/2309 516/1/488 2399/1/2272 4707/1/4470
f 4707/1/4470 2399/1/2272 501/1/473 2406/1/2279
f 2388/1/2261 4707/1/4470 2406/1/2279 502/1/474
f 527/1/499 2446/1/2319 4708/1/4471 2389/1/2262
f 2446/1/2319 526/1/498 2401/1/2274 4708/1/4471
f 4708/1/4471 2401/1/2274 511/1/483 2416/1/2289
f 2389/1/2262 4708/1/4471 2416/1/2289 512/1/484
f 518/1/490 2437/1/2310 4709/1/4472 2390/1/2263
f 2437/1/2310 517/1/489 2388/1/2261 4709/1/4472
f 4709/1/4472 2388/1/2261 502/1/474 2407/1/2280
f 2390/1/2263 4709/1/4472 2407/1/2280 503/1/475
f 528/1/500 2447/1/2320 4710/1/4473 2395/1/2268
f 2447/1/2320 527/1/499 2389/1/2262 4710/1/4473
f 4710/1/4473 2389/1/2262 512/1/484 2417/1/2290
f 2395/1/2268 4710/1/4473 2417/1/2290 513/1/485
f 519/1/491 2438/1/2311 4711/1/4474 2391/1/2264
f 2438/1/2311 518/1/490 2390/1/2263 4711/1/4474
f 4711/1/4474 2390/1/2263 503/1/475 2408/1/2281
f 2391/1/2264 4711/1/4474 2408/1/2281 504/1/476
f 520/1/492 2439/1/2312 4712/1/4475 2392/1/2265
f 2439/1/2312 519/1/491 2391/1/2264 4712/1/4475
f 4712/1/4475 2391/1/2264 504/1/476 2409/1/2282
f 2392/1/2265 4712/1/4475 2409/1/2282 505/1/477
f 521/1/493 2440/1/2313 4713/1/4476 2393/1/2266
f 2440/1/2313 708/1/676 2723/1/2591 4713/1/4476
f 4713/1/4476 2723/1/2591 707/1/675 2410/1/2283
f 2393/1/2266 4713/1/4476 2410/1/2283 506/1/478
f 522/1/494 2441/1/2314 4714/1/4477 2394/1/2267
f 2441/1/2314 521/1/493 2393/1/2266 4714/1/4477
f 4714/1/4477 2393/1/2266 506/1/478 2411/1/2284
f 2394/1/2267 4714/1/4477 2411/1/2284 507/1/479
f 523/1/495 2442/1/2315 4715/1/4478 2396/1/2269
f 2442/1/2315 522/1/494 2394/1/2267 4715/1/4478
f 4715/1/4478 2394/1/2267 507/1/479 2412/1/2285
f 2396/1/2269 4715/1/4478 2412/1/2285 508/1/480
f 514/1/486 2433/1/2306 4716/1/4479 2397/1/2270
f 2433/1/2306 528/1/500 2395/1/2268 4716/1/4479
f 4716/1/4479 2395/1/2268 513/1/485 2403/1/2276
f 2397/1/2270 4716/1/4479 2403/1/2276 499/1/471
f 524/1/496 2443/1/2316 4717/1/4480 2398/1/2271
f 2443/1/2316 523/1/495 2396/1/2269 4717/1/4480
f 4717/1/4480 2396/1/2269 508/1/480 2413/1/2286
f 2398/1/2271 4717/1/4480 2413/1/2286 509/1/481
f 515/1/487 2434/1/2307 4718/1/4481 2400/1/2273
f 2434/1/2307 514/1/486 2397/1/2270 4718/1/4481
f 4718/1/4481 2397/1/2270 499/1/471 2404/1/2277
f 2400/1/2273 4718/1/4481 2404/1/2277 500/1/472
f 525/1/497 2444/1/2317 4719/1/4482 2402/1/2275
f 2444/1/2317 524/1/496 2398/1/2271 4719/1/4482
f 4719/1/4482 2398/1/2271 509/1/481 2414/1/2287
f 2402/1/2275 4719/1/4482 2414/1/2287 510/1/482
f 516/1/488 2435/1/2308 4720/1/4483 2399/1/2272
f 2435/1/2308 515/1/487 2400/1/2273 4720/1/4483
f 4720/1/4483 2400/1/2273 500/1/472 2405/1/2278
f 2399/1/2272 4720/1/4483 2405/1/2278 501/1/473
f 508/1/480 2412/1/2285 4721/1/4484 2371/1/2244
f 2412/1/2285 507/1/479 2372/1/2245 4721/1/4484
f 4721/1/4484 2372/1/2245 492/1/464 2382/1/2255
f 2371/1/2244 4721/1/4484 2382/1/2255 493/1/465
f 79/1/79 1574/1/1508 4722/1/4485 2418/1/2291
f 1574/1/1508 92/1/92 1588/1/1522 4722/1/4485
f 4722/1/4485 1588/1/1522 519/1/491 2439/1/2312
f 2418/1/2291 4722/1/4485 2439/1/2312 520/1/492
f 80/1/80 1573/1/1507 4723/1/4486 2419/1/2292
f 1573/1/1507 709/1/677 2724/1/2592 4723/1/4486
f 4723/1/4486 2724/1/2592 708/1/676 2440/1/2313
f 2419/1/2292 4723/1/4486 2440/1/2313 521/1/493
f 81/1/81 1572/1/1506 4724/1/4487 2420/1/2293
f 1572/1/1506 80/1/80 2419/1/2292 4724/1/4487
f 4724/1/4487 2419/1/2292 521/1/493 2441/1/2314
f 2420/1/2293 4724/1/4487 2441/1/2314 522/1/494
f 82/1/82 1571/1/1505 4725/1/4488 2421/1/2294
f 1571/1/1505 81/1/81 2420/1/2293 4725/1/4488
f 4725/1/4488 2420/1/2293 522/1/494 2442/1/2315
f 2421/1/2294 4725/1/4488 2442/1/2315 523/1/495
f 83/1/83 1570/1/1504 4726/1/4489 2422/1/2295
f 1570/1/1504 90/1/90 1586/1/1520 4726/1/4489
f 4726/1/4489 1586/1/1520 528/1/500 2433/1/2306
f 2422/1/2295 4726/1/4489 2433/1/2306 514/1/486
f 84/1/84 1569/1/1503 4727/1/4490 2423/1/2296
f 1569/1/1503 82/1/82 2421/1/2294 4727/1/4490
f 4727/1/4490 2421/1/2294 523/1/495 2443/1/2316
f 2423/1/2296 4727/1/4490 2443/1/2316 524/1/496
f 85/1/85 1568/1/1502 4728/1/4491 2424/1/2297
f 1568/1/1502 83/1/83 2422/1/2295 4728/1/4491
f 4728/1/4491 2422/1/2295 514/1/486 2434/1/2307
f 2424/1/2297 4728/1/4491 2434/1/2307 515/1/487
f 86/1/86 1567/1/1501 4729/1/4492 2425/1/2298
f 1567/1/1501 84/1/84 2423/1/2296 4729/1/4492
f 4729/1/4492 2423/1/2296 524/1/496 2444/1/2317
f 2425/1/2298 4729/1/4492 2444/1/2317 525/1/497
f 87/1/87 1566/1/1500 4730/1/4493 2426/1/2299
f 1566/1/1500 85/1/85 2424/1/2297 4730/1/4493
f 4730/1/4493 2424/1/2297 515/1/487 2435/1/2308
f 2426/1/2299 4730/1/4493 2435/1/2308 516/1/488
f 88/1/88 1565/1/1499 4731/1/4494 2427/1/2300
f 1565/1/1499 86/1/86 2425/1/2298 4731/1/4494
f 4731/1/4494 2425/1/2298 525/1/497 2445/1/2318
f 2427/1/2300 4731/1/4494 2445/1/2318 526/1/498
f 89/1/89 1564/1/1498 4732/1/4495 2428/1/2301
f 1564/1/1498 87/1/87 2426/1/2299 4732/1/4495
f 4732/1/4495 2426/1/2299 516/1/488 2436/1/2309
f 2428/1/2301 4732/1/4495 2436/1/2309 517/1/489
f 91/1/91 1563/1/1497 4733/1/4496 2430/1/2303
f 1563/1/1497 88/1/88 2427/1/2300 4733/1/4496
f 4733/1/4496 2427/1/2300 526/1/498 2446/1/2319
f 2430/1/2303 4733/1/4496 2446/1/2319 527/1/499
f 93/1/93 1562/1/1496 4734/1/4497 2432/1/2305
f 1562/1/1496 89/1/89 2428/1/2301 4734/1/4497
f 4734/1/4497 2428/1/2301 517/1/489 2437/1/2310
f 2432/1/2305 4734/1/4497 2437/1/2310 518/1/490
f 90/1/90 1561/1/1495 4735/1/4498 1586/1/1520
f 1561/1/1495 91/1/91 2430/1/2303 4735/1/4498
f 4735/1/4498 2430/1/2303 527/1/499 2447/1/2320
f 1586/1/1520 4735/1/4498 2447/1/2320 528/1/500
f 526/1/498 2445/1/2318 4736/1/4499 2401/1/2274
f 2445/1/2318 525/1/497 2402/1/2275 4736/1/4499
f 4736/1/4499 2402/1/2275 510/1/482 2415/1/2288
f 2401/1/2274 4736/1/4499 2415/1/2288 511/1/483
f 94/1/94 1604/1/1538 4737/1/4500 2448/1/2321
f 1604/1/1538 641/1/613 2726/1/2594 4737/1/4500
f 4737/1/4500 2726/1/2594 710/1/678 2470/1/2343
f 2448/1/2321 4737/1/4500 2470/1/2343 536/1/508
f 95/1/95 1603/1/1537 4738/1/4501 2449/1/2322
f 1603/1/1537 94/1/94 2448/1/2321 4738/1/4501
f 4738/1/4501 2448/1/2321 536/1/508 2471/1/2344
f 2449/1/2322 4738/1/4501 2471/1/2344 537/1/509
f 96/1/96 1602/1/1536 4739/1/4502 2450/1/2323
f 1602/1/1536 95/1/95 2449/1/2322 4739/1/4502
f 4739/1/4502 2449/1/2322 537/1/509 2472/1/2345
f 2450/1/2323 4739/1/4502 2472/1/2345 538/1/510
f 97/1/97 1601/1/1535 4740/1/4503 2451/1/2324
f 1601/1/1535 104/1/104 1615/1/1549 4740/1/4503
f 4740/1/4503 1615/1/1549 543/1/515 2463/1/2336
f 2451/1/2324 4740/1/4503 2463/1/2336 529/1/501
f 98/1/98 1600/1/1534 4741/1/4504 2452/1/2325
f 1600/1/1534 96/1/96 2450/1/2323 4741/1/4504
f 4741/1/4504 2450/1/2323 538/1/510 2473/1/2346
f 2452/1/2325 4741/1/4504 2473/1/2346 539/1/511
f 99/1/99 1599/1/1533 4742/1/4505 2453/1/2326
f 1599/1/1533 97/1/97 2451/1/2324 4742/1/4505
f 4742/1/4505 2451/1/2324 529/1/501 2464/1/2337
f 2453/1/2326 4742/1/4505 2464/1/2337 530/1/502
f 100/1/100 1598/1/1532 4743/1/4506 2454/1/2327
f 1598/1/1532 98/1/98 2452/1/2325 4743/1/4506
f 4743/1/4506 2452/1/2325 539/1/511 2474/1/2347
f 2454/1/2327 4743/1/4506 2474/1/2347 540/1/512
f 101/1/101 1597/1/1531 4744/1/4507 2455/1/2328
f 1597/1/1531 99/1/99 2453/1/2326 4744/1/4507
f 4744/1/4507 2453/1/2326 530/1/502 2465/1/2338
f 2455/1/2328 4744/1/4507 2465/1/2338 531/1/503
f 102/1/102 1596/1/1530 4745/1/4508 2456/1/2329
f 1596/1/1530 100/1/100 2454/1/2327 4745/1/4508
f 4745/1/4508 2454/1/2327 540/1/512 2475/1/2348
f 2456/1/2329 4745/1/4508 2475/1/2348 541/1/513
f 103/1/103 1595/1/1529 4746/1/4509 2457/1/2330
f 1595/1/1529 101/1/101 2455/1/2328 4746/1/4509
f 4746/1/4509 2455/1/2328 531/1/503 2466/1/2339
f 2457/1/2330 4746/1/4509 2466/1/2339 532/1/504
f 105/1/105 1594/1/1528 4747/1/4510 2459/1/2332
f 1594/1/1528 102/1/102 2456/1/2329 4747/1/4510
f 4747/1/4510 2456/1/2329 541/1/513 2476/1/2349
f 2459/1/2332 4747/1/4510 2476/1/2349 542/1/514
f 106/1/106 1593/1/1527 4748/1/4511 2460/1/2333
f 1593/1/1527 103/1/103 2457/1/2330 4748/1/4511
f 4748/1/4511 2457/1/2330 532/1/504 2467/1/2340
f 2460/1/2333 4748/1/4511 2467/1/2340 533/1/505
f 104/1/104 1592/1/1526 4749/1/4512 1615/1/1549
f 1592/1/1526 105/1/105 2459/1/2332 4749/1/4512
f 4749/1/4512 2459/1/2332 542/1/514 2477/1/2350
f 1615/1/1549 4749/1/4512 2477/1/2350 543/1/515
f 107/1/107 1591/1/1525 4750/1/4513 2461/1/2334
f 1591/1/1525 106/1/106 2460/1/2333 4750/1/4513
f 4750/1/4513 2460/1/2333 533/1/505 2468/1/2341
f 2461/1/2334 4750/1/4513 2468/1/2341 534/1/506
f 108/1/108 1590/1/1524 4751/1/4514 2462/1/2335
f 1590/1/1524 107/1/107 2461/1/2334 4751/1/4514
f 4751/1/4514 2461/1/2334 534/1/506 2469/1/2342
f 2462/1/2335 4751/1/4514 2469/1/2342 535/1/507
f 92/1/92 1560/1/1494 4752/1/4515 1588/1/1522
f 1560/1/1494 93/1/93 2432/1/2305 4752/1/4515
f 4752/1/4515 2432/1/2305 518/1/490 2438/1/2311
f 1588/1/1522 4752/1/4515 2438/1/2311 519/1/491
f 567/1/539 2531/1/2404 4753/1/4516 2478/1/2351
f 2531/1/2404 566/1/538 2492/1/2365 4753/1/4516
f 4753/1/4516 2492/1/2365 551/1/523 2501/1/2374
f 2478/1/2351 4753/1/4516 2501/1/2374 552/1/524
f 568/1/540 2532/1/2405 4754/1/4517 2479/1/2352
f 2532/1/2405 567/1/539 2478/1/2351 4754/1/4517
f 4754/1/4517 2478/1/2351 552/1/524 2502/1/2375
f 2479/1/2352 4754/1/4517 2502/1/2375 553/1/525
f 559/1/531 2523/1/2396 4755/1/4518 2480/1/2353
f 2523/1/2396 573/1/545 2487/1/2360 4755/1/4518
f 4755/1/4518 2487/1/2360 558/1/530 2493/1/2366
f 2480/1/2353 4755/1/4518 2493/1/2366 544/1/516
f 569/1/541 2533/1/2406 4756/1/4519 2481/1/2354
f 2533/1/2406 568/1/540 2479/1/2352 4756/1/4519
f 4756/1/4519 2479/1/2352 553/1/525 2503/1/2376
f 2481/1/2354 4756/1/4519 2503/1/2376 554/1/526
f 560/1/532 2524/1/2397 4757/1/4520 2482/1/2355
f 2524/1/2397 559/1/531 2480/1/2353 4757/1/4520
f 4757/1/4520 2480/1/2353 544/1/516 2494/1/2367
f 2482/1/2355 4757/1/4520 2494/1/2367 545/1/517
f 570/1/542 2534/1/2407 4758/1/4521 2483/1/2356
f 2534/1/2407 569/1/541 2481/1/2354 4758/1/4521
f 4758/1/4521 2481/1/2354 554/1/526 2504/1/2377
f 2483/1/2356 4758/1/4521 2504/1/2377 555/1/527
f 561/1/533 2525/1/2398 4759/1/4522 2484/1/2357
f 2525/1/2398 560/1/532 2482/1/2355 4759/1/4522
f 4759/1/4522 2482/1/2355 545/1/517 2495/1/2368
f 2484/1/2357 4759/1/4522 2495/1/2368 546/1/518
f 571/1/543 2535/1/2408 4760/1/4523 2485/1/2358
f 2535/1/2408 570/1/542 2483/1/2356 4760/1/4523
f 4760/1/4523 2483/1/2356 555/1/527 2505/1/2378
f 2485/1/2358 4760/1/4523 2505/1/2378 556/1/528
f 562/1/534 2526/1/2399 4761/1/4524 2486/1/2359
f 2526/1/2399 561/1/533 2484/1/2357 4761/1/4524
f 4761/1/4524 2484/1/2357 546/1/518 2496/1/2369
f 2486/1/2359 4761/1/4524 2496/1/2369 547/1/519
f 572/1/544 2536/1/2409 4762/1/4525 2488/1/2361
f 2536/1/2409 571/1/543 2485/1/2358 4762/1/4525
f 4762/1/4525 2485/1/2358 556/1/528 2506/1/2379
f 2488/1/2361 4762/1/4525 2506/1/2379 557/1/529
f 563/1/535 2527/1/2400 4763/1/4526 2489/1/2362
f 2527/1/2400 562/1/534 2486/1/2359 4763/1/4526
f 4763/1/4526 2486/1/2359 547/1/519 2497/1/2370
f 2489/1/2362 4763/1/4526 2497/1/2370 548/1/520
f 573/1/545 2537/1/2410 4764/1/4527 2487/1/2360
f 2537/1/2410 572/1/544 2488/1/2361 4764/1/4527
f 4764/1/4527 2488/1/2361 557/1/529 2507/1/2380
f 2487/1/2360 4764/1/4527 2507/1/2380 558/1/530
f 564/1/536 2528/1/2401 4765/1/4528 2490/1/2363
f 2528/1/2401 563/1/535 2489/1/2362 4765/1/4528
f 4765/1/4528 2489/1/2362 548/1/520 2498/1/2371
f 2490/1/2363 4765/1/4528 2498/1/2371 549/1/521
f 565/1/537 2529/1/2402 4766/1/4529 2491/1/2364
f 2529/1/2402 564/1/536 2490/1/2363 4766/1/4529
f 4766/1/4529 2490/1/2363 549/1/521 2499/1/2372
f 2491/1/2364 4766/1/4529 2499/1/2372 550/1/522
f 566/1/538 2530/1/2403 4767/1/4530 2492/1/2365
f 2530/1/2403 647/1/619 2658/1/2531 4767/1/4530
f 4767/1/4530 2658/1/2531 644/1/616 2500/1/2373
f 2492/1/2365 4767/1/4530 2500/1/2373 551/1/523
f 575/1/547 2554/1/2427 4768/1/4531 2508/1/2381
f 2554/1/2427 574/1/546 2519/1/2392 4768/1/4531
f 4768/1/4531 2519/1/2392 559/1/531 2524/1/2397
f 2508/1/2381 4768/1/4531 2524/1/2397 560/1/532
f 585/1/557 2564/1/2437 4769/1/4532 2509/1/2382
f 2564/1/2437 584/1/556 2521/1/2394 4769/1/4532
f 4769/1/4532 2521/1/2394 569/1/541 2534/1/2407
f 2509/1/2382 4769/1/4532 2534/1/2407 570/1/542
f 576/1/548 2555/1/2428 4770/1/4533 2510/1/2383
f 2555/1/2428 575/1/547 2508/1/2381 4770/1/4533
f 4770/1/4533 2508/1/2381 560/1/532 2525/1/2398
f 2510/1/2383 4770/1/4533 2525/1/2398 561/1/533
f 586/1/558 2565/1/2438 4771/1/4534 2511/1/2384
f 2565/1/2438 585/1/557 2509/1/2382 4771/1/4534
f 4771/1/4534 2509/1/2382 570/1/542 2535/1/2408
f 2511/1/2384 4771/1/4534 2535/1/2408 571/1/543
f 577/1/549 2556/1/2429 4772/1/4535 2512/1/2385
f 2556/1/2429 576/1/548 2510/1/2383 4772/1/4535
f 4772/1/4535 2510/1/2383 561/1/533 2526/1/2399
f 2512/1/2385 4772/1/4535 2526/1/2399 562/1/534
f 587/1/559 2566/1/2439 4773/1/4536 2513/1/2386
f 2566/1/2439 586/1/558 2511/1/2384 4773/1/4536
f 4773/1/4536 2511/1/2384 571/1/543 2536/1/2409
f 2513/1/2386 4773/1/4536 2536/1/2409 572/1/544
f 578/1/550 2557/1/2430 4774/1/4537 2514/1/2387
f 2557/1/2430 577/1/549 2512/1/2385 4774/1/4537
f 4774/1/4537 2512/1/2385 562/1/534 2527/1/2400
f 2514/1/2387 4774/1/4537 2527/1/2400 563/1/535
f 588/1/560 2567/1/2440 4775/1/4538 2520/1/2393
f 2567/1/2440 587/1/559 2513/1/2386 4775/1/4538
f 4775/1/4538 2513/1/2386 572/1/544 2537/1/2410
f 2520/1/2393 4775/1/4538 2537/1/2410 573/1/545
f 579/1/551 2558/1/2431 4776/1/4539 2515/1/2388
f 2558/1/2431 578/1/550 2514/1/2387 4776/1/4539
f 4776/1/4539 2514/1/2387 563/1/535 2528/1/2401
f 2515/1/2388 4776/1/4539 2528/1/2401 564/1/536
f 580/1/552 2559/1/2432 4777/1/4540 2516/1/2389
f 2559/1/2432 579/1/551 2515/1/2388 4777/1/4540
f 4777/1/4540 2515/1/2388 564/1/536 2529/1/2402
f 2516/1/2389 4777/1/4540 2529/1/2402 565/1/537
f 581/1/553 2560/1/2433 4778/1/4541 2517/1/2390
f 2560/1/2433 648/1/620 2660/1/2533 4778/1/4541
f 4778/1/4541 2660/1/2533 647/1/619 2530/1/2403
f 2517/1/2390 4778/1/4541 2530/1/2403 566/1/538
f 582/1/554 2561/1/2434 4779/1/4542 2518/1/2391
f 2561/1/2434 581/1/553 2517/1/2390 4779/1/4542
f 4779/1/4542 2517/1/2390 566/1/538 2531/1/2404
f 2518/1/2391 4779/1/4542 2531/1/2404 567/1/539
f 583/1/555 2562/1/2435 4780/1/4543 2522/1/2395
f 2562/1/2435 582/1/554 2518/1/2391 4780/1/4543
f 4780/1/4543 2518/1/2391 567/1/539 2532/1/2405
f 2522/1/2395 4780/1/4543 2532/1/2405 568/1/540
f 574/1/546 2553/1/2426 4781/1/4544 2519/1/2392
f 2553/1/2426 588/1/560 2520/1/2393 4781/1/4544
f 4781/1/4544 2520/1/2393 573/1/545 2523/1/2396
f 2519/1/2392 4781/1/4544 2523/1/2396 559/1/531
f 584/1/556 2563/1/2436 4782/1/4545 2521/1/2394
f 2563/1/2436 583/1/555 2522/1/2395 4782/1/4545
f 4782/1/4545 2522/1/2395 568/1/540 2533/1/2406
f 2521/1/2394 4782/1/4545 2533/1/2406 569/1/541
f 611/1/583 2620/1/2493 4783/1/4546 2538/1/2411
f 2620/1/2493 646/1/618 2661/1/2534 4783/1/4546
f 4783/1/4546 2661/1/2534 648/1/620 2560/1/2433
f 2538/1/2411 4783/1/4546 2560/1/2433 581/1/553
f 612/1/584 2621/1/2494 4784/1/4547 2539/1/2412
f 2621/1/2494 611/1/583 2538/1/2411 4784/1/4547
f 4784/1/4547 2538/1/2411 581/1/553 2561/1/2434
f 2539/1/2412 4784/1/4547 2561/1/2434 582/1/554
f 613/1/585 2622/1/2495 4785/1/4548 2540/1/2413
f 2622/1/2495 612/1/584 2539/1/2412 4785/1/4548
f 4785/1/4548 2539/1/2412 582/1/554 2562/1/2435
f 2540/1/2413 4785/1/4548 2562/1/2435 583/1/555
f 604/1/576 2613/1/2486 4786/1/4549 2541/1/2414
f 2613/1/2486 618/1/590 2548/1/2421 4786/1/4549
f 4786/1/4549 2548/1/2421 588/1/560 2553/1/2426
f 2541/1/2414 4786/1/4549 2553/1/2426 574/1/546
f 614/1/586 2623/1/2496 4787/1/4550 2542/1/2415
f 2623/1/2496 613/1/585 2540/1/2413 4787/1/4550
f 4787/1/4550 2540/1/2413 583/1/555 2563/1/2436
f 2542/1/2415 4787/1/4550 2563/1/2436 584/1/556
f 605/1/577 2614/1/2487 4788/1/4551 2543/1/2416
f 2614/1/2487 604/1/576 2541/1/2414 4788/1/4551
f 4788/1/4551 2541/1/2414 574/1/546 2554/1/2427
f 2543/1/2416 4788/1/4551 2554/1/2427 575/1/547
f 615/1/587 2624/1/2497 4789/1/4552 2544/1/2417
f 2624/1/2497 614/1/586 2542/1/2415 4789/1/4552
f 4789/1/4552 2542/1/2415 584/1/556 2564/1/2437
f 2544/1/2417 4789/1/4552 2564/1/2437 585/1/557
f 606/1/578 2615/1/2488 4790/1/4553 2545/1/2418
f 2615/1/2488 605/1/577 2543/1/2416 4790/1/4553
f 4790/1/4553 2543/1/2416 575/1/547 2555/1/2428
f 2545/1/2418 4790/1/4553 2555/1/2428 576/1/548
f 616/1/588 2625/1/2498 4791/1/4554 2546/1/2419
f 2625/1/2498 615/1/587 2544/1/2417 4791/1/4554
f 4791/1/4554 2544/1/2417 585/1/557 2565/1/2438
f 2546/1/2419 4791/1/4554 2565/1/2438 586/1/558
f 607/1/579 2616/1/2489 4792/1/4555 2547/1/2420
f 2616/1/2489 606/1/578 2545/1/2418 4792/1/4555
f 4792/1/4555 2545/1/2418 576/1/548 2556/1/2429
f 2547/1/2420 4792/1/4555 2556/1/2429 577/1/549
f 617/1/589 2626/1/2499 4793/1/4556 2549/1/2422
f 2626/1/2499 616/1/588 2546/1/2419 4793/1/4556
f 4793/1/4556 2546/1/2419 586/1/558 2566/1/2439
f 2549/1/2422 4793/1/4556 2566/1/2439 587/1/559
f 608/1/580 2617/1/2490 4794/1/4557 2550/1/2423
f 2617/1/2490 607/1/579 2547/1/2420 4794/1/4557
f 4794/1/4557 2547/1/2420 577/1/549 2557/1/2430
f 2550/1/2423 4794/1/4557 2557/1/2430 578/1/550
f 618/1/590 2627/1/2500 4795/1/4558 2548/1/2421
f 2627/1/2500 617/1/589 2549/1/2422 4795/1/4558
f 4795/1/4558 2549/1/2422 587/1/559 2567/1/2440
f 2548/1/2421 4795/1/4558 2567/1/2440 588/1/560
f 609/1/581 2618/1/2491 4796/1/4559 2552/1/2425
f 2618/1/2491 608/1/580 2550/1/2423 4796/1/4559
f 4796/1/4559 2550/1/2423 578/1/550 2558/1/2431
f 2552/1/2425 4796/1/4559 2558/1/2431 579/1/551
f 610/1/582 2619/1/2492 4797/1/4560 2551/1/2424
f 2619/1/2492 609/1/581 2552/1/2425 4797/1/4560
f 4797/1/4560 2552/1/2425 579/1/551 2559/1/2432
f 2551/1/2424 4797/1/4560 2559/1/2432 580/1/552
f 180/1/166 2639/1/2512 4798/1/4561 2611/1/2484
f 2639/1/2512 179/1/165 2597/1/2470 4798/1/4561
f 4798/1/4561 2597/1/2470 603/1/575 2568/1/2441
f 2611/1/2484 4798/1/4561 2568/1/2441 602/1/574
f 170/1/156 2629/1/2502 4799/1/4562 2609/1/2482
f 2629/1/2502 169/1/155 2595/1/2468 4799/1/4562
f 4799/1/4562 2595/1/2468 601/1/573 2569/1/2442
f 2609/1/2482 4799/1/4562 2569/1/2442 600/1/572
f 179/1/165 2638/1/2511 4800/1/4563 2597/1/2470
f 2638/1/2511 178/1/164 2593/1/2466 4800/1/4563
f 4800/1/4563 2593/1/2466 599/1/571 2570/1/2443
f 2597/1/2470 4800/1/4563 2570/1/2443 603/1/575
f 169/1/155 2628/1/2501 4801/1/4564 2595/1/2468
f 2628/1/2501 182/1/168 2592/1/2465 4801/1/4564
f 4801/1/4564 2592/1/2465 598/1/570 2571/1/2444
f 2595/1/2468 4801/1/4564 2571/1/2444 601/1/573
f 178/1/164 2637/1/2510 4802/1/4565 2593/1/2466
f 2637/1/2510 177/1/163 2591/1/2464 4802/1/4565
f 4802/1/4565 2591/1/2464 597/1/569 2572/1/2445
f 2593/1/2466 4802/1/4565 2572/1/2445 599/1/571
f 177/1/163 2636/1/2509 4803/1/4566 2591/1/2464
f 2636/1/2509 176/1/162 2590/1/2463 4803/1/4566
f 4803/1/4566 2590/1/2463 596/1/568 2573/1/2446
f 2591/1/2464 4803/1/4566 2573/1/2446 597/1/569
f 176/1/162 2635/1/2508 4804/1/4567 2590/1/2463
f 2635/1/2508 651/1/623 2664/1/2537 4804/1/4567
f 4804/1/4567 2664/1/2537 650/1/622 2574/1/2447
f 2590/1/2463 4804/1/4567 2574/1/2447 596/1/568
f 175/1/161 2634/1/2507 4805/1/4568 2589/1/2462
f 2634/1/2507 174/1/160 2588/1/2461 4805/1/4568
f 4805/1/4568 2588/1/2461 594/1/566 2575/1/2448
f 2589/1/2462 4805/1/4568 2575/1/2448 595/1/567
f 174/1/160 2633/1/2506 4806/1/4569 2588/1/2461
f 2633/1/2506 173/1/159 2587/1/2460 4806/1/4569
f 4806/1/4569 2587/1/2460 593/1/565 2576/1/2449
f 2588/1/2461 4806/1/4569 2576/1/2449 594/1/566
f 182/1/168 2642/1/2515 4807/1/4570 2592/1/2465
f 2642/1/2515 183/1/169 2586/1/2459 4807/1/4570
f 4807/1/4570 2586/1/2459 592/1/564 2577/1/2450
f 2592/1/2465 4807/1/4570 2577/1/2450 598/1/570
f 173/1/159 2632/1/2505 4808/1/4571 2587/1/2460
f 2632/1/2505 172/1/158 2585/1/2458 4808/1/4571
f 4808/1/4571 2585/1/2458 591/1/563 2578/1/2451
f 2587/1/2460 4808/1/4571 2578/1/2451 593/1/565
f 183/1/169 2641/1/2514 4809/1/4572 2586/1/2459
f 2641/1/2514 181/1/167 2584/1/2457 4809/1/4572
f 4809/1/4572 2584/1/2457 590/1/562 2579/1/2452
f 2586/1/2459 4809/1/4572 2579/1/2452 592/1/564
f 172/1/158 2631/1/2504 4810/1/4573 2585/1/2458
f 2631/1/2504 171/1/157 2583/1/2456 4810/1/4573
f 4810/1/4573 2583/1/2456 589/1/561 2580/1/2453
f 2585/1/2458 4810/1/4573 2580/1/2453 591/1/563
f 181/1/167 2640/1/2513 4811/1/4574 2584/1/2457
f 2640/1/2513 180/1/166 2611/1/2484 4811/1/4574
f 4811/1/4574 2611/1/2484 602/1/574 2581/1/2454
f 2584/1/2457 4811/1/4574 2581/1/2454 590/1/562
f 171/1/157 2630/1/2503 4812/1/4575 2583/1/2456
f 2630/1/2503 170/1/156 2609/1/2482 4812/1/4575
f 4812/1/4575 2609/1/2482 600/1/572 2582/1/2455
f 2583/1/2456 4812/1/4575 2582/1/2455 589/1/561
f 111/1/111 1634/1/1568 4813/1/4576 2598/1/2471
f 1634/1/1568 109/1/109 1635/1/1569 4813/1/4576
f 4813/1/4576 1635/1/1569 605/1/577 2615/1/2488
f 2598/1/2471 4813/1/4576 2615/1/2488 606/1/578
f 112/1/112 1633/1/1567 4814/1/4577 2599/1/2472
f 1633/1/1567 110/1/110 1636/1/1570 4814/1/4577
f 4814/1/4577 1636/1/1570 615/1/587 2625/1/2498
f 2599/1/2472 4814/1/4577 2625/1/2498 616/1/588
f 113/1/113 1632/1/1566 4815/1/4578 2600/1/2473
f 1632/1/1566 111/1/111 2598/1/2471 4815/1/4578
f 4815/1/4578 2598/1/2471 606/1/578 2616/1/2489
f 2600/1/2473 4815/1/4578 2616/1/2489 607/1/579
f 114/1/114 1631/1/1565 4816/1/4579 2601/1/2474
f 1631/1/1565 112/1/112 2599/1/2472 4816/1/4579
f 4816/1/4579 2599/1/2472 616/1/588 2626/1/2499
f 2601/1/2474 4816/1/4579 2626/1/2499 617/1/589
f 115/1/115 1630/1/1564 4817/1/4580 2602/1/2475
f 1630/1/1564 113/1/113 2600/1/2473 4817/1/4580
f 4817/1/4580 2600/1/2473 607/1/579 2617/1/2490
f 2602/1/2475 4817/1/4580 2617/1/2490 608/1/580
f 120/1/120 1629/1/1563 4818/1/4581 2607/1/2480
f 1629/1/1563 114/1/114 2601/1/2474 4818/1/4581
f 4818/1/4581 2601/1/2474 617/1/589 2627/1/2500
f 2607/1/2480 4818/1/4581 2627/1/2500 618/1/590
f 116/1/116 1628/1/1562 4819/1/4582 2603/1/2476
f 1628/1/1562 115/1/115 2602/1/2475 4819/1/4582
f 4819/1/4582 2602/1/2475 608/1/580 2618/1/2491
f 2603/1/2476 4819/1/4582 2618/1/2491 609/1/581
f 117/1/117 1627/1/1561 4820/1/4583 2604/1/2477
f 1627/1/1561 116/1/116 2603/1/2476 4820/1/4583
f 4820/1/4583 2603/1/2476 609/1/581 2619/1/2492
f 2604/1/2477 4820/1/4583 2619/1/2492 610/1/582
f 118/1/118 1626/1/1560 4821/1/4584 2605/1/2478
f 1626/1/1560 645/1/617 2659/1/2532 4821/1/4584
f 4821/1/4584 2659/1/2532 646/1/618 2620/1/2493
f 2605/1/2478 4821/1/4584 2620/1/2493 611/1/583
f 119/1/119 1625/1/1559 4822/1/4585 2606/1/2479
f 1625/1/1559 118/1/118 2605/1/2478 4822/1/4585
f 4822/1/4585 2605/1/2478 611/1/583 2621/1/2494
f 2606/1/2479 4822/1/4585 2621/1/2494 612/1/584
f 121/1/121 1624/1/1558 4823/1/4586 2608/1/2481
f 1624/1/1558 119/1/119 2606/1/2479 4823/1/4586
f 4823/1/4586 2606/1/2479 612/1/584 2622/1/2495
f 2608/1/2481 4823/1/4586 2622/1/2495 613/1/585
f 122/1/122 1623/1/1557 4824/1/4587 2610/1/2483
f 1623/1/1557 120/1/120 2607/1/2480 4824/1/4587
f 4824/1/4587 2607/1/2480 618/1/590 2613/1/2486
f 2610/1/2483 4824/1/4587 2613/1/2486 604/1/576
f 123/1/123 1622/1/1556 4825/1/4588 2612/1/2485
f 1622/1/1556 121/1/121 2608/1/2481 4825/1/4588
f 4825/1/4588 2608/1/2481 613/1/585 2623/1/2496
f 2612/1/2485 4825/1/4588 2623/1/2496 614/1/586
f 109/1/109 1621/1/1555 4826/1/4589 1635/1/1569
f 1621/1/1555 122/1/122 2610/1/2483 4826/1/4589
f 4826/1/4589 2610/1/2483 604/1/576 2614/1/2487
f 1635/1/1569 4826/1/4589 2614/1/2487 605/1/577
f 110/1/110 1620/1/1554 4827/1/4590 1636/1/1570
f 1620/1/1554 123/1/123 2612/1/2485 4827/1/4590
f 4827/1/4590 2612/1/2485 614/1/586 2624/1/2497
f 1636/1/1570 4827/1/4590 2624/1/2497 615/1/587
f 3039/1/2905 5009/1/4770 5664/1/5385 5630/1/5351
f 5015/1/4776 3046/1/2912 5637/1/5358 5670/1/5391
f 4348/1/4142 1681/1/1615 5611/1/5332 5645/1/5366
f 1687/1/1621 4355/1/4149 5652/1/5373 5617/1/5338
f 4361/1/4155 1694/1/1628 5624/1/5345 5658/1/5379
f 2669/1/2541 5550/1/5277 5676/1/5397 5626/1/5347
f 5008/1/4769 3039/1/2905 5630/1/5351 5663/1/5384
f 3045/1/2911 5015/1/4776 5670/1/5391 5636/1/5357
f 1680/1/1614 4348/1/4142 5645/1/5366 5610/1/5331
f 642/1/614 2675/1/2546 4828/1/4591 2763/1/2629
f 2675/1/2546 658/1/628 2732/1/2600 4828/1/4591
f 4828/1/4591 2732/1/2600 550/1/522 1619/1/1553
f 2763/1/2629 4828/1/4591 1619/1/1553 108/1/108
f 664/1/634 2679/1/2550 4829/1/4592 2752/1/2618
f 2679/1/2550 657/1/627 2761/1/2627 4829/1/4592
f 4829/1/4592 2761/1/2627 175/1/161 2589/1/2462
f 2752/1/2618 4829/1/4592 2589/1/2462 595/1/567
f 662/1/632 2677/1/2548 4830/1/4593 2751/1/2617
f 2677/1/2548 663/1/633 2748/1/2614 4830/1/4593
f 4830/1/4593 2748/1/2614 132/1/132 1643/1/1577
f 2751/1/2617 4830/1/4593 1643/1/1577 117/1/117
f 677/1/645 2692/1/2560 4831/1/4594 2753/1/2619
f 2692/1/2560 678/1/646 2749/1/2615 4831/1/4594
f 4831/1/4594 2749/1/2615 20/1/20 1879/1/1753
f 2753/1/2619 4831/1/4594 1879/1/1753 250/1/222
f 695/1/663 2711/1/2579 4832/1/4595 2754/1/2620
f 2711/1/2579 696/1/664 2764/1/2630 4832/1/4595
f 4832/1/4595 2764/1/2630 50/1/50 1516/1/1450
f 2754/1/2620 4832/1/4595 1516/1/1450 35/1/35
f 656/1/626 2671/1/139 4833/1/139 2737/1/2605
f 2671/1/139 654/1/139 2745/1/139 4833/1/139
f 4833/1/139 2745/1/139 145/1/139 1704/1/139
f 2737/1/2605 4833/1/139 1704/1/139 160/1/146
f 659/1/629 2673/1/2544 4834/1/4596 2729/1/2597
f 2673/1/2544 660/1/630 2728/1/2596 4834/1/4596
f 4834/1/4596 2728/1/2596 580/1/552 2516/1/2389
f 2729/1/2597 4834/1/4596 2516/1/2389 565/1/537
f 1396/1/1330 4075/1/3875 4835/1/4597 4130/1/3928
f 4075/1/3875 1397/1/1331 4131/1/3929 4835/1/4597
f 4835/1/4597 4131/1/3929 631/1/603 2645/1/2518
f 4130/1/3928 4835/1/4597 2645/1/2518 630/1/602
f 633/1/605 2648/1/2521 4836/1/4598 2738/1/2606
f 2648/1/2521 634/1/606 2758/1/2624 4836/1/4598
f 4836/1/4598 2758/1/2624 445/1/417 2246/1/2119
f 2738/1/2606 4836/1/4598 2246/1/2119 430/1/402
f 694/1/662 2710/1/2578 4837/1/4599 2767/1/2633
f 2710/1/2578 695/1/663 2754/1/2620 4837/1/4599
f 4837/1/4599 2754/1/2620 35/1/35 1486/1/1420
f 2767/1/2633 4837/1/4599 1486/1/1420 325/1/297
f 661/1/631 2674/1/2545 4838/1/4600 2730/1/2598
f 2674/1/2545 662/1/632 2751/1/2617 4838/1/4600
f 4838/1/4600 2751/1/2617 117/1/117 2604/1/2477
f 2730/1/2598 4838/1/4600 2604/1/2477 610/1/582
f 698/1/666 2714/1/2582 4839/1/4601 2762/1/2628
f 2714/1/2582 628/1/600 2741/1/2609 4839/1/4601
f 4839/1/4601 2741/1/2609 355/1/327 2072/1/1945
f 2762/1/2628 4839/1/4601 2072/1/1945 340/1/312
f 668/1/637 2681/1/2552 4840/1/4602 1840/1/1714
f 2681/1/2552 671/1/639 1810/1/1684 4840/1/4602
f 4840/1/4602 1810/1/1684 191/1/177 1795/1/1669
f 1840/1/1714 4840/1/4602 1795/1/1669 206/1/192
f 673/1/641 2691/1/2559 4841/1/4603 2733/1/2601
f 2691/1/2559 677/1/645 2753/1/2619 4841/1/4603
f 4841/1/4603 2753/1/2619 250/1/222 1431/1/1365
f 2733/1/2601 4841/1/4603 1431/1/1365 10/1/10
f 667/1/636 2685/1/2554 4842/1/4604 2739/1/2607
f 2685/1/2554 672/1/640 2731/1/2599 4842/1/4604
f 4842/1/4604 2731/1/2599 235/1/207 1832/1/1706
f 2739/1/2607 4842/1/4604 1832/1/1706 205/1/191
f 696/1/664 2713/1/2581 4843/1/4605 2764/1/2630
f 2713/1/2581 697/1/665 2766/1/2632 4843/1/4605
f 4843/1/4605 2766/1/2632 77/1/77 1558/1/1492
f 2764/1/2630 4843/1/4605 1558/1/1492 50/1/50
f 629/1/601 2644/1/2517 4844/1/4606 2765/1/2631
f 2644/1/2517 630/1/602 2727/1/2595 4844/1/4606
f 4844/1/4606 2727/1/2595 385/1/357 2123/1/1996
f 2765/1/2631 4844/1/4606 2123/1/1996 370/1/342
f 671/1/639 2684/1/200 4845/1/200 1810/1/1684
f 2684/1/200 665/1/200 1780/1/200 4845/1/200
f 4845/1/200 1780/1/200 221/1/200 1765/1/200
f 1810/1/1684 4845/1/200 1765/1/200 191/1/177
f 639/1/611 2653/1/2526 4846/1/4607 2747/1/2613
f 2653/1/2526 638/1/610 2735/1/2603 4846/1/4607
f 4846/1/4607 2735/1/2603 520/1/492 2392/1/2265
f 2747/1/2613 4846/1/4607 2392/1/2265 505/1/477
f 657/1/627 2670/1/2542 4847/1/4608 2761/1/2627
f 2670/1/2542 656/1/626 2737/1/2605 4847/1/4608
f 4847/1/4608 2737/1/2605 160/1/146 1734/1/1638
f 2761/1/2627 4847/1/4608 1734/1/1638 175/1/161
f 631/1/603 2646/1/2519 4848/1/4609 2742/1/2610
f 2646/1/2519 632/1/604 2734/1/2602 4848/1/4609
f 4848/1/4609 2734/1/2602 415/1/387 2192/1/2065
f 2742/1/2610 4848/1/4609 2192/1/2065 400/1/372
f 678/1/646 2705/1/2573 4849/1/4610 2749/1/2615
f 2705/1/2573 690/1/658 2740/1/2608 4849/1/4610
f 4849/1/4610 2740/1/2608 265/1/237 1456/1/1390
f 2749/1/2615 4849/1/4610 1456/1/1390 20/1/20
f 638/1/610 2654/1/2527 4850/1/4611 2735/1/2603
f 2654/1/2527 640/1/612 2743/1/2611 4850/1/4611
f 4850/1/4611 2743/1/2611 79/1/79 2418/1/2291
f 2735/1/2603 4850/1/4611 2418/1/2291 520/1/492
f 691/1/659 2708/1/2576 4851/1/4612 2756/1/2622
f 2708/1/2576 693/1/661 2750/1/2616 4851/1/4612
f 4851/1/4612 2750/1/2616 310/1/282 1976/1/1850
f 2756/1/2622 4851/1/4612 1976/1/1850 295/1/267
f 660/1/630 2676/1/2547 4852/1/4613 2728/1/2596
f 2676/1/2547 661/1/631 2730/1/2598 4852/1/4613
f 4852/1/4613 2730/1/2598 610/1/582 2551/1/2424
f 2728/1/2596 4852/1/4613 2551/1/2424 580/1/552
f 672/1/640 2687/1/2555 4853/1/4614 2731/1/2599
f 2687/1/2555 673/1/641 2733/1/2601 4853/1/4614
f 4853/1/4614 2733/1/2601 10/1/10 1854/1/1728
f 2731/1/2599 4853/1/4614 1854/1/1728 235/1/207
f 635/1/607 2650/1/2523 4854/1/4615 2736/1/2604
f 2650/1/2523 636/1/608 2760/1/2626 4854/1/4615
f 4854/1/4615 2760/1/2626 475/1/447 2311/1/2184
f 2736/1/2604 4854/1/4615 2311/1/2184 460/1/432
f 632/1/604 2647/1/2520 4855/1/4616 2734/1/2602
f 2647/1/2520 633/1/605 2738/1/2606 4855/1/4616
f 4855/1/4616 2738/1/2606 430/1/402 2221/1/2094
f 2734/1/2602 4855/1/4616 2221/1/2094 415/1/387
f 637/1/609 2652/1/2525 4856/1/4617 2755/1/2621
f 2652/1/2525 639/1/611 2747/1/2613 4856/1/4617
f 4856/1/4617 2747/1/2613 505/1/477 2369/1/2242
f 2755/1/2621 4856/1/4617 2369/1/2242 490/1/462
f 690/1/658 2706/1/2574 4857/1/4618 2740/1/2608
f 2706/1/2574 692/1/660 2759/1/2625 4857/1/4618
f 4857/1/4618 2759/1/2625 280/1/252 1922/1/1796
f 2740/1/2608 4857/1/4618 1922/1/1796 265/1/237
f 636/1/608 2651/1/2524 4858/1/4619 2760/1/2626
f 2651/1/2524 637/1/609 2755/1/2621 4858/1/4619
f 4858/1/4619 2755/1/2621 490/1/462 2342/1/2215
f 2760/1/2626 4858/1/4619 2342/1/2215 475/1/447
f 630/1/602 2645/1/2518 4859/1/4620 2727/1/2595
f 2645/1/2518 631/1/603 2742/1/2610 4859/1/4620
f 4859/1/4620 2742/1/2610 400/1/372 2148/1/2021
f 2727/1/2595 4859/1/4620 2148/1/2021 385/1/357
f 640/1/612 2657/1/2530 4860/1/4621 2743/1/2611
f 2657/1/2530 643/1/615 2757/1/2623 4860/1/4621
f 4860/1/4621 2757/1/2623 535/1/507 1575/1/1509
f 2743/1/2611 4860/1/4621 1575/1/1509 79/1/79
f 697/1/665 2712/1/2580 4861/1/4622 2766/1/2632
f 2712/1/2580 698/1/666 2762/1/2628 4861/1/4622
f 4861/1/4622 2762/1/2628 340/1/312 2041/1/1915
f 2766/1/2632 4861/1/4622 2041/1/1915 77/1/77
f 693/1/661 2709/1/2577 4862/1/4623 2750/1/2616
f 2709/1/2577 694/1/662 2767/1/2633 4862/1/4623
f 4862/1/4623 2767/1/2633 325/1/297 2000/1/1874
f 2750/1/2616 4862/1/4623 2000/1/1874 310/1/282
f 643/1/615 2656/1/2529 4863/1/4624 2757/1/2623
f 2656/1/2529 642/1/614 2763/1/2629 4863/1/4624
f 4863/1/4624 2763/1/2629 108/1/108 2462/1/2335
f 2757/1/2623 4863/1/4624 2462/1/2335 535/1/507
f 663/1/633 2678/1/2549 4864/1/4625 2748/1/2614
f 2678/1/2549 664/1/634 2752/1/2618 4864/1/4625
f 4864/1/4625 2752/1/2618 595/1/567 1673/1/1607
f 2748/1/2614 4864/1/4625 1673/1/1607 132/1/132
f 634/1/606 2649/1/2522 4865/1/4626 2758/1/2624
f 2649/1/2522 635/1/607 2736/1/2604 4865/1/4626
f 4865/1/4626 2736/1/2604 460/1/432 2270/1/2143
f 2758/1/2624 4865/1/4626 2270/1/2143 445/1/417
f 628/1/600 2643/1/2516 4866/1/4627 2741/1/2609
f 2643/1/2516 629/1/601 2765/1/2631 4866/1/4627
f 4866/1/4627 2765/1/2631 370/1/342 2100/1/1973
f 2741/1/2609 4866/1/4627 2100/1/1973 355/1/327
f 692/1/660 2707/1/2575 4867/1/4628 2759/1/2625
f 2707/1/2575 691/1/659 2756/1/2622 4867/1/4628
f 4867/1/4628 2756/1/2622 295/1/267 1951/1/1825
f 2759/1/2625 4867/1/4628 1951/1/1825 280/1/252
f 654/1/139 2669/1/2541 4868/1/4629 2745/1/139
f 4354/1/4148 1687/1/1621 5617/1/5338 5651/1/5372
f 1693/1/1627 4361/1/4155 5658/1/5379 5623/1/5344
f 2745/1/139 4868/1/4629 1686/1/1620 145/1/139
f 658/1/628 2672/1/2543 4869/1/4630 2732/1/2600
f 2672/1/2543 659/1/629 2729/1/2597 4869/1/4630
f 4869/1/4630 2729/1/2597 565/1/537 2491/1/2364
f 2732/1/2600 4869/1/4630 2491/1/2364 550/1/522
f 958/1/896 3265/1/3071 4870/1/4631 3222/1/3028
f 3265/1/3071 957/1/895 2795/1/2661 4870/1/4631
f 4870/1/4631 2795/1/2661 721/1/689 1409/1/1343
f 3222/1/3028 4870/1/4631 1409/1/1343 720/1/688
f 948/1/886 3255/1/3061 4871/1/4632 3220/1/3026
f 3255/1/3061 947/1/885 2793/1/2659 4871/1/4632
f 4871/1/4632 2793/1/2659 719/1/687 1408/1/1342
f 3220/1/3026 4871/1/4632 1408/1/1342 718/1/686
f 957/1/895 3264/1/3070 4872/1/4633 2795/1/2661
f 3264/1/3070 956/1/894 2791/1/2657 4872/1/4633
f 4872/1/4633 2791/1/2657 717/1/685 2768/1/2634
f 2795/1/2661 4872/1/4633 2768/1/2634 721/1/689
f 947/1/885 3254/1/3060 4873/1/4634 2793/1/2659
f 3254/1/3060 961/1/899 2790/1/2656 4873/1/4634
f 4873/1/4634 2790/1/2656 716/1/684 2769/1/2635
f 2793/1/2659 4873/1/4634 2769/1/2635 719/1/687
f 956/1/894 3263/1/3069 4874/1/4635 2791/1/2657
f 3263/1/3069 955/1/893 2789/1/2655 4874/1/4635
f 4874/1/4635 2789/1/2655 715/1/683 2770/1/2636
f 2791/1/2657 4874/1/4635 2770/1/2636 717/1/685
f 955/1/893 3262/1/3068 4875/1/4636 2789/1/2655
f 3262/1/3068 954/1/892 2788/1/2654 4875/1/4636
f 4875/1/4636 2788/1/2654 714/1/682 2771/1/2637
f 2789/1/2655 4875/1/4636 2771/1/2637 715/1/683
f 954/1/892 3261/1/3067 4876/1/4637 2788/1/2654
f 3261/1/3067 1373/1/1307 4050/1/3850 4876/1/4637
f 4876/1/4637 4050/1/3850 1371/1/1305 2772/1/2638
f 2788/1/2654 4876/1/4637 2772/1/2638 714/1/682
f 953/1/891 3260/1/3066 4877/1/4638 2787/1/2653
f 3260/1/3066 952/1/890 2786/1/2652 4877/1/4638
f 4877/1/4638 2786/1/2652 712/1/680 2773/1/2639
f 2787/1/2653 4877/1/4638 2773/1/2639 713/1/681
f 952/1/890 3259/1/3065 4878/1/4639 2786/1/2652
f 3259/1/3065 951/1/889 2785/1/2651 4878/1/4639
f 4878/1/4639 2785/1/2651 711/1/679 2774/1/2640
f 2786/1/2652 4878/1/4639 2774/1/2640 712/1/680
f 961/1/899 3268/1/3074 4879/1/4640 2790/1/2656
f 3268/1/3074 960/1/898 2784/1/2650 4879/1/4640
f 4879/1/4640 2784/1/2650 1/1/1 2775/1/2641
f 2790/1/2656 4879/1/4640 2775/1/2641 716/1/684
f 951/1/889 3258/1/3064 4880/1/4641 2785/1/2651
f 3258/1/3064 950/1/888 2783/1/2649 4880/1/4641
f 4880/1/4641 2783/1/2649 2/1/2 2776/1/2642
f 2785/1/2651 4880/1/4641 2776/1/2642 711/1/679
f 960/1/898 3267/1/3073 4881/1/4642 2784/1/2650
f 3267/1/3073 959/1/897 2782/1/2648 4881/1/4642
f 4881/1/4642 2782/1/2648 3/1/3 2777/1/2643
f 2784/1/2650 4881/1/4642 2777/1/2643 1/1/1
f 950/1/888 3257/1/3063 4882/1/4643 2783/1/2649
f 3257/1/3063 949/1/887 2781/1/2647 4882/1/4643
f 4882/1/4643 2781/1/2647 627/1/599 2778/1/2644
f 2783/1/2649 4882/1/4643 2778/1/2644 2/1/2
f 959/1/897 3266/1/3072 4883/1/4644 2782/1/2648
f 3266/1/3072 958/1/896 3222/1/3028 4883/1/4644
f 4883/1/4644 3222/1/3028 720/1/688 2779/1/2645
f 2782/1/2648 4883/1/4644 2779/1/2645 3/1/3
f 949/1/887 3256/1/3062 4884/1/4645 2781/1/2647
f 3256/1/3062 948/1/886 3220/1/3026 4884/1/4645
f 4884/1/4645 3220/1/3026 718/1/686 2780/1/2646
f 2781/1/2647 4884/1/4645 2780/1/2646 627/1/599
f 976/1/914 3298/1/3104 4885/1/4646 3252/1/3058
f 3298/1/3104 975/1/913 2825/1/2691 4885/1/4646
f 4885/1/4646 2825/1/2691 736/1/704 2796/1/2662
f 3252/1/3058 4885/1/4646 2796/1/2662 735/1/703
f 966/1/904 3288/1/3094 4886/1/4647 3250/1/3056
f 3288/1/3094 965/1/903 2823/1/2689 4886/1/4647
f 4886/1/4647 2823/1/2689 734/1/702 2797/1/2663
f 3250/1/3056 4886/1/4647 2797/1/2663 733/1/701
f 975/1/913 3297/1/3103 4887/1/4648 2825/1/2691
f 3297/1/3103 974/1/912 2821/1/2687 4887/1/4648
f 4887/1/4648 2821/1/2687 732/1/700 2798/1/2664
f 2825/1/2691 4887/1/4648 2798/1/2664 736/1/704
f 965/1/903 3287/1/3093 4888/1/4649 2823/1/2689
f 3287/1/3093 964/1/902 2820/1/2686 4888/1/4649
f 4888/1/4649 2820/1/2686 731/1/699 2799/1/2665
f 2823/1/2689 4888/1/4649 2799/1/2665 734/1/702
f 974/1/912 3296/1/3102 4889/1/4650 2821/1/2687
f 3296/1/3102 973/1/911 2819/1/2685 4889/1/4650
f 4889/1/4650 2819/1/2685 730/1/698 2800/1/2666
f 2821/1/2687 4889/1/4650 2800/1/2666 732/1/700
f 964/1/902 3286/1/3092 4890/1/4651 2820/1/2686
f 3286/1/3092 963/1/901 2818/1/2684 4890/1/4651
f 4890/1/4651 2818/1/2684 729/1/697 2801/1/2667
f 2820/1/2686 4890/1/4651 2801/1/2667 731/1/699
f 973/1/911 3295/1/3101 4891/1/4652 2819/1/2685
f 3295/1/3101 972/1/910 2817/1/2683 4891/1/4652
f 4891/1/4652 2817/1/2683 728/1/696 2802/1/2668
f 2819/1/2685 4891/1/4652 2802/1/2668 730/1/698
f 963/1/901 3285/1/3091 4892/1/4653 2818/1/2684
f 3285/1/3091 962/1/900 2816/1/2682 4892/1/4653
f 4892/1/4653 2816/1/2682 727/1/695 2803/1/2669
f 2818/1/2684 4892/1/4653 2803/1/2669 729/1/697
f 972/1/910 3294/1/3100 4893/1/4654 2817/1/2683
f 3294/1/3100 971/1/909 2815/1/2681 4893/1/4654
f 4893/1/4654 2815/1/2681 726/1/694 2804/1/2670
f 2817/1/2683 4893/1/4654 2804/1/2670 728/1/696
f 962/1/900 3284/1/3090 4894/1/4655 2816/1/2682
f 3284/1/3090 976/1/914 3252/1/3058 4894/1/4655
f 4894/1/4655 3252/1/3058 735/1/703 2805/1/2671
f 2816/1/2682 4894/1/4655 2805/1/2671 727/1/695
f 971/1/909 3293/1/3099 4895/1/4656 2815/1/2681
f 3293/1/3099 970/1/908 2814/1/2680 4895/1/4656
f 4895/1/4656 2814/1/2680 725/1/693 2806/1/2672
f 2815/1/2681 4895/1/4656 2806/1/2672 726/1/694
f 970/1/908 3292/1/3098 4896/1/4657 2814/1/2680
f 3292/1/3098 969/1/907 2813/1/2679 4896/1/4657
f 4896/1/4657 2813/1/2679 724/1/692 2807/1/2673
f 2814/1/2680 4896/1/4657 2807/1/2673 725/1/693
f 969/1/907 3291/1/3097 4897/1/4658 2813/1/2679
f 3291/1/3097 1386/1/1320 4064/1/3864 4897/1/4658
f 4897/1/4658 4064/1/3864 1372/1/1306 2808/1/2674
f 2813/1/2679 4897/1/4658 2808/1/2674 724/1/692
f 968/1/906 3290/1/3096 4898/1/4659 2812/1/2678
f 3290/1/3096 967/1/905 2811/1/2677 4898/1/4659
f 4898/1/4659 2811/1/2677 722/1/690 2809/1/2675
f 2812/1/2678 4898/1/4659 2809/1/2675 723/1/691
f 967/1/905 3289/1/3095 4899/1/4660 2811/1/2677
f 3289/1/3095 966/1/904 3250/1/3056 4899/1/4660
f 4899/1/4660 3250/1/3056 733/1/701 2810/1/2676
f 2811/1/2677 4899/1/4660 2810/1/2676 722/1/690
f 753/1/721 2856/1/2722 4900/1/4661 2872/1/2738
f 2856/1/2722 766/1/734 2855/1/2721 4900/1/4661
f 4900/1/4661 2855/1/2721 751/1/719 2826/1/2692
f 2872/1/2738 4900/1/4661 2826/1/2692 738/1/706
f 766/1/734 2857/1/2723 4901/1/4662 2855/1/2721
f 2857/1/2723 765/1/733 2854/1/2720 4901/1/4662
f 4901/1/4662 2854/1/2720 750/1/718 2827/1/2693
f 2855/1/2721 4901/1/4662 2827/1/2693 751/1/719
f 752/1/720 2858/1/2724 4902/1/4663 2871/1/2737
f 2858/1/2724 764/1/732 2853/1/2719 4902/1/4663
f 4902/1/4663 2853/1/2719 749/1/717 2828/1/2694
f 2871/1/2737 4902/1/4663 2828/1/2694 737/1/705
f 765/1/733 2859/1/2725 4903/1/4664 2854/1/2720
f 2859/1/2725 763/1/731 2852/1/2718 4903/1/4664
f 4903/1/4664 2852/1/2718 748/1/716 2829/1/2695
f 2854/1/2720 4903/1/4664 2829/1/2695 750/1/718
f 764/1/732 2860/1/2726 4904/1/4665 2853/1/2719
f 2860/1/2726 762/1/730 2851/1/2717 4904/1/4665
f 4904/1/4665 2851/1/2717 747/1/715 2830/1/2696
f 2853/1/2719 4904/1/4665 2830/1/2696 749/1/717
f 763/1/731 2861/1/2727 4905/1/4666 2852/1/2718
f 2861/1/2727 761/1/729 2850/1/2716 4905/1/4666
f 4905/1/4666 2850/1/2716 746/1/714 2831/1/2697
f 2852/1/2718 4905/1/4666 2831/1/2697 748/1/716
f 762/1/730 2862/1/2728 4906/1/4667 2851/1/2717
f 2862/1/2728 760/1/728 2849/1/2715 4906/1/4667
f 4906/1/4667 2849/1/2715 745/1/713 2832/1/2698
f 2851/1/2717 4906/1/4667 2832/1/2698 747/1/715
f 761/1/729 2863/1/2729 4907/1/4668 2850/1/2716
f 2863/1/2729 759/1/727 2848/1/2714 4907/1/4668
f 4907/1/4668 2848/1/2714 744/1/712 2833/1/2699
f 2850/1/2716 4907/1/4668 2833/1/2699 746/1/714
f 760/1/728 2864/1/2730 4908/1/4669 2849/1/2715
f 2864/1/2730 758/1/726 2847/1/2713 4908/1/4669
f 4908/1/4669 2847/1/2713 743/1/711 2834/1/2700
f 2849/1/2715 4908/1/4669 2834/1/2700 745/1/713
f 759/1/727 2865/1/2731 4909/1/4670 2848/1/2714
f 2865/1/2731 757/1/725 2846/1/2712 4909/1/4670
f 4909/1/4670 2846/1/2712 742/1/710 2835/1/2701
f 2848/1/2714 4909/1/4670 2835/1/2701 744/1/712
f 758/1/726 2866/1/2732 4910/1/4671 2847/1/2713
f 2866/1/2732 756/1/724 2845/1/2711 4910/1/4671
f 4910/1/4671 2845/1/2711 741/1/709 2836/1/2702
f 2847/1/2713 4910/1/4671 2836/1/2702 743/1/711
f 757/1/725 2867/1/2733 4911/1/4672 2846/1/2712
f 2867/1/2733 752/1/720 2871/1/2737 4911/1/4672
f 4911/1/4672 2871/1/2737 737/1/705 2837/1/2703
f 2846/1/2712 4911/1/4672 2837/1/2703 742/1/710
f 756/1/724 2868/1/2734 4912/1/4673 2845/1/2711
f 2868/1/2734 755/1/723 2844/1/2710 4912/1/4673
f 4912/1/4673 2844/1/2710 740/1/708 2838/1/2704
f 2845/1/2711 4912/1/4673 2838/1/2704 741/1/709
f 755/1/723 2869/1/2735 4913/1/4674 2844/1/2710
f 2869/1/2735 754/1/722 2843/1/2709 4913/1/4674
f 4913/1/4674 2843/1/2709 739/1/707 2839/1/2705
f 2844/1/2710 4913/1/4674 2839/1/2705 740/1/708
f 754/1/722 2870/1/2736 4914/1/4675 2843/1/2709
f 2870/1/2736 1378/1/1312 4054/1/3854 4914/1/4675
f 4914/1/4675 4054/1/3854 1377/1/1311 2840/1/2706
f 2843/1/2709 4914/1/4675 2840/1/2706 739/1/707
f 780/1/748 2886/1/2752 4915/1/4676 2914/1/2780
f 2886/1/2752 781/1/749 2885/1/2751 4915/1/4676
f 4915/1/4676 2885/1/2751 766/1/734 2856/1/2722
f 2914/1/2780 4915/1/4676 2856/1/2722 753/1/721
f 781/1/749 2887/1/2753 4916/1/4677 2885/1/2751
f 2887/1/2753 779/1/747 2884/1/2750 4916/1/4677
f 4916/1/4677 2884/1/2750 765/1/733 2857/1/2723
f 2885/1/2751 4916/1/4677 2857/1/2723 766/1/734
f 777/1/745 2888/1/2754 4917/1/4678 2911/1/2777
f 2888/1/2754 778/1/746 2883/1/2749 4917/1/4678
f 4917/1/4678 2883/1/2749 764/1/732 2858/1/2724
f 2911/1/2777 4917/1/4678 2858/1/2724 752/1/720
f 779/1/747 2889/1/2755 4918/1/4679 2884/1/2750
f 2889/1/2755 776/1/744 2882/1/2748 4918/1/4679
f 4918/1/4679 2882/1/2748 763/1/731 2859/1/2725
f 2884/1/2750 4918/1/4679 2859/1/2725 765/1/733
f 778/1/746 2890/1/2756 4919/1/4680 2883/1/2749
f 2890/1/2756 775/1/743 2881/1/2747 4919/1/4680
f 4919/1/4680 2881/1/2747 762/1/730 2860/1/2726
f 2883/1/2749 4919/1/4680 2860/1/2726 764/1/732
f 776/1/744 2891/1/2757 4920/1/4681 2882/1/2748
f 2891/1/2757 774/1/742 2880/1/2746 4920/1/4681
f 4920/1/4681 2880/1/2746 761/1/729 2861/1/2727
f 2882/1/2748 4920/1/4681 2861/1/2727 763/1/731
f 775/1/743 2892/1/2758 4921/1/4682 2881/1/2747
f 2892/1/2758 773/1/741 2879/1/2745 4921/1/4682
f 4921/1/4682 2879/1/2745 760/1/728 2862/1/2728
f 2881/1/2747 4921/1/4682 2862/1/2728 762/1/730
f 774/1/742 2893/1/2759 4922/1/4683 2880/1/2746
f 2893/1/2759 772/1/740 2878/1/2744 4922/1/4683
f 4922/1/4683 2878/1/2744 759/1/727 2863/1/2729
f 2880/1/2746 4922/1/4683 2863/1/2729 761/1/729
f 773/1/741 2894/1/2760 4923/1/4684 2879/1/2745
f 2894/1/2760 771/1/739 2877/1/2743 4923/1/4684
f 4923/1/4684 2877/1/2743 758/1/726 2864/1/2730
f 2879/1/2745 4923/1/4684 2864/1/2730 760/1/728
f 772/1/740 2895/1/2761 4924/1/4685 2878/1/2744
f 2895/1/2761 770/1/738 2876/1/2742 4924/1/4685
f 4924/1/4685 2876/1/2742 757/1/725 2865/1/2731
f 2878/1/2744 4924/1/4685 2865/1/2731 759/1/727
f 771/1/739 2896/1/2762 4925/1/4686 2877/1/2743
f 2896/1/2762 769/1/737 2875/1/2741 4925/1/4686
f 4925/1/4686 2875/1/2741 756/1/724 2866/1/2732
f 2877/1/2743 4925/1/4686 2866/1/2732 758/1/726
f 770/1/738 2897/1/2763 4926/1/4687 2876/1/2742
f 2897/1/2763 777/1/745 2911/1/2777 4926/1/4687
f 4926/1/4687 2911/1/2777 752/1/720 2867/1/2733
f 2876/1/2742 4926/1/4687 2867/1/2733 757/1/725
f 769/1/737 2898/1/2764 4927/1/4688 2875/1/2741
f 2898/1/2764 768/1/736 2874/1/2740 4927/1/4688
f 4927/1/4688 2874/1/2740 755/1/723 2868/1/2734
f 2875/1/2741 4927/1/4688 2868/1/2734 756/1/724
f 768/1/736 2899/1/2765 4928/1/4689 2874/1/2740
f 2899/1/2765 767/1/735 2873/1/2739 4928/1/4689
f 4928/1/4689 2873/1/2739 754/1/722 2869/1/2735
f 2874/1/2740 4928/1/4689 2869/1/2735 755/1/723
f 767/1/735 2900/1/2766 4929/1/4690 2873/1/2739
f 2900/1/2766 1379/1/1313 4055/1/3855 4929/1/4690
f 4929/1/4690 4055/1/3855 1378/1/1312 2870/1/2736
f 2873/1/2739 4929/1/4690 2870/1/2736 754/1/722
f 1043/1/981 3440/1/3245 4930/1/4691 3402/1/3208
f 3440/1/3245 1042/1/980 2915/1/2781 4930/1/4691
f 4930/1/4691 2915/1/2781 781/1/749 2886/1/2752
f 3402/1/3208 4930/1/4691 2886/1/2752 780/1/748
f 1042/1/980 3439/1/3244 4931/1/4692 2915/1/2781
f 3439/1/3244 1041/1/979 2913/1/2779 4931/1/4692
f 4931/1/4692 2913/1/2779 779/1/747 2887/1/2753
f 2915/1/2781 4931/1/4692 2887/1/2753 781/1/749
f 1051/1/989 3448/1/3253 4932/1/4693 3399/1/3205
f 3448/1/3253 1050/1/988 2912/1/2778 4932/1/4693
f 4932/1/4693 2912/1/2778 778/1/746 2888/1/2754
f 3399/1/3205 4932/1/4693 2888/1/2754 777/1/745
f 1041/1/979 3438/1/3243 4933/1/4694 2913/1/2779
f 3438/1/3243 1040/1/978 2910/1/2776 4933/1/4694
f 4933/1/4694 2910/1/2776 776/1/744 2889/1/2755
f 2913/1/2779 4933/1/4694 2889/1/2755 779/1/747
f 1050/1/988 3447/1/3252 4934/1/4695 2912/1/2778
f 3447/1/3252 1049/1/987 2909/1/2775 4934/1/4695
f 4934/1/4695 2909/1/2775 775/1/743 2890/1/2756
f 2912/1/2778 4934/1/4695 2890/1/2756 778/1/746
f 1040/1/978 3437/1/3242 4935/1/4696 2910/1/2776
f 3437/1/3242 1039/1/977 2908/1/2774 4935/1/4696
f 4935/1/4696 2908/1/2774 774/1/742 2891/1/2757
f 2910/1/2776 4935/1/4696 2891/1/2757 776/1/744
f 1049/1/987 3446/1/3251 4936/1/4697 2909/1/2775
f 3446/1/3251 1048/1/986 2907/1/2773 4936/1/4697
f 4936/1/4697 2907/1/2773 773/1/741 2892/1/2758
f 2909/1/2775 4936/1/4697 2892/1/2758 775/1/743
f 1039/1/977 3436/1/3241 4937/1/4698 2908/1/2774
f 3436/1/3241 1038/1/976 2906/1/2772 4937/1/4698
f 4937/1/4698 2906/1/2772 772/1/740 2893/1/2759
f 2908/1/2774 4937/1/4698 2893/1/2759 774/1/742
f 1048/1/986 3445/1/3250 4938/1/4699 2907/1/2773
f 3445/1/3250 1047/1/985 2905/1/2771 4938/1/4699
f 4938/1/4699 2905/1/2771 771/1/739 2894/1/2760
f 2907/1/2773 4938/1/4699 2894/1/2760 773/1/741
f 1038/1/976 3435/1/3240 4939/1/4700 2906/1/2772
f 3435/1/3240 1037/1/975 2904/1/2770 4939/1/4700
f 4939/1/4700 2904/1/2770 770/1/738 2895/1/2761
f 2906/1/2772 4939/1/4700 2895/1/2761 772/1/740
f 1047/1/985 3444/1/3249 4940/1/4701 2905/1/2771
f 3444/1/3249 1046/1/984 2903/1/2769 4940/1/4701
f 4940/1/4701 2903/1/2769 769/1/737 2896/1/2762
f 2905/1/2771 4940/1/4701 2896/1/2762 771/1/739
f 1037/1/975 3434/1/3239 4941/1/4702 2904/1/2770
f 3434/1/3239 1051/1/989 3399/1/3205 4941/1/4702
f 4941/1/4702 3399/1/3205 777/1/745 2897/1/2763
f 2904/1/2770 4941/1/4702 2897/1/2763 770/1/738
f 1046/1/984 3443/1/3248 4942/1/4703 2903/1/2769
f 3443/1/3248 1045/1/983 2902/1/2768 4942/1/4703
f 4942/1/4703 2902/1/2768 768/1/736 2898/1/2764
f 2903/1/2769 4942/1/4703 2898/1/2764 769/1/737
f 1045/1/983 3442/1/3247 4943/1/4704 2902/1/2768
f 3442/1/3247 1044/1/982 2901/1/2767 4943/1/4704
f 4943/1/4704 2901/1/2767 767/1/735 2899/1/2765
f 2902/1/2768 4943/1/4704 2899/1/2765 768/1/736
f 1044/1/982 3441/1/3246 4944/1/4705 2901/1/2767
f 3441/1/3246 1380/1/1314 4056/1/3856 4944/1/4705
f 4944/1/4705 4056/1/3856 1379/1/1313 2900/1/2766
f 2901/1/2767 4944/1/4705 2900/1/2766 767/1/735
f 1237/1/1175 3829/1/3634 4945/1/4706 3792/1/3597
f 3829/1/3634 1236/1/1174 2945/1/2811 4945/1/4706
f 4945/1/4706 2945/1/2811 796/1/764 2916/1/2782
f 3792/1/3597 4945/1/4706 2916/1/2782 795/1/763
f 1246/1/1184 3838/1/3643 4946/1/4707 3790/1/3595
f 3838/1/3643 1245/1/1183 2943/1/2809 4946/1/4707
f 4946/1/4707 2943/1/2809 794/1/762 2917/1/2783
f 3790/1/3595 4946/1/4707 2917/1/2783 793/1/761
f 1236/1/1174 3828/1/3633 4947/1/4708 2945/1/2811
f 3828/1/3633 1235/1/1173 2941/1/2807 4947/1/4708
f 4947/1/4708 2941/1/2807 792/1/760 2918/1/2784
f 2945/1/2811 4947/1/4708 2918/1/2784 796/1/764
f 1245/1/1183 3837/1/3642 4948/1/4709 2943/1/2809
f 3837/1/3642 1244/1/1182 2940/1/2806 4948/1/4709
f 4948/1/4709 2940/1/2806 791/1/759 2919/1/2785
f 2943/1/2809 4948/1/4709 2919/1/2785 794/1/762
f 1235/1/1173 3827/1/3632 4949/1/4710 2941/1/2807
f 3827/1/3632 1234/1/1172 2939/1/2805 4949/1/4710
f 4949/1/4710 2939/1/2805 790/1/758 2920/1/2786
f 2941/1/2807 4949/1/4710 2920/1/2786 792/1/760
f 1244/1/1182 3836/1/3641 4950/1/4711 2940/1/2806
f 3836/1/3641 1243/1/1181 2938/1/2804 4950/1/4711
f 4950/1/4711 2938/1/2804 789/1/757 2921/1/2787
f 2940/1/2806 4950/1/4711 2921/1/2787 791/1/759
f 1234/1/1172 3826/1/3631 4951/1/4712 2939/1/2805
f 3826/1/3631 1233/1/1171 2937/1/2803 4951/1/4712
f 4951/1/4712 2937/1/2803 788/1/756 2922/1/2788
f 2939/1/2805 4951/1/4712 2922/1/2788 790/1/758
f 1243/1/1181 3835/1/3640 4952/1/4713 2938/1/2804
f 3835/1/3640 1242/1/1180 2936/1/2802 4952/1/4713
f 4952/1/4713 2936/1/2802 787/1/755 2923/1/2789
f 2938/1/2804 4952/1/4713 2923/1/2789 789/1/757
f 1233/1/1171 3825/1/3630 4953/1/4714 2937/1/2803
f 3825/1/3630 1232/1/1170 2935/1/2801 4953/1/4714
f 4953/1/4714 2935/1/2801 786/1/754 2924/1/2790
f 2937/1/2803 4953/1/4714 2924/1/2790 788/1/756
f 1242/1/1180 3834/1/3639 4954/1/4715 2936/1/2802
f 3834/1/3639 1241/1/1179 2934/1/2800 4954/1/4715
f 4954/1/4715 2934/1/2800 785/1/753 2925/1/2791
f 2936/1/2802 4954/1/4715 2925/1/2791 787/1/755
f 1232/1/1170 3824/1/3629 4955/1/4716 2935/1/2801
f 3824/1/3629 1246/1/1184 3790/1/3595 4955/1/4716
f 4955/1/4716 3790/1/3595 793/1/761 2926/1/2792
f 2935/1/2801 4955/1/4716 2926/1/2792 786/1/754
f 1241/1/1179 3833/1/3638 4956/1/4717 2934/1/2800
f 3833/1/3638 1240/1/1178 2933/1/2799 4956/1/4717
f 4956/1/4717 2933/1/2799 784/1/752 2927/1/2793
f 2934/1/2800 4956/1/4717 2927/1/2793 785/1/753
f 1240/1/1178 3832/1/3637 4957/1/4718 2933/1/2799
f 3832/1/3637 1239/1/1177 2932/1/2798 4957/1/4718
f 4957/1/4718 2932/1/2798 783/1/751 2928/1/2794
f 2933/1/2799 4957/1/4718 2928/1/2794 784/1/752
f 1239/1/1177 3831/1/3636 4958/1/4719 2932/1/2798
f 3831/1/3636 1407/1/1341 4085/1/3885 4958/1/4719
f 4958/1/4719 4085/1/3885 1406/1/1340 2929/1/2795
f 2932/1/2798 4958/1/4719 2929/1/2795 783/1/751
f 1238/1/1176 3830/1/3635 4959/1/4720 2931/1/2797
f 3830/1/3635 1237/1/1175 3792/1/3597 4959/1/4720
f 4959/1/4720 3792/1/3597 795/1/763 2930/1/2796
f 2931/1/2797 4959/1/4720 2930/1/2796 782/1/750
f 1253/1/1191 3860/1/3665 4960/1/4721 2975/1/2841
f 3860/1/3665 1252/1/1190 2974/1/2840 4960/1/4721
f 4960/1/4721 2974/1/2840 810/1/778 2946/1/2812
f 2975/1/2841 4960/1/4721 2946/1/2812 811/1/779
f 1252/1/1190 3859/1/3664 4961/1/4722 2974/1/2840
f 3859/1/3664 1251/1/1189 2973/1/2839 4961/1/4722
f 4961/1/4722 2973/1/2839 809/1/777 2947/1/2813
f 2974/1/2840 4961/1/4722 2947/1/2813 810/1/778
f 1261/1/1199 3868/1/3673 4962/1/4723 3819/1/3624
f 3868/1/3673 1260/1/1198 2972/1/2838 4962/1/4723
f 4962/1/4723 2972/1/2838 808/1/776 2948/1/2814
f 3819/1/3624 4962/1/4723 2948/1/2814 807/1/775
f 1251/1/1189 3858/1/3663 4963/1/4724 2973/1/2839
f 3858/1/3663 1250/1/1188 2970/1/2836 4963/1/4724
f 4963/1/4724 2970/1/2836 806/1/774 2949/1/2815
f 2973/1/2839 4963/1/4724 2949/1/2815 809/1/777
f 1260/1/1198 3867/1/3672 4964/1/4725 2972/1/2838
f 3867/1/3672 1259/1/1197 2969/1/2835 4964/1/4725
f 4964/1/4725 2969/1/2835 805/1/773 2950/1/2816
f 2972/1/2838 4964/1/4725 2950/1/2816 808/1/776
f 1250/1/1188 3857/1/3662 4965/1/4726 2970/1/2836
f 3857/1/3662 1249/1/1187 2968/1/2834 4965/1/4726
f 4965/1/4726 2968/1/2834 804/1/772 2951/1/2817
f 2970/1/2836 4965/1/4726 2951/1/2817 806/1/774
f 1259/1/1197 3866/1/3671 4966/1/4727 2969/1/2835
f 3866/1/3671 1258/1/1196 2967/1/2833 4966/1/4727
f 4966/1/4727 2967/1/2833 803/1/771 2952/1/2818
f 2969/1/2835 4966/1/4727 2952/1/2818 805/1/773
f 1249/1/1187 3856/1/3661 4967/1/4728 2968/1/2834
f 3856/1/3661 1248/1/1186 2966/1/2832 4967/1/4728
f 4967/1/4728 2966/1/2832 802/1/770 2953/1/2819
f 2968/1/2834 4967/1/4728 2953/1/2819 804/1/772
f 1258/1/1196 3865/1/3670 4968/1/4729 2967/1/2833
f 3865/1/3670 1257/1/1195 2965/1/2831 4968/1/4729
f 4968/1/4729 2965/1/2831 801/1/769 2954/1/2820
f 2967/1/2833 4968/1/4729 2954/1/2820 803/1/771
f 1248/1/1186 3855/1/3660 4969/1/4730 2966/1/2832
f 3855/1/3660 1247/1/1185 2964/1/2830 4969/1/4730
f 4969/1/4730 2964/1/2830 800/1/768 2955/1/2821
f 2966/1/2832 4969/1/4730 2955/1/2821 802/1/770
f 1257/1/1195 3864/1/3669 4970/1/4731 2965/1/2831
f 3864/1/3669 1256/1/1194 2963/1/2829 4970/1/4731
f 4970/1/4731 2963/1/2829 799/1/767 2956/1/2822
f 2965/1/2831 4970/1/4731 2956/1/2822 801/1/769
f 1247/1/1185 3854/1/3659 4971/1/4732 2964/1/2830
f 3854/1/3659 1261/1/1199 3819/1/3624 4971/1/4732
f 4971/1/4732 3819/1/3624 807/1/775 2957/1/2823
f 2964/1/2830 4971/1/4732 2957/1/2823 800/1/768
f 1256/1/1194 3863/1/3668 4972/1/4733 2963/1/2829
f 3863/1/3668 1255/1/1193 2962/1/2828 4972/1/4733
f 4972/1/4733 2962/1/2828 798/1/766 2958/1/2824
f 2963/1/2829 4972/1/4733 2958/1/2824 799/1/767
f 1255/1/1193 3862/1/3667 4973/1/4734 2962/1/2828
f 3862/1/3667 1254/1/1192 2961/1/2827 4973/1/4734
f 4973/1/4734 2961/1/2827 797/1/765 2959/1/2825
f 2962/1/2828 4973/1/4734 2959/1/2825 798/1/766
f 1254/1/1192 3861/1/3666 4974/1/4735 2961/1/2827
f 3861/1/3666 1342/1/1280 4016/1/3821 4974/1/4735
f 4974/1/4735 4016/1/3821 1339/1/1277 2960/1/2826
f 2961/1/2827 4974/1/4735 2960/1/2826 797/1/765
f 828/1/796 3006/1/2872 4975/1/4736 3022/1/2888
f 3006/1/2872 841/1/809 3005/1/2871 4975/1/4736
f 4975/1/4736 3005/1/2871 826/1/794 2976/1/2842
f 3022/1/2888 4975/1/4736 2976/1/2842 813/1/781
f 827/1/795 3007/1/2873 4976/1/4737 3021/1/2887
f 3007/1/2873 840/1/808 3004/1/2870 4976/1/4737
f 4976/1/4737 3004/1/2870 825/1/793 2977/1/2843
f 3021/1/2887 4976/1/4737 2977/1/2843 812/1/780
f 841/1/809 3008/1/2874 4977/1/4738 3005/1/2871
f 3008/1/2874 839/1/807 3003/1/2869 4977/1/4738
f 4977/1/4738 3003/1/2869 824/1/792 2978/1/2844
f 3005/1/2871 4977/1/4738 2978/1/2844 826/1/794
f 840/1/808 3009/1/2875 4978/1/4739 3004/1/2870
f 3009/1/2875 838/1/806 3002/1/2868 4978/1/4739
f 4978/1/4739 3002/1/2868 823/1/791 2979/1/2845
f 3004/1/2870 4978/1/4739 2979/1/2845 825/1/793
f 839/1/807 3010/1/2876 4979/1/4740 3003/1/2869
f 3010/1/2876 837/1/805 3001/1/2867 4979/1/4740
f 4979/1/4740 3001/1/2867 822/1/790 2980/1/2846
f 3003/1/2869 4979/1/4740 2980/1/2846 824/1/792
f 837/1/805 3011/1/2877 4980/1/4741 3001/1/2867
f 3011/1/2877 836/1/804 3000/1/2866 4980/1/4741
f 4980/1/4741 3000/1/2866 821/1/789 2981/1/2847
f 3001/1/2867 4980/1/4741 2981/1/2847 822/1/790
f 836/1/804 3012/1/2878 4981/1/4742 3000/1/2866
f 3012/1/2878 1347/1/1285 4023/1/3828 4981/1/4742
f 4981/1/4742 4023/1/3828 1343/1/1281 2982/1/2848
f 3000/1/2866 4981/1/4742 2982/1/2848 821/1/789
f 835/1/803 3013/1/2879 4982/1/4743 2999/1/2865
f 3013/1/2879 834/1/802 2998/1/2864 4982/1/4743
f 4982/1/4743 2998/1/2864 819/1/787 2983/1/2849
f 2999/1/2865 4982/1/4743 2983/1/2849 820/1/788
f 834/1/802 3014/1/2880 4983/1/4744 2998/1/2864
f 3014/1/2880 833/1/801 2997/1/2863 4983/1/4744
f 4983/1/4744 2997/1/2863 818/1/786 2984/1/2850
f 2998/1/2864 4983/1/4744 2984/1/2850 819/1/787
f 838/1/806 3015/1/2881 4984/1/4745 3002/1/2868
f 3015/1/2881 832/1/800 2996/1/2862 4984/1/4745
f 4984/1/4745 2996/1/2862 817/1/785 2985/1/2851
f 3002/1/2868 4984/1/4745 2985/1/2851 823/1/791
f 833/1/801 3016/1/2882 4985/1/4746 2997/1/2863
f 3016/1/2882 831/1/799 2995/1/2861 4985/1/4746
f 4985/1/4746 2995/1/2861 816/1/784 2986/1/2852
f 2997/1/2863 4985/1/4746 2986/1/2852 818/1/786
f 832/1/800 3017/1/2883 4986/1/4747 2996/1/2862
f 3017/1/2883 830/1/798 2994/1/2860 4986/1/4747
f 4986/1/4747 2994/1/2860 815/1/783 2987/1/2853
f 2996/1/2862 4986/1/4747 2987/1/2853 817/1/785
f 831/1/799 3018/1/2884 4987/1/4748 2995/1/2861
f 3018/1/2884 829/1/797 2993/1/2859 4987/1/4748
f 4987/1/4748 2993/1/2859 814/1/782 2988/1/2854
f 2995/1/2861 4987/1/4748 2988/1/2854 816/1/784
f 830/1/798 3019/1/2885 4988/1/4749 2994/1/2860
f 3019/1/2885 828/1/796 3022/1/2888 4988/1/4749
f 4988/1/4749 3022/1/2888 813/1/781 2989/1/2855
f 2994/1/2860 4988/1/4749 2989/1/2855 815/1/783
f 829/1/797 3020/1/2886 4989/1/4750 2993/1/2859
f 3020/1/2886 827/1/795 3021/1/2887 4989/1/4750
f 4989/1/4750 3021/1/2887 812/1/780 2990/1/2856
f 2993/1/2859 4989/1/4750 2990/1/2856 814/1/782
f 1305/1/1243 3929/1/3734 4990/1/4751 3957/1/3762
f 3929/1/3734 1306/1/1244 3035/1/2901 4990/1/4751
f 4990/1/4751 3035/1/2901 841/1/809 3006/1/2872
f 3957/1/3762 4990/1/4751 3006/1/2872 828/1/796
f 1303/1/1241 3930/1/3735 4991/1/4752 3955/1/3760
f 3930/1/3735 1304/1/1242 3034/1/2900 4991/1/4752
f 4991/1/4752 3034/1/2900 840/1/808 3007/1/2873
f 3955/1/3760 4991/1/4752 3007/1/2873 827/1/795
f 1306/1/1244 3931/1/3736 4992/1/4753 3035/1/2901
f 3931/1/3736 1302/1/1240 3033/1/2899 4992/1/4753
f 4992/1/4753 3033/1/2899 839/1/807 3008/1/2874
f 3035/1/2901 4992/1/4753 3008/1/2874 841/1/809
f 1304/1/1242 3932/1/3737 4993/1/4754 3034/1/2900
f 3932/1/3737 1301/1/1239 3032/1/2898 4993/1/4754
f 4993/1/4754 3032/1/2898 838/1/806 3009/1/2875
f 3034/1/2900 4993/1/4754 3009/1/2875 840/1/808
f 1302/1/1240 3933/1/3738 4994/1/4755 3033/1/2899
f 3933/1/3738 1300/1/1238 3031/1/2897 4994/1/4755
f 4994/1/4755 3031/1/2897 837/1/805 3010/1/2876
f 3033/1/2899 4994/1/4755 3010/1/2876 839/1/807
f 1300/1/1238 3934/1/3739 4995/1/4756 3031/1/2897
f 3934/1/3739 1299/1/1237 3030/1/2896 4995/1/4756
f 4995/1/4756 3030/1/2896 836/1/804 3011/1/2877
f 3031/1/2897 4995/1/4756 3011/1/2877 837/1/805
f 1299/1/1237 3935/1/3740 4996/1/4757 3030/1/2896
f 3935/1/3740 1348/1/1286 4024/1/3829 4996/1/4757
f 4996/1/4757 4024/1/3829 1347/1/1285 3012/1/2878
f 3030/1/2896 4996/1/4757 3012/1/2878 836/1/804
f 1298/1/1236 3936/1/3741 4997/1/4758 3029/1/2895
f 3936/1/3741 1297/1/1235 3028/1/2894 4997/1/4758
f 4997/1/4758 3028/1/2894 834/1/802 3013/1/2879
f 3029/1/2895 4997/1/4758 3013/1/2879 835/1/803
f 1297/1/1235 3937/1/3742 4998/1/4759 3028/1/2894
f 3937/1/3742 1296/1/1234 3027/1/2893 4998/1/4759
f 4998/1/4759 3027/1/2893 833/1/801 3014/1/2880
f 3028/1/2894 4998/1/4759 3014/1/2880 834/1/802
f 1301/1/1239 3938/1/3743 4999/1/4760 3032/1/2898
f 3938/1/3743 1295/1/1233 3026/1/2892 4999/1/4760
f 4999/1/4760 3026/1/2892 832/1/800 3015/1/2881
f 3032/1/2898 4999/1/4760 3015/1/2881 838/1/806
f 1296/1/1234 3939/1/3744 5000/1/4761 3027/1/2893
f 3939/1/3744 1294/1/1232 3025/1/2891 5000/1/4761
f 5000/1/4761 3025/1/2891 831/1/799 3016/1/2882
f 3027/1/2893 5000/1/4761 3016/1/2882 833/1/801
f 1295/1/1233 3940/1/3745 5001/1/4762 3026/1/2892
f 3940/1/3745 1293/1/1231 3024/1/2890 5001/1/4762
f 5001/1/4762 3024/1/2890 830/1/798 3017/1/2883
f 3026/1/2892 5001/1/4762 3017/1/2883 832/1/800
f 1294/1/1232 3941/1/3746 5002/1/4763 3025/1/2891
f 3941/1/3746 1292/1/1230 3023/1/2889 5002/1/4763
f 5002/1/4763 3023/1/2889 829/1/797 3018/1/2884
f 3025/1/2891 5002/1/4763 3018/1/2884 831/1/799
f 1293/1/1231 3942/1/3747 5003/1/4764 3024/1/2890
f 3942/1/3747 1305/1/1243 3957/1/3762 5003/1/4764
f 5003/1/4764 3957/1/3762 828/1/796 3019/1/2885
f 3024/1/2890 5003/1/4764 3019/1/2885 830/1/798
f 1292/1/1230 3943/1/3748 5004/1/4765 3023/1/2889
f 3943/1/3748 1303/1/1241 3955/1/3760 5004/1/4765
f 5004/1/4765 3955/1/3760 827/1/795 3020/1/2886
f 3023/1/2889 5004/1/4765 3020/1/2886 829/1/797
f 5550/1/5277 4028/1/3832 5642/1/5363 5676/1/5397
f 3038/1/2904 5008/1/4769 5663/1/5384 5629/1/5350
f 5005/1/4766 3050/1/2916 855/1/139 3074/1/139
f 3036/1/2902 5005/1/4766 3074/1/139 842/1/139
f 5014/1/4775 3045/1/2911 5636/1/5357 5669/1/5390
f 4347/1/4141 1680/1/1614 5610/1/5331 5644/1/5365
f 5006/1/4767 3036/1/2902 842/1/139 3075/1/139
f 3037/1/2903 5006/1/4767 3075/1/139 843/1/139
f 2667/1/2539 4354/1/4148 5651/1/5372 5625/1/5346
f 4360/1/4154 1693/1/1627 5623/1/5344 5657/1/5378
f 5007/1/4768 3037/1/2903 843/1/139 3076/1/139
f 3038/1/2904 5007/1/4768 3076/1/139 844/1/139
f 5007/1/4768 3038/1/2904 5629/1/5350 5662/1/5383
f 3044/1/2910 5014/1/4775 5669/1/5390 5635/1/5356
f 5008/1/4769 3038/1/2904 844/1/139 3077/1/139
f 3039/1/2905 5008/1/4769 3077/1/139 845/1/139
f 1694/1/1628 4347/1/4141 5644/1/5365 5624/1/5345
f 4353/1/4147 1686/1/1620 5616/1/5337 5650/1/5371
f 5009/1/4770 3039/1/2905 845/1/139 3078/1/139
f 3040/1/2906 5009/1/4770 3078/1/139 846/1/139
f 1692/1/1626 4360/1/4154 5657/1/5378 5622/1/5343
f 3037/1/2903 5007/1/4768 5662/1/5383 5628/1/5349
f 5010/1/4771 3040/1/2906 846/1/139 3079/1/139
f 3041/1/2907 5010/1/4771 3079/1/139 847/1/139
f 5013/1/4774 3044/1/2910 5635/1/5356 5668/1/5389
f 1685/1/1619 4353/1/4147 5650/1/5371 5615/1/5336
f 5011/1/4772 3041/1/2907 847/1/139 3080/1/139
f 3042/1/2908 5011/1/4772 3080/1/139 848/1/139
f 4359/1/4153 1692/1/1626 5622/1/5343 5656/1/5377
f 5006/1/4767 3037/1/2903 5628/1/5349 5661/1/5382
f 5012/1/4773 4028/1/3832 1351/1/139 3081/1/139
f 3043/1/2909 5012/1/4773 3081/1/139 849/1/139
f 3043/1/2909 5013/1/4774 5668/1/5389 5634/1/5355
f 5019/1/4780 3050/1/2916 5641/1/5362 5674/1/5395
f 5013/1/4774 3043/1/2909 849/1/139 3082/1/139
f 3044/1/2910 5013/1/4774 3082/1/139 850/1/139
f 4352/1/4146 1685/1/1619 5615/1/5336 5649/1/5370
f 1691/1/1625 4359/1/4153 5656/1/5377 5621/1/5342
f 5014/1/4775 3044/1/2910 850/1/139 3083/1/139
f 3045/1/2911 5014/1/4775 3083/1/139 851/1/139
f 3036/1/2902 5006/1/4767 5661/1/5382 5627/1/5348
f 5012/1/4773 3043/1/2909 5634/1/5355 5667/1/5388
f 5015/1/4776 3045/1/2911 851/1/139 3084/1/139
f 3046/1/2912 5015/1/4776 3084/1/139 852/1/139
f 3049/1/2915 5019/1/4780 5674/1/5395 5640/1/5361
f 1684/1/1618 4352/1/4146 5649/1/5370 5614/1/5335
f 5016/1/4777 3046/1/2912 852/1/139 3085/1/139
f 3047/1/2913 5016/1/4777 3085/1/139 853/1/139
f 4358/1/4152 1691/1/1625 5621/1/5342 5655/1/5376
f 1686/1/1620 4868/1/4629 5659/1/5380 5616/1/5337
f 5017/1/4778 3047/1/2913 853/1/139 3086/1/139
f 3048/1/2914 5017/1/4778 3086/1/139 854/1/139
f 5005/1/4766 3036/1/2902 5627/1/5348 5660/1/5381
f 4028/1/3832 5012/1/4773 5667/1/5388 5642/1/5363
f 5018/1/4779 3048/1/2914 854/1/139 3087/1/139
f 3049/1/2915 5018/1/4779 3087/1/139 856/1/139
f 5018/1/4779 3049/1/2915 5640/1/5361 5673/1/5394
f 4351/1/4145 1684/1/1618 5614/1/5335 5648/1/5369
f 5019/1/4780 3049/1/2915 856/1/139 3088/1/139
f 3050/1/2916 5019/1/4780 3088/1/139 855/1/139
f 842/1/139 3074/1/139 5020/1/139 3059/1/139
f 3074/1/139 855/1/139 3073/1/139 5020/1/139
f 5020/1/139 3073/1/139 870/1/823 3104/1/2940
f 3059/1/139 5020/1/139 3104/1/2940 857/1/810
f 843/1/139 3075/1/139 5021/1/139 3060/1/139
f 3075/1/139 842/1/139 3059/1/139 5021/1/139
f 5021/1/139 3059/1/139 857/1/810 3105/1/2941
f 3060/1/139 5021/1/139 3105/1/2941 858/1/811
f 844/1/139 3076/1/139 5022/1/139 3061/1/139
f 3076/1/139 843/1/139 3060/1/139 5022/1/139
f 5022/1/139 3060/1/139 858/1/811 3106/1/2942
f 3061/1/139 5022/1/139 3106/1/2942 859/1/812
f 845/1/139 3077/1/139 5023/1/139 3062/1/139
f 3077/1/139 844/1/139 3061/1/139 5023/1/139
f 5023/1/139 3061/1/139 859/1/812 3107/1/2943
f 3062/1/139 5023/1/139 3107/1/2943 860/1/813
f 846/1/139 3078/1/139 5024/1/139 3063/1/139
f 3078/1/139 845/1/139 3062/1/139 5024/1/139
f 5024/1/139 3062/1/139 860/1/813 3108/1/2944
f 3063/1/139 5024/1/139 3108/1/2944 861/1/814
f 847/1/139 3079/1/139 5025/1/139 3064/1/139
f 3079/1/139 846/1/139 3063/1/139 5025/1/139
f 5025/1/139 3063/1/139 861/1/814 3109/1/2945
f 3064/1/139 5025/1/139 3109/1/2945 862/1/815
f 848/1/139 3080/1/139 5026/1/139 3065/1/139
f 3080/1/139 847/1/139 3064/1/139 5026/1/139
f 5026/1/139 3064/1/139 862/1/815 3110/1/2946
f 3065/1/139 5026/1/139 3110/1/2946 863/1/816
f 849/1/139 3081/1/139 5027/1/139 3066/1/139
f 3081/1/139 1351/1/139 4027/1/139 5027/1/139
f 5027/1/139 4027/1/139 1350/1/1288 3111/1/2947
f 3066/1/139 5027/1/139 3111/1/2947 864/1/817
f 850/1/139 3082/1/139 5028/1/139 3067/1/139
f 3082/1/139 849/1/139 3066/1/139 5028/1/139
f 5028/1/139 3066/1/139 864/1/817 3112/1/2948
f 3067/1/139 5028/1/139 3112/1/2948 865/1/818
f 851/1/139 3083/1/139 5029/1/139 3068/1/139
f 3083/1/139 850/1/139 3067/1/139 5029/1/139
f 5029/1/139 3067/1/139 865/1/818 3113/1/2949
f 3068/1/139 5029/1/139 3113/1/2949 866/1/819
f 852/1/139 3084/1/139 5030/1/139 3069/1/139
f 3084/1/139 851/1/139 3068/1/139 5030/1/139
f 5030/1/139 3068/1/139 866/1/819 3114/1/2950
f 3069/1/139 5030/1/139 3114/1/2950 867/1/820
f 853/1/139 3085/1/139 5031/1/139 3070/1/139
f 3085/1/139 852/1/139 3069/1/139 5031/1/139
f 5031/1/139 3069/1/139 867/1/820 3115/1/2951
f 3070/1/139 5031/1/139 3115/1/2951 868/1/821
f 854/1/139 3086/1/139 5032/1/139 3071/1/139
f 3086/1/139 853/1/139 3070/1/139 5032/1/139
f 5032/1/139 3070/1/139 868/1/821 3116/1/2952
f 3071/1/139 5032/1/139 3116/1/2952 869/1/822
f 856/1/139 3087/1/139 5033/1/139 3072/1/139
f 3087/1/139 854/1/139 3071/1/139 5033/1/139
f 5033/1/139 3071/1/139 869/1/822 3117/1/2953
f 3072/1/139 5033/1/139 3117/1/2953 871/1/824
f 855/1/139 3088/1/139 5034/1/139 3073/1/139
f 3088/1/139 856/1/139 3072/1/139 5034/1/139
f 5034/1/139 3072/1/139 871/1/824 3118/1/2954
f 3073/1/139 5034/1/139 3118/1/2954 870/1/823
f 857/1/810 3104/1/2940 5035/1/4781 3089/1/2925
f 3104/1/2940 870/1/823 3103/1/2939 5035/1/4781
f 5035/1/4781 3103/1/2939 885/1/838 3989/1/3794
f 3089/1/2925 5035/1/4781 3989/1/3794 872/1/825
f 858/1/811 3105/1/2941 5036/1/4782 3090/1/2926
f 3105/1/2941 857/1/810 3089/1/2925 5036/1/4782
f 5036/1/4782 3089/1/2925 872/1/825 3990/1/3795
f 3090/1/2926 5036/1/4782 3990/1/3795 873/1/826
f 859/1/812 3106/1/2942 5037/1/4783 3091/1/2927
f 3106/1/2942 858/1/811 3090/1/2926 5037/1/4783
f 5037/1/4783 3090/1/2926 873/1/826 3991/1/3796
f 3091/1/2927 5037/1/4783 3991/1/3796 874/1/827
f 860/1/813 3107/1/2943 5038/1/4784 3092/1/2928
f 3107/1/2943 859/1/812 3091/1/2927 5038/1/4784
f 5038/1/4784 3091/1/2927 874/1/827 3992/1/3797
f 3092/1/2928 5038/1/4784 3992/1/3797 875/1/828
f 861/1/814 3108/1/2944 5039/1/4785 3093/1/2929
f 3108/1/2944 860/1/813 3092/1/2928 5039/1/4785
f 5039/1/4785 3092/1/2928 875/1/828 3993/1/3798
f 3093/1/2929 5039/1/4785 3993/1/3798 876/1/829
f 862/1/815 3109/1/2945 5040/1/4786 3094/1/2930
f 3109/1/2945 861/1/814 3093/1/2929 5040/1/4786
f 5040/1/4786 3093/1/2929 876/1/829 3994/1/3799
f 3094/1/2930 5040/1/4786 3994/1/3799 877/1/830
f 863/1/816 3110/1/2946 5041/1/4787 3095/1/2931
f 3110/1/2946 862/1/815 3094/1/2930 5041/1/4787
f 5041/1/4787 3094/1/2930 877/1/830 3995/1/3800
f 3095/1/2931 5041/1/4787 3995/1/3800 878/1/831
f 864/1/817 3111/1/2947 5042/1/4788 3096/1/2932
f 3111/1/2947 1350/1/1288 4026/1/3831 5042/1/4788
f 5042/1/4788 4026/1/3831 1349/1/1287 3996/1/3801
f 3096/1/2932 5042/1/4788 3996/1/3801 879/1/832
f 865/1/818 3112/1/2948 5043/1/4789 3097/1/2933
f 3112/1/2948 864/1/817 3096/1/2932 5043/1/4789
f 5043/1/4789 3096/1/2932 879/1/832 3997/1/3802
f 3097/1/2933 5043/1/4789 3997/1/3802 880/1/833
f 866/1/819 3113/1/2949 5044/1/4790 3098/1/2934
f 3113/1/2949 865/1/818 3097/1/2933 5044/1/4790
f 5044/1/4790 3097/1/2933 880/1/833 3998/1/3803
f 3098/1/2934 5044/1/4790 3998/1/3803 881/1/834
f 867/1/820 3114/1/2950 5045/1/4791 3099/1/2935
f 3114/1/2950 866/1/819 3098/1/2934 5045/1/4791
f 5045/1/4791 3098/1/2934 881/1/834 3999/1/3804
f 3099/1/2935 5045/1/4791 3999/1/3804 882/1/835
f 868/1/821 3115/1/2951 5046/1/4792 3100/1/2936
f 3115/1/2951 867/1/820 3099/1/2935 5046/1/4792
f 5046/1/4792 3099/1/2935 882/1/835 4000/1/3805
f 3100/1/2936 5046/1/4792 4000/1/3805 883/1/836
f 869/1/822 3116/1/2952 5047/1/4793 3101/1/2937
f 3116/1/2952 868/1/821 3100/1/2936 5047/1/4793
f 5047/1/4793 3100/1/2936 883/1/836 4001/1/3806
f 3101/1/2937 5047/1/4793 4001/1/3806 884/1/837
f 871/1/824 3117/1/2953 5048/1/4794 3102/1/2938
f 3117/1/2953 869/1/822 3101/1/2937 5048/1/4794
f 5048/1/4794 3101/1/2937 884/1/837 4002/1/3807
f 3102/1/2938 5048/1/4794 4002/1/3807 886/1/839
f 870/1/823 3118/1/2954 5049/1/4795 3103/1/2939
f 3118/1/2954 871/1/824 3102/1/2938 5049/1/4795
f 5049/1/4795 3102/1/2938 886/1/839 4003/1/3808
f 3103/1/2939 5049/1/4795 4003/1/3808 885/1/838
f 931/1/200 3134/1/200 5050/1/200 3132/1/200
f 3134/1/200 917/1/200 3119/1/200 5050/1/200
f 5050/1/200 3119/1/200 887/1/840 3164/1/2970
f 3132/1/200 5050/1/200 3164/1/2970 900/1/853
f 917/1/200 3135/1/200 5051/1/200 3119/1/200
f 3135/1/200 918/1/200 3120/1/200 5051/1/200
f 5051/1/200 3120/1/200 888/1/841 3165/1/2971
f 3119/1/200 5051/1/200 3165/1/2971 887/1/840
f 918/1/200 3136/1/200 5052/1/200 3120/1/200
f 3136/1/200 919/1/200 3121/1/200 5052/1/200
f 5052/1/200 3121/1/200 889/1/842 3166/1/2972
f 3120/1/200 5052/1/200 3166/1/2972 888/1/841
f 919/1/200 3137/1/200 5053/1/200 3121/1/200
f 3137/1/200 920/1/200 3122/1/200 5053/1/200
f 5053/1/200 3122/1/200 890/1/843 3167/1/2973
f 3121/1/200 5053/1/200 3167/1/2973 889/1/842
f 920/1/200 3138/1/200 5054/1/200 3122/1/200
f 3138/1/200 921/1/200 3123/1/200 5054/1/200
f 5054/1/200 3123/1/200 891/1/844 3168/1/2974
f 3122/1/200 5054/1/200 3168/1/2974 890/1/843
f 921/1/200 3139/1/200 5055/1/200 3123/1/200
f 3139/1/200 922/1/200 3124/1/200 5055/1/200
f 5055/1/200 3124/1/200 892/1/845 3169/1/2975
f 3123/1/200 5055/1/200 3169/1/2975 891/1/844
f 922/1/200 3140/1/200 5056/1/200 3124/1/200
f 3140/1/200 923/1/200 3125/1/200 5056/1/200
f 5056/1/200 3125/1/200 893/1/846 3170/1/2976
f 3124/1/200 5056/1/200 3170/1/2976 892/1/845
f 923/1/200 4107/1/200 5057/1/200 3125/1/200
f 4107/1/200 1366/1/200 4046/1/200 5057/1/200
f 5057/1/200 4046/1/200 1363/1/1298 4105/1/3905
f 3125/1/200 5057/1/200 4105/1/3905 893/1/846
f 924/1/200 3142/1/200 5058/1/200 3126/1/200
f 3142/1/200 925/1/200 3127/1/200 5058/1/200
f 5058/1/200 3127/1/200 895/1/848 3172/1/2978
f 3126/1/200 5058/1/200 3172/1/2978 894/1/847
f 925/1/200 3143/1/200 5059/1/200 3127/1/200
f 3143/1/200 926/1/200 3128/1/200 5059/1/200
f 5059/1/200 3128/1/200 896/1/849 3173/1/2979
f 3127/1/200 5059/1/200 3173/1/2979 895/1/848
f 926/1/200 3144/1/200 5060/1/200 3128/1/200
f 3144/1/200 927/1/200 3129/1/200 5060/1/200
f 5060/1/200 3129/1/200 897/1/850 3174/1/2980
f 3128/1/200 5060/1/200 3174/1/2980 896/1/849
f 927/1/200 3145/1/200 5061/1/200 3129/1/200
f 3145/1/200 928/1/200 3130/1/200 5061/1/200
f 5061/1/200 3130/1/200 898/1/851 3175/1/2981
f 3129/1/200 5061/1/200 3175/1/2981 897/1/850
f 928/1/200 3146/1/200 5062/1/200 3130/1/200
f 3146/1/200 929/1/200 3131/1/200 5062/1/200
f 5062/1/200 3131/1/200 899/1/852 3176/1/2982
f 3130/1/200 5062/1/200 3176/1/2982 898/1/851
f 929/1/200 3147/1/200 5063/1/200 3131/1/200
f 3147/1/200 930/1/200 3133/1/200 5063/1/200
f 5063/1/200 3133/1/200 901/1/854 3177/1/2983
f 3131/1/200 5063/1/200 3177/1/2983 899/1/852
f 930/1/200 3148/1/200 5064/1/200 3133/1/200
f 3148/1/200 931/1/200 3132/1/200 5064/1/200
f 5064/1/200 3132/1/200 900/1/853 3178/1/2984
f 3133/1/200 5064/1/200 3178/1/2984 901/1/854
f 900/1/853 3164/1/2970 5065/1/4796 3162/1/2968
f 3164/1/2970 887/1/840 3149/1/2955 5065/1/4796
f 5065/1/4796 3149/1/2955 902/1/855 3194/1/3000
f 3162/1/2968 5065/1/4796 3194/1/3000 915/1/868
f 887/1/840 3165/1/2971 5066/1/4797 3149/1/2955
f 3165/1/2971 888/1/841 3150/1/2956 5066/1/4797
f 5066/1/4797 3150/1/2956 903/1/856 3195/1/3001
f 3149/1/2955 5066/1/4797 3195/1/3001 902/1/855
f 888/1/841 3166/1/2972 5067/1/4798 3150/1/2956
f 3166/1/2972 889/1/842 3151/1/2957 5067/1/4798
f 5067/1/4798 3151/1/2957 904/1/857 3196/1/3002
f 3150/1/2956 5067/1/4798 3196/1/3002 903/1/856
f 889/1/842 3167/1/2973 5068/1/4799 3151/1/2957
f 3167/1/2973 890/1/843 3152/1/2958 5068/1/4799
f 5068/1/4799 3152/1/2958 905/1/858 3197/1/3003
f 3151/1/2957 5068/1/4799 3197/1/3003 904/1/857
f 890/1/843 3168/1/2974 5069/1/4800 3152/1/2958
f 3168/1/2974 891/1/844 3153/1/2959 5069/1/4800
f 5069/1/4800 3153/1/2959 906/1/859 3198/1/3004
f 3152/1/2958 5069/1/4800 3198/1/3004 905/1/858
f 891/1/844 3169/1/2975 5070/1/4801 3153/1/2959
f 3169/1/2975 892/1/845 3154/1/2960 5070/1/4801
f 5070/1/4801 3154/1/2960 907/1/860 3199/1/3005
f 3153/1/2959 5070/1/4801 3199/1/3005 906/1/859
f 892/1/845 3170/1/2976 5071/1/4802 3154/1/2960
f 3170/1/2976 893/1/846 3155/1/2961 5071/1/4802
f 5071/1/4802 3155/1/2961 908/1/861 3200/1/3006
f 3154/1/2960 5071/1/4802 3200/1/3006 907/1/860
f 893/1/846 4105/1/3905 5072/1/4803 3155/1/2961
f 4105/1/3905 1363/1/1298 4040/1/3843 5072/1/4803
f 5072/1/4803 4040/1/3843 1364/1/1299 4100/1/3900
f 3155/1/2961 5072/1/4803 4100/1/3900 908/1/861
f 894/1/847 3172/1/2978 5073/1/4804 3156/1/2962
f 3172/1/2978 895/1/848 3157/1/2963 5073/1/4804
f 5073/1/4804 3157/1/2963 910/1/863 3202/1/3008
f 3156/1/2962 5073/1/4804 3202/1/3008 909/1/862
f 895/1/848 3173/1/2979 5074/1/4805 3157/1/2963
f 3173/1/2979 896/1/849 3158/1/2964 5074/1/4805
f 5074/1/4805 3158/1/2964 911/1/864 3203/1/3009
f 3157/1/2963 5074/1/4805 3203/1/3009 910/1/863
f 896/1/849 3174/1/2980 5075/1/4806 3158/1/2964
f 3174/1/2980 897/1/850 3159/1/2965 5075/1/4806
f 5075/1/4806 3159/1/2965 912/1/865 3204/1/3010
f 3158/1/2964 5075/1/4806 3204/1/3010 911/1/864
f 897/1/850 3175/1/2981 5076/1/4807 3159/1/2965
f 3175/1/2981 898/1/851 3160/1/2966 5076/1/4807
f 5076/1/4807 3160/1/2966 913/1/866 3205/1/3011
f 3159/1/2965 5076/1/4807 3205/1/3011 912/1/865
f 898/1/851 3176/1/2982 5077/1/4808 3160/1/2966
f 3176/1/2982 899/1/852 3161/1/2967 5077/1/4808
f 5077/1/4808 3161/1/2967 914/1/867 3206/1/3012
f 3160/1/2966 5077/1/4808 3206/1/3012 913/1/866
f 899/1/852 3177/1/2983 5078/1/4809 3161/1/2967
f 3177/1/2983 901/1/854 3163/1/2969 5078/1/4809
f 5078/1/4809 3163/1/2969 916/1/869 3207/1/3013
f 3161/1/2967 5078/1/4809 3207/1/3013 914/1/867
f 901/1/854 3178/1/2984 5079/1/4810 3163/1/2969
f 3178/1/2984 900/1/853 3162/1/2968 5079/1/4810
f 5079/1/4810 3162/1/2968 915/1/868 3208/1/3014
f 3163/1/2969 5079/1/4810 3208/1/3014 916/1/869
f 941/1/879 3233/1/3039 5080/1/4811 3179/1/2985
f 3233/1/3039 940/1/878 3182/1/2988 5080/1/4811
f 5080/1/4811 3182/1/2988 910/1/863 3203/1/3009
f 3179/1/2985 5080/1/4811 3203/1/3009 911/1/864
f 942/1/880 3234/1/3040 5081/1/4812 3180/1/2986
f 3234/1/3040 941/1/879 3179/1/2985 5081/1/4812
f 5081/1/4812 3179/1/2985 911/1/864 3204/1/3010
f 3180/1/2986 5081/1/4812 3204/1/3010 912/1/865
f 943/1/881 3235/1/3041 5082/1/4813 3181/1/2987
f 3235/1/3041 942/1/880 3180/1/2986 5082/1/4813
f 5082/1/4813 3180/1/2986 912/1/865 3205/1/3011
f 3181/1/2987 5082/1/4813 3205/1/3011 913/1/866
f 939/1/877 3231/1/3037 5083/1/4814 3183/1/2989
f 3231/1/3037 1367/1/1301 4043/1/3845 5083/1/4814
f 5083/1/4814 4043/1/3845 1365/1/1300 3201/1/3007
f 3183/1/2989 5083/1/4814 3201/1/3007 909/1/862
f 944/1/882 3236/1/3042 5084/1/4815 3184/1/2990
f 3236/1/3042 943/1/881 3181/1/2987 5084/1/4815
f 5084/1/4815 3181/1/2987 913/1/866 3206/1/3012
f 3184/1/2990 5084/1/4815 3206/1/3012 914/1/867
f 940/1/878 3232/1/3038 5085/1/4816 3182/1/2988
f 3232/1/3038 939/1/877 3183/1/2989 5085/1/4816
f 5085/1/4816 3183/1/2989 909/1/862 3202/1/3008
f 3182/1/2988 5085/1/4816 3202/1/3008 910/1/863
f 945/1/883 3237/1/3043 5086/1/4817 3185/1/2991
f 3237/1/3043 944/1/882 3184/1/2990 5086/1/4817
f 5086/1/4817 3184/1/2990 914/1/867 3207/1/3013
f 3185/1/2991 5086/1/4817 3207/1/3013 916/1/869
f 946/1/884 3238/1/3044 5087/1/4818 3186/1/2992
f 3238/1/3044 945/1/883 3185/1/2991 5087/1/4818
f 5087/1/4818 3185/1/2991 916/1/869 3208/1/3014
f 3186/1/2992 5087/1/4818 3208/1/3014 915/1/868
f 932/1/870 3224/1/3030 5088/1/4819 3187/1/2993
f 3224/1/3030 946/1/884 3186/1/2992 5088/1/4819
f 5088/1/4819 3186/1/2992 915/1/868 3194/1/3000
f 3187/1/2993 5088/1/4819 3194/1/3000 902/1/855
f 933/1/871 3225/1/3031 5089/1/4820 3188/1/2994
f 3225/1/3031 932/1/870 3187/1/2993 5089/1/4820
f 5089/1/4820 3187/1/2993 902/1/855 3195/1/3001
f 3188/1/2994 5089/1/4820 3195/1/3001 903/1/856
f 934/1/872 3226/1/3032 5090/1/4821 3189/1/2995
f 3226/1/3032 933/1/871 3188/1/2994 5090/1/4821
f 5090/1/4821 3188/1/2994 903/1/856 3196/1/3002
f 3189/1/2995 5090/1/4821 3196/1/3002 904/1/857
f 935/1/873 3227/1/3033 5091/1/4822 3190/1/2996
f 3227/1/3033 934/1/872 3189/1/2995 5091/1/4822
f 5091/1/4822 3189/1/2995 904/1/857 3197/1/3003
f 3190/1/2996 5091/1/4822 3197/1/3003 905/1/858
f 936/1/874 3228/1/3034 5092/1/4823 3191/1/2997
f 3228/1/3034 935/1/873 3190/1/2996 5092/1/4823
f 5092/1/4823 3190/1/2996 905/1/858 3198/1/3004
f 3191/1/2997 5092/1/4823 3198/1/3004 906/1/859
f 937/1/875 3229/1/3035 5093/1/4824 3192/1/2998
f 3229/1/3035 936/1/874 3191/1/2997 5093/1/4824
f 5093/1/4824 3191/1/2997 906/1/859 3199/1/3005
f 3192/1/2998 5093/1/4824 3199/1/3005 907/1/860
f 938/1/876 3230/1/3036 5094/1/4825 3193/1/2999
f 3230/1/3036 937/1/875 3192/1/2998 5094/1/4825
f 5094/1/4825 3192/1/2998 907/1/860 3200/1/3006
f 3193/1/2999 5094/1/4825 3200/1/3006 908/1/861
f 930/1/200 3147/1/200 5095/1/200 3148/1/200
f 929/1/200 3146/1/200 5095/1/200 3147/1/200
f 928/1/200 3145/1/200 5095/1/200 3146/1/200
f 927/1/200 3144/1/200 5095/1/200 3145/1/200
f 926/1/200 3143/1/200 5095/1/200 3144/1/200
f 925/1/200 3142/1/200 5095/1/200 3143/1/200
f 924/1/200 3141/1/200 5095/1/200 3142/1/200
f 1362/1/200 4042/1/200 5095/1/200 3141/1/200
f 1366/1/200 4107/1/200 5095/1/200 4042/1/200
f 923/1/200 3140/1/200 5095/1/200 4107/1/200
f 922/1/200 3139/1/200 5095/1/200 3140/1/200
f 921/1/200 3138/1/200 5095/1/200 3139/1/200
f 920/1/200 3137/1/200 5095/1/200 3138/1/200
f 919/1/200 3136/1/200 5095/1/200 3137/1/200
f 918/1/200 3135/1/200 5095/1/200 3136/1/200
f 917/1/200 3134/1/200 5095/1/200 3135/1/200
f 931/1/200 3148/1/200 5095/1/200 3134/1/200
f 627/1/599 2780/1/2646 5096/1/4826 3209/1/3015
f 2780/1/2646 718/1/686 2792/1/2658 5096/1/4826
f 5096/1/4826 2792/1/2658 933/1/871 3226/1/3032
f 3209/1/3015 5096/1/4826 3226/1/3032 934/1/872
f 3/1/3 2779/1/2645 5097/1/4827 3210/1/3016
f 2779/1/2645 720/1/688 2794/1/2660 5097/1/4827
f 5097/1/4827 2794/1/2660 943/1/881 3236/1/3042
f 3210/1/3016 5097/1/4827 3236/1/3042 944/1/882
f 2/1/2 2778/1/2644 5098/1/4828 3211/1/3017
f 2778/1/2644 627/1/599 3209/1/3015 5098/1/4828
f 5098/1/4828 3209/1/3015 934/1/872 3227/1/3033
f 3211/1/3017 5098/1/4828 3227/1/3033 935/1/873
f 1/1/1 2777/1/2643 5099/1/4829 3212/1/3018
f 2777/1/2643 3/1/3 3210/1/3016 5099/1/4829
f 5099/1/4829 3210/1/3016 944/1/882 3237/1/3043
f 3212/1/3018 5099/1/4829 3237/1/3043 945/1/883
f 711/1/679 2776/1/2642 5100/1/4830 3213/1/3019
f 2776/1/2642 2/1/2 3211/1/3017 5100/1/4830
f 5100/1/4830 3211/1/3017 935/1/873 3228/1/3034
f 3213/1/3019 5100/1/4830 3228/1/3034 936/1/874
f 716/1/684 2775/1/2641 5101/1/4831 3218/1/3024
f 2775/1/2641 1/1/1 3212/1/3018 5101/1/4831
f 5101/1/4831 3212/1/3018 945/1/883 3238/1/3044
f 3218/1/3024 5101/1/4831 3238/1/3044 946/1/884
f 712/1/680 2774/1/2640 5102/1/4832 3214/1/3020
f 2774/1/2640 711/1/679 3213/1/3019 5102/1/4832
f 5102/1/4832 3213/1/3019 936/1/874 3229/1/3035
f 3214/1/3020 5102/1/4832 3229/1/3035 937/1/875
f 713/1/681 2773/1/2639 5103/1/4833 3215/1/3021
f 2773/1/2639 712/1/680 3214/1/3020 5103/1/4833
f 5103/1/4833 3214/1/3020 937/1/875 3230/1/3036
f 3215/1/3021 5103/1/4833 3230/1/3036 938/1/876
f 714/1/682 2772/1/2638 5104/1/4834 3216/1/3022
f 2772/1/2638 1371/1/1305 4048/1/3848 5104/1/4834
f 5104/1/4834 4048/1/3848 1367/1/1301 3231/1/3037
f 3216/1/3022 5104/1/4834 3231/1/3037 939/1/877
f 715/1/683 2771/1/2637 5105/1/4835 3217/1/3023
f 2771/1/2637 714/1/682 3216/1/3022 5105/1/4835
f 5105/1/4835 3216/1/3022 939/1/877 3232/1/3038
f 3217/1/3023 5105/1/4835 3232/1/3038 940/1/878
f 717/1/685 2770/1/2636 5106/1/4836 3219/1/3025
f 2770/1/2636 715/1/683 3217/1/3023 5106/1/4836
f 5106/1/4836 3217/1/3023 940/1/878 3233/1/3039
f 3219/1/3025 5106/1/4836 3233/1/3039 941/1/879
f 719/1/687 2769/1/2635 5107/1/4837 3221/1/3027
f 2769/1/2635 716/1/684 3218/1/3024 5107/1/4837
f 5107/1/4837 3218/1/3024 946/1/884 3224/1/3030
f 3221/1/3027 5107/1/4837 3224/1/3030 932/1/870
f 721/1/689 2768/1/2634 5108/1/4838 3223/1/3029
f 2768/1/2634 717/1/685 3219/1/3025 5108/1/4838
f 5108/1/4838 3219/1/3025 941/1/879 3234/1/3040
f 3223/1/3029 5108/1/4838 3234/1/3040 942/1/880
f 718/1/686 1408/1/1342 5109/1/4839 2792/1/2658
f 1408/1/1342 719/1/687 3221/1/3027 5109/1/4839
f 5109/1/4839 3221/1/3027 932/1/870 3225/1/3031
f 2792/1/2658 5109/1/4839 3225/1/3031 933/1/871
f 720/1/688 1409/1/1343 5110/1/4840 2794/1/2660
f 1409/1/1343 721/1/689 3223/1/3029 5110/1/4840
f 5110/1/4840 3223/1/3029 942/1/880 3235/1/3041
f 2794/1/2660 5110/1/4840 3235/1/3041 943/1/881
f 722/1/690 2810/1/2676 5111/1/4841 3239/1/3045
f 2810/1/2676 733/1/701 2822/1/2688 5111/1/4841
f 5111/1/4841 2822/1/2688 951/1/889 3259/1/3065
f 3239/1/3045 5111/1/4841 3259/1/3065 952/1/890
f 723/1/691 2809/1/2675 5112/1/4842 3240/1/3046
f 2809/1/2675 722/1/690 3239/1/3045 5112/1/4842
f 5112/1/4842 3239/1/3045 952/1/890 3260/1/3066
f 3240/1/3046 5112/1/4842 3260/1/3066 953/1/891
f 724/1/692 2808/1/2674 5113/1/4843 3241/1/3047
f 2808/1/2674 1372/1/1306 4049/1/3849 5113/1/4843
f 5113/1/4843 4049/1/3849 1373/1/1307 3261/1/3067
f 3241/1/3047 5113/1/4843 3261/1/3067 954/1/892
f 725/1/693 2807/1/2673 5114/1/4844 3242/1/3048
f 2807/1/2673 724/1/692 3241/1/3047 5114/1/4844
f 5114/1/4844 3241/1/3047 954/1/892 3262/1/3068
f 3242/1/3048 5114/1/4844 3262/1/3068 955/1/893
f 726/1/694 2806/1/2672 5115/1/4845 3243/1/3049
f 2806/1/2672 725/1/693 3242/1/3048 5115/1/4845
f 5115/1/4845 3242/1/3048 955/1/893 3263/1/3069
f 3243/1/3049 5115/1/4845 3263/1/3069 956/1/894
f 727/1/695 2805/1/2671 5116/1/4846 3244/1/3050
f 2805/1/2671 735/1/703 2824/1/2690 5116/1/4846
f 5116/1/4846 2824/1/2690 961/1/899 3254/1/3060
f 3244/1/3050 5116/1/4846 3254/1/3060 947/1/885
f 728/1/696 2804/1/2670 5117/1/4847 3245/1/3051
f 2804/1/2670 726/1/694 3243/1/3049 5117/1/4847
f 5117/1/4847 3243/1/3049 956/1/894 3264/1/3070
f 3245/1/3051 5117/1/4847 3264/1/3070 957/1/895
f 729/1/697 2803/1/2669 5118/1/4848 3246/1/3052
f 2803/1/2669 727/1/695 3244/1/3050 5118/1/4848
f 5118/1/4848 3244/1/3050 947/1/885 3255/1/3061
f 3246/1/3052 5118/1/4848 3255/1/3061 948/1/886
f 730/1/698 2802/1/2668 5119/1/4849 3247/1/3053
f 2802/1/2668 728/1/696 3245/1/3051 5119/1/4849
f 5119/1/4849 3245/1/3051 957/1/895 3265/1/3071
f 3247/1/3053 5119/1/4849 3265/1/3071 958/1/896
f 731/1/699 2801/1/2667 5120/1/4850 3248/1/3054
f 2801/1/2667 729/1/697 3246/1/3052 5120/1/4850
f 5120/1/4850 3246/1/3052 948/1/886 3256/1/3062
f 3248/1/3054 5120/1/4850 3256/1/3062 949/1/887
f 732/1/700 2800/1/2666 5121/1/4851 3249/1/3055
f 2800/1/2666 730/1/698 3247/1/3053 5121/1/4851
f 5121/1/4851 3247/1/3053 958/1/896 3266/1/3072
f 3249/1/3055 5121/1/4851 3266/1/3072 959/1/897
f 734/1/702 2799/1/2665 5122/1/4852 3251/1/3057
f 2799/1/2665 731/1/699 3248/1/3054 5122/1/4852
f 5122/1/4852 3248/1/3054 949/1/887 3257/1/3063
f 3251/1/3057 5122/1/4852 3257/1/3063 950/1/888
f 736/1/704 2798/1/2664 5123/1/4853 3253/1/3059
f 2798/1/2664 732/1/700 3249/1/3055 5123/1/4853
f 5123/1/4853 3249/1/3055 959/1/897 3267/1/3073
f 3253/1/3059 5123/1/4853 3267/1/3073 960/1/898
f 733/1/701 2797/1/2663 5124/1/4854 2822/1/2688
f 2797/1/2663 734/1/702 3251/1/3057 5124/1/4854
f 5124/1/4854 3251/1/3057 950/1/888 3258/1/3064
f 2822/1/2688 5124/1/4854 3258/1/3064 951/1/889
f 735/1/703 2796/1/2662 5125/1/4855 2824/1/2690
f 2796/1/2662 736/1/704 3253/1/3059 5125/1/4855
f 5125/1/4855 3253/1/3059 960/1/898 3268/1/3074
f 2824/1/2690 5125/1/4855 3268/1/3074 961/1/899
f 984/1/922 3321/1/3127 5126/1/4856 3269/1/3075
f 3321/1/3127 1385/1/1319 4063/1/3863 5126/1/4856
f 5126/1/4856 4063/1/3863 1386/1/1320 3291/1/3097
f 3269/1/3075 5126/1/4856 3291/1/3097 969/1/907
f 985/1/923 3322/1/3128 5127/1/4857 3270/1/3076
f 3322/1/3128 984/1/922 3269/1/3075 5127/1/4857
f 5127/1/4857 3269/1/3075 969/1/907 3292/1/3098
f 3270/1/3076 5127/1/4857 3292/1/3098 970/1/908
f 986/1/924 3323/1/3129 5128/1/4858 3271/1/3077
f 3323/1/3129 985/1/923 3270/1/3076 5128/1/4858
f 5128/1/4858 3270/1/3076 970/1/908 3293/1/3099
f 3271/1/3077 5128/1/4858 3293/1/3099 971/1/909
f 977/1/915 3314/1/3120 5129/1/4859 3272/1/3078
f 3314/1/3120 991/1/929 3279/1/3085 5129/1/4859
f 5129/1/4859 3279/1/3085 976/1/914 3284/1/3090
f 3272/1/3078 5129/1/4859 3284/1/3090 962/1/900
f 987/1/925 3324/1/3130 5130/1/4860 3273/1/3079
f 3324/1/3130 986/1/924 3271/1/3077 5130/1/4860
f 5130/1/4860 3271/1/3077 971/1/909 3294/1/3100
f 3273/1/3079 5130/1/4860 3294/1/3100 972/1/910
f 978/1/916 3315/1/3121 5131/1/4861 3274/1/3080
f 3315/1/3121 977/1/915 3272/1/3078 5131/1/4861
f 5131/1/4861 3272/1/3078 962/1/900 3285/1/3091
f 3274/1/3080 5131/1/4861 3285/1/3091 963/1/901
f 988/1/926 3325/1/3131 5132/1/4862 3275/1/3081
f 3325/1/3131 987/1/925 3273/1/3079 5132/1/4862
f 5132/1/4862 3273/1/3079 972/1/910 3295/1/3101
f 3275/1/3081 5132/1/4862 3295/1/3101 973/1/911
f 979/1/917 3316/1/3122 5133/1/4863 3276/1/3082
f 3316/1/3122 978/1/916 3274/1/3080 5133/1/4863
f 5133/1/4863 3274/1/3080 963/1/901 3286/1/3092
f 3276/1/3082 5133/1/4863 3286/1/3092 964/1/902
f 989/1/927 3326/1/3132 5134/1/4864 3277/1/3083
f 3326/1/3132 988/1/926 3275/1/3081 5134/1/4864
f 5134/1/4864 3275/1/3081 973/1/911 3296/1/3102
f 3277/1/3083 5134/1/4864 3296/1/3102 974/1/912
f 980/1/918 3317/1/3123 5135/1/4865 3278/1/3084
f 3317/1/3123 979/1/917 3276/1/3082 5135/1/4865
f 5135/1/4865 3276/1/3082 964/1/902 3287/1/3093
f 3278/1/3084 5135/1/4865 3287/1/3093 965/1/903
f 990/1/928 3327/1/3133 5136/1/4866 3280/1/3086
f 3327/1/3133 989/1/927 3277/1/3083 5136/1/4866
f 5136/1/4866 3277/1/3083 974/1/912 3297/1/3103
f 3280/1/3086 5136/1/4866 3297/1/3103 975/1/913
f 981/1/919 3318/1/3124 5137/1/4867 3281/1/3087
f 3318/1/3124 980/1/918 3278/1/3084 5137/1/4867
f 5137/1/4867 3278/1/3084 965/1/903 3288/1/3094
f 3281/1/3087 5137/1/4867 3288/1/3094 966/1/904
f 991/1/929 3328/1/3134 5138/1/4868 3279/1/3085
f 3328/1/3134 990/1/928 3280/1/3086 5138/1/4868
f 5138/1/4868 3280/1/3086 975/1/913 3298/1/3104
f 3279/1/3085 5138/1/4868 3298/1/3104 976/1/914
f 982/1/920 3319/1/3125 5139/1/4869 3282/1/3088
f 3319/1/3125 981/1/919 3281/1/3087 5139/1/4869
f 5139/1/4869 3281/1/3087 966/1/904 3289/1/3095
f 3282/1/3088 5139/1/4869 3289/1/3095 967/1/905
f 983/1/921 3320/1/3126 5140/1/4870 3283/1/3089
f 3320/1/3126 982/1/920 3282/1/3088 5140/1/4870
f 5140/1/4870 3282/1/3088 967/1/905 3290/1/3096
f 3283/1/3089 5140/1/4870 3290/1/3096 968/1/906
f 1000/1/938 3352/1/3158 5141/1/4871 3299/1/3105
f 3352/1/3158 999/1/937 3313/1/3119 5141/1/4871
f 5141/1/4871 3313/1/3119 984/1/922 3322/1/3128
f 3299/1/3105 5141/1/4871 3322/1/3128 985/1/923
f 1001/1/939 3353/1/3159 5142/1/4872 3300/1/3106
f 3353/1/3159 1000/1/938 3299/1/3105 5142/1/4872
f 5142/1/4872 3299/1/3105 985/1/923 3323/1/3129
f 3300/1/3106 5142/1/4872 3323/1/3129 986/1/924
f 992/1/930 3344/1/3150 5143/1/4873 3301/1/3107
f 3344/1/3150 1006/1/944 3308/1/3114 5143/1/4873
f 5143/1/4873 3308/1/3114 991/1/929 3314/1/3120
f 3301/1/3107 5143/1/4873 3314/1/3120 977/1/915
f 1002/1/940 3354/1/3160 5144/1/4874 3302/1/3108
f 3354/1/3160 1001/1/939 3300/1/3106 5144/1/4874
f 5144/1/4874 3300/1/3106 986/1/924 3324/1/3130
f 3302/1/3108 5144/1/4874 3324/1/3130 987/1/925
f 993/1/931 3345/1/3151 5145/1/4875 3303/1/3109
f 3345/1/3151 992/1/930 3301/1/3107 5145/1/4875
f 5145/1/4875 3301/1/3107 977/1/915 3315/1/3121
f 3303/1/3109 5145/1/4875 3315/1/3121 978/1/916
f 1003/1/941 3355/1/3161 5146/1/4876 3304/1/3110
f 3355/1/3161 1002/1/940 3302/1/3108 5146/1/4876
f 5146/1/4876 3302/1/3108 987/1/925 3325/1/3131
f 3304/1/3110 5146/1/4876 3325/1/3131 988/1/926
f 994/1/932 3346/1/3152 5147/1/4877 3305/1/3111
f 3346/1/3152 993/1/931 3303/1/3109 5147/1/4877
f 5147/1/4877 3303/1/3109 978/1/916 3316/1/3122
f 3305/1/3111 5147/1/4877 3316/1/3122 979/1/917
f 1004/1/942 3356/1/3162 5148/1/4878 3306/1/3112
f 3356/1/3162 1003/1/941 3304/1/3110 5148/1/4878
f 5148/1/4878 3304/1/3110 988/1/926 3326/1/3132
f 3306/1/3112 5148/1/4878 3326/1/3132 989/1/927
f 995/1/933 3347/1/3153 5149/1/4879 3307/1/3113
f 3347/1/3153 994/1/932 3305/1/3111 5149/1/4879
f 5149/1/4879 3305/1/3111 979/1/917 3317/1/3123
f 3307/1/3113 5149/1/4879 3317/1/3123 980/1/918
f 1005/1/943 3357/1/3163 5150/1/4880 3309/1/3115
f 3357/1/3163 1004/1/942 3306/1/3112 5150/1/4880
f 5150/1/4880 3306/1/3112 989/1/927 3327/1/3133
f 3309/1/3115 5150/1/4880 3327/1/3133 990/1/928
f 996/1/934 3348/1/3154 5151/1/4881 3310/1/3116
f 3348/1/3154 995/1/933 3307/1/3113 5151/1/4881
f 5151/1/4881 3307/1/3113 980/1/918 3318/1/3124
f 3310/1/3116 5151/1/4881 3318/1/3124 981/1/919
f 1006/1/944 3358/1/3164 5152/1/4882 3308/1/3114
f 3358/1/3164 1005/1/943 3309/1/3115 5152/1/4882
f 5152/1/4882 3309/1/3115 990/1/928 3328/1/3134
f 3308/1/3114 5152/1/4882 3328/1/3134 991/1/929
f 997/1/935 3349/1/3155 5153/1/4883 3311/1/3117
f 3349/1/3155 996/1/934 3310/1/3116 5153/1/4883
f 5153/1/4883 3310/1/3116 981/1/919 3319/1/3125
f 3311/1/3117 5153/1/4883 3319/1/3125 982/1/920
f 998/1/936 3350/1/3156 5154/1/4884 3312/1/3118
f 3350/1/3156 997/1/935 3311/1/3117 5154/1/4884
f 5154/1/4884 3311/1/3117 982/1/920 3320/1/3126
f 3312/1/3118 5154/1/4884 3320/1/3126 983/1/921
f 1008/1/946 3375/1/3181 5155/1/4885 3329/1/3135
f 3375/1/3181 1007/1/945 3340/1/3146 5155/1/4885
f 5155/1/4885 3340/1/3146 992/1/930 3345/1/3151
f 3329/1/3135 5155/1/4885 3345/1/3151 993/1/931
f 1018/1/956 3385/1/3191 5156/1/4886 3330/1/3136
f 3385/1/3191 1017/1/955 3342/1/3148 5156/1/4886
f 5156/1/4886 3342/1/3148 1002/1/940 3355/1/3161
f 3330/1/3136 5156/1/4886 3355/1/3161 1003/1/941
f 1009/1/947 3376/1/3182 5157/1/4887 3331/1/3137
f 3376/1/3182 1008/1/946 3329/1/3135 5157/1/4887
f 5157/1/4887 3329/1/3135 993/1/931 3346/1/3152
f 3331/1/3137 5157/1/4887 3346/1/3152 994/1/932
f 1019/1/957 3386/1/3192 5158/1/4888 3332/1/3138
f 3386/1/3192 1018/1/956 3330/1/3136 5158/1/4888
f 5158/1/4888 3330/1/3136 1003/1/941 3356/1/3162
f 3332/1/3138 5158/1/4888 3356/1/3162 1004/1/942
f 1010/1/948 3377/1/3183 5159/1/4889 3333/1/3139
f 3377/1/3183 1009/1/947 3331/1/3137 5159/1/4889
f 5159/1/4889 3331/1/3137 994/1/932 3347/1/3153
f 3333/1/3139 5159/1/4889 3347/1/3153 995/1/933
f 1020/1/958 3387/1/3193 5160/1/4890 3334/1/3140
f 3387/1/3193 1019/1/957 3332/1/3138 5160/1/4890
f 5160/1/4890 3332/1/3138 1004/1/942 3357/1/3163
f 3334/1/3140 5160/1/4890 3357/1/3163 1005/1/943
f 1011/1/949 3378/1/3184 5161/1/4891 3335/1/3141
f 3378/1/3184 1010/1/948 3333/1/3139 5161/1/4891
f 5161/1/4891 3333/1/3139 995/1/933 3348/1/3154
f 3335/1/3141 5161/1/4891 3348/1/3154 996/1/934
f 1021/1/959 3388/1/3194 5162/1/4892 3341/1/3147
f 3388/1/3194 1020/1/958 3334/1/3140 5162/1/4892
f 5162/1/4892 3334/1/3140 1005/1/943 3358/1/3164
f 3341/1/3147 5162/1/4892 3358/1/3164 1006/1/944
f 1012/1/950 3379/1/3185 5163/1/4893 3336/1/3142
f 3379/1/3185 1011/1/949 3335/1/3141 5163/1/4893
f 5163/1/4893 3335/1/3141 996/1/934 3349/1/3155
f 3336/1/3142 5163/1/4893 3349/1/3155 997/1/935
f 1013/1/951 3380/1/3186 5164/1/4894 3337/1/3143
f 3380/1/3186 1012/1/950 3336/1/3142 5164/1/4894
f 5164/1/4894 3336/1/3142 997/1/935 3350/1/3156
f 3337/1/3143 5164/1/4894 3350/1/3156 998/1/936
f 1014/1/952 3381/1/3187 5165/1/4895 3338/1/3144
f 3381/1/3187 1381/1/1315 4060/1/3860 5165/1/4895
f 5165/1/4895 4060/1/3860 1383/1/1317 3351/1/3157
f 3338/1/3144 5165/1/4895 3351/1/3157 999/1/937
f 1015/1/953 3382/1/3188 5166/1/4896 3339/1/3145
f 3382/1/3188 1014/1/952 3338/1/3144 5166/1/4896
f 5166/1/4896 3338/1/3144 999/1/937 3352/1/3158
f 3339/1/3145 5166/1/4896 3352/1/3158 1000/1/938
f 1016/1/954 3383/1/3189 5167/1/4897 3343/1/3149
f 3383/1/3189 1015/1/953 3339/1/3145 5167/1/4897
f 5167/1/4897 3339/1/3145 1000/1/938 3353/1/3159
f 3343/1/3149 5167/1/4897 3353/1/3159 1001/1/939
f 1007/1/945 3374/1/3180 5168/1/4898 3340/1/3146
f 3374/1/3180 1021/1/959 3341/1/3147 5168/1/4898
f 5168/1/4898 3341/1/3147 1006/1/944 3344/1/3150
f 3340/1/3146 5168/1/4898 3344/1/3150 992/1/930
f 999/1/937 3351/1/3157 5169/1/4899 3313/1/3119
f 3351/1/3157 1383/1/1317 4062/1/3862 5169/1/4899
f 5169/1/4899 4062/1/3862 1385/1/1319 3321/1/3127
f 3313/1/3119 5169/1/4899 3321/1/3127 984/1/922
f 1026/1/964 3408/1/3214 5170/1/4900 3359/1/3165
f 3408/1/3214 1025/1/963 3370/1/3176 5170/1/4900
f 5170/1/4900 3370/1/3176 1010/1/948 3378/1/3184
f 3359/1/3165 5170/1/4900 3378/1/3184 1011/1/949
f 1036/1/974 3418/1/3224 5171/1/4901 3364/1/3170
f 3418/1/3224 1035/1/973 3372/1/3178 5171/1/4901
f 5171/1/4901 3372/1/3178 1020/1/958 3388/1/3194
f 3364/1/3170 5171/1/4901 3388/1/3194 1021/1/959
f 1027/1/965 3409/1/3215 5172/1/4902 3360/1/3166
f 3409/1/3215 1026/1/964 3359/1/3165 5172/1/4902
f 5172/1/4902 3359/1/3165 1011/1/949 3379/1/3185
f 3360/1/3166 5172/1/4902 3379/1/3185 1012/1/950
f 1028/1/966 3410/1/3216 5173/1/4903 3361/1/3167
f 3410/1/3216 1027/1/965 3360/1/3166 5173/1/4903
f 5173/1/4903 3360/1/3166 1012/1/950 3380/1/3186
f 3361/1/3167 5173/1/4903 3380/1/3186 1013/1/951
f 1029/1/967 3411/1/3217 5174/1/4904 3362/1/3168
f 3411/1/3217 1376/1/1310 4057/1/3857 5174/1/4904
f 5174/1/4904 4057/1/3857 1381/1/1315 3381/1/3187
f 3362/1/3168 5174/1/4904 3381/1/3187 1014/1/952
f 1030/1/968 3412/1/3218 5175/1/4905 3363/1/3169
f 3412/1/3218 1029/1/967 3362/1/3168 5175/1/4905
f 5175/1/4905 3362/1/3168 1014/1/952 3382/1/3188
f 3363/1/3169 5175/1/4905 3382/1/3188 1015/1/953
f 1031/1/969 3413/1/3219 5176/1/4906 3365/1/3171
f 3413/1/3219 1030/1/968 3363/1/3169 5176/1/4906
f 5176/1/4906 3363/1/3169 1015/1/953 3383/1/3189
f 3365/1/3171 5176/1/4906 3383/1/3189 1016/1/954
f 1022/1/960 3404/1/3210 5177/1/4907 3366/1/3172
f 3404/1/3210 1036/1/974 3364/1/3170 5177/1/4907
f 5177/1/4907 3364/1/3170 1021/1/959 3374/1/3180
f 3366/1/3172 5177/1/4907 3374/1/3180 1007/1/945
f 1032/1/970 3414/1/3220 5178/1/4908 3367/1/3173
f 3414/1/3220 1031/1/969 3365/1/3171 5178/1/4908
f 5178/1/4908 3365/1/3171 1016/1/954 3384/1/3190
f 3367/1/3173 5178/1/4908 3384/1/3190 1017/1/955
f 1023/1/961 3405/1/3211 5179/1/4909 3368/1/3174
f 3405/1/3211 1022/1/960 3366/1/3172 5179/1/4909
f 5179/1/4909 3366/1/3172 1007/1/945 3375/1/3181
f 3368/1/3174 5179/1/4909 3375/1/3181 1008/1/946
f 1033/1/971 3415/1/3221 5180/1/4910 3369/1/3175
f 3415/1/3221 1032/1/970 3367/1/3173 5180/1/4910
f 5180/1/4910 3367/1/3173 1017/1/955 3385/1/3191
f 3369/1/3175 5180/1/4910 3385/1/3191 1018/1/956
f 1024/1/962 3406/1/3212 5181/1/4911 3371/1/3177
f 3406/1/3212 1023/1/961 3368/1/3174 5181/1/4911
f 5181/1/4911 3368/1/3174 1008/1/946 3376/1/3182
f 3371/1/3177 5181/1/4911 3376/1/3182 1009/1/947
f 1034/1/972 3416/1/3222 5182/1/4912 3373/1/3179
f 3416/1/3222 1033/1/971 3369/1/3175 5182/1/4912
f 5182/1/4912 3369/1/3175 1018/1/956 3386/1/3192
f 3373/1/3179 5182/1/4912 3386/1/3192 1019/1/957
f 1025/1/963 3407/1/3213 5183/1/4913 3370/1/3176
f 3407/1/3213 1024/1/962 3371/1/3177 5183/1/4913
f 5183/1/4913 3371/1/3177 1009/1/947 3377/1/3183
f 3370/1/3176 5183/1/4913 3377/1/3183 1010/1/948
f 1017/1/955 3384/1/3190 5184/1/4914 3342/1/3148
f 3384/1/3190 1016/1/954 3343/1/3149 5184/1/4914
f 5184/1/4914 3343/1/3149 1001/1/939 3354/1/3160
f 3342/1/3148 5184/1/4914 3354/1/3160 1002/1/940
f 739/1/707 2840/1/2706 5185/1/4915 3389/1/3195
f 2840/1/2706 1377/1/1311 4053/1/3853 5185/1/4915
f 5185/1/4915 4053/1/3853 1376/1/1310 3411/1/3217
f 3389/1/3195 5185/1/4915 3411/1/3217 1029/1/967
f 740/1/708 2839/1/2705 5186/1/4916 3390/1/3196
f 2839/1/2705 739/1/707 3389/1/3195 5186/1/4916
f 5186/1/4916 3389/1/3195 1029/1/967 3412/1/3218
f 3390/1/3196 5186/1/4916 3412/1/3218 1030/1/968
f 741/1/709 2838/1/2704 5187/1/4917 3391/1/3197
f 2838/1/2704 740/1/708 3390/1/3196 5187/1/4917
f 5187/1/4917 3390/1/3196 1030/1/968 3413/1/3219
f 3391/1/3197 5187/1/4917 3413/1/3219 1031/1/969
f 742/1/710 2837/1/2703 5188/1/4918 3392/1/3198
f 2837/1/2703 737/1/705 2841/1/2707 5188/1/4918
f 5188/1/4918 2841/1/2707 1036/1/974 3404/1/3210
f 3392/1/3198 5188/1/4918 3404/1/3210 1022/1/960
f 743/1/711 2836/1/2702 5189/1/4919 3393/1/3199
f 2836/1/2702 741/1/709 3391/1/3197 5189/1/4919
f 5189/1/4919 3391/1/3197 1031/1/969 3414/1/3220
f 3393/1/3199 5189/1/4919 3414/1/3220 1032/1/970
f 744/1/712 2835/1/2701 5190/1/4920 3394/1/3200
f 2835/1/2701 742/1/710 3392/1/3198 5190/1/4920
f 5190/1/4920 3392/1/3198 1022/1/960 3405/1/3211
f 3394/1/3200 5190/1/4920 3405/1/3211 1023/1/961
f 745/1/713 2834/1/2700 5191/1/4921 3395/1/3201
f 2834/1/2700 743/1/711 3393/1/3199 5191/1/4921
f 5191/1/4921 3393/1/3199 1032/1/970 3415/1/3221
f 3395/1/3201 5191/1/4921 3415/1/3221 1033/1/971
f 746/1/714 2833/1/2699 5192/1/4922 3396/1/3202
f 2833/1/2699 744/1/712 3394/1/3200 5192/1/4922
f 5192/1/4922 3394/1/3200 1023/1/961 3406/1/3212
f 3396/1/3202 5192/1/4922 3406/1/3212 1024/1/962
f 747/1/715 2832/1/2698 5193/1/4923 3397/1/3203
f 2832/1/2698 745/1/713 3395/1/3201 5193/1/4923
f 5193/1/4923 3395/1/3201 1033/1/971 3416/1/3222
f 3397/1/3203 5193/1/4923 3416/1/3222 1034/1/972
f 748/1/716 2831/1/2697 5194/1/4924 3398/1/3204
f 2831/1/2697 746/1/714 3396/1/3202 5194/1/4924
f 5194/1/4924 3396/1/3202 1024/1/962 3407/1/3213
f 3398/1/3204 5194/1/4924 3407/1/3213 1025/1/963
f 749/1/717 2830/1/2696 5195/1/4925 3400/1/3206
f 2830/1/2696 747/1/715 3397/1/3203 5195/1/4925
f 5195/1/4925 3397/1/3203 1034/1/972 3417/1/3223
f 3400/1/3206 5195/1/4925 3417/1/3223 1035/1/973
f 750/1/718 2829/1/2695 5196/1/4926 3401/1/3207
f 2829/1/2695 748/1/716 3398/1/3204 5196/1/4926
f 5196/1/4926 3398/1/3204 1025/1/963 3408/1/3214
f 3401/1/3207 5196/1/4926 3408/1/3214 1026/1/964
f 737/1/705 2828/1/2694 5197/1/4927 2841/1/2707
f 2828/1/2694 749/1/717 3400/1/3206 5197/1/4927
f 5197/1/4927 3400/1/3206 1035/1/973 3418/1/3224
f 2841/1/2707 5197/1/4927 3418/1/3224 1036/1/974
f 751/1/719 2827/1/2693 5198/1/4928 3403/1/3209
f 2827/1/2693 750/1/718 3401/1/3207 5198/1/4928
f 5198/1/4928 3401/1/3207 1026/1/964 3409/1/3215
f 3403/1/3209 5198/1/4928 3409/1/3215 1027/1/965
f 1035/1/973 3417/1/3223 5199/1/4929 3372/1/3178
f 3417/1/3223 1034/1/972 3373/1/3179 5199/1/4929
f 5199/1/4929 3373/1/3179 1019/1/957 3387/1/3193
f 3372/1/3178 5199/1/4929 3387/1/3193 1020/1/958
f 1059/1/997 3471/1/3276 5200/1/4930 3419/1/3225
f 3471/1/3276 1382/1/1316 4058/1/3858 5200/1/4930
f 5200/1/4930 4058/1/3858 1380/1/1314 3441/1/3246
f 3419/1/3225 5200/1/4930 3441/1/3246 1044/1/982
f 1060/1/998 3472/1/3277 5201/1/4931 3420/1/3226
f 3472/1/3277 1059/1/997 3419/1/3225 5201/1/4931
f 5201/1/4931 3419/1/3225 1044/1/982 3442/1/3247
f 3420/1/3226 5201/1/4931 3442/1/3247 1045/1/983
f 1061/1/999 3473/1/3278 5202/1/4932 3421/1/3227
f 3473/1/3278 1060/1/998 3420/1/3226 5202/1/4932
f 5202/1/4932 3420/1/3226 1045/1/983 3443/1/3248
f 3421/1/3227 5202/1/4932 3443/1/3248 1046/1/984
f 1052/1/990 3464/1/3269 5203/1/4933 3422/1/3228
f 3464/1/3269 1066/1/1004 3429/1/1064 5203/1/4933
f 5203/1/4933 3429/1/1064 1051/1/989 3434/1/3239
f 3422/1/3228 5203/1/4933 3434/1/3239 1037/1/975
f 1062/1/1000 3474/1/3279 5204/1/4934 3423/1/3229
f 3474/1/3279 1061/1/999 3421/1/3227 5204/1/4934
f 5204/1/4934 3421/1/3227 1046/1/984 3444/1/3249
f 3423/1/3229 5204/1/4934 3444/1/3249 1047/1/985
f 1053/1/991 3465/1/3270 5205/1/4935 3424/1/3230
f 3465/1/3270 1052/1/990 3422/1/3228 5205/1/4935
f 5205/1/4935 3422/1/3228 1037/1/975 3435/1/3240
f 3424/1/3230 5205/1/4935 3435/1/3240 1038/1/976
f 1063/1/1001 3475/1/3280 5206/1/4936 3425/1/3231
f 3475/1/3280 1062/1/1000 3423/1/3229 5206/1/4936
f 5206/1/4936 3423/1/3229 1047/1/985 3445/1/3250
f 3425/1/3231 5206/1/4936 3445/1/3250 1048/1/986
f 1054/1/992 3466/1/3271 5207/1/4937 3426/1/3232
f 3466/1/3271 1053/1/991 3424/1/3230 5207/1/4937
f 5207/1/4937 3424/1/3230 1038/1/976 3436/1/3241
f 3426/1/3232 5207/1/4937 3436/1/3241 1039/1/977
f 1064/1/1002 3476/1/3281 5208/1/4938 3427/1/3233
f 3476/1/3281 1063/1/1001 3425/1/3231 5208/1/4938
f 5208/1/4938 3425/1/3231 1048/1/986 3446/1/3251
f 3427/1/3233 5208/1/4938 3446/1/3251 1049/1/987
f 1055/1/993 3467/1/3272 5209/1/4939 3428/1/3234
f 3467/1/3272 1054/1/992 3426/1/3232 5209/1/4939
f 5209/1/4939 3426/1/3232 1039/1/977 3437/1/3242
f 3428/1/3234 5209/1/4939 3437/1/3242 1040/1/978
f 1065/1/1003 3477/1/3282 5210/1/4940 3430/1/3235
f 3477/1/3282 1064/1/1002 3427/1/3233 5210/1/4940
f 5210/1/4940 3427/1/3233 1049/1/987 3447/1/3252
f 3430/1/3235 5210/1/4940 3447/1/3252 1050/1/988
f 1056/1/994 3468/1/3273 5211/1/4941 3431/1/3236
f 3468/1/3273 1055/1/993 3428/1/3234 5211/1/4941
f 5211/1/4941 3428/1/3234 1040/1/978 3438/1/3243
f 3431/1/3236 5211/1/4941 3438/1/3243 1041/1/979
f 1066/1/1004 3478/1/3283 5212/1/4942 3429/1/1064
f 3478/1/3283 1065/1/1003 3430/1/3235 5212/1/4942
f 5212/1/4942 3430/1/3235 1050/1/988 3448/1/3253
f 3429/1/1064 5212/1/4942 3448/1/3253 1051/1/989
f 1057/1/995 3469/1/3274 5213/1/4943 3432/1/3237
f 3469/1/3274 1056/1/994 3431/1/3236 5213/1/4943
f 5213/1/4943 3431/1/3236 1041/1/979 3439/1/3244
f 3432/1/3237 5213/1/4943 3439/1/3244 1042/1/980
f 1058/1/996 3470/1/3275 5214/1/4944 3433/1/3238
f 3470/1/3275 1057/1/995 3432/1/3237 5214/1/4944
f 5214/1/4944 3432/1/3237 1042/1/980 3440/1/3245
f 3433/1/3238 5214/1/4944 3440/1/3245 1043/1/981
f 738/1/706 2826/1/2692 5215/1/4945 2842/1/2708
f 2826/1/2692 751/1/719 3403/1/3209 5215/1/4945
f 5215/1/4945 3403/1/3209 1027/1/965 3410/1/3216
f 2842/1/2708 5215/1/4945 3410/1/3216 1028/1/966
f 1076/1/1014 3503/1/3308 5216/1/4946 3449/1/3254
f 3503/1/3308 1075/1/1013 3462/1/3267 5216/1/4946
f 5216/1/4946 3462/1/3267 1060/1/998 3473/1/3278
f 3449/1/3254 5216/1/4946 3473/1/3278 1061/1/999
f 1067/1/1005 3494/1/3299 5217/1/4947 3450/1/3255
f 3494/1/3299 1081/1/1019 3457/1/3262 5217/1/4947
f 5217/1/4947 3457/1/3262 1066/1/1004 3464/1/3269
f 3450/1/3255 5217/1/4947 3464/1/3269 1052/1/990
f 1077/1/1015 3504/1/3309 5218/1/4948 3451/1/3256
f 3504/1/3309 1076/1/1014 3449/1/3254 5218/1/4948
f 5218/1/4948 3449/1/3254 1061/1/999 3474/1/3279
f 3451/1/3256 5218/1/4948 3474/1/3279 1062/1/1000
f 1068/1/1006 3495/1/3300 5219/1/4949 3452/1/3257
f 3495/1/3300 1067/1/1005 3450/1/3255 5219/1/4949
f 5219/1/4949 3450/1/3255 1052/1/990 3465/1/3270
f 3452/1/3257 5219/1/4949 3465/1/3270 1053/1/991
f 1078/1/1016 3505/1/3310 5220/1/4950 3453/1/3258
f 3505/1/3310 1077/1/1015 3451/1/3256 5220/1/4950
f 5220/1/4950 3451/1/3256 1062/1/1000 3475/1/3280
f 3453/1/3258 5220/1/4950 3475/1/3280 1063/1/1001
f 1069/1/1007 3496/1/3301 5221/1/4951 3454/1/3259
f 3496/1/3301 1068/1/1006 3452/1/3257 5221/1/4951
f 5221/1/4951 3452/1/3257 1053/1/991 3466/1/3271
f 3454/1/3259 5221/1/4951 3466/1/3271 1054/1/992
f 1079/1/1017 3506/1/3311 5222/1/4952 3455/1/3260
f 3506/1/3311 1078/1/1016 3453/1/3258 5222/1/4952
f 5222/1/4952 3453/1/3258 1063/1/1001 3476/1/3281
f 3455/1/3260 5222/1/4952 3476/1/3281 1064/1/1002
f 1070/1/1008 3497/1/3302 5223/1/4953 3456/1/3261
f 3497/1/3302 1069/1/1007 3454/1/3259 5223/1/4953
f 5223/1/4953 3454/1/3259 1054/1/992 3467/1/3272
f 3456/1/3261 5223/1/4953 3467/1/3272 1055/1/993
f 1080/1/1018 3507/1/3312 5224/1/4954 3458/1/3263
f 3507/1/3312 1079/1/1017 3455/1/3260 5224/1/4954
f 5224/1/4954 3455/1/3260 1064/1/1002 3477/1/3282
f 3458/1/3263 5224/1/4954 3477/1/3282 1065/1/1003
f 1071/1/1009 3498/1/3303 5225/1/4955 3459/1/3264
f 3498/1/3303 1070/1/1008 3456/1/3261 5225/1/4955
f 5225/1/4955 3456/1/3261 1055/1/993 3468/1/3273
f 3459/1/3264 5225/1/4955 3468/1/3273 1056/1/994
f 1081/1/1019 3508/1/3313 5226/1/4956 3457/1/3262
f 3508/1/3313 1080/1/1018 3458/1/3263 5226/1/4956
f 5226/1/4956 3458/1/3263 1065/1/1003 3478/1/3283
f 3457/1/3262 5226/1/4956 3478/1/3283 1066/1/1004
f 1072/1/1010 3499/1/3304 5227/1/4957 3460/1/3265
f 3499/1/3304 1071/1/1009 3459/1/3264 5227/1/4957
f 5227/1/4957 3459/1/3264 1056/1/994 3469/1/3274
f 3460/1/3265 5227/1/4957 3469/1/3274 1057/1/995
f 1073/1/1011 3500/1/3305 5228/1/4958 3461/1/3266
f 3500/1/3305 1072/1/1010 3460/1/3265 5228/1/4958
f 5228/1/4958 3460/1/3265 1057/1/995 3470/1/3275
f 3461/1/3266 5228/1/4958 3470/1/3275 1058/1/996
f 1074/1/1012 3501/1/3306 5229/1/4959 3463/1/3268
f 3501/1/3306 1384/1/1318 4059/1/3859 5229/1/4959
f 5229/1/4959 4059/1/3859 1382/1/1316 3471/1/3276
f 3463/1/3268 5229/1/4959 3471/1/3276 1059/1/997
f 1075/1/1013 3502/1/3307 5230/1/4960 3462/1/3267
f 3502/1/3307 1074/1/1012 3463/1/3268 5230/1/4960
f 5230/1/4960 3463/1/3268 1059/1/997 3472/1/3277
f 3462/1/3267 5230/1/4960 3472/1/3277 1060/1/998
f 1094/1/1032 3536/1/3341 5231/1/4961 3479/1/3284
f 3536/1/3341 1093/1/1031 3490/1/3295 5231/1/4961
f 5231/1/4961 3490/1/3295 1078/1/1016 3506/1/3311
f 3479/1/3284 5231/1/4961 3506/1/3311 1079/1/1017
f 1085/1/1023 3527/1/3332 5232/1/4962 3480/1/3285
f 3527/1/3332 1084/1/1022 3492/1/3297 5232/1/4962
f 5232/1/4962 3492/1/3297 1069/1/1007 3497/1/3302
f 3480/1/3285 5232/1/4962 3497/1/3302 1070/1/1008
f 1095/1/1033 3537/1/3342 5233/1/4963 3481/1/3286
f 3537/1/3342 1094/1/1032 3479/1/3284 5233/1/4963
f 5233/1/4963 3479/1/3284 1079/1/1017 3507/1/3312
f 3481/1/3286 5233/1/4963 3507/1/3312 1080/1/1018
f 1086/1/1024 3528/1/3333 5234/1/4964 3482/1/3287
f 3528/1/3333 1085/1/1023 3480/1/3285 5234/1/4964
f 5234/1/4964 3480/1/3285 1070/1/1008 3498/1/3303
f 3482/1/3287 5234/1/4964 3498/1/3303 1071/1/1009
f 1096/1/1034 3538/1/3343 5235/1/4965 3487/1/3292
f 3538/1/3343 1095/1/1033 3481/1/3286 5235/1/4965
f 5235/1/4965 3481/1/3286 1080/1/1018 3508/1/3313
f 3487/1/3292 5235/1/4965 3508/1/3313 1081/1/1019
f 1087/1/1025 3529/1/3334 5236/1/4966 3483/1/3288
f 3529/1/3334 1086/1/1024 3482/1/3287 5236/1/4966
f 5236/1/4966 3482/1/3287 1071/1/1009 3499/1/3304
f 3483/1/3288 5236/1/4966 3499/1/3304 1072/1/1010
f 1088/1/1026 3530/1/3335 5237/1/4967 3484/1/3289
f 3530/1/3335 1087/1/1025 3483/1/3288 5237/1/4967
f 5237/1/4967 3483/1/3288 1072/1/1010 3500/1/3305
f 3484/1/3289 5237/1/4967 3500/1/3305 1073/1/1011
f 1089/1/1027 3531/1/3336 5238/1/4968 3485/1/3290
f 3531/1/3336 1396/1/1330 4061/1/3861 5238/1/4968
f 5238/1/4968 4061/1/3861 1384/1/1318 3501/1/3306
f 3485/1/3290 5238/1/4968 3501/1/3306 1074/1/1012
f 1090/1/1028 3532/1/3337 5239/1/4969 3486/1/3291
f 3532/1/3337 1089/1/1027 3485/1/3290 5239/1/4969
f 5239/1/4969 3485/1/3290 1074/1/1012 3502/1/3307
f 3486/1/3291 5239/1/4969 3502/1/3307 1075/1/1013
f 1091/1/1029 3533/1/3338 5240/1/4970 3488/1/3293
f 3533/1/3338 1090/1/1028 3486/1/3291 5240/1/4970
f 5240/1/4970 3486/1/3291 1075/1/1013 3503/1/3308
f 3488/1/3293 5240/1/4970 3503/1/3308 1076/1/1014
f 1082/1/1020 3524/1/3329 5241/1/4971 3489/1/3294
f 3524/1/3329 1096/1/1034 3487/1/3292 5241/1/4971
f 5241/1/4971 3487/1/3292 1081/1/1019 3494/1/3299
f 3489/1/3294 5241/1/4971 3494/1/3299 1067/1/1005
f 1092/1/1030 3534/1/3339 5242/1/4972 3491/1/3296
f 3534/1/3339 1091/1/1029 3488/1/3293 5242/1/4972
f 5242/1/4972 3488/1/3293 1076/1/1014 3504/1/3309
f 3491/1/3296 5242/1/4972 3504/1/3309 1077/1/1015
f 1083/1/1021 3525/1/3330 5243/1/4973 3493/1/3298
f 3525/1/3330 1082/1/1020 3489/1/3294 5243/1/4973
f 5243/1/4973 3489/1/3294 1067/1/1005 3495/1/3300
f 3493/1/3298 5243/1/4973 3495/1/3300 1068/1/1006
f 1093/1/1031 3535/1/3340 5244/1/4974 3490/1/3295
f 3535/1/3340 1092/1/1030 3491/1/3296 5244/1/4974
f 5244/1/4974 3491/1/3296 1077/1/1015 3505/1/3310
f 3490/1/3295 5244/1/4974 3505/1/3310 1078/1/1016
f 1103/1/1041 3560/1/3365 5245/1/4975 3509/1/3314
f 3560/1/3365 1102/1/1040 3522/1/3327 5245/1/4975
f 5245/1/4975 3522/1/3327 1087/1/1025 3530/1/3335
f 3509/1/3314 5245/1/4975 3530/1/3335 1088/1/1026
f 1104/1/1042 3561/1/3366 5246/1/4976 3510/1/3315
f 3561/1/3366 1397/1/1331 4075/1/3875 5246/1/4976
f 5246/1/4976 4075/1/3875 1396/1/1330 3531/1/3336
f 3510/1/3315 5246/1/4976 3531/1/3336 1089/1/1027
f 1105/1/1043 3562/1/3367 5247/1/4977 3511/1/3316
f 3562/1/3367 1104/1/1042 3510/1/3315 5247/1/4977
f 5247/1/4977 3510/1/3315 1089/1/1027 3532/1/3337
f 3511/1/3316 5247/1/4977 3532/1/3337 1090/1/1028
f 1106/1/1044 3563/1/3368 5248/1/4978 3512/1/3317
f 3563/1/3368 1105/1/1043 3511/1/3316 5248/1/4978
f 5248/1/4978 3511/1/3316 1090/1/1028 3533/1/3338
f 3512/1/3317 5248/1/4978 3533/1/3338 1091/1/1029
f 1097/1/1035 3554/1/3359 5249/1/4979 3513/1/3318
f 3554/1/3359 1111/1/1049 3520/1/3325 5249/1/4979
f 5249/1/4979 3520/1/3325 1096/1/1034 3524/1/3329
f 3513/1/3318 5249/1/4979 3524/1/3329 1082/1/1020
f 1107/1/1045 3564/1/3369 5250/1/4980 3514/1/3319
f 3564/1/3369 1106/1/1044 3512/1/3317 5250/1/4980
f 5250/1/4980 3512/1/3317 1091/1/1029 3534/1/3339
f 3514/1/3319 5250/1/4980 3534/1/3339 1092/1/1030
f 1098/1/1036 3555/1/3360 5251/1/4981 3515/1/3320
f 3555/1/3360 1097/1/1035 3513/1/3318 5251/1/4981
f 5251/1/4981 3513/1/3318 1082/1/1020 3525/1/3330
f 3515/1/3320 5251/1/4981 3525/1/3330 1083/1/1021
f 1108/1/1046 3565/1/3370 5252/1/4982 3516/1/3321
f 3565/1/3370 1107/1/1045 3514/1/3319 5252/1/4982
f 5252/1/4982 3514/1/3319 1092/1/1030 3535/1/3340
f 3516/1/3321 5252/1/4982 3535/1/3340 1093/1/1031
f 1099/1/1037 3556/1/3361 5253/1/4983 3517/1/3322
f 3556/1/3361 1098/1/1036 3515/1/3320 5253/1/4983
f 5253/1/4983 3515/1/3320 1083/1/1021 3526/1/3331
f 3517/1/3322 5253/1/4983 3526/1/3331 1084/1/1022
f 1109/1/1047 3566/1/3371 5254/1/4984 3518/1/3323
f 3566/1/3371 1108/1/1046 3516/1/3321 5254/1/4984
f 5254/1/4984 3516/1/3321 1093/1/1031 3536/1/3341
f 3518/1/3323 5254/1/4984 3536/1/3341 1094/1/1032
f 1100/1/1038 3557/1/3362 5255/1/4985 3519/1/3324
f 3557/1/3362 1099/1/1037 3517/1/3322 5255/1/4985
f 5255/1/4985 3517/1/3322 1084/1/1022 3527/1/3332
f 3519/1/3324 5255/1/4985 3527/1/3332 1085/1/1023
f 1110/1/1048 3567/1/3372 5256/1/4986 3521/1/3326
f 3567/1/3372 1109/1/1047 3518/1/3323 5256/1/4986
f 5256/1/4986 3518/1/3323 1094/1/1032 3537/1/3342
f 3521/1/3326 5256/1/4986 3537/1/3342 1095/1/1033
f 1101/1/1039 3558/1/3363 5257/1/4987 3523/1/3328
f 3558/1/3363 1100/1/1038 3519/1/3324 5257/1/4987
f 5257/1/4987 3519/1/3324 1085/1/1023 3528/1/3333
f 3523/1/3328 5257/1/4987 3528/1/3333 1086/1/1024
f 1111/1/1049 3568/1/3373 5258/1/4988 3520/1/3325
f 3568/1/3373 1110/1/1048 3521/1/3326 5258/1/4988
f 5258/1/4988 3521/1/3326 1095/1/1033 3538/1/3343
f 3520/1/3325 5258/1/4988 3538/1/3343 1096/1/1034
f 1084/1/1022 3526/1/3331 5259/1/4989 3492/1/3297
f 3526/1/3331 1083/1/1021 3493/1/3298 5259/1/4989
f 5259/1/4989 3493/1/3298 1068/1/1006 3496/1/3301
f 3492/1/3297 5259/1/4989 3496/1/3301 1069/1/1007
f 1119/1/1057 3591/1/3396 5260/1/4990 3539/1/3344
f 3591/1/3396 1398/1/1332 4076/1/3876 5260/1/4990
f 5260/1/4990 4076/1/3876 1397/1/1331 3561/1/3366
f 3539/1/3344 5260/1/4990 3561/1/3366 1104/1/1042
f 1120/1/1058 3592/1/3397 5261/1/4991 3540/1/3345
f 3592/1/3397 1119/1/1057 3539/1/3344 5261/1/4991
f 5261/1/4991 3539/1/3344 1104/1/1042 3562/1/3367
f 3540/1/3345 5261/1/4991 3562/1/3367 1105/1/1043
f 1121/1/1059 3593/1/3398 5262/1/4992 3541/1/3346
f 3593/1/3398 1120/1/1058 3540/1/3345 5262/1/4992
f 5262/1/4992 3540/1/3345 1105/1/1043 3563/1/3368
f 3541/1/3346 5262/1/4992 3563/1/3368 1106/1/1044
f 1112/1/1050 3584/1/3389 5263/1/4993 3542/1/3347
f 3584/1/3389 1126/1/1064 3549/1/3354 5263/1/4993
f 5263/1/4993 3549/1/3354 1111/1/1049 3554/1/3359
f 3542/1/3347 5263/1/4993 3554/1/3359 1097/1/1035
f 1122/1/1060 3594/1/3399 5264/1/4994 3543/1/3348
f 3594/1/3399 1121/1/1059 3541/1/3346 5264/1/4994
f 5264/1/4994 3541/1/3346 1106/1/1044 3564/1/3369
f 3543/1/3348 5264/1/4994 3564/1/3369 1107/1/1045
f 1113/1/1051 3585/1/3390 5265/1/4995 3544/1/3349
f 3585/1/3390 1112/1/1050 3542/1/3347 5265/1/4995
f 5265/1/4995 3542/1/3347 1097/1/1035 3555/1/3360
f 3544/1/3349 5265/1/4995 3555/1/3360 1098/1/1036
f 1123/1/1061 3595/1/3400 5266/1/4996 3545/1/3350
f 3595/1/3400 1122/1/1060 3543/1/3348 5266/1/4996
f 5266/1/4996 3543/1/3348 1107/1/1045 3565/1/3370
f 3545/1/3350 5266/1/4996 3565/1/3370 1108/1/1046
f 1114/1/1052 3586/1/3391 5267/1/4997 3546/1/3351
f 3586/1/3391 1113/1/1051 3544/1/3349 5267/1/4997
f 5267/1/4997 3544/1/3349 1098/1/1036 3556/1/3361
f 3546/1/3351 5267/1/4997 3556/1/3361 1099/1/1037
f 1124/1/1062 3596/1/3401 5268/1/4998 3547/1/3352
f 3596/1/3401 1123/1/1061 3545/1/3350 5268/1/4998
f 5268/1/4998 3545/1/3350 1108/1/1046 3566/1/3371
f 3547/1/3352 5268/1/4998 3566/1/3371 1109/1/1047
f 1115/1/1053 3587/1/3392 5269/1/4999 3548/1/3353
f 3587/1/3392 1114/1/1052 3546/1/3351 5269/1/4999
f 5269/1/4999 3546/1/3351 1099/1/1037 3557/1/3362
f 3548/1/3353 5269/1/4999 3557/1/3362 1100/1/1038
f 1125/1/1063 3597/1/3402 5270/1/5000 3550/1/3355
f 3597/1/3402 1124/1/1062 3547/1/3352 5270/1/5000
f 5270/1/5000 3547/1/3352 1109/1/1047 3567/1/3372
f 3550/1/3355 5270/1/5000 3567/1/3372 1110/1/1048
f 1116/1/1054 3588/1/3393 5271/1/5001 3551/1/3356
f 3588/1/3393 1115/1/1053 3548/1/3353 5271/1/5001
f 5271/1/5001 3548/1/3353 1100/1/1038 3558/1/3363
f 3551/1/3356 5271/1/5001 3558/1/3363 1101/1/1039
f 1126/1/1064 3598/1/3403 5272/1/5002 3549/1/3354
f 3598/1/3403 1125/1/1063 3550/1/3355 5272/1/5002
f 5272/1/5002 3550/1/3355 1110/1/1048 3568/1/3373
f 3549/1/3354 5272/1/5002 3568/1/3373 1111/1/1049
f 1117/1/1055 3589/1/3394 5273/1/5003 3552/1/3357
f 3589/1/3394 1116/1/1054 3551/1/3356 5273/1/5003
f 5273/1/5003 3551/1/3356 1101/1/1039 3559/1/3364
f 3552/1/3357 5273/1/5003 3559/1/3364 1102/1/1040
f 1118/1/1056 3590/1/3395 5274/1/5004 3553/1/3358
f 3590/1/3395 1117/1/1055 3552/1/3357 5274/1/5004
f 5274/1/5004 3552/1/3357 1102/1/1040 3560/1/3365
f 3553/1/3358 5274/1/5004 3560/1/3365 1103/1/1041
f 1102/1/1040 3559/1/3364 5275/1/5005 3522/1/3327
f 3559/1/3364 1101/1/1039 3523/1/3328 5275/1/5005
f 5275/1/5005 3523/1/3328 1086/1/1024 3529/1/3334
f 3522/1/3327 5275/1/5005 3529/1/3334 1087/1/1025
f 1135/1/1073 3622/1/3427 5276/1/5006 3569/1/3374
f 3622/1/3427 1134/1/1072 3583/1/3388 5276/1/5006
f 5276/1/5006 3583/1/3388 1119/1/1057 3592/1/3397
f 3569/1/3374 5276/1/5006 3592/1/3397 1120/1/1058
f 1136/1/1074 3623/1/3428 5277/1/5007 3570/1/3375
f 3623/1/3428 1135/1/1073 3569/1/3374 5277/1/5007
f 5277/1/5007 3569/1/3374 1120/1/1058 3593/1/3398
f 3570/1/3375 5277/1/5007 3593/1/3398 1121/1/1059
f 1127/1/1065 3614/1/3419 5278/1/5008 3571/1/3376
f 3614/1/3419 1141/1/1079 3578/1/3383 5278/1/5008
f 5278/1/5008 3578/1/3383 1126/1/1064 3584/1/3389
f 3571/1/3376 5278/1/5008 3584/1/3389 1112/1/1050
f 1137/1/1075 3624/1/3429 5279/1/5009 3572/1/3377
f 3624/1/3429 1136/1/1074 3570/1/3375 5279/1/5009
f 5279/1/5009 3570/1/3375 1121/1/1059 3594/1/3399
f 3572/1/3377 5279/1/5009 3594/1/3399 1122/1/1060
f 1128/1/1066 3615/1/3420 5280/1/5010 3573/1/3378
f 3615/1/3420 1127/1/1065 3571/1/3376 5280/1/5010
f 5280/1/5010 3571/1/3376 1112/1/1050 3585/1/3390
f 3573/1/3378 5280/1/5010 3585/1/3390 1113/1/1051
f 1138/1/1076 3625/1/3430 5281/1/5011 3574/1/3379
f 3625/1/3430 1137/1/1075 3572/1/3377 5281/1/5011
f 5281/1/5011 3572/1/3377 1122/1/1060 3595/1/3400
f 3574/1/3379 5281/1/5011 3595/1/3400 1123/1/1061
f 1129/1/1067 3616/1/3421 5282/1/5012 3575/1/3380
f 3616/1/3421 1128/1/1066 3573/1/3378 5282/1/5012
f 5282/1/5012 3573/1/3378 1113/1/1051 3586/1/3391
f 3575/1/3380 5282/1/5012 3586/1/3391 1114/1/1052
f 1139/1/1077 3626/1/3431 5283/1/5013 3576/1/3381
f 3626/1/3431 1138/1/1076 3574/1/3379 5283/1/5013
f 5283/1/5013 3574/1/3379 1123/1/1061 3596/1/3401
f 3576/1/3381 5283/1/5013 3596/1/3401 1124/1/1062
f 1130/1/1068 3617/1/3422 5284/1/5014 3577/1/3382
f 3617/1/3422 1129/1/1067 3575/1/3380 5284/1/5014
f 5284/1/5014 3575/1/3380 1114/1/1052 3587/1/3392
f 3577/1/3382 5284/1/5014 3587/1/3392 1115/1/1053
f 1140/1/1078 3627/1/3432 5285/1/5015 3579/1/3384
f 3627/1/3432 1139/1/1077 3576/1/3381 5285/1/5015
f 5285/1/5015 3576/1/3381 1124/1/1062 3597/1/3402
f 3579/1/3384 5285/1/5015 3597/1/3402 1125/1/1063
f 1131/1/1069 3618/1/3423 5286/1/5016 3580/1/3385
f 3618/1/3423 1130/1/1068 3577/1/3382 5286/1/5016
f 5286/1/5016 3577/1/3382 1115/1/1053 3588/1/3393
f 3580/1/3385 5286/1/5016 3588/1/3393 1116/1/1054
f 1141/1/1079 3628/1/3433 5287/1/5017 3578/1/3383
f 3628/1/3433 1140/1/1078 3579/1/3384 5287/1/5017
f 5287/1/5017 3579/1/3384 1125/1/1063 3598/1/3403
f 3578/1/3383 5287/1/5017 3598/1/3403 1126/1/1064
f 1132/1/1070 3619/1/3424 5288/1/5018 3581/1/3386
f 3619/1/3424 1131/1/1069 3580/1/3385 5288/1/5018
f 5288/1/5018 3580/1/3385 1116/1/1054 3589/1/3394
f 3581/1/3386 5288/1/5018 3589/1/3394 1117/1/1055
f 1133/1/1071 3620/1/3425 5289/1/5019 3582/1/3387
f 3620/1/3425 1132/1/1070 3581/1/3386 5289/1/5019
f 5289/1/5019 3581/1/3386 1117/1/1055 3590/1/3395
f 3582/1/3387 5289/1/5019 3590/1/3395 1118/1/1056
f 1134/1/1072 3621/1/3426 5290/1/5020 3583/1/3388
f 3621/1/3426 1399/1/1333 4077/1/3877 5290/1/5020
f 5290/1/5020 4077/1/3877 1398/1/1332 3591/1/3396
f 3583/1/3388 5290/1/5020 3591/1/3396 1119/1/1057
f 1143/1/1081 3645/1/3450 5291/1/5021 3599/1/3404
f 3645/1/3450 1142/1/1080 3610/1/3415 5291/1/5021
f 5291/1/5021 3610/1/3415 1127/1/1065 3615/1/3420
f 3599/1/3404 5291/1/5021 3615/1/3420 1128/1/1066
f 1153/1/1091 3655/1/3460 5292/1/5022 3600/1/3405
f 3655/1/3460 1152/1/1090 3612/1/3417 5292/1/5022
f 5292/1/5022 3612/1/3417 1137/1/1075 3625/1/3430
f 3600/1/3405 5292/1/5022 3625/1/3430 1138/1/1076
f 1144/1/1082 3646/1/3451 5293/1/5023 3601/1/3406
f 3646/1/3451 1143/1/1081 3599/1/3404 5293/1/5023
f 5293/1/5023 3599/1/3404 1128/1/1066 3616/1/3421
f 3601/1/3406 5293/1/5023 3616/1/3421 1129/1/1067
f 1154/1/1092 3656/1/3461 5294/1/5024 3602/1/3407
f 3656/1/3461 1153/1/1091 3600/1/3405 5294/1/5024
f 5294/1/5024 3600/1/3405 1138/1/1076 3626/1/3431
f 3602/1/3407 5294/1/5024 3626/1/3431 1139/1/1077
f 1145/1/1083 3647/1/3452 5295/1/5025 3603/1/3408
f 3647/1/3452 1144/1/1082 3601/1/3406 5295/1/5025
f 5295/1/5025 3601/1/3406 1129/1/1067 3617/1/3422
f 3603/1/3408 5295/1/5025 3617/1/3422 1130/1/1068
f 1155/1/1093 3657/1/3462 5296/1/5026 3604/1/3409
f 3657/1/3462 1154/1/1092 3602/1/3407 5296/1/5026
f 5296/1/5026 3602/1/3407 1139/1/1077 3627/1/3432
f 3604/1/3409 5296/1/5026 3627/1/3432 1140/1/1078
f 1146/1/1084 3648/1/3453 5297/1/5027 3605/1/3410
f 3648/1/3453 1145/1/1083 3603/1/3408 5297/1/5027
f 5297/1/5027 3603/1/3408 1130/1/1068 3618/1/3423
f 3605/1/3410 5297/1/5027 3618/1/3423 1131/1/1069
f 1156/1/1094 3658/1/3463 5298/1/5028 3611/1/3416
f 3658/1/3463 1155/1/1093 3604/1/3409 5298/1/5028
f 5298/1/5028 3604/1/3409 1140/1/1078 3628/1/3433
f 3611/1/3416 5298/1/5028 3628/1/3433 1141/1/1079
f 1147/1/1085 3649/1/3454 5299/1/5029 3606/1/3411
f 3649/1/3454 1146/1/1084 3605/1/3410 5299/1/5029
f 5299/1/5029 3605/1/3410 1131/1/1069 3619/1/3424
f 3606/1/3411 5299/1/5029 3619/1/3424 1132/1/1070
f 1148/1/1086 3650/1/3455 5300/1/5030 3607/1/3412
f 3650/1/3455 1147/1/1085 3606/1/3411 5300/1/5030
f 5300/1/5030 3606/1/3411 1132/1/1070 3620/1/3425
f 3607/1/3412 5300/1/5030 3620/1/3425 1133/1/1071
f 1149/1/1087 3651/1/3456 5301/1/5031 3608/1/3413
f 3651/1/3456 1400/1/1334 4078/1/3878 5301/1/5031
f 5301/1/5031 4078/1/3878 1399/1/1333 3621/1/3426
f 3608/1/3413 5301/1/5031 3621/1/3426 1134/1/1072
f 1150/1/1088 3652/1/3457 5302/1/5032 3609/1/3414
f 3652/1/3457 1149/1/1087 3608/1/3413 5302/1/5032
f 5302/1/5032 3608/1/3413 1134/1/1072 3622/1/3427
f 3609/1/3414 5302/1/5032 3622/1/3427 1135/1/1073
f 1151/1/1089 3653/1/3458 5303/1/5033 3613/1/3418
f 3653/1/3458 1150/1/1088 3609/1/3414 5303/1/5033
f 5303/1/5033 3609/1/3414 1135/1/1073 3623/1/3428
f 3613/1/3418 5303/1/5033 3623/1/3428 1136/1/1074
f 1142/1/1080 3644/1/3449 5304/1/5034 3610/1/3415
f 3644/1/3449 1156/1/1094 3611/1/3416 5304/1/5034
f 5304/1/5034 3611/1/3416 1141/1/1079 3614/1/3419
f 3610/1/3415 5304/1/5034 3614/1/3419 1127/1/1065
f 1152/1/1090 3654/1/3459 5305/1/5035 3612/1/3417
f 3654/1/3459 1151/1/1089 3613/1/3418 5305/1/5035
f 5305/1/5035 3613/1/3418 1136/1/1074 3624/1/3429
f 3612/1/3417 5305/1/5035 3624/1/3429 1137/1/1075
f 1161/1/1099 3678/1/3483 5306/1/5036 3629/1/3434
f 3678/1/3483 1160/1/1098 3640/1/3445 5306/1/5036
f 5306/1/5036 3640/1/3445 1145/1/1083 3648/1/3453
f 3629/1/3434 5306/1/5036 3648/1/3453 1146/1/1084
f 1171/1/1109 3688/1/3493 5307/1/5037 3634/1/3439
f 3688/1/3493 1170/1/1108 3642/1/3447 5307/1/5037
f 5307/1/5037 3642/1/3447 1155/1/1093 3658/1/3463
f 3634/1/3439 5307/1/5037 3658/1/3463 1156/1/1094
f 1162/1/1100 3679/1/3484 5308/1/5038 3630/1/3435
f 3679/1/3484 1161/1/1099 3629/1/3434 5308/1/5038
f 5308/1/5038 3629/1/3434 1146/1/1084 3649/1/3454
f 3630/1/3435 5308/1/5038 3649/1/3454 1147/1/1085
f 1163/1/1101 3680/1/3485 5309/1/5039 3631/1/3436
f 3680/1/3485 1162/1/1100 3630/1/3435 5309/1/5039
f 5309/1/5039 3630/1/3435 1147/1/1085 3650/1/3455
f 3631/1/3436 5309/1/5039 3650/1/3455 1148/1/1086
f 1164/1/1102 3681/1/3486 5310/1/5040 3632/1/3437
f 3681/1/3486 1401/1/1335 4079/1/3879 5310/1/5040
f 5310/1/5040 4079/1/3879 1400/1/1334 3651/1/3456
f 3632/1/3437 5310/1/5040 3651/1/3456 1149/1/1087
f 1165/1/1103 3682/1/3487 5311/1/5041 3633/1/3438
f 3682/1/3487 1164/1/1102 3632/1/3437 5311/1/5041
f 5311/1/5041 3632/1/3437 1149/1/1087 3652/1/3457
f 3633/1/3438 5311/1/5041 3652/1/3457 1150/1/1088
f 1166/1/1104 3683/1/3488 5312/1/5042 3635/1/3440
f 3683/1/3488 1165/1/1103 3633/1/3438 5312/1/5042
f 5312/1/5042 3633/1/3438 1150/1/1088 3653/1/3458
f 3635/1/3440 5312/1/5042 3653/1/3458 1151/1/1089
f 1157/1/1095 3674/1/3479 5313/1/5043 3636/1/3441
f 3674/1/3479 1171/1/1109 3634/1/3439 5313/1/5043
f 5313/1/5043 3634/1/3439 1156/1/1094 3644/1/3449
f 3636/1/3441 5313/1/5043 3644/1/3449 1142/1/1080
f 1167/1/1105 3684/1/3489 5314/1/5044 3637/1/3442
f 3684/1/3489 1166/1/1104 3635/1/3440 5314/1/5044
f 5314/1/5044 3635/1/3440 1151/1/1089 3654/1/3459
f 3637/1/3442 5314/1/5044 3654/1/3459 1152/1/1090
f 1158/1/1096 3675/1/3480 5315/1/5045 3638/1/3443
f 3675/1/3480 1157/1/1095 3636/1/3441 5315/1/5045
f 5315/1/5045 3636/1/3441 1142/1/1080 3645/1/3450
f 3638/1/3443 5315/1/5045 3645/1/3450 1143/1/1081
f 1168/1/1106 3685/1/3490 5316/1/5046 3639/1/3444
f 3685/1/3490 1167/1/1105 3637/1/3442 5316/1/5046
f 5316/1/5046 3637/1/3442 1152/1/1090 3655/1/3460
f 3639/1/3444 5316/1/5046 3655/1/3460 1153/1/1091
f 1159/1/1097 3676/1/3481 5317/1/5047 3641/1/3446
f 3676/1/3481 1158/1/1096 3638/1/3443 5317/1/5047
f 5317/1/5047 3638/1/3443 1143/1/1081 3646/1/3451
f 3641/1/3446 5317/1/5047 3646/1/3451 1144/1/1082
f 1169/1/1107 3686/1/3491 5318/1/5048 3643/1/3448
f 3686/1/3491 1168/1/1106 3639/1/3444 5318/1/5048
f 5318/1/5048 3639/1/3444 1153/1/1091 3656/1/3461
f 3643/1/3448 5318/1/5048 3656/1/3461 1154/1/1092
f 1160/1/1098 3677/1/3482 5319/1/5049 3640/1/3445
f 3677/1/3482 1159/1/1097 3641/1/3446 5319/1/5049
f 5319/1/5049 3641/1/3446 1144/1/1082 3647/1/3452
f 3640/1/3445 5319/1/5049 3647/1/3452 1145/1/1083
f 1170/1/1108 3687/1/3492 5320/1/5050 3642/1/3447
f 3687/1/3492 1169/1/1107 3643/1/3448 5320/1/5050
f 5320/1/5050 3643/1/3448 1154/1/1092 3657/1/3462
f 3642/1/3447 5320/1/5050 3657/1/3462 1155/1/1093
f 1179/1/1117 3711/1/3516 5321/1/5051 3659/1/3464
f 3711/1/3516 1402/1/1336 4081/1/3881 5321/1/5051
f 5321/1/5051 4081/1/3881 1401/1/1335 3681/1/3486
f 3659/1/3464 5321/1/5051 3681/1/3486 1164/1/1102
f 1180/1/1118 3712/1/3517 5322/1/5052 3660/1/3465
f 3712/1/3517 1179/1/1117 3659/1/3464 5322/1/5052
f 5322/1/5052 3659/1/3464 1164/1/1102 3682/1/3487
f 3660/1/3465 5322/1/5052 3682/1/3487 1165/1/1103
f 1181/1/1119 3713/1/3518 5323/1/5053 3661/1/3466
f 3713/1/3518 1180/1/1118 3660/1/3465 5323/1/5053
f 5323/1/5053 3660/1/3465 1165/1/1103 3683/1/3488
f 3661/1/3466 5323/1/5053 3683/1/3488 1166/1/1104
f 1172/1/1110 3704/1/3509 5324/1/5054 3662/1/3467
f 3704/1/3509 1186/1/1124 3669/1/3474 5324/1/5054
f 5324/1/5054 3669/1/3474 1171/1/1109 3674/1/3479
f 3662/1/3467 5324/1/5054 3674/1/3479 1157/1/1095
f 1182/1/1120 3714/1/3519 5325/1/5055 3663/1/3468
f 3714/1/3519 1181/1/1119 3661/1/3466 5325/1/5055
f 5325/1/5055 3661/1/3466 1166/1/1104 3684/1/3489
f 3663/1/3468 5325/1/5055 3684/1/3489 1167/1/1105
f 1173/1/1111 3705/1/3510 5326/1/5056 3664/1/3469
f 3705/1/3510 1172/1/1110 3662/1/3467 5326/1/5056
f 5326/1/5056 3662/1/3467 1157/1/1095 3675/1/3480
f 3664/1/3469 5326/1/5056 3675/1/3480 1158/1/1096
f 1183/1/1121 3715/1/3520 5327/1/5057 3665/1/3470
f 3715/1/3520 1182/1/1120 3663/1/3468 5327/1/5057
f 5327/1/5057 3663/1/3468 1167/1/1105 3685/1/3490
f 3665/1/3470 5327/1/5057 3685/1/3490 1168/1/1106
f 1174/1/1112 3706/1/3511 5328/1/5058 3666/1/3471
f 3706/1/3511 1173/1/1111 3664/1/3469 5328/1/5058
f 5328/1/5058 3664/1/3469 1158/1/1096 3676/1/3481
f 3666/1/3471 5328/1/5058 3676/1/3481 1159/1/1097
f 1184/1/1122 3716/1/3521 5329/1/5059 3667/1/3472
f 3716/1/3521 1183/1/1121 3665/1/3470 5329/1/5059
f 5329/1/5059 3665/1/3470 1168/1/1106 3686/1/3491
f 3667/1/3472 5329/1/5059 3686/1/3491 1169/1/1107
f 1175/1/1113 3707/1/3512 5330/1/5060 3668/1/3473
f 3707/1/3512 1174/1/1112 3666/1/3471 5330/1/5060
f 5330/1/5060 3666/1/3471 1159/1/1097 3677/1/3482
f 3668/1/3473 5330/1/5060 3677/1/3482 1160/1/1098
f 1185/1/1123 3717/1/3522 5331/1/5061 3670/1/3475
f 3717/1/3522 1184/1/1122 3667/1/3472 5331/1/5061
f 5331/1/5061 3667/1/3472 1169/1/1107 3687/1/3492
f 3670/1/3475 5331/1/5061 3687/1/3492 1170/1/1108
f 1176/1/1114 3708/1/3513 5332/1/5062 3671/1/3476
f 3708/1/3513 1175/1/1113 3668/1/3473 5332/1/5062
f 5332/1/5062 3668/1/3473 1160/1/1098 3678/1/3483
f 3671/1/3476 5332/1/5062 3678/1/3483 1161/1/1099
f 1186/1/1124 3718/1/3523 5333/1/5063 3669/1/3474
f 3718/1/3523 1185/1/1123 3670/1/3475 5333/1/5063
f 5333/1/5063 3670/1/3475 1170/1/1108 3688/1/3493
f 3669/1/3474 5333/1/5063 3688/1/3493 1171/1/1109
f 1177/1/1115 3709/1/3514 5334/1/5064 3673/1/3478
f 3709/1/3514 1176/1/1114 3671/1/3476 5334/1/5064
f 5334/1/5064 3671/1/3476 1161/1/1099 3679/1/3484
f 3673/1/3478 5334/1/5064 3679/1/3484 1162/1/1100
f 1178/1/1116 3710/1/3515 5335/1/5065 3672/1/3477
f 3710/1/3515 1177/1/1115 3673/1/3478 5335/1/5065
f 5335/1/5065 3673/1/3478 1162/1/1100 3680/1/3485
f 3672/1/3477 5335/1/5065 3680/1/3485 1163/1/1101
f 1194/1/1132 3741/1/3546 5336/1/5066 3689/1/3494
f 3741/1/3546 1403/1/1337 4080/1/3880 5336/1/5066
f 5336/1/5066 4080/1/3880 1402/1/1336 3711/1/3516
f 3689/1/3494 5336/1/5066 3711/1/3516 1179/1/1117
f 1195/1/1133 3742/1/3547 5337/1/5067 3690/1/3495
f 3742/1/3547 1194/1/1132 3689/1/3494 5337/1/5067
f 5337/1/5067 3689/1/3494 1179/1/1117 3712/1/3517
f 3690/1/3495 5337/1/5067 3712/1/3517 1180/1/1118
f 1196/1/1134 3743/1/3548 5338/1/5068 3691/1/3496
f 3743/1/3548 1195/1/1133 3690/1/3495 5338/1/5068
f 5338/1/5068 3690/1/3495 1180/1/1118 3713/1/3518
f 3691/1/3496 5338/1/5068 3713/1/3518 1181/1/1119
f 1187/1/1125 3734/1/3539 5339/1/5069 3692/1/3497
f 3734/1/3539 1201/1/1139 3699/1/3504 5339/1/5069
f 5339/1/5069 3699/1/3504 1186/1/1124 3704/1/3509
f 3692/1/3497 5339/1/5069 3704/1/3509 1172/1/1110
f 1197/1/1135 3744/1/3549 5340/1/5070 3693/1/3498
f 3744/1/3549 1196/1/1134 3691/1/3496 5340/1/5070
f 5340/1/5070 3691/1/3496 1181/1/1119 3714/1/3519
f 3693/1/3498 5340/1/5070 3714/1/3519 1182/1/1120
f 1188/1/1126 3735/1/3540 5341/1/5071 3694/1/3499
f 3735/1/3540 1187/1/1125 3692/1/3497 5341/1/5071
f 5341/1/5071 3692/1/3497 1172/1/1110 3705/1/3510
f 3694/1/3499 5341/1/5071 3705/1/3510 1173/1/1111
f 1198/1/1136 3745/1/3550 5342/1/5072 3695/1/3500
f 3745/1/3550 1197/1/1135 3693/1/3498 5342/1/5072
f 5342/1/5072 3693/1/3498 1182/1/1120 3715/1/3520
f 3695/1/3500 5342/1/5072 3715/1/3520 1183/1/1121
f 1189/1/1127 3736/1/3541 5343/1/5073 3696/1/3501
f 3736/1/3541 1188/1/1126 3694/1/3499 5343/1/5073
f 5343/1/5073 3694/1/3499 1173/1/1111 3706/1/3511
f 3696/1/3501 5343/1/5073 3706/1/3511 1174/1/1112
f 1199/1/1137 3746/1/3551 5344/1/5074 3697/1/3502
f 3746/1/3551 1198/1/1136 3695/1/3500 5344/1/5074
f 5344/1/5074 3695/1/3500 1183/1/1121 3716/1/3521
f 3697/1/3502 5344/1/5074 3716/1/3521 1184/1/1122
f 1190/1/1128 3737/1/3542 5345/1/5075 3698/1/3503
f 3737/1/3542 1189/1/1127 3696/1/3501 5345/1/5075
f 5345/1/5075 3696/1/3501 1174/1/1112 3707/1/3512
f 3698/1/3503 5345/1/5075 3707/1/3512 1175/1/1113
f 1200/1/1138 3747/1/3552 5346/1/5076 3700/1/3505
f 3747/1/3552 1199/1/1137 3697/1/3502 5346/1/5076
f 5346/1/5076 3697/1/3502 1184/1/1122 3717/1/3522
f 3700/1/3505 5346/1/5076 3717/1/3522 1185/1/1123
f 1191/1/1129 3738/1/3543 5347/1/5077 3701/1/3506
f 3738/1/3543 1190/1/1128 3698/1/3503 5347/1/5077
f 5347/1/5077 3698/1/3503 1175/1/1113 3708/1/3513
f 3701/1/3506 5347/1/5077 3708/1/3513 1176/1/1114
f 1201/1/1139 3748/1/3553 5348/1/5078 3699/1/3504
f 3748/1/3553 1200/1/1138 3700/1/3505 5348/1/5078
f 5348/1/5078 3700/1/3505 1185/1/1123 3718/1/3523
f 3699/1/3504 5348/1/5078 3718/1/3523 1186/1/1124
f 1192/1/1130 3739/1/3544 5349/1/5079 3702/1/3507
f 3739/1/3544 1191/1/1129 3701/1/3506 5349/1/5079
f 5349/1/5079 3701/1/3506 1176/1/1114 3709/1/3514
f 3702/1/3507 5349/1/5079 3709/1/3514 1177/1/1115
f 1193/1/1131 3740/1/3545 5350/1/5080 3703/1/3508
f 3740/1/3545 1192/1/1130 3702/1/3507 5350/1/5080
f 5350/1/5080 3702/1/3507 1177/1/1115 3710/1/3515
f 3703/1/3508 5350/1/5080 3710/1/3515 1178/1/1116
f 1202/1/1140 3764/1/3569 5351/1/5081 3719/1/3524
f 3764/1/3569 1216/1/1154 3726/1/3531 5351/1/5081
f 5351/1/5081 3726/1/3531 1201/1/1139 3734/1/3539
f 3719/1/3524 5351/1/5081 3734/1/3539 1187/1/1125
f 1212/1/1150 3774/1/3579 5352/1/5082 3720/1/3525
f 3774/1/3579 1211/1/1149 3732/1/3537 5352/1/5082
f 5352/1/5082 3732/1/3537 1196/1/1134 3744/1/3549
f 3720/1/3525 5352/1/5082 3744/1/3549 1197/1/1135
f 1203/1/1141 3765/1/3570 5353/1/5083 3721/1/3526
f 3765/1/3570 1202/1/1140 3719/1/3524 5353/1/5083
f 5353/1/5083 3719/1/3524 1187/1/1125 3735/1/3540
f 3721/1/3526 5353/1/5083 3735/1/3540 1188/1/1126
f 1213/1/1151 3775/1/3580 5354/1/5084 3722/1/3527
f 3775/1/3580 1212/1/1150 3720/1/3525 5354/1/5084
f 5354/1/5084 3720/1/3525 1197/1/1135 3745/1/3550
f 3722/1/3527 5354/1/5084 3745/1/3550 1198/1/1136
f 1204/1/1142 3766/1/3571 5355/1/5085 3723/1/3528
f 3766/1/3571 1203/1/1141 3721/1/3526 5355/1/5085
f 5355/1/5085 3721/1/3526 1188/1/1126 3736/1/3541
f 3723/1/3528 5355/1/5085 3736/1/3541 1189/1/1127
f 1214/1/1152 3776/1/3581 5356/1/5086 3724/1/3529
f 3776/1/3581 1213/1/1151 3722/1/3527 5356/1/5086
f 5356/1/5086 3722/1/3527 1198/1/1136 3746/1/3551
f 3724/1/3529 5356/1/5086 3746/1/3551 1199/1/1137
f 1205/1/1143 3767/1/3572 5357/1/5087 3725/1/3530
f 3767/1/3572 1204/1/1142 3723/1/3528 5357/1/5087
f 5357/1/5087 3723/1/3528 1189/1/1127 3737/1/3542
f 3725/1/3530 5357/1/5087 3737/1/3542 1190/1/1128
f 1215/1/1153 3777/1/3582 5358/1/5088 3727/1/3532
f 3777/1/3582 1214/1/1152 3724/1/3529 5358/1/5088
f 5358/1/5088 3724/1/3529 1199/1/1137 3747/1/3552
f 3727/1/3532 5358/1/5088 3747/1/3552 1200/1/1138
f 1206/1/1144 3768/1/3573 5359/1/5089 3728/1/3533
f 3768/1/3573 1205/1/1143 3725/1/3530 5359/1/5089
f 5359/1/5089 3725/1/3530 1190/1/1128 3738/1/3543
f 3728/1/3533 5359/1/5089 3738/1/3543 1191/1/1129
f 1216/1/1154 3778/1/3583 5360/1/5090 3726/1/3531
f 3778/1/3583 1215/1/1153 3727/1/3532 5360/1/5090
f 5360/1/5090 3727/1/3532 1200/1/1138 3748/1/3553
f 3726/1/3531 5360/1/5090 3748/1/3553 1201/1/1139
f 1207/1/1145 3769/1/3574 5361/1/5091 3729/1/3534
f 3769/1/3574 1206/1/1144 3728/1/3533 5361/1/5091
f 5361/1/5091 3728/1/3533 1191/1/1129 3739/1/3544
f 3729/1/3534 5361/1/5091 3739/1/3544 1192/1/1130
f 1208/1/1146 3770/1/3575 5362/1/5092 3730/1/3535
f 3770/1/3575 1207/1/1145 3729/1/3534 5362/1/5092
f 5362/1/5092 3729/1/3534 1192/1/1130 3740/1/3545
f 3730/1/3535 5362/1/5092 3740/1/3545 1193/1/1131
f 1209/1/1147 3771/1/3576 5363/1/5093 3731/1/3536
f 3771/1/3576 1404/1/1338 4082/1/3882 5363/1/5093
f 5363/1/5093 4082/1/3882 1403/1/1337 3741/1/3546
f 3731/1/3536 5363/1/5093 3741/1/3546 1194/1/1132
f 1210/1/1148 3772/1/3577 5364/1/5094 3733/1/3538
f 3772/1/3577 1209/1/1147 3731/1/3536 5364/1/5094
f 5364/1/5094 3731/1/3536 1194/1/1132 3742/1/3547
f 3733/1/3538 5364/1/5094 3742/1/3547 1195/1/1133
f 1220/1/1158 3797/1/3602 5365/1/5095 3749/1/3554
f 3797/1/3602 1219/1/1157 3760/1/3565 5365/1/5095
f 5365/1/5095 3760/1/3565 1204/1/1142 3767/1/3572
f 3749/1/3554 5365/1/5095 3767/1/3572 1205/1/1143
f 1230/1/1168 3807/1/3612 5366/1/5096 3750/1/3555
f 3807/1/3612 1229/1/1167 3762/1/3567 5366/1/5096
f 5366/1/5096 3762/1/3567 1214/1/1152 3777/1/3582
f 3750/1/3555 5366/1/5096 3777/1/3582 1215/1/1153
f 1221/1/1159 3798/1/3603 5367/1/5097 3751/1/3556
f 3798/1/3603 1220/1/1158 3749/1/3554 5367/1/5097
f 5367/1/5097 3749/1/3554 1205/1/1143 3768/1/3573
f 3751/1/3556 5367/1/5097 3768/1/3573 1206/1/1144
f 1231/1/1169 3808/1/3613 5368/1/5098 3756/1/3561
f 3808/1/3613 1230/1/1168 3750/1/3555 5368/1/5098
f 5368/1/5098 3750/1/3555 1215/1/1153 3778/1/3583
f 3756/1/3561 5368/1/5098 3778/1/3583 1216/1/1154
f 1222/1/1160 3799/1/3604 5369/1/5099 3752/1/3557
f 3799/1/3604 1221/1/1159 3751/1/3556 5369/1/5099
f 5369/1/5099 3751/1/3556 1206/1/1144 3769/1/3574
f 3752/1/3557 5369/1/5099 3769/1/3574 1207/1/1145
f 1223/1/1161 3800/1/3605 5370/1/5100 3753/1/3558
f 3800/1/3605 1222/1/1160 3752/1/3557 5370/1/5100
f 5370/1/5100 3752/1/3557 1207/1/1145 3770/1/3575
f 3753/1/3558 5370/1/5100 3770/1/3575 1208/1/1146
f 1224/1/1162 3801/1/3606 5371/1/5101 3754/1/3559
f 3801/1/3606 1405/1/1339 4083/1/3883 5371/1/5101
f 5371/1/5101 4083/1/3883 1404/1/1338 3771/1/3576
f 3754/1/3559 5371/1/5101 3771/1/3576 1209/1/1147
f 1225/1/1163 3802/1/3607 5372/1/5102 3755/1/3560
f 3802/1/3607 1224/1/1162 3754/1/3559 5372/1/5102
f 5372/1/5102 3754/1/3559 1209/1/1147 3772/1/3577
f 3755/1/3560 5372/1/5102 3772/1/3577 1210/1/1148
f 1226/1/1164 3803/1/3608 5373/1/5103 3757/1/3562
f 3803/1/3608 1225/1/1163 3755/1/3560 5373/1/5103
f 5373/1/5103 3755/1/3560 1210/1/1148 3773/1/3578
f 3757/1/3562 5373/1/5103 3773/1/3578 1211/1/1149
f 1217/1/1155 3794/1/3599 5374/1/5104 3758/1/3563
f 3794/1/3599 1231/1/1169 3756/1/3561 5374/1/5104
f 5374/1/5104 3756/1/3561 1216/1/1154 3764/1/3569
f 3758/1/3563 5374/1/5104 3764/1/3569 1202/1/1140
f 1227/1/1165 3804/1/3609 5375/1/5105 3759/1/3564
f 3804/1/3609 1226/1/1164 3757/1/3562 5375/1/5105
f 5375/1/5105 3757/1/3562 1211/1/1149 3774/1/3579
f 3759/1/3564 5375/1/5105 3774/1/3579 1212/1/1150
f 1218/1/1156 3795/1/3600 5376/1/5106 3761/1/3566
f 3795/1/3600 1217/1/1155 3758/1/3563 5376/1/5106
f 5376/1/5106 3758/1/3563 1202/1/1140 3765/1/3570
f 3761/1/3566 5376/1/5106 3765/1/3570 1203/1/1141
f 1228/1/1166 3805/1/3610 5377/1/5107 3763/1/3568
f 3805/1/3610 1227/1/1165 3759/1/3564 5377/1/5107
f 5377/1/5107 3759/1/3564 1212/1/1150 3775/1/3580
f 3763/1/3568 5377/1/5107 3775/1/3580 1213/1/1151
f 1219/1/1157 3796/1/3601 5378/1/5108 3760/1/3565
f 3796/1/3601 1218/1/1156 3761/1/3566 5378/1/5108
f 5378/1/5108 3761/1/3566 1203/1/1141 3766/1/3571
f 3760/1/3565 5378/1/5108 3766/1/3571 1204/1/1142
f 1211/1/1149 3773/1/3578 5379/1/5109 3732/1/3537
f 3773/1/3578 1210/1/1148 3733/1/3538 5379/1/5109
f 5379/1/5109 3733/1/3538 1195/1/1133 3743/1/3548
f 3732/1/3537 5379/1/5109 3743/1/3548 1196/1/1134
f 782/1/750 2930/1/2796 5380/1/5110 3779/1/3584
f 2930/1/2796 795/1/763 2944/1/2810 5380/1/5110
f 5380/1/5110 2944/1/2810 1222/1/1160 3800/1/3605
f 3779/1/3584 5380/1/5110 3800/1/3605 1223/1/1161
f 783/1/751 2929/1/2795 5381/1/5111 3780/1/3585
f 2929/1/2795 1406/1/1340 4084/1/3884 5381/1/5111
f 5381/1/5111 4084/1/3884 1405/1/1339 3801/1/3606
f 3780/1/3585 5381/1/5111 3801/1/3606 1224/1/1162
f 784/1/752 2928/1/2794 5382/1/5112 3781/1/3586
f 2928/1/2794 783/1/751 3780/1/3585 5382/1/5112
f 5382/1/5112 3780/1/3585 1224/1/1162 3802/1/3607
f 3781/1/3586 5382/1/5112 3802/1/3607 1225/1/1163
f 785/1/753 2927/1/2793 5383/1/5113 3782/1/3587
f 2927/1/2793 784/1/752 3781/1/3586 5383/1/5113
f 5383/1/5113 3781/1/3586 1225/1/1163 3803/1/3608
f 3782/1/3587 5383/1/5113 3803/1/3608 1226/1/1164
f 786/1/754 2926/1/2792 5384/1/5114 3783/1/3588
f 2926/1/2792 793/1/761 2942/1/2808 5384/1/5114
f 5384/1/5114 2942/1/2808 1231/1/1169 3794/1/3599
f 3783/1/3588 5384/1/5114 3794/1/3599 1217/1/1155
f 787/1/755 2925/1/2791 5385/1/5115 3784/1/3589
f 2925/1/2791 785/1/753 3782/1/3587 5385/1/5115
f 5385/1/5115 3782/1/3587 1226/1/1164 3804/1/3609
f 3784/1/3589 5385/1/5115 3804/1/3609 1227/1/1165
f 788/1/756 2924/1/2790 5386/1/5116 3785/1/3590
f 2924/1/2790 786/1/754 3783/1/3588 5386/1/5116
f 5386/1/5116 3783/1/3588 1217/1/1155 3795/1/3600
f 3785/1/3590 5386/1/5116 3795/1/3600 1218/1/1156
f 789/1/757 2923/1/2789 5387/1/5117 3786/1/3591
f 2923/1/2789 787/1/755 3784/1/3589 5387/1/5117
f 5387/1/5117 3784/1/3589 1227/1/1165 3805/1/3610
f 3786/1/3591 5387/1/5117 3805/1/3610 1228/1/1166
f 790/1/758 2922/1/2788 5388/1/5118 3787/1/3592
f 2922/1/2788 788/1/756 3785/1/3590 5388/1/5118
f 5388/1/5118 3785/1/3590 1218/1/1156 3796/1/3601
f 3787/1/3592 5388/1/5118 3796/1/3601 1219/1/1157
f 791/1/759 2921/1/2787 5389/1/5119 3788/1/3593
f 2921/1/2787 789/1/757 3786/1/3591 5389/1/5119
f 5389/1/5119 3786/1/3591 1228/1/1166 3806/1/3611
f 3788/1/3593 5389/1/5119 3806/1/3611 1229/1/1167
f 792/1/760 2920/1/2786 5390/1/5120 3789/1/3594
f 2920/1/2786 790/1/758 3787/1/3592 5390/1/5120
f 5390/1/5120 3787/1/3592 1219/1/1157 3797/1/3602
f 3789/1/3594 5390/1/5120 3797/1/3602 1220/1/1158
f 794/1/762 2919/1/2785 5391/1/5121 3791/1/3596
f 2919/1/2785 791/1/759 3788/1/3593 5391/1/5121
f 5391/1/5121 3788/1/3593 1229/1/1167 3807/1/3612
f 3791/1/3596 5391/1/5121 3807/1/3612 1230/1/1168
f 796/1/764 2918/1/2784 5392/1/5122 3793/1/3598
f 2918/1/2784 792/1/760 3789/1/3594 5392/1/5122
f 5392/1/5122 3789/1/3594 1220/1/1158 3798/1/3603
f 3793/1/3598 5392/1/5122 3798/1/3603 1221/1/1159
f 793/1/761 2917/1/2783 5393/1/5123 2942/1/2808
f 2917/1/2783 794/1/762 3791/1/3596 5393/1/5123
f 5393/1/5123 3791/1/3596 1230/1/1168 3808/1/3613
f 2942/1/2808 5393/1/5123 3808/1/3613 1231/1/1169
f 1229/1/1167 3806/1/3611 5394/1/5124 3762/1/3567
f 3806/1/3611 1228/1/1166 3763/1/3568 5394/1/5124
f 5394/1/5124 3763/1/3568 1213/1/1151 3776/1/3581
f 3762/1/3567 5394/1/5124 3776/1/3581 1214/1/1152
f 797/1/765 2960/1/2826 5395/1/5125 3809/1/3614
f 2960/1/2826 1339/1/1277 4086/1/3886 5395/1/5125
f 5395/1/5125 4086/1/3886 1407/1/1341 3831/1/3636
f 3809/1/3614 5395/1/5125 3831/1/3636 1239/1/1177
f 798/1/766 2959/1/2825 5396/1/5126 3810/1/3615
f 2959/1/2825 797/1/765 3809/1/3614 5396/1/5126
f 5396/1/5126 3809/1/3614 1239/1/1177 3832/1/3637
f 3810/1/3615 5396/1/5126 3832/1/3637 1240/1/1178
f 799/1/767 2958/1/2824 5397/1/5127 3811/1/3616
f 2958/1/2824 798/1/766 3810/1/3615 5397/1/5127
f 5397/1/5127 3810/1/3615 1240/1/1178 3833/1/3638
f 3811/1/3616 5397/1/5127 3833/1/3638 1241/1/1179
f 800/1/768 2957/1/2823 5398/1/5128 3812/1/3617
f 2957/1/2823 807/1/775 2971/1/2837 5398/1/5128
f 5398/1/5128 2971/1/2837 1246/1/1184 3824/1/3629
f 3812/1/3617 5398/1/5128 3824/1/3629 1232/1/1170
f 801/1/769 2956/1/2822 5399/1/5129 3813/1/3618
f 2956/1/2822 799/1/767 3811/1/3616 5399/1/5129
f 5399/1/5129 3811/1/3616 1241/1/1179 3834/1/3639
f 3813/1/3618 5399/1/5129 3834/1/3639 1242/1/1180
f 802/1/770 2955/1/2821 5400/1/5130 3814/1/3619
f 2955/1/2821 800/1/768 3812/1/3617 5400/1/5130
f 5400/1/5130 3812/1/3617 1232/1/1170 3825/1/3630
f 3814/1/3619 5400/1/5130 3825/1/3630 1233/1/1171
f 803/1/771 2954/1/2820 5401/1/5131 3815/1/3620
f 2954/1/2820 801/1/769 3813/1/3618 5401/1/5131
f 5401/1/5131 3813/1/3618 1242/1/1180 3835/1/3640
f 3815/1/3620 5401/1/5131 3835/1/3640 1243/1/1181
f 804/1/772 2953/1/2819 5402/1/5132 3816/1/3621
f 2953/1/2819 802/1/770 3814/1/3619 5402/1/5132
f 5402/1/5132 3814/1/3619 1233/1/1171 3826/1/3631
f 3816/1/3621 5402/1/5132 3826/1/3631 1234/1/1172
f 805/1/773 2952/1/2818 5403/1/5133 3817/1/3622
f 2952/1/2818 803/1/771 3815/1/3620 5403/1/5133
f 5403/1/5133 3815/1/3620 1243/1/1181 3836/1/3641
f 3817/1/3622 5403/1/5133 3836/1/3641 1244/1/1182
f 806/1/774 2951/1/2817 5404/1/5134 3818/1/3623
f 2951/1/2817 804/1/772 3816/1/3621 5404/1/5134
f 5404/1/5134 3816/1/3621 1234/1/1172 3827/1/3632
f 3818/1/3623 5404/1/5134 3827/1/3632 1235/1/1173
f 808/1/776 2950/1/2816 5405/1/5135 3820/1/3625
f 2950/1/2816 805/1/773 3817/1/3622 5405/1/5135
f 5405/1/5135 3817/1/3622 1244/1/1182 3837/1/3642
f 3820/1/3625 5405/1/5135 3837/1/3642 1245/1/1183
f 809/1/777 2949/1/2815 5406/1/5136 3821/1/3626
f 2949/1/2815 806/1/774 3818/1/3623 5406/1/5136
f 5406/1/5136 3818/1/3623 1235/1/1173 3828/1/3633
f 3821/1/3626 5406/1/5136 3828/1/3633 1236/1/1174
f 807/1/775 2948/1/2814 5407/1/5137 2971/1/2837
f 2948/1/2814 808/1/776 3820/1/3625 5407/1/5137
f 5407/1/5137 3820/1/3625 1245/1/1183 3838/1/3643
f 2971/1/2837 5407/1/5137 3838/1/3643 1246/1/1184
f 810/1/778 2947/1/2813 5408/1/5138 3822/1/3627
f 2947/1/2813 809/1/777 3821/1/3626 5408/1/5138
f 5408/1/5138 3821/1/3626 1236/1/1174 3829/1/3634
f 3822/1/3627 5408/1/5138 3829/1/3634 1237/1/1175
f 811/1/779 2946/1/2812 5409/1/5139 3823/1/3628
f 2946/1/2812 810/1/778 3822/1/3627 5409/1/5139
f 5409/1/5139 3822/1/3627 1237/1/1175 3830/1/3635
f 3823/1/3628 5409/1/5139 3830/1/3635 1238/1/1176
f 795/1/763 2916/1/2782 5410/1/5140 2944/1/2810
f 2916/1/2782 796/1/764 3793/1/3598 5410/1/5140
f 5410/1/5140 3793/1/3598 1221/1/1159 3799/1/3604
f 2944/1/2810 5410/1/5140 3799/1/3604 1222/1/1160
f 1270/1/1208 3892/1/3697 5411/1/5141 3839/1/3644
f 3892/1/3697 1269/1/1207 3853/1/3658 5411/1/5141
f 5411/1/5141 3853/1/3658 1254/1/1192 3862/1/3667
f 3839/1/3644 5411/1/5141 3862/1/3667 1255/1/1193
f 1271/1/1209 3893/1/3698 5412/1/5142 3840/1/3645
f 3893/1/3698 1270/1/1208 3839/1/3644 5412/1/5142
f 5412/1/5142 3839/1/3644 1255/1/1193 3863/1/3668
f 3840/1/3645 5412/1/5142 3863/1/3668 1256/1/1194
f 1262/1/1200 3884/1/3689 5413/1/5143 3841/1/3646
f 3884/1/3689 1276/1/1214 3848/1/3653 5413/1/5143
f 5413/1/5143 3848/1/3653 1261/1/1199 3854/1/3659
f 3841/1/3646 5413/1/5143 3854/1/3659 1247/1/1185
f 1272/1/1210 3894/1/3699 5414/1/5144 3842/1/3647
f 3894/1/3699 1271/1/1209 3840/1/3645 5414/1/5144
f 5414/1/5144 3840/1/3645 1256/1/1194 3864/1/3669
f 3842/1/3647 5414/1/5144 3864/1/3669 1257/1/1195
f 1263/1/1201 3885/1/3690 5415/1/5145 3843/1/3648
f 3885/1/3690 1262/1/1200 3841/1/3646 5415/1/5145
f 5415/1/5145 3841/1/3646 1247/1/1185 3855/1/3660
f 3843/1/3648 5415/1/5145 3855/1/3660 1248/1/1186
f 1273/1/1211 3895/1/3700 5416/1/5146 3844/1/3649
f 3895/1/3700 1272/1/1210 3842/1/3647 5416/1/5146
f 5416/1/5146 3842/1/3647 1257/1/1195 3865/1/3670
f 3844/1/3649 5416/1/5146 3865/1/3670 1258/1/1196
f 1264/1/1202 3886/1/3691 5417/1/5147 3845/1/3650
f 3886/1/3691 1263/1/1201 3843/1/3648 5417/1/5147
f 5417/1/5147 3843/1/3648 1248/1/1186 3856/1/3661
f 3845/1/3650 5417/1/5147 3856/1/3661 1249/1/1187
f 1274/1/1212 3896/1/3701 5418/1/5148 3846/1/3651
f 3896/1/3701 1273/1/1211 3844/1/3649 5418/1/5148
f 5418/1/5148 3844/1/3649 1258/1/1196 3866/1/3671
f 3846/1/3651 5418/1/5148 3866/1/3671 1259/1/1197
f 1265/1/1203 3887/1/3692 5419/1/5149 3847/1/3652
f 3887/1/3692 1264/1/1202 3845/1/3650 5419/1/5149
f 5419/1/5149 3845/1/3650 1249/1/1187 3857/1/3662
f 3847/1/3652 5419/1/5149 3857/1/3662 1250/1/1188
f 1275/1/1213 3897/1/3702 5420/1/5150 3849/1/3654
f 3897/1/3702 1274/1/1212 3846/1/3651 5420/1/5150
f 5420/1/5150 3846/1/3651 1259/1/1197 3867/1/3672
f 3849/1/3654 5420/1/5150 3867/1/3672 1260/1/1198
f 1266/1/1204 3888/1/3693 5421/1/5151 3850/1/3655
f 3888/1/3693 1265/1/1203 3847/1/3652 5421/1/5151
f 5421/1/5151 3847/1/3652 1250/1/1188 3858/1/3663
f 3850/1/3655 5421/1/5151 3858/1/3663 1251/1/1189
f 1276/1/1214 3898/1/3703 5422/1/5152 3848/1/3653
f 3898/1/3703 1275/1/1213 3849/1/3654 5422/1/5152
f 5422/1/5152 3849/1/3654 1260/1/1198 3868/1/3673
f 3848/1/3653 5422/1/5152 3868/1/3673 1261/1/1199
f 1267/1/1205 3889/1/3694 5423/1/5153 3851/1/3656
f 3889/1/3694 1266/1/1204 3850/1/3655 5423/1/5153
f 5423/1/5153 3850/1/3655 1251/1/1189 3859/1/3664
f 3851/1/3656 5423/1/5153 3859/1/3664 1252/1/1190
f 1268/1/1206 3890/1/3695 5424/1/5154 3852/1/3657
f 3890/1/3695 1267/1/1205 3851/1/3656 5424/1/5154
f 5424/1/5154 3851/1/3656 1252/1/1190 3860/1/3665
f 3852/1/3657 5424/1/5154 3860/1/3665 1253/1/1191
f 1269/1/1207 3891/1/3696 5425/1/5155 3853/1/3658
f 3891/1/3696 1345/1/1283 4019/1/3824 5425/1/5155
f 5425/1/5155 4019/1/3824 1342/1/1280 3861/1/3666
f 3853/1/3658 5425/1/5155 3861/1/3666 1254/1/1192
f 1278/1/1216 3915/1/3720 5426/1/5156 3869/1/3674
f 3915/1/3720 1277/1/1215 3880/1/3685 5426/1/5156
f 5426/1/5156 3880/1/3685 1262/1/1200 3885/1/3690
f 3869/1/3674 5426/1/5156 3885/1/3690 1263/1/1201
f 1288/1/1226 3925/1/3730 5427/1/5157 3870/1/3675
f 3925/1/3730 1287/1/1225 3882/1/3687 5427/1/5157
f 5427/1/5157 3882/1/3687 1272/1/1210 3895/1/3700
f 3870/1/3675 5427/1/5157 3895/1/3700 1273/1/1211
f 1279/1/1217 3916/1/3721 5428/1/5158 3871/1/3676
f 3916/1/3721 1278/1/1216 3869/1/3674 5428/1/5158
f 5428/1/5158 3869/1/3674 1263/1/1201 3886/1/3691
f 3871/1/3676 5428/1/5158 3886/1/3691 1264/1/1202
f 1289/1/1227 3926/1/3731 5429/1/5159 3872/1/3677
f 3926/1/3731 1288/1/1226 3870/1/3675 5429/1/5159
f 5429/1/5159 3870/1/3675 1273/1/1211 3896/1/3701
f 3872/1/3677 5429/1/5159 3896/1/3701 1274/1/1212
f 1280/1/1218 3917/1/3722 5430/1/5160 3873/1/3678
f 3917/1/3722 1279/1/1217 3871/1/3676 5430/1/5160
f 5430/1/5160 3871/1/3676 1264/1/1202 3887/1/3692
f 3873/1/3678 5430/1/5160 3887/1/3692 1265/1/1203
f 1290/1/1228 3927/1/3732 5431/1/5161 3874/1/3679
f 3927/1/3732 1289/1/1227 3872/1/3677 5431/1/5161
f 5431/1/5161 3872/1/3677 1274/1/1212 3897/1/3702
f 3874/1/3679 5431/1/5161 3897/1/3702 1275/1/1213
f 1281/1/1219 3918/1/3723 5432/1/5162 3875/1/3680
f 3918/1/3723 1280/1/1218 3873/1/3678 5432/1/5162
f 5432/1/5162 3873/1/3678 1265/1/1203 3888/1/3693
f 3875/1/3680 5432/1/5162 3888/1/3693 1266/1/1204
f 1291/1/1229 3928/1/3733 5433/1/5163 3881/1/3686
f 3928/1/3733 1290/1/1228 3874/1/3679 5433/1/5163
f 5433/1/5163 3874/1/3679 1275/1/1213 3898/1/3703
f 3881/1/3686 5433/1/5163 3898/1/3703 1276/1/1214
f 1282/1/1220 3919/1/3724 5434/1/5164 3876/1/3681
f 3919/1/3724 1281/1/1219 3875/1/3680 5434/1/5164
f 5434/1/5164 3875/1/3680 1266/1/1204 3889/1/3694
f 3876/1/3681 5434/1/5164 3889/1/3694 1267/1/1205
f 1283/1/1221 3920/1/3725 5435/1/5165 3877/1/3682
f 3920/1/3725 1282/1/1220 3876/1/3681 5435/1/5165
f 5435/1/5165 3876/1/3681 1267/1/1205 3890/1/3695
f 3877/1/3682 5435/1/5165 3890/1/3695 1268/1/1206
f 1284/1/1222 3921/1/3726 5436/1/5166 3878/1/3683
f 3921/1/3726 1346/1/1284 4021/1/3826 5436/1/5166
f 5436/1/5166 4021/1/3826 1345/1/1283 3891/1/3696
f 3878/1/3683 5436/1/5166 3891/1/3696 1269/1/1207
f 1285/1/1223 3922/1/3727 5437/1/5167 3879/1/3684
f 3922/1/3727 1284/1/1222 3878/1/3683 5437/1/5167
f 5437/1/5167 3878/1/3683 1269/1/1207 3892/1/3697
f 3879/1/3684 5437/1/5167 3892/1/3697 1270/1/1208
f 1286/1/1224 3923/1/3728 5438/1/5168 3883/1/3688
f 3923/1/3728 1285/1/1223 3879/1/3684 5438/1/5168
f 5438/1/5168 3879/1/3684 1270/1/1208 3893/1/3698
f 3883/1/3688 5438/1/5168 3893/1/3698 1271/1/1209
f 1277/1/1215 3914/1/3719 5439/1/5169 3880/1/3685
f 3914/1/3719 1291/1/1229 3881/1/3686 5439/1/5169
f 5439/1/5169 3881/1/3686 1276/1/1214 3884/1/3689
f 3880/1/3685 5439/1/5169 3884/1/3689 1262/1/1200
f 1287/1/1225 3924/1/3729 5440/1/5170 3882/1/3687
f 3924/1/3729 1286/1/1224 3883/1/3688 5440/1/5170
f 5440/1/5170 3883/1/3688 1271/1/1209 3894/1/3699
f 3882/1/3687 5440/1/5170 3894/1/3699 1272/1/1210
f 1314/1/1252 3981/1/3786 5441/1/5171 3899/1/3704
f 3981/1/3786 1344/1/1282 4022/1/3827 5441/1/5171
f 5441/1/5171 4022/1/3827 1346/1/1284 3921/1/3726
f 3899/1/3704 5441/1/5171 3921/1/3726 1284/1/1222
f 1315/1/1253 3982/1/3787 5442/1/5172 3900/1/3705
f 3982/1/3787 1314/1/1252 3899/1/3704 5442/1/5172
f 5442/1/5172 3899/1/3704 1284/1/1222 3922/1/3727
f 3900/1/3705 5442/1/5172 3922/1/3727 1285/1/1223
f 1316/1/1254 3983/1/3788 5443/1/5173 3901/1/3706
f 3983/1/3788 1315/1/1253 3900/1/3705 5443/1/5173
f 5443/1/5173 3900/1/3705 1285/1/1223 3923/1/3728
f 3901/1/3706 5443/1/5173 3923/1/3728 1286/1/1224
f 1307/1/1245 3974/1/3779 5444/1/5174 3902/1/3707
f 3974/1/3779 1321/1/1259 3909/1/3714 5444/1/5174
f 5444/1/5174 3909/1/3714 1291/1/1229 3914/1/3719
f 3902/1/3707 5444/1/5174 3914/1/3719 1277/1/1215
f 1317/1/1255 3984/1/3789 5445/1/5175 3903/1/3708
f 3984/1/3789 1316/1/1254 3901/1/3706 5445/1/5175
f 5445/1/5175 3901/1/3706 1286/1/1224 3924/1/3729
f 3903/1/3708 5445/1/5175 3924/1/3729 1287/1/1225
f 1308/1/1246 3975/1/3780 5446/1/5176 3904/1/3709
f 3975/1/3780 1307/1/1245 3902/1/3707 5446/1/5176
f 5446/1/5176 3902/1/3707 1277/1/1215 3915/1/3720
f 3904/1/3709 5446/1/5176 3915/1/3720 1278/1/1216
f 1318/1/1256 3985/1/3790 5447/1/5177 3905/1/3710
f 3985/1/3790 1317/1/1255 3903/1/3708 5447/1/5177
f 5447/1/5177 3903/1/3708 1287/1/1225 3925/1/3730
f 3905/1/3710 5447/1/5177 3925/1/3730 1288/1/1226
f 1309/1/1247 3976/1/3781 5448/1/5178 3906/1/3711
f 3976/1/3781 1308/1/1246 3904/1/3709 5448/1/5178
f 5448/1/5178 3904/1/3709 1278/1/1216 3916/1/3721
f 3906/1/3711 5448/1/5178 3916/1/3721 1279/1/1217
f 1319/1/1257 3986/1/3791 5449/1/5179 3907/1/3712
f 3986/1/3791 1318/1/1256 3905/1/3710 5449/1/5179
f 5449/1/5179 3905/1/3710 1288/1/1226 3926/1/3731
f 3907/1/3712 5449/1/5179 3926/1/3731 1289/1/1227
f 1310/1/1248 3977/1/3782 5450/1/5180 3908/1/3713
f 3977/1/3782 1309/1/1247 3906/1/3711 5450/1/5180
f 5450/1/5180 3906/1/3711 1279/1/1217 3917/1/3722
f 3908/1/3713 5450/1/5180 3917/1/3722 1280/1/1218
f 1320/1/1258 3987/1/3792 5451/1/5181 3910/1/3715
f 3987/1/3792 1319/1/1257 3907/1/3712 5451/1/5181
f 5451/1/5181 3907/1/3712 1289/1/1227 3927/1/3732
f 3910/1/3715 5451/1/5181 3927/1/3732 1290/1/1228
f 1311/1/1249 3978/1/3783 5452/1/5182 3911/1/3716
f 3978/1/3783 1310/1/1248 3908/1/3713 5452/1/5182
f 5452/1/5182 3908/1/3713 1280/1/1218 3918/1/3723
f 3911/1/3716 5452/1/5182 3918/1/3723 1281/1/1219
f 1321/1/1259 3988/1/3793 5453/1/5183 3909/1/3714
f 3988/1/3793 1320/1/1258 3910/1/3715 5453/1/5183
f 5453/1/5183 3910/1/3715 1290/1/1228 3928/1/3733
f 3909/1/3714 5453/1/5183 3928/1/3733 1291/1/1229
f 1312/1/1250 3979/1/3784 5454/1/5184 3913/1/3718
f 3979/1/3784 1311/1/1249 3911/1/3716 5454/1/5184
f 5454/1/5184 3911/1/3716 1281/1/1219 3919/1/3724
f 3913/1/3718 5454/1/5184 3919/1/3724 1282/1/1220
f 1313/1/1251 3980/1/3785 5455/1/5185 3912/1/3717
f 3980/1/3785 1312/1/1250 3913/1/3718 5455/1/5185
f 5455/1/5185 3913/1/3718 1282/1/1220 3920/1/3725
f 3912/1/3717 5455/1/5185 3920/1/3725 1283/1/1221
f 883/1/836 4000/1/3805 5456/1/5186 3972/1/3777
f 4000/1/3805 882/1/835 3958/1/3763 5456/1/5186
f 5456/1/5186 3958/1/3763 1306/1/1244 3929/1/3734
f 3972/1/3777 5456/1/5186 3929/1/3734 1305/1/1243
f 873/1/826 3990/1/3795 5457/1/5187 3970/1/3775
f 3990/1/3795 872/1/825 3956/1/3761 5457/1/5187
f 5457/1/5187 3956/1/3761 1304/1/1242 3930/1/3735
f 3970/1/3775 5457/1/5187 3930/1/3735 1303/1/1241
f 882/1/835 3999/1/3804 5458/1/5188 3958/1/3763
f 3999/1/3804 881/1/834 3954/1/3759 5458/1/5188
f 5458/1/5188 3954/1/3759 1302/1/1240 3931/1/3736
f 3958/1/3763 5458/1/5188 3931/1/3736 1306/1/1244
f 872/1/825 3989/1/3794 5459/1/5189 3956/1/3761
f 3989/1/3794 885/1/838 3953/1/3758 5459/1/5189
f 5459/1/5189 3953/1/3758 1301/1/1239 3932/1/3737
f 3956/1/3761 5459/1/5189 3932/1/3737 1304/1/1242
f 881/1/834 3998/1/3803 5460/1/5190 3954/1/3759
f 3998/1/3803 880/1/833 3952/1/3757 5460/1/5190
f 5460/1/5190 3952/1/3757 1300/1/1238 3933/1/3738
f 3954/1/3759 5460/1/5190 3933/1/3738 1302/1/1240
f 880/1/833 3997/1/3802 5461/1/5191 3952/1/3757
f 3997/1/3802 879/1/832 3951/1/3756 5461/1/5191
f 5461/1/5191 3951/1/3756 1299/1/1237 3934/1/3739
f 3952/1/3757 5461/1/5191 3934/1/3739 1300/1/1238
f 879/1/832 3996/1/3801 5462/1/5192 3951/1/3756
f 3996/1/3801 1349/1/1287 4025/1/3830 5462/1/5192
f 5462/1/5192 4025/1/3830 1348/1/1286 3935/1/3740
f 3951/1/3756 5462/1/5192 3935/1/3740 1299/1/1237
f 878/1/831 3995/1/3800 5463/1/5193 3950/1/3755
f 3995/1/3800 877/1/830 3949/1/3754 5463/1/5193
f 5463/1/5193 3949/1/3754 1297/1/1235 3936/1/3741
f 3950/1/3755 5463/1/5193 3936/1/3741 1298/1/1236
f 877/1/830 3994/1/3799 5464/1/5194 3949/1/3754
f 3994/1/3799 876/1/829 3948/1/3753 5464/1/5194
f 5464/1/5194 3948/1/3753 1296/1/1234 3937/1/3742
f 3949/1/3754 5464/1/5194 3937/1/3742 1297/1/1235
f 885/1/838 4003/1/3808 5465/1/5195 3953/1/3758
f 4003/1/3808 886/1/839 3947/1/3752 5465/1/5195
f 5465/1/5195 3947/1/3752 1295/1/1233 3938/1/3743
f 3953/1/3758 5465/1/5195 3938/1/3743 1301/1/1239
f 876/1/829 3993/1/3798 5466/1/5196 3948/1/3753
f 3993/1/3798 875/1/828 3946/1/3751 5466/1/5196
f 5466/1/5196 3946/1/3751 1294/1/1232 3939/1/3744
f 3948/1/3753 5466/1/5196 3939/1/3744 1296/1/1234
f 886/1/839 4002/1/3807 5467/1/5197 3947/1/3752
f 4002/1/3807 884/1/837 3945/1/3750 5467/1/5197
f 5467/1/5197 3945/1/3750 1293/1/1231 3940/1/3745
f 3947/1/3752 5467/1/5197 3940/1/3745 1295/1/1233
f 875/1/828 3992/1/3797 5468/1/5198 3946/1/3751
f 3992/1/3797 874/1/827 3944/1/3749 5468/1/5198
f 5468/1/5198 3944/1/3749 1292/1/1230 3941/1/3746
f 3946/1/3751 5468/1/5198 3941/1/3746 1294/1/1232
f 884/1/837 4001/1/3806 5469/1/5199 3945/1/3750
f 4001/1/3806 883/1/836 3972/1/3777 5469/1/5199
f 5469/1/5199 3972/1/3777 1305/1/1243 3942/1/3747
f 3945/1/3750 5469/1/5199 3942/1/3747 1293/1/1231
f 874/1/827 3991/1/3796 5470/1/5200 3944/1/3749
f 3991/1/3796 873/1/826 3970/1/3775 5470/1/5200
f 5470/1/5200 3970/1/3775 1303/1/1241 3943/1/3748
f 3944/1/3749 5470/1/5200 3943/1/3748 1292/1/1230
f 814/1/782 2990/1/2856 5471/1/5201 3959/1/3764
f 2990/1/2856 812/1/780 2991/1/2857 5471/1/5201
f 5471/1/5201 2991/1/2857 1308/1/1246 3976/1/3781
f 3959/1/3764 5471/1/5201 3976/1/3781 1309/1/1247
f 815/1/783 2989/1/2855 5472/1/5202 3960/1/3765
f 2989/1/2855 813/1/781 2992/1/2858 5472/1/5202
f 5472/1/5202 2992/1/2858 1318/1/1256 3986/1/3791
f 3960/1/3765 5472/1/5202 3986/1/3791 1319/1/1257
f 816/1/784 2988/1/2854 5473/1/5203 3961/1/3766
f 2988/1/2854 814/1/782 3959/1/3764 5473/1/5203
f 5473/1/5203 3959/1/3764 1309/1/1247 3977/1/3782
f 3961/1/3766 5473/1/5203 3977/1/3782 1310/1/1248
f 817/1/785 2987/1/2853 5474/1/5204 3962/1/3767
f 2987/1/2853 815/1/783 3960/1/3765 5474/1/5204
f 5474/1/5204 3960/1/3765 1319/1/1257 3987/1/3792
f 3962/1/3767 5474/1/5204 3987/1/3792 1320/1/1258
f 818/1/786 2986/1/2852 5475/1/5205 3963/1/3768
f 2986/1/2852 816/1/784 3961/1/3766 5475/1/5205
f 5475/1/5205 3961/1/3766 1310/1/1248 3978/1/3783
f 3963/1/3768 5475/1/5205 3978/1/3783 1311/1/1249
f 823/1/791 2985/1/2851 5476/1/5206 3968/1/3773
f 2985/1/2851 817/1/785 3962/1/3767 5476/1/5206
f 5476/1/5206 3962/1/3767 1320/1/1258 3988/1/3793
f 3968/1/3773 5476/1/5206 3988/1/3793 1321/1/1259
f 819/1/787 2984/1/2850 5477/1/5207 3964/1/3769
f 2984/1/2850 818/1/786 3963/1/3768 5477/1/5207
f 5477/1/5207 3963/1/3768 1311/1/1249 3979/1/3784
f 3964/1/3769 5477/1/5207 3979/1/3784 1312/1/1250
f 820/1/788 2983/1/2849 5478/1/5208 3965/1/3770
f 2983/1/2849 819/1/787 3964/1/3769 5478/1/5208
f 5478/1/5208 3964/1/3769 1312/1/1250 3980/1/3785
f 3965/1/3770 5478/1/5208 3980/1/3785 1313/1/1251
f 821/1/789 2982/1/2848 5479/1/5209 3966/1/3771
f 2982/1/2848 1343/1/1281 4020/1/3825 5479/1/5209
f 5479/1/5209 4020/1/3825 1344/1/1282 3981/1/3786
f 3966/1/3771 5479/1/5209 3981/1/3786 1314/1/1252
f 822/1/790 2981/1/2847 5480/1/5210 3967/1/3772
f 2981/1/2847 821/1/789 3966/1/3771 5480/1/5210
f 5480/1/5210 3966/1/3771 1314/1/1252 3982/1/3787
f 3967/1/3772 5480/1/5210 3982/1/3787 1315/1/1253
f 824/1/792 2980/1/2846 5481/1/5211 3969/1/3774
f 2980/1/2846 822/1/790 3967/1/3772 5481/1/5211
f 5481/1/5211 3967/1/3772 1315/1/1253 3983/1/3788
f 3969/1/3774 5481/1/5211 3983/1/3788 1316/1/1254
f 825/1/793 2979/1/2845 5482/1/5212 3971/1/3776
f 2979/1/2845 823/1/791 3968/1/3773 5482/1/5212
f 5482/1/5212 3968/1/3773 1321/1/1259 3974/1/3779
f 3971/1/3776 5482/1/5212 3974/1/3779 1307/1/1245
f 826/1/794 2978/1/2844 5483/1/5213 3973/1/3778
f 2978/1/2844 824/1/792 3969/1/3774 5483/1/5213
f 5483/1/5213 3969/1/3774 1316/1/1254 3984/1/3789
f 3973/1/3778 5483/1/5213 3984/1/3789 1317/1/1255
f 812/1/780 2977/1/2843 5484/1/5214 2991/1/2857
f 2977/1/2843 825/1/793 3971/1/3776 5484/1/5214
f 5484/1/5214 3971/1/3776 1307/1/1245 3975/1/3780
f 2991/1/2857 5484/1/5214 3975/1/3780 1308/1/1246
f 813/1/781 2976/1/2842 5485/1/5215 2992/1/2858
f 2976/1/2842 826/1/794 3973/1/3778 5485/1/5215
f 5485/1/5215 3973/1/3778 1317/1/1255 3985/1/3790
f 2992/1/2858 5485/1/5215 3985/1/3790 1318/1/1256
f 1690/1/1624 4358/1/4152 5655/1/5376 5620/1/5341
f 4868/1/4629 2669/1/2541 5626/1/5347 5659/1/5380
f 3042/1/2908 5527/1/5255 5675/1/5396 5633/1/5354
f 3050/1/2916 5005/1/4766 5660/1/5381 5641/1/5362
f 5011/1/4772 3042/1/2908 5633/1/5354 5666/1/5387
f 3048/1/2914 5018/1/4779 5673/1/5394 5639/1/5360
f 1683/1/1617 4351/1/4145 5648/1/5369 5613/1/5334
f 4357/1/4151 1690/1/1624 5620/1/5341 5654/1/5375
f 5527/1/5255 4029/1/3833 5643/1/5364 5675/1/5396
f 3041/1/2907 5011/1/4772 5666/1/5387 5632/1/5353
f 5017/1/4778 3048/1/2914 5639/1/5360 5672/1/5393
f 4350/1/4144 1683/1/1617 5613/1/5334 5647/1/5368
f 1689/1/1623 4357/1/4151 5654/1/5375 5619/1/5340
f 5551/1/5278 2667/1/2539 5625/1/5346 5677/1/5398
f 5010/1/4771 3041/1/2907 5632/1/5353 5665/1/5386
f 3047/1/2913 5017/1/4778 5672/1/5393 5638/1/5359
f 1682/1/1616 4350/1/4144 5647/1/5368 5612/1/5333
f 1340/1/1278 4035/1/3838 5487/1/5217 4124/1/3922
f 4035/1/3838 1355/1/1291 4093/1/3893 5487/1/5217
f 5487/1/5217 4093/1/3893 1253/1/1191 2975/1/2841
f 4124/1/3922 5487/1/5217 2975/1/2841 811/1/779
f 1361/1/1297 4039/1/3842 5488/1/5218 4113/1/3911
f 4039/1/3842 1354/1/1290 4122/1/3920 5488/1/5218
f 5488/1/5218 4122/1/3920 878/1/831 3950/1/3755
f 4113/1/3911 5488/1/5218 3950/1/3755 1298/1/1236
f 1359/1/1295 4037/1/3840 5489/1/5219 4112/1/3910
f 4037/1/3840 1360/1/1296 4109/1/3907 5489/1/5219
f 5489/1/5219 4109/1/3907 835/1/803 2999/1/2865
f 4112/1/3910 5489/1/5219 2999/1/2865 820/1/788
f 1374/1/1308 4052/1/3852 5490/1/5220 4114/1/3912
f 4052/1/3852 1375/1/1309 4110/1/3908 5490/1/5220
f 5490/1/5220 4110/1/3908 723/1/691 3240/1/3046
f 4114/1/3912 5490/1/5220 3240/1/3046 953/1/891
f 1392/1/1326 4071/1/3871 5491/1/5221 4115/1/3913
f 4071/1/3871 1393/1/1327 4125/1/3923 5491/1/5221
f 5491/1/5221 4125/1/3923 753/1/721 2872/1/2738
f 4115/1/3913 5491/1/5221 2872/1/2738 738/1/706
f 1353/1/1289 4031/1/139 5492/1/139 4098/1/3898
f 4031/1/139 1352/1/139 4106/1/139 5492/1/139
f 5492/1/139 4106/1/139 848/1/139 3065/1/139
f 4098/1/3898 5492/1/139 3065/1/139 863/1/816
f 1356/1/1292 4033/1/3836 5493/1/5222 4090/1/3890
f 4033/1/3836 1357/1/1293 4088/1/3888 5493/1/5222
f 5493/1/5222 4088/1/3888 1283/1/1221 3877/1/3682
f 4090/1/3890 5493/1/5222 3877/1/3682 1268/1/1206
f 1384/1/1318 4061/1/3861 5494/1/5223 4129/1/3927
f 4061/1/3861 1396/1/1330 4130/1/3928 5494/1/5223
f 5494/1/5223 4130/1/3928 630/1/602 2644/1/2517
f 4129/1/3927 5494/1/5223 2644/1/2517 629/1/601
f 1331/1/1269 4009/1/3814 5495/1/5224 4099/1/3899
f 4009/1/3814 1332/1/1270 4119/1/3917 5495/1/5224
f 5495/1/5224 4119/1/3917 1148/1/1086 3607/1/3412
f 4099/1/3899 5495/1/5224 3607/1/3412 1133/1/1071
f 1391/1/1325 4070/1/3870 5496/1/5225 4128/1/3926
f 4070/1/3870 1392/1/1326 4115/1/3913 5496/1/5225
f 5496/1/5225 4115/1/3913 738/1/706 2842/1/2708
f 4128/1/3926 5496/1/5225 2842/1/2708 1028/1/966
f 1358/1/1294 4034/1/3837 5497/1/5226 4091/1/3891
f 4034/1/3837 1359/1/1295 4112/1/3910 5497/1/5226
f 5497/1/5226 4112/1/3910 820/1/788 3965/1/3770
f 4091/1/3891 5497/1/5226 3965/1/3770 1313/1/1251
f 1395/1/1329 4074/1/3874 5498/1/5227 4123/1/3921
f 4074/1/3874 1326/1/1264 4102/1/3902 5498/1/5227
f 5498/1/5227 4102/1/3902 1058/1/996 3433/1/3238
f 4123/1/3921 5498/1/5227 3433/1/3238 1043/1/981
f 1365/1/1300 4041/1/3844 5499/1/5228 3201/1/3007
f 4041/1/3844 1368/1/1302 3171/1/2977 5499/1/5228
f 5499/1/5228 3171/1/2977 894/1/847 3156/1/2962
f 3201/1/3007 5499/1/5228 3156/1/2962 909/1/862
f 1370/1/1304 4051/1/3851 5500/1/5229 4094/1/3894
f 4051/1/3851 1374/1/1308 4114/1/3912 5500/1/5229
f 5500/1/5229 4114/1/3912 953/1/891 2787/1/2653
f 4094/1/3894 5500/1/5229 2787/1/2653 713/1/681
f 1364/1/1299 4045/1/3846 5501/1/5230 4100/1/3900
f 4045/1/3846 1369/1/1303 4092/1/3892 5501/1/5230
f 5501/1/5230 4092/1/3892 938/1/876 3193/1/2999
f 4100/1/3900 5501/1/5230 3193/1/2999 908/1/861
f 1393/1/1327 4073/1/3873 5502/1/5231 4125/1/3923
f 4073/1/3873 1394/1/1328 4127/1/3925 5502/1/5231
f 5502/1/5231 4127/1/3925 780/1/748 2914/1/2780
f 4125/1/3923 5502/1/5231 2914/1/2780 753/1/721
f 1327/1/1265 4005/1/3810 5503/1/5232 4126/1/3924
f 4005/1/3810 1328/1/1266 4087/1/3887 5503/1/5232
f 5503/1/5232 4087/1/3887 1088/1/1026 3484/1/3289
f 4126/1/3924 5503/1/5232 3484/1/3289 1073/1/1011
f 1368/1/1302 4044/1/200 5504/1/200 3171/1/2977
f 4044/1/200 1362/1/200 3141/1/200 5504/1/200
f 5504/1/200 3141/1/200 924/1/200 3126/1/200
f 3171/1/2977 5504/1/200 3126/1/200 894/1/847
f 1337/1/1275 4014/1/3819 5505/1/5233 4108/1/3906
f 4014/1/3819 1336/1/1274 4096/1/3896 5505/1/5233
f 5505/1/5233 4096/1/3896 1223/1/1161 3753/1/3558
f 4108/1/3906 5505/1/5233 3753/1/3558 1208/1/1146
f 1354/1/1290 4030/1/3834 5506/1/5234 4122/1/3920
f 4030/1/3834 1353/1/1289 4098/1/3898 5506/1/5234
f 5506/1/5234 4098/1/3898 863/1/816 3095/1/2931
f 4122/1/3920 5506/1/5234 3095/1/2931 878/1/831
f 1329/1/1267 4007/1/3812 5507/1/5235 4103/1/3903
f 4007/1/3812 1330/1/1268 4095/1/3895 5507/1/5235
f 5507/1/5235 4095/1/3895 1118/1/1056 3553/1/3358
f 4103/1/3903 5507/1/5235 3553/1/3358 1103/1/1041
f 1375/1/1309 4065/1/3865 5508/1/5236 4110/1/3908
f 4065/1/3865 1387/1/1321 4101/1/3901 5508/1/5236
f 5508/1/5236 4101/1/3901 968/1/906 2812/1/2678
f 4110/1/3908 5508/1/5236 2812/1/2678 723/1/691
f 1336/1/1274 4015/1/3820 5509/1/5237 4096/1/3896
f 4015/1/3820 1338/1/1276 4104/1/3904 5509/1/5237
f 5509/1/5237 4104/1/3904 782/1/750 3779/1/3584
f 4096/1/3896 5509/1/5237 3779/1/3584 1223/1/1161
f 1388/1/1322 4068/1/3868 5510/1/5238 4117/1/3915
f 4068/1/3868 1390/1/1324 4111/1/3909 5510/1/5238
f 5510/1/5238 4111/1/3909 1013/1/951 3337/1/3143
f 4117/1/3915 5510/1/5238 3337/1/3143 998/1/936
f 1357/1/1293 4036/1/3839 5511/1/5239 4088/1/3888
f 4036/1/3839 1358/1/1294 4091/1/3891 5511/1/5239
f 5511/1/5239 4091/1/3891 1313/1/1251 3912/1/3717
f 4088/1/3888 5511/1/5239 3912/1/3717 1283/1/1221
f 1369/1/1303 4047/1/3847 5512/1/5240 4092/1/3892
f 4047/1/3847 1370/1/1304 4094/1/3894 5512/1/5240
f 5512/1/5240 4094/1/3894 713/1/681 3215/1/3021
f 4092/1/3892 5512/1/5240 3215/1/3021 938/1/876
f 1333/1/1271 4011/1/3816 5513/1/5241 4097/1/3897
f 4011/1/3816 1334/1/1272 4121/1/3919 5513/1/5241
f 5513/1/5241 4121/1/3919 1178/1/1116 3672/1/3477
f 4097/1/3897 5513/1/5241 3672/1/3477 1163/1/1101
f 1330/1/1268 4008/1/3813 5514/1/5242 4095/1/3895
f 4008/1/3813 1331/1/1269 4099/1/3899 5514/1/5242
f 5514/1/5242 4099/1/3899 1133/1/1071 3582/1/3387
f 4095/1/3895 5514/1/5242 3582/1/3387 1118/1/1056
f 1335/1/1273 4013/1/3818 5515/1/5243 4116/1/3914
f 4013/1/3818 1337/1/1275 4108/1/3906 5515/1/5243
f 5515/1/5243 4108/1/3906 1208/1/1146 3730/1/3535
f 4116/1/3914 5515/1/5243 3730/1/3535 1193/1/1131
f 1387/1/1321 4066/1/3866 5516/1/5244 4101/1/3901
f 4066/1/3866 1389/1/1323 4120/1/3918 5516/1/5244
f 5516/1/5244 4120/1/3918 983/1/921 3283/1/3089
f 4101/1/3901 5516/1/5244 3283/1/3089 968/1/906
f 1334/1/1272 4012/1/3817 5517/1/5245 4121/1/3919
f 4012/1/3817 1335/1/1273 4116/1/3914 5517/1/5245
f 5517/1/5245 4116/1/3914 1193/1/1131 3703/1/3508
f 4121/1/3919 5517/1/5245 3703/1/3508 1178/1/1116
f 1328/1/1266 4006/1/3811 5518/1/5246 4087/1/3887
f 4006/1/3811 1329/1/1267 4103/1/3903 5518/1/5246
f 5518/1/5246 4103/1/3903 1103/1/1041 3509/1/3314
f 4087/1/3887 5518/1/5246 3509/1/3314 1088/1/1026
f 1338/1/1276 4018/1/3823 5519/1/5247 4104/1/3904
f 4018/1/3823 1341/1/1279 4118/1/3916 5519/1/5247
f 5519/1/5247 4118/1/3916 1238/1/1176 2931/1/2797
f 4104/1/3904 5519/1/5247 2931/1/2797 782/1/750
f 1394/1/1328 4072/1/3872 5520/1/5248 4127/1/3925
f 4072/1/3872 1395/1/1329 4123/1/3921 5520/1/5248
f 5520/1/5248 4123/1/3921 1043/1/981 3402/1/3208
f 4127/1/3925 5520/1/5248 3402/1/3208 780/1/748
f 1390/1/1324 4069/1/3869 5521/1/5249 4111/1/3909
f 4069/1/3869 1391/1/1325 4128/1/3926 5521/1/5249
f 5521/1/5249 4128/1/3926 1028/1/966 3361/1/3167
f 4111/1/3909 5521/1/5249 3361/1/3167 1013/1/951
f 1341/1/1279 4017/1/3822 5522/1/5250 4118/1/3916
f 4017/1/3822 1340/1/1278 4124/1/3922 5522/1/5250
f 5522/1/5250 4124/1/3922 811/1/779 3823/1/3628
f 4118/1/3916 5522/1/5250 3823/1/3628 1238/1/1176
f 1360/1/1296 4038/1/3841 5523/1/5251 4109/1/3907
f 4038/1/3841 1361/1/1297 4113/1/3911 5523/1/5251
f 5523/1/5251 4113/1/3911 1298/1/1236 3029/1/2895
f 4109/1/3907 5523/1/5251 3029/1/2895 835/1/803
f 1332/1/1270 4010/1/3815 5524/1/5252 4119/1/3917
f 4010/1/3815 1333/1/1271 4097/1/3897 5524/1/5252
f 5524/1/5252 4097/1/3897 1163/1/1101 3631/1/3436
f 4119/1/3917 5524/1/5252 3631/1/3436 1148/1/1086
f 1326/1/1264 4004/1/3809 5525/1/5253 4102/1/3902
f 4004/1/3809 1327/1/1265 4126/1/3924 5525/1/5253
f 5525/1/5253 4126/1/3924 1073/1/1011 3461/1/3266
f 4102/1/3902 5525/1/5253 3461/1/3266 1058/1/996
f 1389/1/1323 4067/1/3867 5526/1/5254 4120/1/3918
f 4067/1/3867 1388/1/1322 4117/1/3915 5526/1/5254
f 5526/1/5254 4117/1/3915 998/1/936 3312/1/3118
f 4120/1/3918 5526/1/5254 3312/1/3118 983/1/921
f 1352/1/139 4029/1/3833 5527/1/5255 4106/1/139
f 4356/1/4150 1689/1/1623 5619/1/5340 5653/1/5374
f 4029/1/3833 5551/1/5278 5677/1/5398 5643/1/5364
f 4106/1/139 5527/1/5255 3042/1/2908 848/1/139
f 1355/1/1291 4032/1/3835 5528/1/5256 4093/1/3893
f 4032/1/3835 1356/1/1292 4090/1/3890 5528/1/5256
f 5528/1/5256 4090/1/3890 1268/1/1206 3852/1/3657
f 4093/1/3893 5528/1/5256 3852/1/3657 1253/1/1191
f 1397/1/1331 4076/1/3876 5529/1/5257 4131/1/3929
f 4076/1/3876 1398/1/1332 4132/1/3930 5529/1/5257
f 5529/1/5257 4132/1/3930 632/1/604 2646/1/2519
f 4131/1/3929 5529/1/5257 2646/1/2519 631/1/603
f 1398/1/1332 4077/1/3877 5530/1/5258 4132/1/3930
f 4077/1/3877 1399/1/1333 4133/1/3931 5530/1/5258
f 5530/1/5258 4133/1/3931 633/1/605 2647/1/2520
f 4132/1/3930 5530/1/5258 2647/1/2520 632/1/604
f 1399/1/1333 4078/1/3878 5531/1/5259 4133/1/3931
f 4078/1/3878 1400/1/1334 4134/1/3932 5531/1/5259
f 5531/1/5259 4134/1/3932 634/1/606 2648/1/2521
f 4133/1/3931 5531/1/5259 2648/1/2521 633/1/605
f 1400/1/1334 4079/1/3879 5532/1/5260 4134/1/3932
f 4079/1/3879 1401/1/1335 4135/1/3933 5532/1/5260
f 5532/1/5260 4135/1/3933 635/1/607 2649/1/2522
f 4134/1/3932 5532/1/5260 2649/1/2522 634/1/606
f 1401/1/1335 4081/1/3881 5533/1/5261 4135/1/3933
f 4081/1/3881 1402/1/1336 4136/1/3934 5533/1/5261
f 5533/1/5261 4136/1/3934 636/1/608 2650/1/2523
f 4135/1/3933 5533/1/5261 2650/1/2523 635/1/607
f 1402/1/1336 4080/1/3880 5534/1/5262 4136/1/3934
f 4080/1/3880 1403/1/1337 4137/1/3935 5534/1/5262
f 5534/1/5262 4137/1/3935 637/1/609 2651/1/2524
f 4136/1/3934 5534/1/5262 2651/1/2524 636/1/608
f 1403/1/1337 4082/1/3882 5535/1/5263 4137/1/3935
f 4082/1/3882 1404/1/1338 4138/1/3936 5535/1/5263
f 5535/1/5263 4138/1/3936 639/1/611 2652/1/2525
f 4137/1/3935 5535/1/5263 2652/1/2525 637/1/609
f 1404/1/1338 4083/1/3883 5536/1/5264 4138/1/3936
f 4083/1/3883 1405/1/1339 4139/1/3937 5536/1/5264
f 5536/1/5264 4139/1/3937 638/1/610 2653/1/2526
f 4138/1/3936 5536/1/5264 2653/1/2526 639/1/611
f 1405/1/1339 4084/1/3884 5537/1/5265 4139/1/3937
f 4084/1/3884 1406/1/1340 4140/1/3938 5537/1/5265
f 5537/1/5265 4140/1/3938 640/1/612 2654/1/2527
f 4139/1/3937 5537/1/5265 2654/1/2527 638/1/610
f 1406/1/1340 4085/1/3885 5538/1/5266 4140/1/3938
f 4085/1/3885 1407/1/1341 4141/1/3939 5538/1/5266
f 5538/1/5266 4141/1/3939 643/1/615 2657/1/2530
f 4140/1/3938 5538/1/5266 2657/1/2530 640/1/612
f 1407/1/1341 4086/1/3886 5539/1/5267 4141/1/3939
f 4086/1/3886 1339/1/1277 4142/1/3940 5539/1/5267
f 5539/1/5267 4142/1/3940 642/1/614 2656/1/2529
f 4141/1/3939 5539/1/5267 2656/1/2529 643/1/615
f 1339/1/1277 4016/1/3821 5540/1/5268 4142/1/3940
f 4016/1/3821 1342/1/1280 4143/1/3941 5540/1/5268
f 5540/1/5268 4143/1/3941 658/1/628 2675/1/2546
f 4142/1/3940 5540/1/5268 2675/1/2546 642/1/614
f 1342/1/1280 4019/1/3824 5541/1/5269 4143/1/3941
f 4019/1/3824 1345/1/1283 4144/1/3942 5541/1/5269
f 5541/1/5269 4144/1/3942 659/1/629 2672/1/2543
f 4143/1/3941 5541/1/5269 2672/1/2543 658/1/628
f 1345/1/1283 4021/1/3826 5542/1/5270 4144/1/3942
f 4021/1/3826 1346/1/1284 4145/1/3943 5542/1/5270
f 5542/1/5270 4145/1/3943 660/1/630 2673/1/2544
f 4144/1/3942 5542/1/5270 2673/1/2544 659/1/629
f 1346/1/1284 4022/1/3827 5543/1/5271 4145/1/3943
f 4022/1/3827 1344/1/1282 4146/1/3944 5543/1/5271
f 5543/1/5271 4146/1/3944 661/1/631 2676/1/2547
f 4145/1/3943 5543/1/5271 2676/1/2547 660/1/630
f 1344/1/1282 4020/1/3825 5544/1/5272 4146/1/3944
f 4020/1/3825 1343/1/1281 4147/1/3945 5544/1/5272
f 5544/1/5272 4147/1/3945 662/1/632 2674/1/2545
f 4146/1/3944 5544/1/5272 2674/1/2545 661/1/631
f 1343/1/1281 4023/1/3828 5545/1/5273 4147/1/3945
f 4023/1/3828 1347/1/1285 4148/1/3946 5545/1/5273
f 5545/1/5273 4148/1/3946 663/1/633 2677/1/2548
f 4147/1/3945 5545/1/5273 2677/1/2548 662/1/632
f 1347/1/1285 4024/1/3829 5546/1/5274 4148/1/3946
f 4024/1/3829 1348/1/1286 4149/1/3947 5546/1/5274
f 5546/1/5274 4149/1/3947 664/1/634 2678/1/2549
f 4148/1/3946 5546/1/5274 2678/1/2549 663/1/633
f 1348/1/1286 4025/1/3830 5547/1/5275 4149/1/3947
f 4025/1/3830 1349/1/1287 4150/1/3948 5547/1/5275
f 5547/1/5275 4150/1/3948 657/1/627 2679/1/2550
f 4149/1/3947 5547/1/5275 2679/1/2550 664/1/634
f 1349/1/1287 4026/1/3831 5548/1/5276 4150/1/3948
f 4026/1/3831 1350/1/1288 4151/1/3949 5548/1/5276
f 5548/1/5276 4151/1/3949 656/1/626 2670/1/2542
f 4150/1/3948 5548/1/5276 2670/1/2542 657/1/627
f 1350/1/1288 4027/1/139 5549/1/139 4151/1/3949
f 4027/1/139 1351/1/139 4152/1/139 5549/1/139
f 5549/1/139 4152/1/139 654/1/139 2671/1/139
f 4151/1/3949 5549/1/139 2671/1/139 656/1/626
f 1351/1/139 4028/1/3832 5550/1/5277 4152/1/139
f 3040/1/2906 5010/1/4771 5665/1/5386 5631/1/5352
f 5016/1/4777 3047/1/2913 5638/1/5359 5671/1/5392
f 4152/1/139 5550/1/5277 2669/1/2541 654/1/139
f 4349/1/4143 1682/1/1616 5612/1/5333 5646/1/5367
f 1688/1/1622 4356/1/4150 5653/1/5374 5618/1/5339
f 5009/1/4770 3040/1/2906 5631/1/5352 5664/1/5385
f 3046/1/2912 5016/1/4777 5671/1/5392 5637/1/5358
f 1681/1/1615 4349/1/4143 5646/1/5367 5611/1/5332
f 4029/1/3833 1352/1/139 4154/1/139 5551/1/5278
f 5551/1/5278 4154/1/139 653/1/139 2667/1/2539
f 4355/1/4149 1688/1/1622 5618/1/5339 5652/1/5373
f 1352/1/139 4031/1/139 5552/1/139 4154/1/139
f 4031/1/139 1353/1/1289 4155/1/3951 5552/1/139
f 5552/1/139 4155/1/3951 652/1/624 2666/1/139
f 4154/1/139 5552/1/139 2666/1/139 653/1/139
f 1353/1/1289 4030/1/3834 5553/1/5279 4155/1/3951
f 4030/1/3834 1354/1/1290 4156/1/3952 5553/1/5279
f 5553/1/5279 4156/1/3952 651/1/623 2665/1/2538
f 4155/1/3951 5553/1/5279 2665/1/2538 652/1/624
f 1354/1/1290 4039/1/3842 5554/1/5280 4156/1/3952
f 4039/1/3842 1361/1/1297 4157/1/3953 5554/1/5280
f 5554/1/5280 4157/1/3953 650/1/622 2664/1/2537
f 4156/1/3952 5554/1/5280 2664/1/2537 651/1/623
f 1361/1/1297 4038/1/3841 5555/1/5281 4157/1/3953
f 4038/1/3841 1360/1/1296 4158/1/3954 5555/1/5281
f 5555/1/5281 4158/1/3954 649/1/621 2663/1/2536
f 4157/1/3953 5555/1/5281 2663/1/2536 650/1/622
f 1360/1/1296 4037/1/3840 5556/1/5282 4158/1/3954
f 4037/1/3840 1359/1/1295 4159/1/3955 5556/1/5282
f 5556/1/5282 4159/1/3955 645/1/617 2662/1/2535
f 4158/1/3954 5556/1/5282 2662/1/2535 649/1/621
f 1359/1/1295 4034/1/3837 5557/1/5283 4159/1/3955
f 4034/1/3837 1358/1/1294 4160/1/3956 5557/1/5283
f 5557/1/5283 4160/1/3956 646/1/618 2659/1/2532
f 4159/1/3955 5557/1/5283 2659/1/2532 645/1/617
f 1358/1/1294 4036/1/3839 5558/1/5284 4160/1/3956
f 4036/1/3839 1357/1/1293 4161/1/3957 5558/1/5284
f 5558/1/5284 4161/1/3957 648/1/620 2661/1/2534
f 4160/1/3956 5558/1/5284 2661/1/2534 646/1/618
f 1357/1/1293 4033/1/3836 5559/1/5285 4161/1/3957
f 4033/1/3836 1356/1/1292 4162/1/3958 5559/1/5285
f 5559/1/5285 4162/1/3958 647/1/619 2660/1/2533
f 4161/1/3957 5559/1/5285 2660/1/2533 648/1/620
f 1356/1/1292 4032/1/3835 5560/1/5286 4162/1/3958
f 4032/1/3835 1355/1/1291 4163/1/3959 5560/1/5286
f 5560/1/5286 4163/1/3959 644/1/616 2658/1/2531
f 4162/1/3958 5560/1/5286 2658/1/2531 647/1/619
f 1355/1/1291 4035/1/3838 5561/1/5287 4163/1/3959
f 4035/1/3838 1340/1/1278 4164/1/3960 5561/1/5287
f 5561/1/5287 4164/1/3960 641/1/613 2655/1/2528
f 4163/1/3959 5561/1/5287 2655/1/2528 644/1/616
f 1340/1/1278 4017/1/3822 5562/1/5288 4164/1/3960
f 4017/1/3822 1341/1/1279 4165/1/3961 5562/1/5288
f 5562/1/5288 4165/1/3961 710/1/678 2726/1/2594
f 4164/1/3960 5562/1/5288 2726/1/2594 641/1/613
f 1341/1/1279 4018/1/3823 5563/1/5289 4165/1/3961
f 4018/1/3823 1338/1/1276 4166/1/3962 5563/1/5289
f 5563/1/5289 4166/1/3962 709/1/677 2725/1/2593
f 4165/1/3961 5563/1/5289 2725/1/2593 710/1/678
f 1338/1/1276 4015/1/3820 5564/1/5290 4166/1/3962
f 4015/1/3820 1336/1/1274 4167/1/3963 5564/1/5290
f 5564/1/5290 4167/1/3963 708/1/676 2724/1/2592
f 4166/1/3962 5564/1/5290 2724/1/2592 709/1/677
f 1336/1/1274 4014/1/3819 5565/1/5291 4167/1/3963
f 4014/1/3819 1337/1/1275 4168/1/3964 5565/1/5291
f 5565/1/5291 4168/1/3964 707/1/675 2723/1/2591
f 4167/1/3963 5565/1/5291 2723/1/2591 708/1/676
f 1337/1/1275 4013/1/3818 5566/1/5292 4168/1/3964
f 4013/1/3818 1335/1/1273 4169/1/3965 5566/1/5292
f 5566/1/5292 4169/1/3965 706/1/674 2722/1/2590
f 4168/1/3964 5566/1/5292 2722/1/2590 707/1/675
f 1335/1/1273 4012/1/3817 5567/1/5293 4169/1/3965
f 4012/1/3817 1334/1/1272 4170/1/3966 5567/1/5293
f 5567/1/5293 4170/1/3966 705/1/673 2720/1/2588
f 4169/1/3965 5567/1/5293 2720/1/2588 706/1/674
f 1334/1/1272 4011/1/3816 5568/1/5294 4170/1/3966
f 4011/1/3816 1333/1/1271 4171/1/3967 5568/1/5294
f 5568/1/5294 4171/1/3967 704/1/672 2721/1/2589
f 4170/1/3966 5568/1/5294 2721/1/2589 705/1/673
f 1333/1/1271 4010/1/3815 5569/1/5295 4171/1/3967
f 4010/1/3815 1332/1/1270 4172/1/3968 5569/1/5295
f 5569/1/5295 4172/1/3968 703/1/671 2719/1/2587
f 4171/1/3967 5569/1/5295 2719/1/2587 704/1/672
f 1332/1/1270 4009/1/3814 5570/1/5296 4172/1/3968
f 4009/1/3814 1331/1/1269 4173/1/3969 5570/1/5296
f 5570/1/5296 4173/1/3969 702/1/670 2718/1/2586
f 4172/1/3968 5570/1/5296 2718/1/2586 703/1/671
f 1331/1/1269 4008/1/3813 5571/1/5297 4173/1/3969
f 4008/1/3813 1330/1/1268 4174/1/3970 5571/1/5297
f 5571/1/5297 4174/1/3970 701/1/669 2717/1/2585
f 4173/1/3969 5571/1/5297 2717/1/2585 702/1/670
f 1330/1/1268 4007/1/3812 5572/1/5298 4174/1/3970
f 4007/1/3812 1329/1/1267 4175/1/3971 5572/1/5298
f 5572/1/5298 4175/1/3971 700/1/668 2716/1/2584
f 4174/1/3970 5572/1/5298 2716/1/2584 701/1/669
f 1329/1/1267 4006/1/3811 5573/1/5299 4175/1/3971
f 4006/1/3811 1328/1/1266 4176/1/3972 5573/1/5299
f 5573/1/5299 4176/1/3972 699/1/667 2715/1/2583
f 4175/1/3971 5573/1/5299 2715/1/2583 700/1/668
f 1328/1/1266 4005/1/3810 5574/1/5300 4176/1/3972
f 4005/1/3810 1327/1/1265 4177/1/3973 5574/1/5300
f 5574/1/5300 4177/1/3973 687/1/655 2701/1/2569
f 4176/1/3972 5574/1/5300 2701/1/2569 699/1/667
f 1327/1/1265 4004/1/3809 5575/1/5301 4177/1/3973
f 4004/1/3809 1326/1/1264 4178/1/3974 5575/1/5301
f 5575/1/5301 4178/1/3974 685/1/653 2699/1/2567
f 4177/1/3973 5575/1/5301 2699/1/2567 687/1/655
f 1326/1/1264 4074/1/3874 5576/1/5302 4178/1/3974
f 4074/1/3874 1395/1/1329 4179/1/3975 5576/1/5302
f 5576/1/5302 4179/1/3975 683/1/651 2698/1/2566
f 4178/1/3974 5576/1/5302 2698/1/2566 685/1/653
f 1395/1/1329 4072/1/3872 5577/1/5303 4179/1/3975
f 4072/1/3872 1394/1/1328 4180/1/3976 5577/1/5303
f 5577/1/5303 4180/1/3976 682/1/650 2696/1/2564
f 4179/1/3975 5577/1/5303 2696/1/2564 683/1/651
f 1394/1/1328 4073/1/3873 5578/1/5304 4180/1/3976
f 4073/1/3873 1393/1/1327 4181/1/3977 5578/1/5304
f 5578/1/5304 4181/1/3977 681/1/649 2695/1/2563
f 4180/1/3976 5578/1/5304 2695/1/2563 682/1/650
f 1393/1/1327 4071/1/3871 5579/1/3977 4181/1/3977
f 4071/1/3871 1392/1/1326 4182/1/3978 5579/1/3977
f 5579/1/3977 4182/1/3978 680/1/648 2694/1/2562
f 4181/1/3977 5579/1/3977 2694/1/2562 681/1/649
f 1392/1/1326 4070/1/3870 5580/1/5305 4182/1/3978
f 4070/1/3870 1391/1/1325 4183/1/3979 5580/1/5305
f 5580/1/5305 4183/1/3979 679/1/647 2693/1/2561
f 4182/1/3978 5580/1/5305 2693/1/2561 680/1/648
f 1391/1/1325 4069/1/3869 5581/1/5306 4183/1/3979
f 4069/1/3869 1390/1/1324 4184/1/3980 5581/1/5306
f 5581/1/5306 4184/1/3980 684/1/652 2697/1/2565
f 4183/1/3979 5581/1/5306 2697/1/2565 679/1/647
f 1390/1/1324 4068/1/3868 5582/1/5307 4184/1/3980
f 4068/1/3868 1388/1/1322 4185/1/3981 5582/1/5307
f 5582/1/5307 4185/1/3981 686/1/654 2700/1/2568
f 4184/1/3980 5582/1/5307 2700/1/2568 684/1/652
f 1388/1/1322 4067/1/3867 5583/1/5308 4185/1/3981
f 4067/1/3867 1389/1/1323 4186/1/3982 5583/1/5308
f 5583/1/5308 4186/1/3982 688/1/656 2702/1/2570
f 4185/1/3981 5583/1/5308 2702/1/2570 686/1/654
f 1389/1/1323 4066/1/3866 5584/1/5309 4186/1/3982
f 4066/1/3866 1387/1/1321 4187/1/3983 5584/1/5309
f 5584/1/5309 4187/1/3983 689/1/657 2703/1/2571
f 4186/1/3982 5584/1/5309 2703/1/2571 688/1/656
f 1387/1/1321 4065/1/3865 5585/1/5310 4187/1/3983
f 4065/1/3865 1375/1/1309 4188/1/3984 5585/1/5310
f 5585/1/5310 4188/1/3984 675/1/643 2704/1/2572
f 4187/1/3983 5585/1/5310 2704/1/2572 689/1/657
f 1375/1/1309 4052/1/3852 5586/1/5311 4188/1/3984
f 4052/1/3852 1374/1/1308 4189/1/3985 5586/1/5311
f 5586/1/5311 4189/1/3985 676/1/644 2689/1/2557
f 4188/1/3984 5586/1/5311 2689/1/2557 675/1/643
f 1374/1/1308 4051/1/3851 5587/1/5312 4189/1/3985
f 4051/1/3851 1370/1/1304 4190/1/3986 5587/1/5312
f 5587/1/5312 4190/1/3986 674/1/642 2690/1/2558
f 4189/1/3985 5587/1/5312 2690/1/2558 676/1/644
f 1370/1/1304 4047/1/3847 5588/1/5313 4190/1/3986
f 4047/1/3847 1369/1/1303 4191/1/3987 5588/1/5313
f 5588/1/5313 4191/1/3987 670/1/638 2688/1/2556
f 4190/1/3986 5588/1/5313 2688/1/2556 674/1/642
f 1369/1/1303 4045/1/3846 5589/1/5314 4191/1/3987
f 4045/1/3846 1364/1/1299 4192/1/3988 5589/1/5314
f 5589/1/5314 4192/1/3988 668/1/637 2683/1/2553
f 4191/1/3987 5589/1/5314 2683/1/2553 670/1/638
f 1364/1/1299 4040/1/3843 5590/1/5315 4192/1/3988
f 4040/1/3843 1363/1/1298 4193/1/3989 5590/1/5315
f 5590/1/5315 4193/1/3989 671/1/639 2681/1/2552
f 4192/1/3988 5590/1/5315 2681/1/2552 668/1/637
f 1363/1/1298 4046/1/200 5591/1/200 4193/1/3989
f 4046/1/200 1366/1/200 4194/1/200 5591/1/200
f 5591/1/200 4194/1/200 665/1/200 2684/1/200
f 4193/1/3989 5591/1/200 2684/1/200 671/1/639
f 1366/1/200 4042/1/200 5592/1/200 4194/1/200
f 4042/1/200 1362/1/200 4195/1/200 5592/1/200
f 5592/1/200 4195/1/200 669/1/200 2682/1/200
f 4194/1/200 5592/1/200 2682/1/200 665/1/200
f 1362/1/200 4044/1/200 5593/1/200 4195/1/200
f 4044/1/200 1368/1/1302 4196/1/3990 5593/1/200
f 5593/1/200 4196/1/3990 666/1/635 2686/1/200
f 4195/1/200 5593/1/200 2686/1/200 669/1/200
f 1368/1/1302 4041/1/3844 5594/1/5316 4196/1/3990
f 4041/1/3844 1365/1/1300 4197/1/3991 5594/1/5316
f 5594/1/5316 4197/1/3991 667/1/636 2680/1/2551
f 4196/1/3990 5594/1/5316 2680/1/2551 666/1/635
f 1365/1/1300 4043/1/3845 5595/1/5317 4197/1/3991
f 4043/1/3845 1367/1/1301 4198/1/3992 5595/1/5317
f 5595/1/5317 4198/1/3992 672/1/640 2685/1/2554
f 4197/1/3991 5595/1/5317 2685/1/2554 667/1/636
f 1367/1/1301 4048/1/3848 5596/1/5318 4198/1/3992
f 4048/1/3848 1371/1/1305 4199/1/3993 5596/1/5318
f 5596/1/5318 4199/1/3993 673/1/641 2687/1/2555
f 4198/1/3992 5596/1/5318 2687/1/2555 672/1/640
f 1371/1/1305 4050/1/3850 5597/1/5319 4199/1/3993
f 4050/1/3850 1373/1/1307 4200/1/3994 5597/1/5319
f 5597/1/5319 4200/1/3994 677/1/645 2691/1/2559
f 4199/1/3993 5597/1/5319 2691/1/2559 673/1/641
f 1373/1/1307 4049/1/3849 5598/1/5320 4200/1/3994
f 4049/1/3849 1372/1/1306 4201/1/3995 5598/1/5320
f 5598/1/5320 4201/1/3995 678/1/646 2692/1/2560
f 4200/1/3994 5598/1/5320 2692/1/2560 677/1/645
f 1372/1/1306 4064/1/3864 5599/1/5321 4201/1/3995
f 4064/1/3864 1386/1/1320 4202/1/3996 5599/1/5321
f 5599/1/5321 4202/1/3996 690/1/658 2705/1/2573
f 4201/1/3995 5599/1/5321 2705/1/2573 678/1/646
f 1386/1/1320 4063/1/3863 5600/1/5322 4202/1/3996
f 4063/1/3863 1385/1/1319 4203/1/3997 5600/1/5322
f 5600/1/5322 4203/1/3997 692/1/660 2706/1/2574
f 4202/1/3996 5600/1/5322 2706/1/2574 690/1/658
f 1385/1/1319 4062/1/3862 5601/1/5323 4203/1/3997
f 4062/1/3862 1383/1/1317 4204/1/3998 5601/1/5323
f 5601/1/5323 4204/1/3998 691/1/659 2707/1/2575
f 4203/1/3997 5601/1/5323 2707/1/2575 692/1/660
f 1383/1/1317 4060/1/3860 5602/1/5324 4204/1/3998
f 4060/1/3860 1381/1/1315 4205/1/3999 5602/1/5324
f 5602/1/5324 4205/1/3999 693/1/661 2708/1/2576
f 4204/1/3998 5602/1/5324 2708/1/2576 691/1/659
f 1381/1/1315 4057/1/3857 5603/1/5325 4205/1/3999
f 4057/1/3857 1376/1/1310 4206/1/4000 5603/1/5325
f 5603/1/5325 4206/1/4000 694/1/662 2709/1/2577
f 4205/1/3999 5603/1/5325 2709/1/2577 693/1/661
f 1376/1/1310 4053/1/3853 5604/1/5326 4206/1/4000
f 4053/1/3853 1377/1/1311 4207/1/4001 5604/1/5326
f 5604/1/5326 4207/1/4001 695/1/663 2710/1/2578
f 4206/1/4000 5604/1/5326 2710/1/2578 694/1/662
f 1377/1/1311 4054/1/3854 5605/1/4002 4207/1/4001
f 4054/1/3854 1378/1/1312 4208/1/4002 5605/1/4002
f 5605/1/4002 4208/1/4002 696/1/664 2711/1/2579
f 4207/1/4001 5605/1/4002 2711/1/2579 695/1/663
f 1378/1/1312 4055/1/3855 5606/1/5327 4208/1/4002
f 4055/1/3855 1379/1/1313 4209/1/4003 5606/1/5327
f 5606/1/5327 4209/1/4003 697/1/665 2713/1/2581
f 4208/1/4002 5606/1/5327 2713/1/2581 696/1/664
f 1379/1/1313 4056/1/3856 5607/1/5328 4209/1/4003
f 4056/1/3856 1380/1/1314 4210/1/4004 5607/1/5328
f 5607/1/5328 4210/1/4004 698/1/666 2712/1/2580
f 4209/1/4003 5607/1/5328 2712/1/2580 697/1/665
f 1380/1/1314 4058/1/3858 5608/1/5329 4210/1/4004
f 4058/1/3858 1382/1/1316 4211/1/4005 5608/1/5329
f 5608/1/5329 4211/1/4005 628/1/600 2714/1/2582
f 4210/1/4004 5608/1/5329 2714/1/2582 698/1/666
f 1382/1/1316 4059/1/3859 5609/1/5330 4211/1/4005
f 4059/1/3859 1384/1/1318 4129/1/3927 5609/1/5330
f 5609/1/5330 4129/1/3927 629/1/601 2643/1/2516
f 4211/1/4005 5609/1/5330 2643/1/2516 628/1/600
f 5637/1/5358 5671/1/5392 5711/1/5432 619/1/591
f 5628/1/5349 5662/1/5383 5702/1/5423 1322/1/1260
f 5650/1/5371 5616/1/5337 3055/1/2921 5690/1/5411
f 5615/1/5336 5650/1/5371 5690/1/5411 3056/1/2922
f 5670/1/5391 5637/1/5358 619/1/591 5710/1/5431
f 5661/1/5382 5628/1/5349 1322/1/1260 5701/1/5422
f 5658/1/5379 5624/1/5345 1695/1/1629 5698/1/5419
f 5636/1/5357 5670/1/5391 5710/1/5431 620/1/592
f 5627/1/5348 5661/1/5382 5701/1/5422 1323/1/1261
f 5649/1/5370 5615/1/5336 3056/1/2922 5689/1/5410
f 5623/1/5344 5658/1/5379 5698/1/5419 1696/1/1630
f 5614/1/5335 5649/1/5370 5689/1/5410 3057/1/2923
f 5669/1/5390 5636/1/5357 620/1/592 5709/1/5430
f 5660/1/5381 5627/1/5348 1323/1/1261 5700/1/5421
f 5657/1/5378 5623/1/5344 1696/1/1630 5697/1/5418
f 5635/1/5356 5669/1/5390 5709/1/5430 621/1/593
f 5648/1/5369 5614/1/5335 3057/1/2923 5688/1/5409
f 5641/1/5362 5660/1/5381 5700/1/5421 5681/1/5402
f 5622/1/5343 5657/1/5378 5697/1/5418 1697/1/1631
f 5613/1/5334 5648/1/5369 5688/1/5409 3058/1/2924
f 5668/1/5389 5635/1/5356 621/1/593 5708/1/5429
f 5616/1/5337 5659/1/5380 5699/1/5420 3055/1/2921
f 5634/1/5355 5668/1/5389 5708/1/5429 622/1/594
f 5656/1/5377 5622/1/5343 1697/1/1631 5696/1/5417
f 5647/1/5368 5613/1/5334 3058/1/2924 5687/1/5408
f 5621/1/5342 5656/1/5377 5696/1/5417 2668/1/2540
f 5659/1/5380 5626/1/5347 1324/1/1262 5699/1/5420
f 5612/1/5333 5647/1/5368 5687/1/5408 4089/1/3889
f 5667/1/5388 5634/1/5355 622/1/594 5707/1/5428
f 5642/1/5363 5667/1/5388 5707/1/5428 5682/1/5403
f 5655/1/5376 5621/1/5342 2668/1/2540 5695/1/5416
f 5646/1/5367 5612/1/5333 4089/1/3889 5686/1/5407
f 5620/1/5341 5655/1/5376 5695/1/5416 3051/1/2917
f 5677/1/5398 5625/1/5346 1325/1/1263 5717/1/5438
f 5611/1/5332 5646/1/5367 5686/1/5407 4153/1/3950
f 5666/1/5387 5633/1/5354 623/1/595 5706/1/5427
f 5643/1/5364 5677/1/5398 5717/1/5438 5683/1/5404
f 5632/1/5353 5666/1/5387 5706/1/5427 624/1/596
f 5654/1/5375 5620/1/5341 3051/1/2917 5694/1/5415
f 5645/1/5366 5611/1/5332 4153/1/3950 5685/1/5406
f 5619/1/5340 5654/1/5375 5694/1/5415 3052/1/2918
f 5674/1/5395 5641/1/5362 5681/1/5402 5714/1/5435
f 5610/1/5331 5645/1/5366 5685/1/5406 5486/1/5216
f 5665/1/5386 5632/1/5353 624/1/596 5705/1/5426
f 5640/1/5361 5674/1/5395 5714/1/5435 5680/1/5401
f 5631/1/5352 5665/1/5386 5705/1/5426 625/1/597
f 5653/1/5374 5619/1/5340 3052/1/2918 5693/1/5414
f 5644/1/5365 5610/1/5331 5486/1/5216 5684/1/5405
f 5618/1/5339 5653/1/5374 5693/1/5414 3053/1/2919
f 5673/1/5394 5640/1/5361 5680/1/5401 5713/1/5434
f 5626/1/5347 5676/1/5397 5716/1/5437 1324/1/1262
f 5624/1/5345 5644/1/5365 5684/1/5405 1695/1/1629
f 5664/1/5385 5631/1/5352 625/1/597 5704/1/5425
f 5639/1/5360 5673/1/5394 5713/1/5434 5679/1/5400
f 5630/1/5351 5664/1/5385 5704/1/5425 626/1/598
f 5652/1/5373 5618/1/5339 3053/1/2919 5692/1/5413
f 5676/1/5397 5642/1/5363 5682/1/5403 5716/1/5437
f 5617/1/5338 5652/1/5373 5692/1/5413 3054/1/2920
f 5672/1/5393 5639/1/5360 5679/1/5400 5712/1/5433
f 5633/1/5354 5675/1/5396 5715/1/5436 623/1/595
f 5663/1/5384 5630/1/5351 626/1/598 5703/1/5424
f 5638/1/5359 5672/1/5393 5712/1/5433 5678/1/5399
f 5629/1/5350 5663/1/5384 5703/1/5424 655/1/625
f 5651/1/5372 5617/1/5338 3054/1/2920 5691/1/5412
f 5675/1/5396 5643/1/5364 5683/1/5404 5715/1/5436
f 5625/1/5346 5651/1/5372 5691/1/5412 1325/1/1263
f 5671/1/5392 5638/1/5359 5678/1/5399 5711/1/5432
f 5662/1/5383 5629/1/5350 655/1/625 5702/1/5423
usemtl Bottle.001
f 5786/1/5439 5850/1/5498 5908/1/5509 5907/1/5439
f 5787/1/5440 5851/1/5501 5883/1/5501 5882/1/5440
f 5788/1/5441 5852/1/5503 5889/1/5503 5888/1/5508
f 5790/1/5443 5786/1/5439 5907/1/5439 5906/1/5443
f 5789/1/5442 5853/1/5505 5864/1/5505 5863/1/5442
f 5791/1/5444 5787/1/5440 5882/1/5440 5881/1/5444
f 5807/1/5461 5788/1/5441 5888/1/5508 5887/1/5461
f 5793/1/5446 5789/1/5442 5863/1/5442 5862/1/5507
f 5792/1/5445 5790/1/5443 5906/1/5443 5905/1/5445
f 5794/1/5447 5791/1/5444 5881/1/5444 5880/1/5447
f 5832/1/5492 5843/1/5449 5886/1/5449 5868/1/5492
f 5796/1/5450 5792/1/5445 5905/1/5445 5904/1/5450
f 5795/1/5448 5793/1/5446 5862/1/5507 5861/1/5448
f 5797/1/5451 5794/1/5447 5880/1/5447 5879/1/5451
f 5799/1/5453 5795/1/5448 5861/1/5448 5860/1/5453
f 5843/1/5449 5844/1/5469 5885/1/5469 5886/1/5449
f 5798/1/5452 5796/1/5450 5904/1/5450 5903/1/5452
f 5800/1/5454 5797/1/5451 5879/1/5451 5878/1/5454
f 5819/1/5475 5798/1/5452 5903/1/5452 5902/1/5475
f 5801/1/5455 5799/1/5453 5860/1/5453 5859/1/5455
f 5803/1/5457 5800/1/5454 5878/1/5454 5877/1/5457
f 5805/1/5459 5801/1/5455 5859/1/5455 5858/1/5459
f 5802/1/5456 5848/1/5485 5869/1/5485 5921/1/5456
f 5804/1/5458 5846/1/5478 5901/1/5478 5900/1/5458
f 5826/1/5484 5802/1/5456 5921/1/5456 5918/1/5484
f 5806/1/5460 5803/1/5457 5877/1/5457 5876/1/5460
f 5809/1/5463 5804/1/5458 5900/1/5458 5899/1/5463
f 5808/1/5462 5805/1/5459 5858/1/5459 5857/1/5462
f 5811/1/5465 5806/1/5460 5876/1/5460 5875/1/5465
f 5810/1/5464 5807/1/5461 5887/1/5461 5917/1/5510
f 5830/1/5490 5808/1/5462 5857/1/5462 5856/1/5490
f 5812/1/5466 5809/1/5463 5899/1/5463 5898/1/5466
f 5814/1/5468 5810/1/5464 5917/1/5510 5916/1/5468
f 5813/1/5467 5811/1/5465 5875/1/5465 5874/1/5467
f 5815/1/5470 5812/1/5466 5898/1/5466 5897/1/5470
f 5817/1/5472 5813/1/5467 5874/1/5467 5873/1/5472
f 5816/1/5471 5814/1/5468 5916/1/5468 5915/1/5471
f 5844/1/5469 5845/1/5474 5920/1/5474 5885/1/5469
f 5818/1/5473 5815/1/5470 5897/1/5470 5896/1/5473
f 5821/1/5477 5816/1/5471 5915/1/5471 5914/1/5477
f 5820/1/5476 5817/1/5472 5873/1/5472 5872/1/5476
f 5822/1/5479 5818/1/5473 5896/1/5473 5895/1/5479
f 5845/1/5474 5819/1/5475 5902/1/5475 5920/1/5474
f 5824/1/5481 5820/1/5476 5872/1/5476 5871/1/5481
f 5823/1/5480 5821/1/5477 5914/1/5477 5913/1/5480
f 5846/1/5478 5847/1/5483 5919/1/5483 5901/1/5478
f 5825/1/5482 5822/1/5479 5895/1/5479 5894/1/5482
f 5828/1/5487 5823/1/5480 5913/1/5480 5912/1/5487
f 5827/1/5486 5824/1/5481 5871/1/5481 5870/1/5486
f 5829/1/5488 5825/1/5482 5894/1/5482 5893/1/5488
f 5836/1/5496 5849/1/5489 5855/1/5489 5854/1/5496
f 5847/1/5483 5826/1/5484 5918/1/5484 5919/1/5483
f 5848/1/5485 5827/1/5486 5870/1/5486 5869/1/5485
f 5831/1/5491 5828/1/5487 5912/1/5487 5911/1/5491
f 5833/1/5493 5829/1/5488 5893/1/5488 5892/1/5493
f 5849/1/5489 5830/1/5490 5856/1/5490 5855/1/5489
f 5835/1/5495 5831/1/5491 5911/1/5491 5910/1/5495
f 5834/1/5494 5832/1/5492 5868/1/5492 5867/1/5494
f 5837/1/5497 5833/1/5493 5892/1/5493 5891/1/5497
f 5839/1/5500 5834/1/5494 5867/1/5494 5866/1/5500
f 5838/1/5499 5835/1/5495 5910/1/5495 5909/1/5499
f 5840/1/5502 5836/1/5496 5854/1/5496 5884/1/5502
f 5841/1/5504 5837/1/5497 5891/1/5497 5890/1/5504
f 5850/1/5498 5838/1/5499 5909/1/5499 5908/1/5509
f 5842/1/5506 5839/1/5500 5866/1/5500 5865/1/5506
f 5851/1/5501 5840/1/5502 5884/1/5502 5883/1/5501
f 5852/1/5503 5841/1/5504 5890/1/5504 5889/1/5503
f 5853/1/5505 5842/1/5506 5865/1/5506 5864/1/5505
f 3057/1/2923 5689/1/5410 5785/1/5506 5784/1/5505
f 1323/1/1261 5701/1/5422 5783/1/5504 5782/1/5503
f 1696/1/1630 5698/1/5419 5781/1/5502 5780/1/5501
f 5689/1/5410 3056/1/2922 5779/1/5500 5785/1/5506
f 620/1/592 5710/1/5431 5778/1/5499 5777/1/5498
f 5701/1/5422 1322/1/1260 5776/1/5497 5783/1/5504
f 5698/1/5419 1695/1/1629 5775/1/5496 5781/1/5502
f 5710/1/5431 619/1/591 5774/1/5495 5778/1/5499
f 3056/1/2922 5690/1/5411 5773/1/5494 5779/1/5500
f 1322/1/1260 5702/1/5423 5772/1/5493 5776/1/5497
f 5690/1/5411 3055/1/2921 5771/1/5492 5773/1/5494
f 619/1/591 5711/1/5432 5770/1/5491 5774/1/5495
f 5684/1/5405 5486/1/5216 5769/1/5490 5768/1/5489
f 5702/1/5423 655/1/625 5767/1/5488 5772/1/5493
f 5711/1/5432 5678/1/5399 5766/1/5487 5770/1/5491
f 1325/1/1263 5691/1/5412 5765/1/5486 5764/1/5485
f 5715/1/5436 5683/1/5404 5763/1/5484 5762/1/5483
f 1695/1/1629 5684/1/5405 5768/1/5489 5775/1/5496
f 655/1/625 5703/1/5424 5761/1/5482 5767/1/5488
f 5691/1/5412 3054/1/2920 5760/1/5481 5765/1/5486
f 5678/1/5399 5712/1/5433 5759/1/5480 5766/1/5487
f 5703/1/5424 626/1/598 5758/1/5479 5761/1/5482
f 623/1/595 5715/1/5436 5762/1/5483 5757/1/5478
f 5712/1/5433 5679/1/5400 5756/1/5477 5759/1/5480
f 3054/1/2920 5692/1/5413 5755/1/5476 5760/1/5481
f 5716/1/5437 5682/1/5403 5754/1/5475 5753/1/5474
f 626/1/598 5704/1/5425 5752/1/5473 5758/1/5479
f 5692/1/5413 3053/1/2919 5751/1/5472 5755/1/5476
f 5679/1/5400 5713/1/5434 5750/1/5471 5756/1/5477
f 5704/1/5425 625/1/597 5749/1/5470 5752/1/5473
f 1324/1/1262 5716/1/5437 5753/1/5474 5748/1/5469
f 5713/1/5434 5680/1/5401 5747/1/5468 5750/1/5471
f 3053/1/2919 5693/1/5414 5746/1/5467 5751/1/5472
f 625/1/597 5705/1/5426 5745/1/5466 5749/1/5470
f 5693/1/5414 3052/1/2918 5744/1/5465 5746/1/5467
f 5680/1/5401 5714/1/5435 5743/1/5464 5747/1/5468
f 5705/1/5426 624/1/596 5742/1/5463 5745/1/5466
f 5486/1/5216 5685/1/5406 5741/1/5462 5769/1/5490
f 5714/1/5435 5681/1/5402 5740/1/5461 5743/1/5464
f 3052/1/2918 5694/1/5415 5739/1/5460 5744/1/5465
f 5685/1/5406 4153/1/3950 5738/1/5459 5741/1/5462
f 624/1/596 5706/1/5427 5737/1/5458 5742/1/5463
f 5694/1/5415 3051/1/2917 5736/1/5457 5739/1/5460
f 5683/1/5404 5717/1/5438 5735/1/5456 5763/1/5484
f 5706/1/5427 623/1/595 5757/1/5478 5737/1/5458
f 5717/1/5438 1325/1/1263 5764/1/5485 5735/1/5456
f 4153/1/3950 5686/1/5407 5734/1/5455 5738/1/5459
f 3051/1/2917 5695/1/5416 5733/1/5454 5736/1/5457
f 5686/1/5407 4089/1/3889 5732/1/5453 5734/1/5455
f 5682/1/5403 5707/1/5428 5731/1/5452 5754/1/5475
f 5695/1/5416 2668/1/2540 5730/1/5451 5733/1/5454
f 5707/1/5428 622/1/594 5729/1/5450 5731/1/5452
f 5699/1/5420 1324/1/1262 5748/1/5469 5728/1/5449
f 4089/1/3889 5687/1/5408 5727/1/5448 5732/1/5453
f 2668/1/2540 5696/1/5417 5726/1/5447 5730/1/5451
f 5687/1/5408 3058/1/2924 5725/1/5446 5727/1/5448
f 622/1/594 5708/1/5429 5724/1/5445 5729/1/5450
f 3055/1/2921 5699/1/5420 5728/1/5449 5771/1/5492
f 5696/1/5417 1697/1/1631 5723/1/5444 5726/1/5447
f 5708/1/5429 621/1/593 5722/1/5443 5724/1/5445
f 3058/1/2924 5688/1/5409 5721/1/5442 5725/1/5446
f 5681/1/5402 5700/1/5421 5720/1/5441 5740/1/5461
f 1697/1/1631 5697/1/5418 5719/1/5440 5723/1/5444
f 5688/1/5409 3057/1/2923 5784/1/5505 5721/1/5442
f 621/1/593 5709/1/5430 5718/1/5439 5722/1/5443
f 5700/1/5421 1323/1/1261 5782/1/5503 5720/1/5441
f 5697/1/5418 1696/1/1630 5780/1/5501 5719/1/5440
f 5709/1/5430 620/1/592 5777/1/5498 5718/1/5439
f 5784/1/5505 5785/1/5506 5842/1/5506 5853/1/5505
f 5782/1/5503 5783/1/5504 5841/1/5504 5852/1/5503
f 5780/1/5501 5781/1/5502 5840/1/5502 5851/1/5501
f 5785/1/5506 5779/1/5500 5839/1/5500 5842/1/5506
f 5777/1/5498 5778/1/5499 5838/1/5499 5850/1/5498
f 5783/1/5504 5776/1/5497 5837/1/5497 5841/1/5504
f 5781/1/5502 5775/1/5496 5836/1/5496 5840/1/5502
f 5778/1/5499 5774/1/5495 5835/1/5495 5838/1/5499
f 5779/1/5500 5773/1/5494 5834/1/5494 5839/1/5500
f 5776/1/5497 5772/1/5493 5833/1/5493 5837/1/5497
f 5773/1/5494 5771/1/5492 5832/1/5492 5834/1/5494
f 5774/1/5495 5770/1/5491 5831/1/5491 5835/1/5495
f 5768/1/5489 5769/1/5490 5830/1/5490 5849/1/5489
f 5772/1/5493 5767/1/5488 5829/1/5488 5833/1/5493
f 5770/1/5491 5766/1/5487 5828/1/5487 5831/1/5491
f 5764/1/5485 5765/1/5486 5827/1/5486 5848/1/5485
f 5762/1/5483 5763/1/5484 5826/1/5484 5847/1/5483
f 5775/1/5496 5768/1/5489 5849/1/5489 5836/1/5496
f 5767/1/5488 5761/1/5482 5825/1/5482 5829/1/5488
f 5765/1/5486 5760/1/5481 5824/1/5481 5827/1/5486
f 5766/1/5487 5759/1/5480 5823/1/5480 5828/1/5487
f 5761/1/5482 5758/1/5479 5822/1/5479 5825/1/5482
f 5757/1/5478 5762/1/5483 5847/1/5483 5846/1/5478
f 5759/1/5480 5756/1/5477 5821/1/5477 5823/1/5480
f 5760/1/5481 5755/1/5476 5820/1/5476 5824/1/5481
f 5753/1/5474 5754/1/5475 5819/1/5475 5845/1/5474
f 5758/1/5479 5752/1/5473 5818/1/5473 5822/1/5479
f 5755/1/5476 5751/1/5472 5817/1/5472 5820/1/5476
f 5756/1/5477 5750/1/5471 5816/1/5471 5821/1/5477
f 5752/1/5473 5749/1/5470 5815/1/5470 5818/1/5473
f 5748/1/5469 5753/1/5474 5845/1/5474 5844/1/5469
f 5750/1/5471 5747/1/5468 5814/1/5468 5816/1/5471
f 5751/1/5472 5746/1/5467 5813/1/5467 5817/1/5472
f 5749/1/5470 5745/1/5466 5812/1/5466 5815/1/5470
f 5746/1/5467 5744/1/5465 5811/1/5465 5813/1/5467
f 5747/1/5468 5743/1/5464 5810/1/5464 5814/1/5468
f 5745/1/5466 5742/1/5463 5809/1/5463 5812/1/5466
f 5769/1/5490 5741/1/5462 5808/1/5462 5830/1/5490
f 5743/1/5464 5740/1/5461 5807/1/5461 5810/1/5464
f 5744/1/5465 5739/1/5460 5806/1/5460 5811/1/5465
f 5741/1/5462 5738/1/5459 5805/1/5459 5808/1/5462
f 5742/1/5463 5737/1/5458 5804/1/5458 5809/1/5463
f 5739/1/5460 5736/1/5457 5803/1/5457 5806/1/5460
f 5763/1/5484 5735/1/5456 5802/1/5456 5826/1/5484
f 5737/1/5458 5757/1/5478 5846/1/5478 5804/1/5458
f 5735/1/5456 5764/1/5485 5848/1/5485 5802/1/5456
f 5738/1/5459 5734/1/5455 5801/1/5455 5805/1/5459
f 5736/1/5457 5733/1/5454 5800/1/5454 5803/1/5457
f 5734/1/5455 5732/1/5453 5799/1/5453 5801/1/5455
f 5754/1/5475 5731/1/5452 5798/1/5452 5819/1/5475
f 5733/1/5454 5730/1/5451 5797/1/5451 5800/1/5454
f 5731/1/5452 5729/1/5450 5796/1/5450 5798/1/5452
f 5728/1/5449 5748/1/5469 5844/1/5469 5843/1/5449
f 5732/1/5453 5727/1/5448 5795/1/5448 5799/1/5453
f 5730/1/5451 5726/1/5447 5794/1/5447 5797/1/5451
f 5727/1/5448 5725/1/5446 5793/1/5446 5795/1/5448
f 5729/1/5450 5724/1/5445 5792/1/5445 5796/1/5450
f 5771/1/5492 5728/1/5449 5843/1/5449 5832/1/5492
f 5726/1/5447 5723/1/5444 5791/1/5444 5794/1/5447
f 5724/1/5445 5722/1/5443 5790/1/5443 5792/1/5445
f 5725/1/5446 5721/1/5442 5789/1/5442 5793/1/5446
f 5740/1/5461 5720/1/5441 5788/1/5441 5807/1/5461
f 5723/1/5444 5719/1/5440 5787/1/5440 5791/1/5444
f 5721/1/5442 5784/1/5505 5853/1/5505 5789/1/5442
f 5722/1/5443 5718/1/5439 5786/1/5439 5790/1/5443
f 5720/1/5441 5782/1/5503 5852/1/5503 5788/1/5441
f 5719/1/5440 5780/1/5501 5851/1/5501 5787/1/5440
f 5718/1/5439 5777/1/5498 5850/1/5498 5786/1/5439
f 5888/1/5508 5922/1/5511 5928/1/5516 5925/1/5514
f 5877/1/5457 5878/1/5454 5954/1/5541 5953/1/5540
f 5904/1/5450 5905/1/5445 5981/1/5566 5980/1/5565
f 5922/1/5511 5888/1/5508 5964/1/5550 6032/1/5582
f 5876/1/5460 5877/1/5457 5953/1/5540 5952/1/5539
f 5903/1/5452 5904/1/5450 5980/1/5565 5979/1/5564
f 5926/1/5515 5917/1/5510 5993/1/5578 6069/1/5587
f 5875/1/5465 5876/1/5460 5952/1/5539 5951/1/5538
f 5902/1/5475 5903/1/5452 5979/1/5564 5978/1/3832
f 5854/1/5496 5855/1/5489 5931/1/5519 5930/1/5518
f 5874/1/5467 5875/1/5465 5951/1/5538 5950/1/5537
f 5900/1/5458 5901/1/5478 5977/1/5563 5976/1/5562
f 5888/1/5508 5925/1/5514 6068/1/5586 5964/1/5550
f 5873/1/5472 5874/1/5467 5950/1/5537 5949/1/5536
f 5899/1/5463 5900/1/5458 5976/1/5562 5975/1/5561
f 5928/1/5516 5922/1/5511 6032/1/5582 6071/1/5589
f 5872/1/5476 5873/1/5472 5949/1/5536 5948/1/5535
f 5898/1/5466 5899/1/5463 5975/1/5561 5974/1/5560
f 5871/1/5481 5872/1/5476 5948/1/5535 5947/1/5534
f 5897/1/5470 5898/1/5466 5974/1/5560 5973/1/5559
f 5870/1/5486 5871/1/5481 5947/1/5534 5946/1/5533
f 5896/1/5473 5897/1/5470 5973/1/5559 5972/1/5558
f 5921/1/5456 5869/1/5485 5945/1/2539 5997/1/5581
f 5869/1/5485 5870/1/5486 5946/1/5533 5945/1/2539
f 5895/1/5479 5896/1/5473 5972/1/5558 5971/1/5557
f 5918/1/5484 5921/1/5456 5997/1/5581 5994/1/3833
f 5867/1/5494 5868/1/5492 5944/1/5532 5943/1/5531
f 5894/1/5482 5895/1/5479 5971/1/5557 5970/1/5556
f 5885/1/5469 5920/1/5474 5996/1/5580 5961/1/2541
f 5929/1/5517 5927/1/5461 6070/1/5588 6066/1/5584
f 5866/1/5500 5867/1/5494 5943/1/5531 5942/1/5530
f 5893/1/5488 5894/1/5482 5970/1/5556 5969/1/5555
f 5920/1/5474 5902/1/5475 5978/1/3832 5996/1/5580
f 5927/1/5461 5928/1/5516 6071/1/5589 6070/1/5588
f 5865/1/5506 5866/1/5500 5942/1/5530 5941/1/5529
f 5892/1/5493 5893/1/5488 5969/1/5555 5968/1/5554
f 5901/1/5478 5919/1/5483 5995/1/5579 5977/1/5563
f 5924/1/5513 5926/1/5515 6069/1/5587 6067/1/5585
f 5864/1/5505 5865/1/5506 5941/1/5529 5940/1/5528
f 5891/1/5497 5892/1/5493 5968/1/5554 5967/1/5553
f 5919/1/5483 5918/1/5484 5994/1/3833 5995/1/5579
f 5925/1/5514 5924/1/5513 6067/1/5585 6068/1/5586
f 5863/1/5442 5864/1/5505 5940/1/5528 5939/1/5527
f 5890/1/5504 5891/1/5497 5967/1/5553 5966/1/5552
f 5917/1/5510 5887/1/5461 5963/1/5549 5993/1/5578
f 5862/1/5507 5863/1/5442 5939/1/5527 5938/1/5526
f 5889/1/5503 5890/1/5504 5966/1/5552 5965/1/5551
f 5916/1/5468 5917/1/5510 5993/1/5578 5992/1/5577
f 5861/1/5448 5862/1/5507 5938/1/5526 5937/1/5525
f 5888/1/5508 5889/1/5503 5965/1/5551 5964/1/5550
f 5915/1/5471 5916/1/5468 5992/1/5577 5991/1/5576
f 5860/1/5453 5861/1/5448 5937/1/5525 5936/1/5524
f 5887/1/5461 5888/1/5508 5964/1/5550 5963/1/5549
f 5914/1/5477 5915/1/5471 5991/1/5576 5990/1/5575
f 5859/1/5455 5860/1/5453 5936/1/5524 5935/1/5523
f 5868/1/5492 5886/1/5449 5962/1/5548 5944/1/5532
f 5913/1/5480 5914/1/5477 5990/1/5575 5989/1/5574
f 5858/1/5459 5859/1/5455 5935/1/5523 5934/1/5522
f 5886/1/5449 5885/1/5469 5961/1/2541 5962/1/5548
f 5912/1/5487 5913/1/5480 5989/1/5574 5988/1/5573
f 5857/1/5462 5858/1/5459 5934/1/5522 5933/1/5521
f 5884/1/5502 5854/1/5496 5930/1/5518 5960/1/5547
f 5911/1/5491 5912/1/5487 5988/1/5573 5987/1/5572
f 5856/1/5490 5857/1/5462 5933/1/5521 5932/1/5520
f 5883/1/5501 5884/1/5502 5960/1/5547 5959/1/5546
f 5910/1/5495 5911/1/5491 5987/1/5572 5986/1/5571
f 5882/1/5440 5883/1/5501 5959/1/5546 5958/1/5545
f 5909/1/5499 5910/1/5495 5986/1/5571 5985/1/5570
f 5881/1/5444 5882/1/5440 5958/1/5545 5957/1/5544
f 5908/1/5509 5909/1/5499 5985/1/5570 5984/1/5569
f 5917/1/5510 5923/1/5512 6061/1/5583 5993/1/5578
f 5880/1/5447 5881/1/5444 5957/1/5544 5956/1/5543
f 5907/1/5439 5908/1/5509 5984/1/5569 5983/1/5568
f 5879/1/5451 5880/1/5447 5956/1/5543 5955/1/5542
f 5906/1/5443 5907/1/5439 5983/1/5568 5982/1/5567
f 5878/1/5454 5879/1/5451 5955/1/5542 5954/1/5541
f 5928/1/5516 5927/1/5461 5924/1/5513 5925/1/5514
f 5927/1/5461 5929/1/5517 5926/1/5515 5924/1/5513
f 5905/1/5445 5906/1/5443 5982/1/5567 5981/1/5566
f 5855/1/5489 5856/1/5490 5932/1/5520 5931/1/5519
f 5923/1/5512 5917/1/5510 5926/1/5515 5929/1/5517
f 5923/1/5512 5929/1/5517 6066/1/5584 6061/1/5583
f 5999/1/139 5998/1/139 5930/1/5518 5931/1/5519
f 6000/1/139 5999/1/139 5931/1/5519 5932/1/5520
f 6001/1/139 6000/1/139 5932/1/5520 5933/1/5521
f 6002/1/139 6001/1/139 5933/1/5521 5934/1/5522
f 6003/1/139 6002/1/139 5934/1/5522 5935/1/5523
f 6004/1/139 6003/1/139 5935/1/5523 5936/1/5524
f 6005/1/139 6004/1/139 5936/1/5524 5937/1/5525
f 6006/1/139 6005/1/139 5937/1/5525 5938/1/5526
f 6007/1/139 6006/1/139 5938/1/5526 5939/1/5527
f 6008/1/139 6007/1/139 5939/1/5527 5940/1/5528
f 6009/1/139 6008/1/139 5940/1/5528 5941/1/5529
f 6010/1/139 6009/1/139 5941/1/5529 5942/1/5530
f 6011/1/139 6010/1/139 5942/1/5530 5943/1/5531
f 6012/1/139 6011/1/139 5943/1/5531 5944/1/5532
f 6014/1/139 6013/1/139 5945/1/2539 5946/1/5533
f 6015/1/139 6014/1/139 5946/1/5533 5947/1/5534
f 6016/1/139 6015/1/139 5947/1/5534 5948/1/5535
f 6017/1/139 6016/1/139 5948/1/5535 5949/1/5536
f 6018/1/139 6017/1/139 5949/1/5536 5950/1/5537
f 6019/1/139 6018/1/139 5950/1/5537 5951/1/5538
f 6020/1/139 6019/1/139 5951/1/5538 5952/1/5539
f 6021/1/139 6020/1/139 5952/1/5539 5953/1/5540
f 6022/1/139 6021/1/139 5953/1/5540 5954/1/5541
f 6023/1/139 6022/1/139 5954/1/5541 5955/1/5542
f 6024/1/139 6023/1/139 5955/1/5542 5956/1/5543
f 6025/1/139 6024/1/139 5956/1/5543 5957/1/5544
f 6026/1/139 6025/1/139 5957/1/5544 5958/1/5545
f 6027/1/139 6026/1/139 5958/1/5545 5959/1/5546
f 6028/1/139 6027/1/139 5959/1/5546 5960/1/5547
f 5998/1/139 6028/1/139 5960/1/5547 5930/1/5518
f 6029/1/139 6030/1/139 5962/1/5548 5961/1/2541
f 6030/1/139 6012/1/139 5944/1/5532 5962/1/5548
f 6033/1/139 6032/1/5582 5964/1/5550 5965/1/5551
f 6034/1/139 6033/1/139 5965/1/5551 5966/1/5552
f 6035/1/139 6034/1/139 5966/1/5552 5967/1/5553
f 6036/1/139 6035/1/139 5967/1/5553 5968/1/5554
f 6037/1/139 6036/1/139 5968/1/5554 5969/1/5555
f 6038/1/139 6037/1/139 5969/1/5555 5970/1/5556
f 6039/1/139 6038/1/139 5970/1/5556 5971/1/5557
f 6040/1/139 6039/1/139 5971/1/5557 5972/1/5558
f 6041/1/139 6040/1/139 5972/1/5558 5973/1/5559
f 6042/1/139 6041/1/139 5973/1/5559 5974/1/5560
f 6043/1/139 6042/1/139 5974/1/5560 5975/1/5561
f 6044/1/139 6043/1/139 5975/1/5561 5976/1/5562
f 6045/1/139 6044/1/139 5976/1/5562 5977/1/5563
f 6047/1/139 6046/1/139 5978/1/3832 5979/1/5564
f 6048/1/139 6047/1/139 5979/1/5564 5980/1/5565
f 6049/1/139 6048/1/139 5980/1/5565 5981/1/5566
f 6050/1/139 6049/1/139 5981/1/5566 5982/1/5567
f 6051/1/139 6050/1/139 5982/1/5567 5983/1/5568
f 6052/1/139 6051/1/139 5983/1/5568 5984/1/5569
f 6053/1/139 6052/1/139 5984/1/5569 5985/1/5570
f 6054/1/139 6053/1/139 5985/1/5570 5986/1/5571
f 6055/1/139 6054/1/139 5986/1/5571 5987/1/5572
f 6056/1/139 6055/1/139 5987/1/5572 5988/1/5573
f 6057/1/139 6056/1/139 5988/1/5573 5989/1/5574
f 6058/1/139 6057/1/139 5989/1/5574 5990/1/5575
f 6059/1/139 6058/1/139 5990/1/5575 5991/1/5576
f 6060/1/139 6059/1/139 5991/1/5576 5992/1/5577
f 6061/1/5583 6060/1/139 5992/1/5577 5993/1/5578
f 6031/1/139 6061/1/5583 6066/1/5584 6070/1/5588
f 6062/1/139 6063/1/139 5995/1/5579 5994/1/3833
f 6063/1/139 6045/1/139 5977/1/5563 5995/1/5579
f 6046/1/139 6064/1/139 5996/1/5580 5978/1/3832
f 6064/1/139 6029/1/139 5961/1/2541 5996/1/5580
f 6065/1/139 6062/1/139 5994/1/3833 5997/1/5581
f 6013/1/139 6065/1/139 5997/1/5581 5945/1/2539
f 6141/1/139 6140/1/139 5998/1/139 5999/1/139
f 6142/1/139 6141/1/139 5999/1/139 6000/1/139
f 6143/1/139 6142/1/139 6000/1/139 6001/1/139
f 6144/1/139 6143/1/139 6001/1/139 6002/1/139
f 6145/1/139 6144/1/139 6002/1/139 6003/1/139
f 6146/1/139 6145/1/139 6003/1/139 6004/1/139
f 6147/1/139 6146/1/139 6004/1/139 6005/1/139
f 6148/1/139 6147/1/139 6005/1/139 6006/1/139
f 6149/1/139 6148/1/139 6006/1/139 6007/1/139
f 6150/1/139 6149/1/139 6007/1/139 6008/1/139
f 6151/1/139 6150/1/139 6008/1/139 6009/1/139
f 6152/1/139 6151/1/139 6009/1/139 6010/1/139
f 6153/1/139 6152/1/139 6010/1/139 6011/1/139
f 6154/1/139 6153/1/139 6011/1/139 6012/1/139
f 6156/1/139 6155/1/139 6013/1/139 6014/1/139
f 6157/1/139 6156/1/139 6014/1/139 6015/1/139
f 6158/1/139 6157/1/139 6015/1/139 6016/1/139
f 6159/1/139 6158/1/139 6016/1/139 6017/1/139
f 6160/1/139 6159/1/139 6017/1/139 6018/1/139
f 6161/1/139 6160/1/139 6018/1/139 6019/1/139
f 6162/1/139 6161/1/139 6019/1/139 6020/1/139
f 6163/1/139 6162/1/139 6020/1/139 6021/1/139
f 6164/1/139 6163/1/139 6021/1/139 6022/1/139
f 6165/1/139 6164/1/139 6022/1/139 6023/1/139
f 6166/1/139 6165/1/139 6023/1/139 6024/1/139
f 6167/1/139 6166/1/139 6024/1/139 6025/1/139
f 6168/1/139 6167/1/139 6025/1/139 6026/1/139
f 6169/1/139 6168/1/139 6026/1/139 6027/1/139
f 6170/1/139 6169/1/139 6027/1/139 6028/1/139
f 6140/1/139 6170/1/139 6028/1/139 5998/1/139
f 6171/1/139 6172/1/139 6030/1/139 6029/1/139
f 6172/1/139 6154/1/139 6012/1/139 6030/1/139
f 6174/1/139 6173/1/139 6031/1/139 6032/1/5582
f 6175/1/139 6174/1/139 6032/1/5582 6033/1/139
f 6176/1/139 6175/1/139 6033/1/139 6034/1/139
f 6177/1/139 6176/1/139 6034/1/139 6035/1/139
f 6178/1/139 6177/1/139 6035/1/139 6036/1/139
f 6179/1/139 6178/1/139 6036/1/139 6037/1/139
f 6180/1/139 6179/1/139 6037/1/139 6038/1/139
f 6181/1/139 6180/1/139 6038/1/139 6039/1/139
f 6182/1/139 6181/1/139 6039/1/139 6040/1/139
f 6183/1/139 6182/1/139 6040/1/139 6041/1/139
f 6184/1/139 6183/1/139 6041/1/139 6042/1/139
f 6185/1/139 6184/1/139 6042/1/139 6043/1/139
f 6186/1/139 6185/1/139 6043/1/139 6044/1/139
f 6187/1/139 6186/1/139 6044/1/139 6045/1/139
f 6189/1/139 6188/1/139 6046/1/139 6047/1/139
f 6190/1/139 6189/1/139 6047/1/139 6048/1/139
f 6191/1/139 6190/1/139 6048/1/139 6049/1/139
f 6192/1/139 6191/1/139 6049/1/139 6050/1/139
f 6193/1/139 6192/1/139 6050/1/139 6051/1/139
f 6194/1/139 6193/1/139 6051/1/139 6052/1/139
f 6195/1/139 6194/1/139 6052/1/139 6053/1/139
f 6196/1/139 6195/1/139 6053/1/139 6054/1/139
f 6197/1/139 6196/1/139 6054/1/139 6055/1/139
f 6198/1/139 6197/1/139 6055/1/139 6056/1/139
f 6199/1/139 6198/1/139 6056/1/139 6057/1/139
f 6200/1/139 6199/1/139 6057/1/139 6058/1/139
f 6201/1/139 6200/1/139 6058/1/139 6059/1/139
f 6202/1/139 6201/1/139 6059/1/139 6060/1/139
f 6203/1/139 6202/1/139 6060/1/139 6061/1/5583
f 6173/1/139 6203/1/139 6061/1/5583 6031/1/139
f 6204/1/139 6205/1/139 6063/1/139 6062/1/139
f 6205/1/139 6187/1/139 6045/1/139 6063/1/139
f 6188/1/139 6206/1/139 6064/1/139 6046/1/139
f 6206/1/139 6171/1/139 6029/1/139 6064/1/139
f 6207/1/139 6204/1/139 6062/1/139 6065/1/139
f 6155/1/139 6207/1/139 6065/1/139 6013/1/139
f 5963/1/5549 5964/1/5550 6068/1/5586 6067/1/5585
f 5993/1/5578 5963/1/5549 6067/1/5585 6069/1/5587
f 6032/1/5582 6031/1/139 6070/1/5588 6071/1/5589
f 6138/1/5277 6120/1/3832 6460/1/5475 6478/1/5474
f 6209/1/139 6208/1/139 6140/1/139 6141/1/139
f 6210/1/139 6209/1/139 6141/1/139 6142/1/139
f 6211/1/139 6210/1/139 6142/1/139 6143/1/139
f 6212/1/139 6211/1/139 6143/1/139 6144/1/139
f 6213/1/139 6212/1/139 6144/1/139 6145/1/139
f 6214/1/139 6213/1/139 6145/1/139 6146/1/139
f 6215/1/139 6214/1/139 6146/1/139 6147/1/139
f 6216/1/139 6215/1/139 6147/1/139 6148/1/139
f 6217/1/139 6216/1/139 6148/1/139 6149/1/139
f 6218/1/139 6217/1/139 6149/1/139 6150/1/139
f 6219/1/139 6218/1/139 6150/1/139 6151/1/139
f 6220/1/139 6219/1/139 6151/1/139 6152/1/139
f 6221/1/139 6220/1/139 6152/1/139 6153/1/139
f 6222/1/139 6221/1/139 6153/1/139 6154/1/139
f 6224/1/139 6223/1/139 6155/1/139 6156/1/139
f 6225/1/139 6224/1/139 6156/1/139 6157/1/139
f 6226/1/139 6225/1/139 6157/1/139 6158/1/139
f 6227/1/139 6226/1/139 6158/1/139 6159/1/139
f 6228/1/139 6227/1/139 6159/1/139 6160/1/139
f 6229/1/139 6228/1/139 6160/1/139 6161/1/139
f 6230/1/139 6229/1/139 6161/1/139 6162/1/139
f 6231/1/139 6230/1/139 6162/1/139 6163/1/139
f 6232/1/139 6231/1/139 6163/1/139 6164/1/139
f 6233/1/139 6232/1/139 6164/1/139 6165/1/139
f 6234/1/139 6233/1/139 6165/1/139 6166/1/139
f 6235/1/139 6234/1/139 6166/1/139 6167/1/139
f 6236/1/139 6235/1/139 6167/1/139 6168/1/139
f 6237/1/139 6236/1/139 6168/1/139 6169/1/139
f 6238/1/139 6237/1/139 6169/1/139 6170/1/139
f 6208/1/139 6238/1/139 6170/1/139 6140/1/139
f 6239/1/139 6240/1/139 6172/1/139 6171/1/139
f 6240/1/139 6222/1/139 6154/1/139 6172/1/139
f 6242/1/139 6241/1/139 6173/1/139 6174/1/139
f 6243/1/139 6242/1/139 6174/1/139 6175/1/139
f 6244/1/139 6243/1/139 6175/1/139 6176/1/139
f 6245/1/139 6244/1/139 6176/1/139 6177/1/139
f 6246/1/139 6245/1/139 6177/1/139 6178/1/139
f 6247/1/139 6246/1/139 6178/1/139 6179/1/139
f 6248/1/139 6247/1/139 6179/1/139 6180/1/139
f 6249/1/139 6248/1/139 6180/1/139 6181/1/139
f 6250/1/139 6249/1/139 6181/1/139 6182/1/139
f 6251/1/139 6250/1/139 6182/1/139 6183/1/139
f 6252/1/139 6251/1/139 6183/1/139 6184/1/139
f 6253/1/139 6252/1/139 6184/1/139 6185/1/139
f 6254/1/139 6253/1/139 6185/1/139 6186/1/139
f 6255/1/139 6254/1/139 6186/1/139 6187/1/139
f 6257/1/139 6256/1/139 6188/1/139 6189/1/139
f 6258/1/139 6257/1/139 6189/1/139 6190/1/139
f 6259/1/139 6258/1/139 6190/1/139 6191/1/139
f 6260/1/139 6259/1/139 6191/1/139 6192/1/139
f 6261/1/139 6260/1/139 6192/1/139 6193/1/139
f 6262/1/139 6261/1/139 6193/1/139 6194/1/139
f 6263/1/139 6262/1/139 6194/1/139 6195/1/139
f 6264/1/139 6263/1/139 6195/1/139 6196/1/139
f 6265/1/139 6264/1/139 6196/1/139 6197/1/139
f 6266/1/139 6265/1/139 6197/1/139 6198/1/139
f 6267/1/139 6266/1/139 6198/1/139 6199/1/139
f 6268/1/139 6267/1/139 6199/1/139 6200/1/139
f 6269/1/139 6268/1/139 6200/1/139 6201/1/139
f 6270/1/139 6269/1/139 6201/1/139 6202/1/139
f 6271/1/139 6270/1/139 6202/1/139 6203/1/139
f 6241/1/139 6271/1/139 6203/1/139 6173/1/139
f 6272/1/139 6273/1/139 6205/1/139 6204/1/139
f 6273/1/139 6255/1/139 6187/1/139 6205/1/139
f 6256/1/139 6274/1/139 6206/1/139 6188/1/139
f 6274/1/139 6239/1/139 6171/1/139 6206/1/139
f 6275/1/139 6272/1/139 6204/1/139 6207/1/139
f 6223/1/139 6275/1/139 6207/1/139 6155/1/139
f 6277/1/139 6276/1/139 6208/1/139 6209/1/139
f 6278/1/139 6277/1/139 6209/1/139 6210/1/139
f 6279/1/139 6278/1/139 6210/1/139 6211/1/139
f 6280/1/139 6279/1/139 6211/1/139 6212/1/139
f 6281/1/139 6280/1/139 6212/1/139 6213/1/139
f 6282/1/139 6281/1/139 6213/1/139 6214/1/139
f 6283/1/139 6282/1/139 6214/1/139 6215/1/139
f 6284/1/139 6283/1/139 6215/1/139 6216/1/139
f 6285/1/139 6284/1/139 6216/1/139 6217/1/139
f 6286/1/139 6285/1/139 6217/1/139 6218/1/139
f 6287/1/139 6286/1/139 6218/1/139 6219/1/139
f 6288/1/139 6287/1/139 6219/1/139 6220/1/139
f 6289/1/139 6288/1/139 6220/1/139 6221/1/139
f 6290/1/139 6289/1/139 6221/1/139 6222/1/139
f 6292/1/139 6291/1/139 6223/1/139 6224/1/139
f 6293/1/139 6292/1/139 6224/1/139 6225/1/139
f 6294/1/139 6293/1/139 6225/1/139 6226/1/139
f 6295/1/139 6294/1/139 6226/1/139 6227/1/139
f 6296/1/139 6295/1/139 6227/1/139 6228/1/139
f 6297/1/139 6296/1/139 6228/1/139 6229/1/139
f 6298/1/139 6297/1/139 6229/1/139 6230/1/139
f 6299/1/139 6298/1/139 6230/1/139 6231/1/139
f 6300/1/139 6299/1/139 6231/1/139 6232/1/139
f 6301/1/139 6300/1/139 6232/1/139 6233/1/139
f 6302/1/139 6301/1/139 6233/1/139 6234/1/139
f 6303/1/139 6302/1/139 6234/1/139 6235/1/139
f 6304/1/139 6303/1/139 6235/1/139 6236/1/139
f 6305/1/139 6304/1/139 6236/1/139 6237/1/139
f 6306/1/139 6305/1/139 6237/1/139 6238/1/139
f 6276/1/139 6306/1/139 6238/1/139 6208/1/139
f 6307/1/139 6308/1/139 6240/1/139 6239/1/139
f 6308/1/139 6290/1/139 6222/1/139 6240/1/139
f 6310/1/139 6309/1/139 6241/1/139 6242/1/139
f 6311/1/139 6310/1/139 6242/1/139 6243/1/139
f 6312/1/139 6311/1/139 6243/1/139 6244/1/139
f 6313/1/139 6312/1/139 6244/1/139 6245/1/139
f 6314/1/139 6313/1/139 6245/1/139 6246/1/139
f 6315/1/139 6314/1/139 6246/1/139 6247/1/139
f 6316/1/139 6315/1/139 6247/1/139 6248/1/139
f 6317/1/139 6316/1/139 6248/1/139 6249/1/139
f 6318/1/139 6317/1/139 6249/1/139 6250/1/139
f 6319/1/139 6318/1/139 6250/1/139 6251/1/139
f 6320/1/139 6319/1/139 6251/1/139 6252/1/139
f 6321/1/139 6320/1/139 6252/1/139 6253/1/139
f 6322/1/139 6321/1/139 6253/1/139 6254/1/139
f 6323/1/139 6322/1/139 6254/1/139 6255/1/139
f 6325/1/139 6324/1/139 6256/1/139 6257/1/139
f 6326/1/139 6325/1/139 6257/1/139 6258/1/139
f 6327/1/139 6326/1/139 6258/1/139 6259/1/139
f 6328/1/139 6327/1/139 6259/1/139 6260/1/139
f 6329/1/139 6328/1/139 6260/1/139 6261/1/139
f 6330/1/139 6329/1/139 6261/1/139 6262/1/139
f 6331/1/139 6330/1/139 6262/1/139 6263/1/139
f 6332/1/139 6331/1/139 6263/1/139 6264/1/139
f 6333/1/139 6332/1/139 6264/1/139 6265/1/139
f 6334/1/139 6333/1/139 6265/1/139 6266/1/139
f 6335/1/139 6334/1/139 6266/1/139 6267/1/139
f 6336/1/139 6335/1/139 6267/1/139 6268/1/139
f 6337/1/139 6336/1/139 6268/1/139 6269/1/139
f 6338/1/139 6337/1/139 6269/1/139 6270/1/139
f 6339/1/139 6338/1/139 6270/1/139 6271/1/139
f 6309/1/139 6339/1/139 6271/1/139 6241/1/139
f 6340/1/139 6341/1/139 6273/1/139 6272/1/139
f 6341/1/139 6323/1/139 6255/1/139 6273/1/139
f 6324/1/139 6342/1/139 6274/1/139 6256/1/139
f 6342/1/139 6307/1/139 6239/1/139 6274/1/139
f 6343/1/139 6340/1/139 6272/1/139 6275/1/139
f 6291/1/139 6343/1/139 6275/1/139 6223/1/139
f 6345/1/139 6344/1/139 6276/1/139 6277/1/139
f 6346/1/139 6345/1/139 6277/1/139 6278/1/139
f 6347/1/139 6346/1/139 6278/1/139 6279/1/139
f 6348/1/139 6347/1/139 6279/1/139 6280/1/139
f 6349/1/139 6348/1/139 6280/1/139 6281/1/139
f 6350/1/139 6349/1/139 6281/1/139 6282/1/139
f 6351/1/139 6350/1/139 6282/1/139 6283/1/139
f 6352/1/139 6351/1/139 6283/1/139 6284/1/139
f 6353/1/139 6352/1/139 6284/1/139 6285/1/139
f 6354/1/139 6353/1/139 6285/1/139 6286/1/139
f 6355/1/139 6354/1/139 6286/1/139 6287/1/139
f 6356/1/139 6355/1/139 6287/1/139 6288/1/139
f 6357/1/139 6356/1/139 6288/1/139 6289/1/139
f 6358/1/139 6357/1/139 6289/1/139 6290/1/139
f 6360/1/139 6359/1/139 6291/1/139 6292/1/139
f 6361/1/139 6360/1/139 6292/1/139 6293/1/139
f 6362/1/139 6361/1/139 6293/1/139 6294/1/139
f 6363/1/139 6362/1/139 6294/1/139 6295/1/139
f 6364/1/139 6363/1/139 6295/1/139 6296/1/139
f 6365/1/139 6364/1/139 6296/1/139 6297/1/139
f 6366/1/139 6365/1/139 6297/1/139 6298/1/139
f 6367/1/139 6366/1/139 6298/1/139 6299/1/139
f 6368/1/139 6367/1/139 6299/1/139 6300/1/139
f 6369/1/139 6368/1/139 6300/1/139 6301/1/139
f 6370/1/139 6369/1/139 6301/1/139 6302/1/139
f 6371/1/139 6370/1/139 6302/1/139 6303/1/139
f 6372/1/139 6371/1/139 6303/1/139 6304/1/139
f 6373/1/139 6372/1/139 6304/1/139 6305/1/139
f 6374/1/139 6373/1/139 6305/1/139 6306/1/139
f 6344/1/139 6374/1/139 6306/1/139 6276/1/139
f 6375/1/139 6376/1/139 6308/1/139 6307/1/139
f 6376/1/139 6358/1/139 6290/1/139 6308/1/139
f 6378/1/139 6377/1/139 6309/1/139 6310/1/139
f 6379/1/139 6378/1/139 6310/1/139 6311/1/139
f 6380/1/139 6379/1/139 6311/1/139 6312/1/139
f 6381/1/139 6380/1/139 6312/1/139 6313/1/139
f 6382/1/139 6381/1/139 6313/1/139 6314/1/139
f 6383/1/139 6382/1/139 6314/1/139 6315/1/139
f 6384/1/139 6383/1/139 6315/1/139 6316/1/139
f 6385/1/139 6384/1/139 6316/1/139 6317/1/139
f 6386/1/139 6385/1/139 6317/1/139 6318/1/139
f 6387/1/139 6386/1/139 6318/1/139 6319/1/139
f 6388/1/139 6387/1/139 6319/1/139 6320/1/139
f 6389/1/139 6388/1/139 6320/1/139 6321/1/139
f 6390/1/139 6389/1/139 6321/1/139 6322/1/139
f 6391/1/139 6390/1/139 6322/1/139 6323/1/139
f 6393/1/139 6392/1/139 6324/1/139 6325/1/139
f 6394/1/139 6393/1/139 6325/1/139 6326/1/139
f 6395/1/139 6394/1/139 6326/1/139 6327/1/139
f 6396/1/139 6395/1/139 6327/1/139 6328/1/139
f 6397/1/139 6396/1/139 6328/1/139 6329/1/139
f 6398/1/139 6397/1/139 6329/1/139 6330/1/139
f 6399/1/139 6398/1/139 6330/1/139 6331/1/139
f 6400/1/139 6399/1/139 6331/1/139 6332/1/139
f 6401/1/139 6400/1/139 6332/1/139 6333/1/139
f 6402/1/139 6401/1/139 6333/1/139 6334/1/139
f 6403/1/139 6402/1/139 6334/1/139 6335/1/139
f 6404/1/139 6403/1/139 6335/1/139 6336/1/139
f 6405/1/139 6404/1/139 6336/1/139 6337/1/139
f 6406/1/139 6405/1/139 6337/1/139 6338/1/139
f 6407/1/139 6406/1/139 6338/1/139 6339/1/139
f 6377/1/139 6407/1/139 6339/1/139 6309/1/139
f 6408/1/139 6409/1/139 6341/1/139 6340/1/139
f 6409/1/139 6391/1/139 6323/1/139 6341/1/139
f 6392/1/139 6410/1/139 6342/1/139 6324/1/139
f 6410/1/139 6375/1/139 6307/1/139 6342/1/139
f 6411/1/139 6408/1/139 6340/1/139 6343/1/139
f 6359/1/139 6411/1/139 6343/1/139 6291/1/139
f 6073/1/4141 6072/1/1628 6344/1/139 6345/1/139
f 6074/1/1614 6073/1/4141 6345/1/139 6346/1/139
f 6075/1/5590 6074/1/1614 6346/1/139 6347/1/139
f 6076/1/1615 6075/1/5590 6347/1/139 6348/1/139
f 6077/1/4143 6076/1/1615 6348/1/139 6349/1/139
f 6078/1/1616 6077/1/4143 6349/1/139 6350/1/139
f 6079/1/4144 6078/1/1616 6350/1/139 6351/1/139
f 6080/1/1617 6079/1/4144 6351/1/139 6352/1/139
f 6081/1/4145 6080/1/1617 6352/1/139 6353/1/139
f 6082/1/1618 6081/1/4145 6353/1/139 6354/1/139
f 6083/1/4146 6082/1/1618 6354/1/139 6355/1/139
f 6084/1/5591 6083/1/4146 6355/1/139 6356/1/139
f 6085/1/4147 6084/1/5591 6356/1/139 6357/1/139
f 6086/1/1620 6085/1/4147 6357/1/139 6358/1/139
f 6088/1/4148 6087/1/2539 6359/1/139 6360/1/139
f 6089/1/1621 6088/1/4148 6360/1/139 6361/1/139
f 6090/1/4149 6089/1/1621 6361/1/139 6362/1/139
f 6091/1/5592 6090/1/4149 6362/1/139 6363/1/139
f 6092/1/4150 6091/1/5592 6363/1/139 6364/1/139
f 6093/1/1623 6092/1/4150 6364/1/139 6365/1/139
f 6094/1/4151 6093/1/1623 6365/1/139 6366/1/139
f 6095/1/1624 6094/1/4151 6366/1/139 6367/1/139
f 6096/1/4152 6095/1/1624 6367/1/139 6368/1/139
f 6097/1/1625 6096/1/4152 6368/1/139 6369/1/139
f 6098/1/4153 6097/1/1625 6369/1/139 6370/1/139
f 6099/1/1626 6098/1/4153 6370/1/139 6371/1/139
f 6100/1/4154 6099/1/1626 6371/1/139 6372/1/139
f 6101/1/1627 6100/1/4154 6372/1/139 6373/1/139
f 6102/1/5593 6101/1/1627 6373/1/139 6374/1/139
f 6072/1/1628 6102/1/5593 6374/1/139 6344/1/139
f 6103/1/2541 6104/1/4629 6376/1/139 6375/1/139
f 6104/1/4629 6086/1/1620 6358/1/139 6376/1/139
f 6106/1/4766 6105/1/2916 6377/1/139 6378/1/139
f 6107/1/2902 6106/1/4766 6378/1/139 6379/1/139
f 6108/1/4767 6107/1/2902 6379/1/139 6380/1/139
f 6109/1/2903 6108/1/4767 6380/1/139 6381/1/139
f 6110/1/4768 6109/1/2903 6381/1/139 6382/1/139
f 6111/1/2904 6110/1/4768 6382/1/139 6383/1/139
f 6112/1/4769 6111/1/2904 6383/1/139 6384/1/139
f 6113/1/2905 6112/1/4769 6384/1/139 6385/1/139
f 6114/1/4770 6113/1/2905 6385/1/139 6386/1/139
f 6115/1/2906 6114/1/4770 6386/1/139 6387/1/139
f 6116/1/4771 6115/1/2906 6387/1/139 6388/1/139
f 6117/1/2907 6116/1/4771 6388/1/139 6389/1/139
f 6118/1/4772 6117/1/2907 6389/1/139 6390/1/139
f 6119/1/2908 6118/1/4772 6390/1/139 6391/1/139
f 6121/1/4773 6120/1/3832 6392/1/139 6393/1/139
f 6122/1/2909 6121/1/4773 6393/1/139 6394/1/139
f 6123/1/4774 6122/1/2909 6394/1/139 6395/1/139
f 6124/1/5594 6123/1/4774 6395/1/139 6396/1/139
f 6125/1/4775 6124/1/5594 6396/1/139 6397/1/139
f 6126/1/2911 6125/1/4775 6397/1/139 6398/1/139
f 6127/1/4776 6126/1/2911 6398/1/139 6399/1/139
f 6128/1/2912 6127/1/4776 6399/1/139 6400/1/139
f 6129/1/4777 6128/1/2912 6400/1/139 6401/1/139
f 6130/1/2913 6129/1/4777 6401/1/139 6402/1/139
f 6131/1/4778 6130/1/2913 6402/1/139 6403/1/139
f 6132/1/2914 6131/1/4778 6403/1/139 6404/1/139
f 6133/1/5595 6132/1/2914 6404/1/139 6405/1/139
f 6134/1/2915 6133/1/5595 6405/1/139 6406/1/139
f 6135/1/5596 6134/1/2915 6406/1/139 6407/1/139
f 6105/1/2916 6135/1/5596 6407/1/139 6377/1/139
f 6136/1/3833 6137/1/5255 6409/1/139 6408/1/139
f 6137/1/5255 6119/1/2908 6391/1/139 6409/1/139
f 6120/1/3832 6138/1/5277 6410/1/139 6392/1/139
f 6138/1/5277 6103/1/2541 6375/1/139 6410/1/139
f 6139/1/5278 6136/1/3833 6408/1/139 6411/1/139
f 6087/1/2539 6139/1/5278 6411/1/139 6359/1/139
f 6473/1/5471 6474/1/5468 6542/1/5468 6541/1/5471
f 6111/1/2904 6112/1/4769 6452/1/5482 6451/1/5488
f 6084/1/5591 6085/1/4147 6425/1/5494 6424/1/5500
f 6103/1/2541 6138/1/5277 6478/1/5474 6443/1/5469
f 6112/1/4769 6113/1/2905 6453/1/5479 6452/1/5482
f 6085/1/4147 6086/1/1620 6426/1/5492 6425/1/5494
f 6136/1/3833 6139/1/5278 6479/1/5456 6476/1/5484
f 6113/1/2905 6114/1/4770 6454/1/5473 6453/1/5479
f 6087/1/2539 6088/1/4148 6428/1/5486 6427/1/5485
f 6139/1/5278 6087/1/2539 6427/1/5485 6479/1/5456
f 6114/1/4770 6115/1/2906 6455/1/5600 6454/1/5473
f 6088/1/4148 6089/1/1621 6429/1/5481 6428/1/5486
f 6115/1/2906 6116/1/4771 6456/1/5601 6455/1/5600
f 6089/1/1621 6090/1/4149 6430/1/5476 6429/1/5481
f 6116/1/4771 6117/1/2907 6457/1/5463 6456/1/5601
f 6090/1/4149 6091/1/5592 6431/1/5472 6430/1/5476
f 6117/1/2907 6118/1/4772 6458/1/5458 6457/1/5463
f 6091/1/5592 6092/1/4150 6432/1/5467 6431/1/5472
f 6118/1/4772 6119/1/2908 6459/1/5478 6458/1/5458
f 6092/1/4150 6093/1/1623 6433/1/5598 6432/1/5467
f 6120/1/3832 6121/1/4773 6461/1/5452 6460/1/5475
f 6093/1/1623 6094/1/4151 6434/1/5460 6433/1/5598
f 6121/1/4773 6122/1/2909 6462/1/5450 6461/1/5452
f 6094/1/4151 6095/1/1624 6435/1/5457 6434/1/5460
f 6122/1/2909 6123/1/4774 6463/1/5445 6462/1/5450
f 6095/1/1624 6096/1/4152 6436/1/5454 6435/1/5457
f 6123/1/4774 6124/1/5594 6464/1/5443 6463/1/5445
f 6096/1/4152 6097/1/1625 6437/1/5451 6436/1/5454
f 6124/1/5594 6125/1/4775 6465/1/5439 6464/1/5443
f 6097/1/1625 6098/1/4153 6438/1/5447 6437/1/5451
f 6125/1/4775 6126/1/2911 6466/1/5509 6465/1/5439
f 6098/1/4153 6099/1/1626 6439/1/5444 6438/1/5447
f 6126/1/2911 6127/1/4776 6467/1/5499 6466/1/5509
f 6099/1/1626 6100/1/4154 6440/1/5599 6439/1/5444
f 6072/1/1628 6073/1/4141 6413/1/5489 6412/1/5496
f 6127/1/4776 6128/1/2912 6468/1/5602 6467/1/5499
f 6100/1/4154 6101/1/1627 6441/1/5501 6440/1/5599
f 6073/1/4141 6074/1/1614 6414/1/5490 6413/1/5489
f 6128/1/2912 6129/1/4777 6469/1/5491 6468/1/5602
f 6101/1/1627 6102/1/5593 6442/1/5502 6441/1/5501
f 6074/1/1614 6075/1/5590 6415/1/5462 6414/1/5490
f 6129/1/4777 6130/1/2913 6470/1/5487 6469/1/5491
f 6102/1/5593 6072/1/1628 6412/1/5496 6442/1/5502
f 6075/1/5590 6076/1/1615 6416/1/5459 6415/1/5462
f 6130/1/2913 6131/1/4778 6471/1/5480 6470/1/5487
f 6104/1/4629 6103/1/2541 6443/1/5469 6444/1/5449
f 6076/1/1615 6077/1/4143 6417/1/5455 6416/1/5459
f 6131/1/4778 6132/1/2914 6472/1/5477 6471/1/5480
f 6086/1/1620 6104/1/4629 6444/1/5449 6426/1/5492
f 6077/1/4143 6078/1/1616 6418/1/5453 6417/1/5455
f 6132/1/2914 6133/1/5595 6473/1/5471 6472/1/5477
f 6105/1/2916 6106/1/4766 6446/1/5441 6445/1/5461
f 6078/1/1616 6079/1/4144 6419/1/5448 6418/1/5453
f 6133/1/5595 6134/1/2915 6474/1/5468 6473/1/5471
f 6106/1/4766 6107/1/2902 6447/1/5503 6446/1/5441
f 6079/1/4144 6080/1/1617 6420/1/5446 6419/1/5448
f 6134/1/2915 6135/1/5596 6475/1/5464 6474/1/5468
f 6107/1/2902 6108/1/4767 6448/1/5504 6447/1/5503
f 6080/1/1617 6081/1/4145 6421/1/5442 6420/1/5446
f 6135/1/5596 6105/1/2916 6445/1/5461 6475/1/5464
f 6108/1/4767 6109/1/2903 6449/1/5497 6448/1/5504
f 6081/1/4145 6082/1/1618 6422/1/5597 6421/1/5442
f 6137/1/5255 6136/1/3833 6476/1/5484 6477/1/5483
f 6109/1/2903 6110/1/4768 6450/1/5493 6449/1/5497
f 6082/1/1618 6083/1/4146 6423/1/5506 6422/1/5597
f 6119/1/2908 6137/1/5255 6477/1/5483 6459/1/5478
f 6110/1/4768 6111/1/2904 6451/1/5488 6450/1/5493
f 6083/1/4146 6084/1/5591 6424/1/5500 6423/1/5506
f 6536/1/5495 6537/1/5491 6673/1/5572 6672/1/5571
f 6446/1/5441 6447/1/5503 6515/1/5503 6514/1/5441
f 6419/1/5448 6420/1/5446 6488/1/5446 6487/1/5448
f 6474/1/5468 6475/1/5464 6543/1/5464 6542/1/5468
f 6447/1/5503 6448/1/5504 6516/1/5504 6515/1/5503
f 6420/1/5446 6421/1/5442 6489/1/5442 6488/1/5446
f 6475/1/5464 6445/1/5461 6513/1/5461 6543/1/5464
f 6448/1/5504 6449/1/5497 6517/1/5497 6516/1/5504
f 6421/1/5442 6422/1/5597 6490/1/5505 6489/1/5442
f 6477/1/5483 6476/1/5484 6544/1/5484 6545/1/5483
f 6449/1/5497 6450/1/5493 6518/1/5493 6517/1/5497
f 6422/1/5597 6423/1/5506 6491/1/5506 6490/1/5505
f 6459/1/5478 6477/1/5483 6545/1/5483 6527/1/5478
f 6450/1/5493 6451/1/5488 6519/1/5488 6518/1/5493
f 6423/1/5506 6424/1/5500 6492/1/5500 6491/1/5506
f 6478/1/5474 6460/1/5475 6528/1/5475 6546/1/5474
f 6451/1/5488 6452/1/5482 6520/1/5482 6519/1/5488
f 6424/1/5500 6425/1/5494 6493/1/5494 6492/1/5500
f 6443/1/5469 6478/1/5474 6546/1/5474 6511/1/5469
f 6452/1/5482 6453/1/5479 6521/1/5479 6520/1/5482
f 6425/1/5494 6426/1/5492 6494/1/5492 6493/1/5494
f 6476/1/5484 6479/1/5456 6547/1/5456 6544/1/5484
f 6453/1/5479 6454/1/5473 6522/1/5473 6521/1/5479
f 6427/1/5485 6428/1/5486 6496/1/5486 6495/1/5485
f 6479/1/5456 6427/1/5485 6495/1/5485 6547/1/5456
f 6454/1/5473 6455/1/5600 6523/1/5603 6522/1/5473
f 6428/1/5486 6429/1/5481 6497/1/5481 6496/1/5486
f 6455/1/5600 6456/1/5601 6524/1/5466 6523/1/5603
f 6429/1/5481 6430/1/5476 6498/1/5476 6497/1/5481
f 6456/1/5601 6457/1/5463 6525/1/5463 6524/1/5466
f 6430/1/5476 6431/1/5472 6499/1/5472 6498/1/5476
f 6457/1/5463 6458/1/5458 6526/1/5458 6525/1/5463
f 6431/1/5472 6432/1/5467 6500/1/5467 6499/1/5472
f 6458/1/5458 6459/1/5478 6527/1/5478 6526/1/5458
f 6432/1/5467 6433/1/5598 6501/1/5465 6500/1/5467
f 6460/1/5475 6461/1/5452 6529/1/5452 6528/1/5475
f 6433/1/5598 6434/1/5460 6502/1/5460 6501/1/5465
f 6461/1/5452 6462/1/5450 6530/1/5450 6529/1/5452
f 6434/1/5460 6435/1/5457 6503/1/5457 6502/1/5460
f 6462/1/5450 6463/1/5445 6531/1/5445 6530/1/5450
f 6435/1/5457 6436/1/5454 6504/1/5454 6503/1/5457
f 6463/1/5445 6464/1/5443 6532/1/5443 6531/1/5445
f 6436/1/5454 6437/1/5451 6505/1/5451 6504/1/5454
f 6464/1/5443 6465/1/5439 6533/1/5439 6532/1/5443
f 6437/1/5451 6438/1/5447 6506/1/5447 6505/1/5451
f 6465/1/5439 6466/1/5509 6534/1/5498 6533/1/5439
f 6438/1/5447 6439/1/5444 6507/1/5444 6506/1/5447
f 6466/1/5509 6467/1/5499 6535/1/5499 6534/1/5498
f 6439/1/5444 6440/1/5599 6508/1/5440 6507/1/5444
f 6412/1/5496 6413/1/5489 6481/1/5489 6480/1/5496
f 6467/1/5499 6468/1/5602 6536/1/5495 6535/1/5499
f 6440/1/5599 6441/1/5501 6509/1/5501 6508/1/5440
f 6413/1/5489 6414/1/5490 6482/1/5490 6481/1/5489
f 6468/1/5602 6469/1/5491 6537/1/5491 6536/1/5495
f 6441/1/5501 6442/1/5502 6510/1/5502 6509/1/5501
f 6414/1/5490 6415/1/5462 6483/1/5462 6482/1/5490
f 6469/1/5491 6470/1/5487 6538/1/5487 6537/1/5491
f 6442/1/5502 6412/1/5496 6480/1/5496 6510/1/5502
f 6415/1/5462 6416/1/5459 6484/1/5459 6483/1/5462
f 6470/1/5487 6471/1/5480 6539/1/5480 6538/1/5487
f 6444/1/5449 6443/1/5469 6511/1/5469 6512/1/5449
f 6416/1/5459 6417/1/5455 6485/1/5455 6484/1/5459
f 6471/1/5480 6472/1/5477 6540/1/5477 6539/1/5480
f 6426/1/5492 6444/1/5449 6512/1/5449 6494/1/5492
f 6417/1/5455 6418/1/5453 6486/1/5453 6485/1/5455
f 6472/1/5477 6473/1/5471 6541/1/5471 6540/1/5477
f 6445/1/5461 6446/1/5441 6514/1/5441 6513/1/5461
f 6418/1/5453 6419/1/5448 6487/1/5448 6486/1/5453
f 6549/1/139 6550/1/139 6551/1/139 6552/1/139 6553/1/139 6554/1/139 6555/1/139 6556/1/139 6557/1/139 6558/1/139 6559/1/139 6560/1/139 6561/1/139 6562/1/139 6580/1/139 6579/1/139 6614/1/139 6596/1/139 6597/1/139 6598/1/139 6599/1/139 6600/1/139 6601/1/139 6602/1/139 6603/1/139 6604/1/139 6605/1/139 6606/1/139 6607/1/139 6608/1/139 6609/1/139 6610/1/139 6611/1/139 6581/1/139 6582/1/139 6583/1/139 6584/1/139 6585/1/139 6586/1/139 6587/1/139 6588/1/139 6589/1/139 6590/1/139 6591/1/139 6592/1/139 6593/1/139 6594/1/139 6595/1/139 6613/1/139 6612/1/139 6615/1/139 6563/1/139 6564/1/139 6565/1/139 6566/1/139 6567/1/139 6568/1/139 6569/1/139 6570/1/139 6571/1/139 6572/1/139 6573/1/139 6574/1/139 6575/1/139 6576/1/139 6577/1/139 6578/1/139 6548/1/139
f 6509/1/5501 6510/1/5502 6646/1/5547 6645/1/5546
f 6482/1/5490 6483/1/5462 6619/1/5521 6618/1/5520
f 6537/1/5491 6538/1/5487 6674/1/5573 6673/1/5572
f 6510/1/5502 6480/1/5496 6616/1/5518 6646/1/5547
f 6483/1/5462 6484/1/5459 6620/1/5522 6619/1/5521
f 6538/1/5487 6539/1/5480 6675/1/5574 6674/1/5573
f 6512/1/5449 6511/1/5469 6647/1/2541 6648/1/5548
f 6484/1/5459 6485/1/5455 6621/1/5523 6620/1/5522
f 6539/1/5480 6540/1/5477 6676/1/5610 6675/1/5574
f 6494/1/5492 6512/1/5449 6648/1/5548 6630/1/5532
f 6485/1/5455 6486/1/5453 6622/1/5524 6621/1/5523
f 6540/1/5477 6541/1/5471 6677/1/5576 6676/1/5610
f 6513/1/5461 6514/1/5441 6650/1/5608 6649/1/5607
f 6486/1/5453 6487/1/5448 6623/1/5525 6622/1/5524
f 6541/1/5471 6542/1/5468 6678/1/5577 6677/1/5576
f 6514/1/5441 6515/1/5503 6651/1/5551 6650/1/5608
f 6487/1/5448 6488/1/5446 6624/1/5526 6623/1/5525
f 6542/1/5468 6543/1/5464 6679/1/5611 6678/1/5577
f 6515/1/5503 6516/1/5504 6652/1/5552 6651/1/5551
f 6488/1/5446 6489/1/5442 6625/1/5527 6624/1/5526
f 6543/1/5464 6513/1/5461 6649/1/5607 6679/1/5611
f 6516/1/5504 6517/1/5497 6653/1/5609 6652/1/5552
f 6489/1/5442 6490/1/5505 6626/1/5528 6625/1/5527
f 6545/1/5483 6544/1/5484 6680/1/3833 6681/1/5579
f 6517/1/5497 6518/1/5493 6654/1/5554 6653/1/5609
f 6490/1/5505 6491/1/5506 6627/1/5529 6626/1/5528
f 6527/1/5478 6545/1/5483 6681/1/5579 6663/1/5563
f 6518/1/5493 6519/1/5488 6655/1/5555 6654/1/5554
f 6491/1/5506 6492/1/5500 6628/1/5530 6627/1/5529
f 6546/1/5474 6528/1/5475 6664/1/3832 6682/1/5580
f 6519/1/5488 6520/1/5482 6656/1/5556 6655/1/5555
f 6492/1/5500 6493/1/5494 6629/1/5531 6628/1/5530
f 6511/1/5469 6546/1/5474 6682/1/5580 6647/1/2541
f 6520/1/5482 6521/1/5479 6657/1/5557 6656/1/5556
f 6493/1/5494 6494/1/5492 6630/1/5532 6629/1/5531
f 6544/1/5484 6547/1/5456 6683/1/5581 6680/1/3833
f 6521/1/5479 6522/1/5473 6658/1/5558 6657/1/5557
f 6495/1/5485 6496/1/5486 6632/1/5533 6631/1/2539
f 6547/1/5456 6495/1/5485 6631/1/2539 6683/1/5581
f 6522/1/5473 6523/1/5603 6659/1/5559 6658/1/5558
f 6496/1/5486 6497/1/5481 6633/1/5604 6632/1/5533
f 6523/1/5603 6524/1/5466 6660/1/5560 6659/1/5559
f 6497/1/5481 6498/1/5476 6634/1/5535 6633/1/5604
f 6524/1/5466 6525/1/5463 6661/1/5561 6660/1/5560
f 6498/1/5476 6499/1/5472 6635/1/5536 6634/1/5535
f 6525/1/5463 6526/1/5458 6662/1/5562 6661/1/5561
f 6499/1/5472 6500/1/5467 6636/1/5537 6635/1/5536
f 6526/1/5458 6527/1/5478 6663/1/5563 6662/1/5562
f 6500/1/5467 6501/1/5465 6637/1/5538 6636/1/5537
f 6528/1/5475 6529/1/5452 6665/1/5564 6664/1/3832
f 6501/1/5465 6502/1/5460 6638/1/5539 6637/1/5538
f 6529/1/5452 6530/1/5450 6666/1/5565 6665/1/5564
f 6502/1/5460 6503/1/5457 6639/1/5540 6638/1/5539
f 6530/1/5450 6531/1/5445 6667/1/5566 6666/1/5565
f 6503/1/5457 6504/1/5454 6640/1/5605 6639/1/5540
f 6531/1/5445 6532/1/5443 6668/1/5567 6667/1/5566
f 6504/1/5454 6505/1/5451 6641/1/5542 6640/1/5605
f 6532/1/5443 6533/1/5439 6669/1/5568 6668/1/5567
f 6505/1/5451 6506/1/5447 6642/1/5543 6641/1/5542
f 6533/1/5439 6534/1/5498 6670/1/5569 6669/1/5568
f 6506/1/5447 6507/1/5444 6643/1/5606 6642/1/5543
f 6534/1/5498 6535/1/5499 6671/1/5570 6670/1/5569
f 6507/1/5444 6508/1/5440 6644/1/5545 6643/1/5606
f 6480/1/5496 6481/1/5489 6617/1/5519 6616/1/5518
f 6535/1/5499 6536/1/5495 6672/1/5571 6671/1/5570
f 6508/1/5440 6509/1/5501 6645/1/5546 6644/1/5545
f 6481/1/5489 6482/1/5490 6618/1/5520 6617/1/5519
f 6685/1/139 6684/1/139 6616/1/5518 6617/1/5519
f 6686/1/139 6685/1/139 6617/1/5519 6618/1/5520
f 6687/1/139 6686/1/139 6618/1/5520 6619/1/5521
f 6688/1/139 6687/1/139 6619/1/5521 6620/1/5522
f 6689/1/139 6688/1/139 6620/1/5522 6621/1/5523
f 6690/1/139 6689/1/139 6621/1/5523 6622/1/5524
f 6691/1/139 6690/1/139 6622/1/5524 6623/1/5525
f 6692/1/139 6691/1/139 6623/1/5525 6624/1/5526
f 6693/1/139 6692/1/139 6624/1/5526 6625/1/5527
f 6694/1/139 6693/1/139 6625/1/5527 6626/1/5528
f 6695/1/139 6694/1/139 6626/1/5528 6627/1/5529
f 6696/1/139 6695/1/139 6627/1/5529 6628/1/5530
f 6697/1/139 6696/1/139 6628/1/5530 6629/1/5531
f 6698/1/139 6697/1/139 6629/1/5531 6630/1/5532
f 6700/1/139 6699/1/139 6631/1/2539 6632/1/5533
f 6701/1/139 6700/1/139 6632/1/5533 6633/1/5604
f 6702/1/139 6701/1/139 6633/1/5604 6634/1/5535
f 6703/1/139 6702/1/139 6634/1/5535 6635/1/5536
f 6704/1/139 6703/1/139 6635/1/5536 6636/1/5537
f 6705/1/139 6704/1/139 6636/1/5537 6637/1/5538
f 6706/1/139 6705/1/139 6637/1/5538 6638/1/5539
f 6707/1/139 6706/1/139 6638/1/5539 6639/1/5540
f 6708/1/139 6707/1/139 6639/1/5540 6640/1/5605
f 6709/1/139 6708/1/139 6640/1/5605 6641/1/5542
f 6710/1/139 6709/1/139 6641/1/5542 6642/1/5543
f 6711/1/139 6710/1/139 6642/1/5543 6643/1/5606
f 6712/1/139 6711/1/139 6643/1/5606 6644/1/5545
f 6713/1/139 6712/1/139 6644/1/5545 6645/1/5546
f 6714/1/139 6713/1/139 6645/1/5546 6646/1/5547
f 6684/1/139 6714/1/139 6646/1/5547 6616/1/5518
f 6715/1/139 6716/1/139 6648/1/5548 6647/1/2541
f 6716/1/139 6698/1/139 6630/1/5532 6648/1/5548
f 6718/1/139 6717/1/139 6649/1/5607 6650/1/5608
f 6719/1/139 6718/1/139 6650/1/5608 6651/1/5551
f 6720/1/139 6719/1/139 6651/1/5551 6652/1/5552
f 6721/1/139 6720/1/139 6652/1/5552 6653/1/5609
f 6722/1/139 6721/1/139 6653/1/5609 6654/1/5554
f 6723/1/139 6722/1/139 6654/1/5554 6655/1/5555
f 6724/1/139 6723/1/139 6655/1/5555 6656/1/5556
f 6725/1/139 6724/1/139 6656/1/5556 6657/1/5557
f 6726/1/139 6725/1/139 6657/1/5557 6658/1/5558
f 6727/1/139 6726/1/139 6658/1/5558 6659/1/5559
f 6728/1/139 6727/1/139 6659/1/5559 6660/1/5560
f 6729/1/139 6728/1/139 6660/1/5560 6661/1/5561
f 6730/1/139 6729/1/139 6661/1/5561 6662/1/5562
f 6731/1/139 6730/1/139 6662/1/5562 6663/1/5563
f 6733/1/139 6732/1/139 6664/1/3832 6665/1/5564
f 6734/1/139 6733/1/139 6665/1/5564 6666/1/5565
f 6735/1/139 6734/1/139 6666/1/5565 6667/1/5566
f 6736/1/139 6735/1/139 6667/1/5566 6668/1/5567
f 6737/1/139 6736/1/139 6668/1/5567 6669/1/5568
f 6738/1/139 6737/1/139 6669/1/5568 6670/1/5569
f 6739/1/139 6738/1/139 6670/1/5569 6671/1/5570
f 6740/1/139 6739/1/139 6671/1/5570 6672/1/5571
f 6741/1/139 6740/1/139 6672/1/5571 6673/1/5572
f 6742/1/139 6741/1/139 6673/1/5572 6674/1/5573
f 6743/1/139 6742/1/139 6674/1/5573 6675/1/5574
f 6744/1/139 6743/1/139 6675/1/5574 6676/1/5610
f 6745/1/139 6744/1/139 6676/1/5610 6677/1/5576
f 6746/1/139 6745/1/139 6677/1/5576 6678/1/5577
f 6747/1/139 6746/1/139 6678/1/5577 6679/1/5611
f 6717/1/139 6747/1/139 6679/1/5611 6649/1/5607
f 6748/1/139 6749/1/139 6681/1/5579 6680/1/3833
f 6749/1/139 6731/1/139 6663/1/5563 6681/1/5579
f 6732/1/139 6750/1/139 6682/1/5580 6664/1/3832
f 6750/1/139 6715/1/139 6647/1/2541 6682/1/5580
f 6751/1/139 6748/1/139 6680/1/3833 6683/1/5581
f 6699/1/139 6751/1/139 6683/1/5581 6631/1/2539
f 6549/1/139 6548/1/139 6684/1/139 6685/1/139
f 6550/1/139 6549/1/139 6685/1/139 6686/1/139
f 6551/1/139 6550/1/139 6686/1/139 6687/1/139
f 6552/1/139 6551/1/139 6687/1/139 6688/1/139
f 6553/1/139 6552/1/139 6688/1/139 6689/1/139
f 6554/1/139 6553/1/139 6689/1/139 6690/1/139
f 6555/1/139 6554/1/139 6690/1/139 6691/1/139
f 6556/1/139 6555/1/139 6691/1/139 6692/1/139
f 6557/1/139 6556/1/139 6692/1/139 6693/1/139
f 6558/1/139 6557/1/139 6693/1/139 6694/1/139
f 6559/1/139 6558/1/139 6694/1/139 6695/1/139
f 6560/1/139 6559/1/139 6695/1/139 6696/1/139
f 6561/1/139 6560/1/139 6696/1/139 6697/1/139
f 6562/1/139 6561/1/139 6697/1/139 6698/1/139
f 6564/1/139 6563/1/139 6699/1/139 6700/1/139
f 6565/1/139 6564/1/139 6700/1/139 6701/1/139
f 6566/1/139 6565/1/139 6701/1/139 6702/1/139
f 6567/1/139 6566/1/139 6702/1/139 6703/1/139
f 6568/1/139 6567/1/139 6703/1/139 6704/1/139
f 6569/1/139 6568/1/139 6704/1/139 6705/1/139
f 6570/1/139 6569/1/139 6705/1/139 6706/1/139
f 6571/1/139 6570/1/139 6706/1/139 6707/1/139
f 6572/1/139 6571/1/139 6707/1/139 6708/1/139
f 6573/1/139 6572/1/139 6708/1/139 6709/1/139
f 6574/1/139 6573/1/139 6709/1/139 6710/1/139
f 6575/1/139 6574/1/139 6710/1/139 6711/1/139
f 6576/1/139 6575/1/139 6711/1/139 6712/1/139
f 6577/1/139 6576/1/139 6712/1/139 6713/1/139
f 6578/1/139 6577/1/139 6713/1/139 6714/1/139
f 6548/1/139 6578/1/139 6714/1/139 6684/1/139
f 6579/1/139 6580/1/139 6716/1/139 6715/1/139
f 6580/1/139 6562/1/139 6698/1/139 6716/1/139
f 6582/1/139 6581/1/139 6717/1/139 6718/1/139
f 6583/1/139 6582/1/139 6718/1/139 6719/1/139
f 6584/1/139 6583/1/139 6719/1/139 6720/1/139
f 6585/1/139 6584/1/139 6720/1/139 6721/1/139
f 6586/1/139 6585/1/139 6721/1/139 6722/1/139
f 6587/1/139 6586/1/139 6722/1/139 6723/1/139
f 6588/1/139 6587/1/139 6723/1/139 6724/1/139
f 6589/1/139 6588/1/139 6724/1/139 6725/1/139
f 6590/1/139 6589/1/139 6725/1/139 6726/1/139
f 6591/1/139 6590/1/139 6726/1/139 6727/1/139
f 6592/1/139 6591/1/139 6727/1/139 6728/1/139
f 6593/1/139 6592/1/139 6728/1/139 6729/1/139
f 6594/1/139 6593/1/139 6729/1/139 6730/1/139
f 6595/1/139 6594/1/139 6730/1/139 6731/1/139
f 6597/1/139 6596/1/139 6732/1/139 6733/1/139
f 6598/1/139 6597/1/139 6733/1/139 6734/1/139
f 6599/1/139 6598/1/139 6734/1/139 6735/1/139
f 6600/1/139 6599/1/139 6735/1/139 6736/1/139
f 6601/1/139 6600/1/139 6736/1/139 6737/1/139
f 6602/1/139 6601/1/139 6737/1/139 6738/1/139
f 6603/1/139 6602/1/139 6738/1/139 6739/1/139
f 6604/1/139 6603/1/139 6739/1/139 6740/1/139
f 6605/1/139 6604/1/139 6740/1/139 6741/1/139
f 6606/1/139 6605/1/139 6741/1/139 6742/1/139
f 6607/1/139 6606/1/139 6742/1/139 6743/1/139
f 6608/1/139 6607/1/139 6743/1/139 6744/1/139
f 6609/1/139 6608/1/139 6744/1/139 6745/1/139
f 6610/1/139 6609/1/139 6745/1/139 6746/1/139
f 6611/1/139 6610/1/139 6746/1/139 6747/1/139
f 6581/1/139 6611/1/139 6747/1/139 6717/1/139
f 6612/1/139 6613/1/139 6749/1/139 6748/1/139
f 6613/1/139 6595/1/139 6731/1/139 6749/1/139
f 6596/1/139 6614/1/139 6750/1/139 6732/1/139
f 6614/1/139 6579/1/139 6715/1/139 6750/1/139
f 6615/1/139 6612/1/139 6748/1/139 6751/1/139
f 6563/1/139 6615/1/139 6751/1/139 6699/1/139
o ketchup_bottle.001
v -0.123905 0.241242 -0.010498
v -0.123798 0.241242 -0.001672
v -0.124105 0.241242 -0.020791
v -0.127692 0.241242 -0.010470
v -0.117765 0.241242 -0.010542
v -0.117965 0.241242 -0.020846
v -0.117663 0.241242 -0.002190
v -0.113888 0.241242 0.008318
v -0.110691 0.241242 0.019143
v -0.119884 0.241242 0.009222
v -0.123582 0.241242 0.009780
v -0.116611 0.241242 0.020307
v -0.120261 0.241242 0.021025
v -0.110289 0.241242 0.031503
v -0.113836 0.241242 0.032406
v -0.104692 0.241242 0.041885
v -0.104539 0.241242 0.030040
v -0.099108 0.241242 0.040112
v -0.091054 0.241242 0.049575
v -0.083656 0.241242 0.058334
v -0.096376 0.241242 0.051656
v -0.099659 0.241242 0.052939
v -0.088704 0.241242 0.060738
v -0.091817 0.241242 0.062221
v -0.078736 0.241242 0.068730
v -0.081614 0.241242 0.070401
v -0.069310 0.241242 0.076141
v -0.074069 0.241242 0.066020
v -0.065058 0.241242 0.073105
v -0.054382 0.241242 0.078757
v -0.044180 0.241242 0.083906
v -0.058102 0.241242 0.082075
v -0.060397 0.241242 0.084121
v -0.047314 0.241242 0.087519
v -0.049248 0.241242 0.089748
v -0.035319 0.241242 0.091210
v -0.036821 0.241242 0.093571
v -0.023595 0.241242 0.094483
v -0.032883 0.241242 0.087382
v -0.021914 0.241242 0.090444
v -0.010414 0.241242 0.091711
v 0.000966 0.241242 0.092625
v -0.011267 0.241242 0.095842
v -0.011793 0.241242 0.098389
v 0.000966 0.241242 0.096824
v -0.011267 0.241242 0.107786
v -0.011267 0.239811 0.095842
v -0.011793 0.239811 0.098389
v -0.011267 0.223411 0.095842
v -0.011793 0.239811 0.098389
v -0.011793 0.223411 0.098389
v 0.000966 0.239811 0.099413
v 0.000966 0.223411 0.099413
v 0.013725 0.239811 0.098389
v 0.000966 0.241242 0.107786
v 0.013199 0.241242 0.107786
v 0.013199 0.241242 0.095842
v 0.025528 0.241242 0.094483
v 0.013725 0.241242 0.098389
v 0.012346 0.241242 0.091711
v 0.013199 0.239811 0.095842
v 0.013725 0.239811 0.098389
v 0.013199 0.223411 0.095842
v 0.013725 0.223411 0.098389
v 0.000966 0.223411 0.096824
v 0.025528 0.223411 0.094483
v 0.013725 0.223411 0.098389
v 0.012346 0.223411 0.091711
v 0.023847 0.223411 0.090444
v 0.000966 0.223411 0.092625
v -0.010414 0.223411 0.091711
v -0.021914 0.223411 0.090444
v -0.032883 0.223411 0.087382
v -0.023595 0.223411 0.094483
v -0.024632 0.223411 0.096974
v -0.035319 0.223411 0.091210
v -0.036821 0.223411 0.093571
v -0.047314 0.223411 0.087519
v -0.049248 0.223411 0.089748
v -0.058102 0.223411 0.082075
v -0.044180 0.223411 0.083906
v -0.054382 0.223411 0.078757
v -0.065058 0.223411 0.073105
v -0.074069 0.223411 0.066020
v -0.069310 0.223411 0.076141
v -0.071933 0.223411 0.078013
v -0.078736 0.223411 0.068730
v -0.081614 0.223411 0.070401
v -0.088704 0.223411 0.060738
v -0.091817 0.223411 0.062221
v -0.096376 0.223411 0.051656
v -0.083656 0.223411 0.058334
v -0.091054 0.223411 0.049575
v -0.099108 0.223411 0.040112
v -0.104539 0.223411 0.030040
v -0.104692 0.223411 0.041885
v -0.108136 0.223411 0.042979
v -0.110289 0.223411 0.031503
v -0.113836 0.223411 0.032406
v -0.116611 0.223411 0.020307
v -0.120261 0.223411 0.021025
v -0.119884 0.223411 0.009222
v -0.110691 0.223411 0.019143
v -0.113888 0.223411 0.008318
v -0.117663 0.223411 -0.002190
v -0.117765 0.223411 -0.010542
v -0.123798 0.223411 -0.001672
v -0.127581 0.223411 -0.001353
v -0.123905 0.223411 -0.010498
v -0.124105 0.223411 -0.020791
v -0.127692 0.223411 -0.010470
v -0.127692 0.239810 -0.010470
v -0.127892 0.223411 -0.020757
v -0.127892 0.239811 -0.020757
v -0.128100 0.223411 -0.031292
v -0.128100 0.239811 -0.031292
v -0.127892 0.223411 -0.041827
v -0.124312 0.223411 -0.031292
v -0.124105 0.223411 -0.041793
v -0.118171 0.223411 -0.031292
v -0.117965 0.223411 -0.020846
v -0.117965 0.223411 -0.041738
v -0.117764 0.223411 -0.052042
v -0.117663 0.223411 -0.060394
v -0.123905 0.223411 -0.052086
v -0.127692 0.223411 -0.052114
v -0.123798 0.223411 -0.060912
v -0.127581 0.223411 -0.061231
v -0.119884 0.223411 -0.071806
v -0.123582 0.223411 -0.072363
v -0.116610 0.223411 -0.082891
v -0.113888 0.223411 -0.070901
v -0.110691 0.223411 -0.081727
v -0.104539 0.223411 -0.092624
v -0.099108 0.223411 -0.102696
v -0.110289 0.223411 -0.094087
v -0.113836 0.223411 -0.094990
v -0.104692 0.223411 -0.104469
v -0.108135 0.223411 -0.105563
v -0.096376 0.223411 -0.114240
v -0.099659 0.223411 -0.115523
v -0.088704 0.223411 -0.123322
v -0.091054 0.223411 -0.112159
v -0.083656 0.223411 -0.120918
v -0.074069 0.223411 -0.128603
v -0.065058 0.223411 -0.135689
v -0.078736 0.223411 -0.131313
v -0.081614 0.223411 -0.132985
v -0.069310 0.223411 -0.138725
v -0.071933 0.223411 -0.140597
v -0.058102 0.223411 -0.144659
v -0.060397 0.223411 -0.146705
v -0.047314 0.223411 -0.150103
v -0.054382 0.223411 -0.141341
v -0.044180 0.223411 -0.146490
v -0.032883 0.223411 -0.149966
v -0.021914 0.223411 -0.153028
v -0.035319 0.223411 -0.153794
v -0.036821 0.223411 -0.156155
v -0.023595 0.223411 -0.157067
v -0.024633 0.223411 -0.159558
v -0.011267 0.223411 -0.158426
v -0.011793 0.223411 -0.160973
v 0.000966 0.223411 -0.159408
v -0.010414 0.223411 -0.154296
v 0.000966 0.223411 -0.155209
v 0.012346 0.223411 -0.154296
v 0.023846 0.223411 -0.153028
v 0.013199 0.223411 -0.158426
v 0.013725 0.223411 -0.160973
v 0.025528 0.223411 -0.157067
v 0.026565 0.223411 -0.159558
v 0.037251 0.223411 -0.153794
v 0.038753 0.223411 -0.156155
v 0.049247 0.223411 -0.150103
v 0.034816 0.223411 -0.149966
v 0.046112 0.223411 -0.146490
v 0.056315 0.223411 -0.141341
v 0.066990 0.223411 -0.135689
v 0.060035 0.223411 -0.144659
v 0.062329 0.223411 -0.146705
v 0.071243 0.223411 -0.138725
v 0.073866 0.223411 -0.140597
v 0.080669 0.223411 -0.131314
v 0.083547 0.223411 -0.132985
v 0.090636 0.223411 -0.123323
v 0.076002 0.223411 -0.128604
v 0.085588 0.223411 -0.120918
v 0.092987 0.223411 -0.112160
v 0.101041 0.223411 -0.102697
v 0.098309 0.223411 -0.114240
v 0.101591 0.223411 -0.115523
v 0.106625 0.223411 -0.104470
v 0.110068 0.223411 -0.105563
v 0.112222 0.223411 -0.094088
v 0.115769 0.223411 -0.094990
v 0.118543 0.223411 -0.082892
v 0.106471 0.223411 -0.092625
v 0.112624 0.223411 -0.081727
v 0.115821 0.223411 -0.070902
v 0.119595 0.223411 -0.060394
v 0.121817 0.223411 -0.071806
v 0.125515 0.223411 -0.072364
v 0.125730 0.223411 -0.060912
v 0.129514 0.223411 -0.061232
v 0.125838 0.223411 -0.052087
v 0.129625 0.223411 -0.052114
v 0.126038 0.223411 -0.041793
v 0.119697 0.223411 -0.052042
v 0.119898 0.223411 -0.041738
v 0.120103 0.223411 -0.031292
v 0.119897 0.223411 -0.020846
v 0.126245 0.223411 -0.031292
v 0.126038 0.223411 -0.020791
v 0.130032 0.223411 -0.031292
v 0.130032 0.239811 -0.031292
v 0.129825 0.223411 -0.041828
v 0.129825 0.223411 -0.020757
v 0.129825 0.239811 -0.020757
v 0.129625 0.223411 -0.010470
v 0.129625 0.239811 -0.010470
v 0.125837 0.223411 -0.010498
v 0.129514 0.223411 -0.001353
v 0.129514 0.239811 -0.001353
v 0.125730 0.223411 -0.001673
v 0.125515 0.223411 0.009779
v 0.125515 0.239811 0.009779
v 0.121817 0.223411 0.009221
v 0.122194 0.223411 0.021025
v 0.122194 0.239811 0.021025
v 0.118543 0.223411 0.020307
v 0.115768 0.223411 0.032405
v 0.115768 0.239811 0.032405
v 0.112222 0.223411 0.031503
v 0.110068 0.223411 0.042979
v 0.110068 0.239811 0.042979
v 0.106624 0.223411 0.041885
v 0.101591 0.223411 0.052939
v 0.101591 0.239811 0.052939
v 0.098309 0.223411 0.051656
v 0.093750 0.223411 0.062221
v 0.093750 0.239811 0.062221
v 0.090636 0.223411 0.060738
v 0.083547 0.223411 0.070401
v 0.083547 0.239811 0.070401
v 0.080669 0.223411 0.068729
v 0.073866 0.223411 0.078013
v 0.073866 0.239811 0.078013
v 0.071243 0.223411 0.076141
v 0.062329 0.223411 0.084120
v 0.062329 0.239811 0.084120
v 0.051180 0.223411 0.089747
v 0.060035 0.223411 0.082074
v 0.049247 0.223411 0.087519
v 0.056315 0.223411 0.078757
v 0.066990 0.223411 0.073105
v 0.046112 0.223411 0.083906
v 0.034816 0.223411 0.087382
v 0.037251 0.223411 0.091210
v 0.038753 0.223411 0.093571
v 0.038753 0.239811 0.093571
v 0.026565 0.223411 0.096973
v 0.026565 0.239811 0.096973
v 0.026565 0.241242 0.096973
v 0.038753 0.241242 0.093571
v 0.051180 0.241242 0.089747
v 0.037251 0.241242 0.091210
v 0.049247 0.241242 0.087519
v 0.034816 0.241242 0.087382
v 0.046112 0.241242 0.083906
v 0.023847 0.241242 0.090444
v 0.056315 0.241242 0.078757
v 0.066990 0.241242 0.073105
v 0.060035 0.241242 0.082074
v 0.071243 0.241242 0.076141
v 0.062329 0.241242 0.084120
v 0.073866 0.241242 0.078013
v 0.083547 0.241242 0.070401
v 0.080669 0.241242 0.068729
v 0.093750 0.241242 0.062221
v 0.090636 0.241242 0.060738
v 0.101591 0.241242 0.052939
v 0.098309 0.241242 0.051656
v 0.110068 0.241242 0.042979
v 0.106624 0.241242 0.041885
v 0.115768 0.241242 0.032405
v 0.112222 0.241242 0.031503
v 0.122194 0.241242 0.021025
v 0.118543 0.241242 0.020307
v 0.125515 0.241242 0.009779
v 0.121817 0.241242 0.009221
v 0.129514 0.241242 -0.001353
v 0.125730 0.241242 -0.001673
v 0.129625 0.241242 -0.010470
v 0.125837 0.241242 -0.010498
v 0.129825 0.241242 -0.020757
v 0.126038 0.241242 -0.020791
v 0.130032 0.241242 -0.031292
v 0.129825 0.241242 -0.041828
v 0.126245 0.241242 -0.031292
v 0.126038 0.241242 -0.041793
v 0.120103 0.241242 -0.031292
v 0.119897 0.241242 -0.020846
v 0.119898 0.241242 -0.041738
v 0.119697 0.241242 -0.052042
v 0.119595 0.241242 -0.060394
v 0.125838 0.241242 -0.052087
v 0.129625 0.241242 -0.052114
v 0.125730 0.241242 -0.060912
v 0.129514 0.241242 -0.061232
v 0.121817 0.241242 -0.071806
v 0.125515 0.241242 -0.072364
v 0.118543 0.241242 -0.082892
v 0.115821 0.241242 -0.070902
v 0.112624 0.241242 -0.081727
v 0.106471 0.241242 -0.092625
v 0.101041 0.241242 -0.102697
v 0.112222 0.241242 -0.094088
v 0.115769 0.241242 -0.094990
v 0.106625 0.241242 -0.104470
v 0.110068 0.241242 -0.105563
v 0.098309 0.241242 -0.114240
v 0.101591 0.241242 -0.115523
v 0.090636 0.241242 -0.123323
v 0.092987 0.241242 -0.112160
v 0.085588 0.241242 -0.120918
v 0.076002 0.241242 -0.128604
v 0.066990 0.241242 -0.135689
v 0.080669 0.241242 -0.131314
v 0.083547 0.241242 -0.132985
v 0.071243 0.241242 -0.138725
v 0.073866 0.241242 -0.140597
v 0.060035 0.241242 -0.144659
v 0.062329 0.241242 -0.146705
v 0.049247 0.241242 -0.150103
v 0.056315 0.241242 -0.141341
v 0.046112 0.241242 -0.146490
v 0.034816 0.241242 -0.149966
v 0.023846 0.241242 -0.153028
v 0.037251 0.241242 -0.153794
v 0.038753 0.241242 -0.156155
v 0.025528 0.241242 -0.157067
v 0.026565 0.241242 -0.159558
v 0.013199 0.241242 -0.158426
v 0.013725 0.241242 -0.160973
v 0.000966 0.241242 -0.159408
v 0.012346 0.241242 -0.154296
v 0.000966 0.241242 -0.155209
v -0.010414 0.241242 -0.154296
v -0.021914 0.241242 -0.153028
v -0.011267 0.241242 -0.158426
v -0.011793 0.241242 -0.160973
v -0.023595 0.241242 -0.157067
v -0.024633 0.241242 -0.159558
v -0.035319 0.241242 -0.153794
v -0.036821 0.241242 -0.156155
v -0.047314 0.241242 -0.150103
v -0.032883 0.241242 -0.149966
v -0.044180 0.241242 -0.146490
v -0.054382 0.241242 -0.141341
v -0.065058 0.241242 -0.135689
v -0.058102 0.241242 -0.144659
v -0.060397 0.241242 -0.146705
v -0.069310 0.241242 -0.138725
v -0.071933 0.241242 -0.140597
v -0.078736 0.241242 -0.131313
v -0.081614 0.241242 -0.132985
v -0.088704 0.241242 -0.123322
v -0.074069 0.241242 -0.128603
v -0.083656 0.241242 -0.120918
v -0.091054 0.241242 -0.112159
v -0.099108 0.241242 -0.102696
v -0.096376 0.241242 -0.114240
v -0.099659 0.241242 -0.115523
v -0.104692 0.241242 -0.104469
v -0.108135 0.241242 -0.105563
v -0.110289 0.241242 -0.094087
v -0.113836 0.241242 -0.094990
v -0.116610 0.241242 -0.082891
v -0.104539 0.241242 -0.092624
v -0.110691 0.241242 -0.081727
v -0.113888 0.241242 -0.070901
v -0.117663 0.241242 -0.060394
v -0.119884 0.241242 -0.071806
v -0.123582 0.241242 -0.072363
v -0.123798 0.241242 -0.060912
v -0.127581 0.241242 -0.061231
v -0.123905 0.241242 -0.052086
v -0.127692 0.241242 -0.052114
v -0.124105 0.241242 -0.041793
v -0.117764 0.241242 -0.052042
v -0.117965 0.241242 -0.041738
v -0.118171 0.241242 -0.031292
v -0.124312 0.241242 -0.031292
v -0.128100 0.241242 -0.031292
v -0.127892 0.241242 -0.041827
v -0.127892 0.241242 -0.020757
v -0.127892 0.239811 -0.041827
v -0.127692 0.239811 -0.052114
v -0.127581 0.239811 -0.061231
v -0.123582 0.239811 -0.072363
v -0.120261 0.239811 -0.083609
v -0.113836 0.239811 -0.094990
v -0.120261 0.223411 -0.083609
v -0.120261 0.241242 -0.083609
v -0.108135 0.239811 -0.105563
v -0.099659 0.239811 -0.115523
v -0.091817 0.239811 -0.124805
v -0.081614 0.239811 -0.132985
v -0.091817 0.223411 -0.124805
v -0.091817 0.241242 -0.124805
v -0.071933 0.239811 -0.140597
v -0.060397 0.239811 -0.146705
v -0.049248 0.239811 -0.152332
v -0.036821 0.239811 -0.156155
v -0.049248 0.223411 -0.152332
v -0.049248 0.241242 -0.152332
v -0.024633 0.239811 -0.159558
v -0.011793 0.239811 -0.160973
v 0.000966 0.239811 -0.161998
v 0.013725 0.239811 -0.160973
v 0.000966 0.223411 -0.161998
v 0.000966 0.241242 -0.161998
v 0.026565 0.239811 -0.159558
v 0.038753 0.239811 -0.156155
v 0.051180 0.239811 -0.152332
v 0.062329 0.239811 -0.146705
v 0.051180 0.223411 -0.152332
v 0.051180 0.241242 -0.152332
v 0.073866 0.239811 -0.140597
v 0.083547 0.239811 -0.132985
v 0.093750 0.239811 -0.124806
v 0.101591 0.239811 -0.115523
v 0.093750 0.223411 -0.124806
v 0.093750 0.241242 -0.124806
v 0.110068 0.239811 -0.105563
v 0.115769 0.239811 -0.094990
v 0.122194 0.239811 -0.083610
v 0.125515 0.239811 -0.072364
v 0.122194 0.223411 -0.083610
v 0.122194 0.241242 -0.083610
v 0.129514 0.239811 -0.061232
v 0.129625 0.239811 -0.052114
v 0.129825 0.239811 -0.041828
v 0.119697 0.241242 -0.010543
v 0.119595 0.241242 -0.002191
v 0.115821 0.241242 0.008317
v 0.112624 0.241242 0.019143
v 0.106471 0.241242 0.030040
v 0.101041 0.241242 0.040112
v 0.092987 0.241242 0.049575
v 0.085588 0.241242 0.058334
v 0.076002 0.241242 0.066019
v 0.051180 0.239811 0.089747
v 0.076002 0.223411 0.066019
v 0.085588 0.223411 0.058334
v 0.092987 0.223411 0.049575
v 0.101041 0.223411 0.040112
v 0.106471 0.223411 0.030040
v 0.112624 0.223411 0.019143
v 0.115821 0.223411 0.008317
v 0.119595 0.223411 -0.002191
v 0.119697 0.223411 -0.010543
v -0.127581 0.239811 -0.001353
v -0.123582 0.239811 0.009780
v -0.127581 0.241242 -0.001353
v -0.120261 0.239811 0.021025
v -0.123582 0.223411 0.009780
v -0.113836 0.239811 0.032406
v -0.108136 0.239811 0.042979
v -0.099659 0.239811 0.052939
v -0.108136 0.241242 0.042979
v -0.091817 0.239811 0.062221
v -0.099659 0.223411 0.052939
v -0.081614 0.239811 0.070401
v -0.071933 0.239811 0.078013
v -0.060397 0.239811 0.084121
v -0.071933 0.241242 0.078013
v -0.049248 0.239811 0.089748
v -0.060397 0.223411 0.084121
v -0.036821 0.239811 0.093571
v -0.024632 0.239811 0.096974
v -0.024632 0.241242 0.096974
v -0.011793 0.223411 0.098389
v 0.000966 0.239811 0.099413
v 0.013725 0.239811 0.107786
v 0.000966 0.239811 0.107786
v 0.013725 0.241242 0.107786
v 0.000966 0.241242 0.107786
v -0.011793 0.241242 0.107786
v 0.000966 0.241242 0.099413
v -0.011793 0.239811 0.107786
v -0.011267 0.231611 0.095842
v -0.011793 0.231611 0.098389
v 0.000966 0.231611 0.099413
v 0.013199 0.231611 0.095842
v -0.127692 0.231611 -0.010470
v -0.127892 0.231611 -0.020757
v -0.128100 0.231611 -0.031292
v 0.130032 0.231611 -0.031292
v 0.129825 0.231611 -0.020757
v 0.129625 0.231611 -0.010470
v 0.129514 0.231611 -0.001353
v 0.125515 0.231611 0.009779
v 0.122194 0.231611 0.021025
v 0.115768 0.231611 0.032405
v 0.110068 0.231611 0.042979
v 0.101591 0.231611 0.052939
v 0.093750 0.231611 0.062221
v 0.083547 0.231611 0.070401
v 0.073866 0.231611 0.078013
v 0.062329 0.231611 0.084120
v 0.038753 0.231611 0.093571
v 0.026565 0.231611 0.096973
v -0.127892 0.231611 -0.041827
v -0.127692 0.231611 -0.052114
v -0.127581 0.231611 -0.061231
v -0.123582 0.231611 -0.072363
v -0.120261 0.231611 -0.083609
v -0.113836 0.231611 -0.094990
v -0.108135 0.231611 -0.105563
v -0.099659 0.231611 -0.115523
v -0.091817 0.231611 -0.124805
v -0.081614 0.231611 -0.132985
v -0.071933 0.231611 -0.140597
v -0.060397 0.231611 -0.146705
v -0.049248 0.231611 -0.152332
v -0.036821 0.231611 -0.156155
v -0.024633 0.231611 -0.159558
v -0.011793 0.231611 -0.160973
v 0.000966 0.231611 -0.161998
v 0.013725 0.231611 -0.160973
v 0.026565 0.231611 -0.159558
v 0.038753 0.231611 -0.156155
v 0.051180 0.231611 -0.152332
v 0.062329 0.231611 -0.146705
v 0.073866 0.231611 -0.140597
v 0.083547 0.231611 -0.132985
v 0.093750 0.231611 -0.124806
v 0.101591 0.231611 -0.115523
v 0.110068 0.231611 -0.105563
v 0.115769 0.231611 -0.094990
v 0.122194 0.231611 -0.083610
v 0.125515 0.231611 -0.072364
v 0.129514 0.231611 -0.061232
v 0.129625 0.231611 -0.052114
v 0.129825 0.231611 -0.041828
v 0.051180 0.231611 0.089747
v -0.127581 0.231611 -0.001353
v -0.123582 0.231611 0.009780
v -0.120261 0.231611 0.021025
v -0.113836 0.231611 0.032406
v -0.108136 0.231611 0.042979
v -0.099659 0.231611 0.052939
v -0.091817 0.231611 0.062221
v -0.081614 0.231611 0.070401
v -0.071933 0.231611 0.078013
v -0.060397 0.231611 0.084121
v -0.049248 0.231611 0.089748
v -0.036821 0.231611 0.093571
v -0.024632 0.231611 0.096974
v -0.011793 0.231611 0.098389
v 0.013725 0.231611 0.098389
v 0.013725 0.231611 0.098389
v -0.011793 0.239811 -0.159392
v 0.000966 0.239811 -0.160417
v 0.013725 0.239811 -0.159392
v -0.010344 0.223411 -0.158500
v -0.009555 0.223411 -0.154365
v -0.009555 0.241242 -0.154364
v -0.010344 0.241242 -0.158500
v -0.010830 0.241242 -0.161050
v -0.010830 0.223411 -0.161050
v -0.010830 0.231611 -0.161050
v -0.010830 0.239811 -0.159470
v 0.011601 0.223411 -0.154355
v 0.012398 0.223411 -0.158490
v 0.012398 0.241242 -0.158490
v 0.011601 0.241242 -0.154355
v 0.012890 0.241242 -0.161040
v 0.012890 0.223411 -0.161040
v 0.012890 0.231611 -0.161040
v 0.012890 0.239811 -0.159459
v 0.013725 0.238864 -0.159575
v 0.000966 0.238864 -0.160599
v -0.011793 0.238864 -0.159575
v -0.010830 0.238864 -0.159652
v 0.012890 0.238864 -0.159642
v -0.010830 0.232429 -0.160893
v 0.013725 0.232429 -0.160815
v 0.000966 0.232429 -0.161840
v -0.011793 0.232429 -0.160815
v 0.012890 0.232429 -0.160882
v -0.117965 0.228960 -0.020846
v -0.117765 0.228960 -0.010542
v -0.117663 0.228960 -0.002190
v -0.113888 0.228960 0.008318
v -0.110691 0.228960 0.019143
v -0.099108 0.228960 0.040112
v -0.104539 0.228960 0.030040
v -0.091054 0.228960 0.049575
v -0.083656 0.228960 0.058334
v -0.065058 0.228960 0.073105
v -0.074069 0.228960 0.066020
v -0.054382 0.228960 0.078757
v -0.044180 0.228960 0.083906
v -0.021914 0.228960 0.090444
v -0.032883 0.228960 0.087382
v -0.010414 0.228960 0.091711
v 0.000966 0.228960 0.092625
v 0.046112 0.228960 0.083906
v 0.034816 0.228960 0.087382
v 0.023847 0.228960 0.090444
v 0.012346 0.228960 0.091711
v 0.056315 0.228960 0.078757
v 0.066990 0.228960 0.073105
v 0.119897 0.228960 -0.020846
v 0.120103 0.228960 -0.031292
v 0.119898 0.228960 -0.041738
v 0.119697 0.228960 -0.052042
v 0.119595 0.228960 -0.060394
v 0.112624 0.228960 -0.081727
v 0.115821 0.228960 -0.070902
v 0.106471 0.228960 -0.092625
v 0.101041 0.228960 -0.102697
v 0.085588 0.228960 -0.120918
v 0.092987 0.228960 -0.112160
v 0.076002 0.228960 -0.128604
v 0.066990 0.228960 -0.135689
v 0.046112 0.228960 -0.146490
v 0.056315 0.228960 -0.141341
v 0.034816 0.228960 -0.149966
v 0.023846 0.228960 -0.153028
v 0.011601 0.228960 -0.154355
v 0.012346 0.228960 -0.154296
v -0.009555 0.228960 -0.154364
v -0.010414 0.228960 -0.154296
v -0.021914 0.228960 -0.153028
v -0.044180 0.228960 -0.146490
v -0.032883 0.228960 -0.149966
v -0.054382 0.228960 -0.141341
v -0.065058 0.228960 -0.135689
v -0.083656 0.228960 -0.120918
v -0.074069 0.228960 -0.128603
v -0.091054 0.228960 -0.112159
v -0.099108 0.228960 -0.102696
v -0.110691 0.228960 -0.081727
v -0.104539 0.228960 -0.092624
v -0.113888 0.228960 -0.070901
v -0.117663 0.228960 -0.060394
v -0.117965 0.228960 -0.041738
v -0.117764 0.228960 -0.052042
v -0.118171 0.228960 -0.031292
v 0.119697 0.228960 -0.010543
v 0.119595 0.228960 -0.002191
v 0.115821 0.228960 0.008317
v 0.112624 0.228960 0.019143
v 0.106471 0.228960 0.030040
v 0.101041 0.228960 0.040112
v 0.092987 0.228960 0.049575
v 0.085588 0.228960 0.058334
v 0.076002 0.228960 0.066019
v 0.000966 0.228960 -0.155209
vn -0.0000 1.0000 -0.0000
vn -0.7065 0.7076 0.0112
vn 0.7076 0.7065 -0.0112
vn 0.7070 0.7071 -0.0138
vn 0.6712 0.7310 -0.1230
vn 0.6853 0.6929 -0.2242
vn 0.6464 0.7115 -0.2758
vn -0.6766 0.7023 0.2213
vn -0.6804 0.6729 0.2903
vn -0.6381 0.6847 0.3521
vn 0.6410 0.6812 -0.3537
vn 0.5933 0.6936 -0.4086
vn 0.5728 0.6603 -0.4857
vn 0.5163 0.6700 -0.5334
vn -0.5723 0.6610 0.4853
vn -0.5421 0.6264 0.5601
vn -0.4818 0.6321 0.6069
vn 0.4807 0.6344 -0.6054
vn 0.4153 0.6434 -0.6431
vn 0.3650 0.6069 -0.7060
vn 0.2920 0.6179 -0.7300
vn -0.3669 0.6013 0.7098
vn -0.3063 0.5656 0.7657
vn -0.2304 0.5745 0.7854
vn 0.2286 0.5831 -0.7795
vn 0.1509 0.5992 -0.7863
vn 0.0779 0.5691 -0.8186
vn -0.0000 0.5922 -0.8058
vn 0.0080 0.9992 0.0404
vn 0.4810 0.0172 0.8765
vn -0.4139 0.0130 0.9102
vn 0.0993 0.8585 0.5030
vn 0.4630 0.1684 0.8702
vn -0.0000 -1.0000 -0.0000
vn -0.9027 -0.1101 0.4160
vn -0.5696 -0.5071 0.6469
vn -0.0000 -0.5469 0.8372
vn -0.0000 -0.5345 0.8451
vn 0.9027 -0.1101 0.4160
vn -0.0000 0.0372 0.9993
vn 0.4139 0.0130 0.9102
vn -0.0080 0.9992 0.0404
vn -0.4810 0.0172 0.8765
vn -0.0779 0.5691 -0.8186
vn -0.0993 0.8585 0.5030
vn -0.4630 0.1684 0.8702
vn 0.5696 -0.5071 0.6469
vn -0.3952 -0.4696 0.7895
vn -0.1583 -0.5430 0.8247
vn -0.2304 -0.5745 0.7854
vn -0.3063 -0.5656 0.7657
vn -0.4358 -0.5957 0.6747
vn -0.4818 -0.6321 0.6069
vn -0.5421 -0.6264 0.5601
vn -0.6237 -0.6531 0.4296
vn -0.6381 -0.6847 0.3521
vn -0.6804 -0.6729 0.2903
vn -0.7223 -0.6789 0.1323
vn -0.7065 -0.7076 0.0112
vn -0.9999 -0.0000 0.0158
vn -0.7070 -0.7071 0.0138
vn -0.9998 -0.0000 0.0196
vn -0.7101 -0.7041 -0.0000
vn -1.0000 -0.0000 -0.0000
vn -0.7070 -0.7071 -0.0138
vn -0.7065 -0.7076 -0.0112
vn -0.7223 -0.6789 -0.1323
vn -0.6766 -0.7023 -0.2213
vn -0.6381 -0.6847 -0.3521
vn -0.6237 -0.6531 -0.4296
vn -0.5723 -0.6610 -0.4853
vn -0.4818 -0.6321 -0.6069
vn -0.4358 -0.5957 -0.6747
vn -0.3669 -0.6013 -0.7098
vn -0.2304 -0.5745 -0.7854
vn -0.1583 -0.5430 -0.8247
vn -0.0786 -0.5585 -0.8258
vn 0.0786 -0.5585 -0.8258
vn 0.1583 -0.5430 -0.8247
vn 0.2304 -0.5745 -0.7854
vn 0.3669 -0.6013 -0.7098
vn 0.4358 -0.5957 -0.6747
vn 0.4818 -0.6321 -0.6069
vn 0.5723 -0.6610 -0.4853
vn 0.6237 -0.6531 -0.4296
vn 0.6381 -0.6847 -0.3521
vn 0.6766 -0.7023 -0.2213
vn 0.7223 -0.6789 -0.1323
vn 0.7065 -0.7076 -0.0112
vn 0.7101 -0.7041 -0.0000
vn 1.0000 -0.0000 -0.0000
vn 0.7070 -0.7071 -0.0138
vn 0.7070 -0.7071 0.0138
vn 0.9998 -0.0000 0.0196
vn 0.7065 -0.7076 0.0112
vn 0.9999 -0.0000 0.0158
vn 0.7223 -0.6789 0.1323
vn 0.9836 -0.0000 0.1802
vn 0.6766 -0.7023 0.2213
vn 0.9504 -0.0000 0.3109
vn 0.6804 -0.6729 0.2903
vn 0.9198 -0.0000 0.3924
vn 0.6381 -0.6847 0.3521
vn 0.8755 -0.0000 0.4831
vn 0.6237 -0.6531 0.4296
vn 0.8235 -0.0000 0.5672
vn 0.5723 -0.6610 0.4853
vn 0.7627 -0.0000 0.6467
vn 0.5421 -0.6264 0.5601
vn 0.6955 -0.0000 0.7185
vn 0.4818 -0.6321 0.6069
vn 0.6218 -0.0000 0.7832
vn 0.4358 -0.5957 0.6747
vn 0.5425 -0.0000 0.8400
vn 0.3669 -0.6013 0.7098
vn 0.4592 -0.0000 0.8883
vn 0.3063 -0.5656 0.7657
vn 0.2304 -0.5745 0.7854
vn 0.2815 -0.0000 0.9596
vn 0.1583 -0.5430 0.8247
vn 0.1885 -0.0000 0.9821
vn 0.1583 0.5430 0.8247
vn 0.2304 0.5745 0.7854
vn 0.3063 0.5656 0.7657
vn -0.2286 0.5831 -0.7795
vn -0.2920 0.6179 -0.7300
vn -0.1509 0.5992 -0.7863
vn -0.3650 0.6069 -0.7060
vn -0.4153 0.6434 -0.6431
vn 0.3669 0.6013 0.7098
vn 0.4358 0.5957 0.6747
vn 0.4818 0.6321 0.6069
vn 0.5421 0.6264 0.5601
vn 0.5723 0.6610 0.4853
vn 0.6237 0.6531 0.4296
vn 0.6381 0.6847 0.3521
vn 0.6804 0.6729 0.2903
vn 0.6766 0.7023 0.2213
vn 0.7223 0.6789 0.1323
vn 0.7065 0.7076 0.0112
vn 0.7070 0.7071 0.0138
vn 0.7101 0.7041 -0.0000
vn -0.7041 0.7101 -0.0000
vn -0.7070 0.7071 -0.0138
vn -0.7070 0.7071 0.0138
vn -0.7076 0.7065 0.0112
vn -0.6712 0.7310 0.1230
vn 0.7065 0.7076 -0.0112
vn 0.7223 0.6789 -0.1323
vn 0.6766 0.7023 -0.2213
vn -0.6853 0.6929 0.2242
vn -0.6464 0.7115 0.2758
vn -0.6410 0.6812 0.3537
vn -0.5933 0.6936 0.4086
vn 0.6381 0.6847 -0.3521
vn 0.6237 0.6531 -0.4296
vn 0.5723 0.6610 -0.4853
vn -0.5728 0.6603 0.4857
vn -0.5163 0.6700 0.5334
vn -0.4807 0.6344 0.6054
vn -0.4153 0.6434 0.6431
vn 0.4818 0.6321 -0.6069
vn 0.4358 0.5957 -0.6747
vn 0.3669 0.6013 -0.7098
vn -0.3650 0.6069 0.7060
vn -0.2920 0.6179 0.7300
vn -0.2286 0.5831 0.7795
vn -0.1509 0.5992 0.7863
vn 0.2304 0.5745 -0.7854
vn 0.1583 0.5430 -0.8247
vn -0.1661 0.4194 -0.8925
vn -0.0779 0.5691 0.8186
vn -0.0000 0.5922 0.8058
vn 0.0779 0.5691 0.8186
vn 0.1509 0.5992 0.7863
vn 0.1661 0.4194 -0.8925
vn -0.1583 0.5430 -0.8247
vn -0.2304 0.5745 -0.7854
vn 0.2286 0.5831 0.7795
vn 0.2920 0.6179 0.7300
vn 0.3650 0.6069 0.7060
vn 0.4153 0.6434 0.6431
vn -0.3669 0.6013 -0.7098
vn -0.4358 0.5957 -0.6747
vn -0.4818 0.6321 -0.6069
vn 0.4807 0.6344 0.6054
vn 0.5163 0.6700 0.5334
vn 0.5728 0.6603 0.4857
vn 0.5933 0.6936 0.4086
vn -0.5723 0.6610 -0.4853
vn -0.6237 0.6531 -0.4296
vn -0.6381 0.6847 -0.3521
vn 0.6410 0.6812 0.3537
vn 0.6464 0.7115 0.2758
vn 0.6853 0.6929 0.2242
vn 0.6712 0.7310 0.1230
vn -0.6766 0.7023 -0.2213
vn -0.7223 0.6789 -0.1323
vn -0.7065 0.7076 -0.0112
vn 0.7076 0.7065 0.0112
vn 0.7041 0.7101 -0.0000
vn -0.7101 0.7041 -0.0000
vn -0.9998 -0.0000 -0.0196
vn -0.9999 -0.0000 -0.0158
vn -0.9836 -0.0000 -0.1802
vn -0.9504 -0.0000 -0.3109
vn -0.9198 -0.0000 -0.3924
vn -0.8755 -0.0000 -0.4831
vn -0.6804 -0.6729 -0.2903
vn -0.6804 0.6729 -0.2903
vn -0.8235 -0.0000 -0.5672
vn -0.7627 -0.0000 -0.6467
vn -0.6955 -0.0000 -0.7185
vn -0.6218 -0.0000 -0.7832
vn -0.5421 -0.6264 -0.5601
vn -0.5421 0.6264 -0.5601
vn -0.5425 -0.0000 -0.8400
vn -0.4592 -0.0000 -0.8883
vn -0.3714 -0.0000 -0.9285
vn -0.2815 -0.0000 -0.9596
vn -0.3063 -0.5656 -0.7657
vn -0.3063 0.5656 -0.7657
vn -0.1885 -0.0000 -0.9821
vn 0.2276 -0.0000 -0.9738
vn -0.2276 -0.0000 -0.9738
vn -0.0000 -0.5345 -0.8451
vn -0.4051 0.1612 -0.9000
vn 0.1885 -0.0000 -0.9821
vn 0.2815 -0.0000 -0.9596
vn 0.3714 -0.0000 -0.9285
vn 0.4592 -0.0000 -0.8883
vn 0.3063 -0.5656 -0.7657
vn 0.3063 0.5656 -0.7657
vn 0.5425 -0.0000 -0.8400
vn 0.6218 -0.0000 -0.7832
vn 0.6955 -0.0000 -0.7185
vn 0.7627 -0.0000 -0.6467
vn 0.5421 -0.6264 -0.5601
vn 0.5421 0.6264 -0.5601
vn 0.8235 -0.0000 -0.5672
vn 0.8755 -0.0000 -0.4831
vn 0.9198 -0.0000 -0.3924
vn 0.9504 -0.0000 -0.3109
vn 0.6804 -0.6729 -0.2903
vn 0.6804 0.6729 -0.2903
vn 0.9836 -0.0000 -0.1802
vn 0.9999 -0.0000 -0.0158
vn 0.9998 -0.0000 -0.0196
vn -0.7076 0.7065 -0.0112
vn -0.6712 0.7310 -0.1230
vn -0.6853 0.6929 -0.2242
vn -0.6464 0.7115 -0.2758
vn -0.6410 0.6812 -0.3537
vn -0.5933 0.6936 -0.4086
vn -0.5728 0.6603 -0.4857
vn -0.5163 0.6700 -0.5334
vn -0.4807 0.6344 -0.6054
vn 0.3714 -0.0000 0.9285
vn -0.9836 -0.0000 0.1802
vn -0.9504 -0.0000 0.3109
vn -0.7223 0.6789 0.1323
vn -0.9198 -0.0000 0.3924
vn -0.6766 -0.7023 0.2213
vn -0.8755 -0.0000 0.4831
vn -0.8235 -0.0000 0.5672
vn -0.7627 -0.0000 0.6467
vn -0.6237 0.6531 0.4296
vn -0.6955 -0.0000 0.7185
vn -0.5723 -0.6610 0.4853
vn -0.6218 -0.0000 0.7832
vn -0.5425 -0.0000 0.8400
vn -0.4592 -0.0000 0.8883
vn -0.4358 0.5957 0.6747
vn -0.3714 -0.0000 0.9285
vn -0.3669 -0.6013 0.7098
vn -0.2815 -0.0000 0.9596
vn -0.1885 -0.0000 0.9821
vn -0.1583 0.5430 0.8247
vn 0.3952 -0.4696 0.7895
vn -0.4898 0.4898 -0.7213
vn -0.0000 0.5617 -0.8273
vn -0.4898 -0.4898 -0.7213
vn -0.0000 -0.5617 -0.8273
vn 0.4898 -0.4898 -0.7213
vn -0.0000 -0.5922 0.8058
vn 0.4898 0.4898 -0.7213
vn -0.0000 -0.0000 -0.0000
vn -0.6609 -0.0000 0.7505
vn -0.0000 -0.0000 1.0000
vn -0.1088 -0.0934 -0.9897
vn -0.0000 -0.9539 -0.3000
vn 0.1088 -0.0934 -0.9897
vn 0.4476 -0.0000 0.8942
vn -0.4476 -0.0000 0.8942
vn 0.6609 -0.0000 0.7505
vn 0.3076 -0.8088 0.5013
vn -0.1306 -0.8787 0.4592
vn -0.3076 -0.8088 0.5012
vn 0.0661 0.5632 0.8237
vn -0.0786 0.1904 -0.9786
vn -0.0662 -0.5632 -0.8237
vn -0.0159 -0.9800 -0.1982
vn 0.0397 -0.8686 0.4939
vn -0.0661 0.5632 0.8237
vn 0.0786 0.1904 -0.9786
vn 0.0661 -0.5632 -0.8237
vn 0.0159 -0.9800 -0.1982
vn -0.0397 -0.8686 0.4939
vn -0.0786 -0.1887 0.9789
vn -0.0000 -0.1893 0.9819
vn 0.0786 -0.1887 0.9789
vn 0.7223 0.6788 -0.1323
vn 0.6237 0.6530 -0.4296
vn 0.4358 0.5957 -0.6748
vn 0.0786 0.5585 -0.8258
vn -0.0000 0.5345 -0.8451
vn -0.0786 0.5585 -0.8258
vn -0.7071 0.7070 0.0138
vn -0.7223 0.6788 0.1323
vn -0.6237 0.6530 0.4296
vn -0.4358 0.5957 0.6748
vn -0.0786 0.5585 0.8258
vn 0.0786 0.5585 0.8258
vn 0.6237 0.6530 0.4296
vn 0.7223 0.6788 0.1323
vn 0.7070 0.7070 0.0138
vn -0.7223 0.6788 -0.1323
vn -0.6237 0.6530 -0.4296
vn -0.0000 0.5345 0.8451
vt 0.000000 0.000000
s 1
usemtl Bottle.001
f 6756/2/5614 6752/2/5612 6753/2/5612 6758/2/5616
f 6752/2/5612 6755/2/5613 7217/2/5872 6753/2/5612
f 6757/2/5615 6754/2/5612 6752/2/5612 6756/2/5614
f 6754/2/5612 7148/2/5756 6755/2/5613 6752/2/5612
f 6781/2/5631 6782/2/5632 7357/2/5844 7356/2/5775
f 6758/2/5616 6753/2/5612 6761/2/5612 6759/2/5617
f 6759/2/5617 6761/2/5612 6763/2/5612 6760/2/5618
f 6761/2/5612 6762/2/5619 6764/2/5620 6763/2/5612
f 6753/2/5612 7217/2/5872 6762/2/5619 6761/2/5612
f 6763/2/5612 6764/2/5620 6766/2/5621 6765/2/5612
f 6760/2/5618 6763/2/5612 6765/2/5612 6768/2/5622
f 6765/2/5612 6766/2/5621 7223/2/5878 6767/2/5612
f 6768/2/5622 6765/2/5612 6767/2/5612 6769/2/5623
f 6769/2/5623 6767/2/5612 6772/2/5612 6770/2/5624
f 6770/2/5624 6772/2/5612 6774/2/5612 6771/2/5625
f 6772/2/5612 6773/2/5626 6775/2/5627 6774/2/5612
f 6767/2/5612 7223/2/5878 6773/2/5626 6772/2/5612
f 6774/2/5612 6775/2/5627 6777/2/5628 6776/2/5612
f 6771/2/5625 6774/2/5612 6776/2/5612 6779/2/5629
f 6776/2/5612 6777/2/5628 7229/2/5884 6778/2/5612
f 6779/2/5629 6776/2/5612 6778/2/5612 6780/2/5630
f 6780/2/5630 6778/2/5612 6783/2/5612 6781/2/5631
f 6781/2/5631 6783/2/5612 6785/2/5612 6782/2/5632
f 6783/2/5612 6784/2/5633 6786/2/5634 6785/2/5612
f 6778/2/5612 7229/2/5884 6784/2/5633 6783/2/5612
f 6785/2/5612 6786/2/5634 6788/2/5635 6787/2/5612
f 6782/2/5632 6785/2/5612 6787/2/5612 6790/2/5636
f 6787/2/5612 6788/2/5635 7234/2/5889 6789/2/5612
f 6790/2/5636 6787/2/5612 6789/2/5612 6791/2/5637
f 6791/2/5637 6789/2/5612 6794/2/5640 6792/2/5638
f 6792/2/5638 6794/2/5640 6796/2/5612 6793/2/5639
f 6794/2/5640 6795/2/5641 6799/2/5644 6798/2/5643
f 6789/2/5612 7234/2/5889 6795/2/5641 6794/2/5640
f 6794/2/5640 6797/2/5642 6806/2/5651 6796/2/5612
f 6797/2/5642 6794/2/5640 6798/2/5643 6801/2/5646
f 7244/2/5898 7313/2/5904 7235/2/5890 6800/2/5645
f 7245/2/5899 7244/2/5898 6800/2/5645 6802/2/5647
f 7246/2/5900 7245/2/5899 6802/2/5647 6804/2/5649
f 6806/2/5651 6797/2/5642 6801/2/5646 6803/2/5648
f 7315/2/5906 7246/2/5900 6804/2/5649 6815/2/5658
f 6807/2/5652 6806/2/5651 6803/2/5648 6805/2/5650
f 6796/2/5612 6806/2/5651 6807/2/5652 6808/2/5653
f 6808/2/5653 6807/2/5652 6805/2/5650 6812/2/5656
f 6793/2/5639 6796/2/5612 6808/2/5653 6811/2/5655
f 6811/2/5655 6808/2/5653 6809/2/5612 7022/2/5738
f 6808/2/5653 6810/2/5654 7015/2/5733 6809/2/5612
f 6810/2/5654 6808/2/5653 6812/2/5656 6813/2/5657
f 7247/2/5898 7315/2/5906 6815/2/5658 6814/2/5645
f 7314/2/5905 7247/2/5898 6814/2/5645 6818/2/5659
f 6816/2/5645 6814/2/5645 6815/2/5658 6804/2/5649
f 6821/2/5645 6819/2/5645 6814/2/5645 6816/2/5645
f 6819/2/5645 6820/2/5645 6817/2/5645 6814/2/5645
f 6814/2/5645 6817/2/5645 7013/2/5731 6818/2/5659
f 6918/2/5645 6919/2/5645 6927/2/5645 6928/2/5645 6929/2/5645 6930/2/5645 6938/2/5645 6939/2/5645 6940/2/5645 6941/2/5645 6949/2/5645 6950/2/5645 6951/2/5645 6952/2/5645 6960/2/5645 6961/2/5645 6962/2/5645 6963/2/5645 7214/2/5645 7213/2/5645 7212/2/5645 7211/2/5645 7210/2/5645 7209/2/5645 7208/2/5645 7207/2/5645 7206/2/5645 7007/2/5645 7006/2/5645 7008/2/5645 7009/2/5645 6820/2/5645 6819/2/5645 6821/2/5645 6822/2/5645 6823/2/5645 6824/2/5645 6832/2/5645 6833/2/5645 6834/2/5645 6835/2/5645 6843/2/5645 6844/2/5645 6845/2/5645 6846/2/5645 6854/2/5645 6855/2/5645 6856/2/5645 6857/2/5645 6872/2/5645 6871/2/5645 6873/2/5645 6874/2/5645 6875/2/5645 6883/2/5645 6884/2/5645 6885/2/5645 6886/2/5645 6894/2/5645 6895/2/5645 6896/2/5645 6897/2/5645 6905/2/5645 6906/2/5645 6907/2/5645 6908/2/5645 6916/2/5645 7320/2/5645 6917/2/5645 7327/2/5645
f 6822/2/5645 6821/2/5645 6816/2/5645 6800/2/5645
f 6823/2/5645 6822/2/5645 6800/2/5645 6825/2/5645
f 6824/2/5645 6823/2/5645 6825/2/5645 6827/2/5645
f 6825/2/5645 6800/2/5645 7235/2/5890 6826/2/5660
f 6827/2/5645 6825/2/5645 6826/2/5660 6828/2/5661
f 6829/2/5645 6827/2/5645 6828/2/5661 6830/2/5662
f 6832/2/5645 6824/2/5645 6827/2/5645 6829/2/5645
f 6831/2/5645 6829/2/5645 6830/2/5662 7231/2/5886
f 6833/2/5645 6832/2/5645 6829/2/5645 6831/2/5645
f 6834/2/5645 6833/2/5645 6831/2/5645 6836/2/5645
f 6835/2/5645 6834/2/5645 6836/2/5645 6838/2/5645
f 6836/2/5645 6831/2/5645 7231/2/5886 6837/2/5663
f 6838/2/5645 6836/2/5645 6837/2/5663 6839/2/5664
f 6840/2/5645 6838/2/5645 6839/2/5664 6841/2/5665
f 6843/2/5645 6835/2/5645 6838/2/5645 6840/2/5645
f 6842/2/5645 6840/2/5645 6841/2/5665 7225/2/5880
f 6844/2/5645 6843/2/5645 6840/2/5645 6842/2/5645
f 6845/2/5645 6844/2/5645 6842/2/5645 6847/2/5645
f 6846/2/5645 6845/2/5645 6847/2/5645 6849/2/5645
f 6847/2/5645 6842/2/5645 7225/2/5880 6848/2/5666
f 6849/2/5645 6847/2/5645 6848/2/5666 6850/2/5667
f 6851/2/5645 6849/2/5645 6850/2/5667 6852/2/5668
f 6854/2/5645 6846/2/5645 6849/2/5645 6851/2/5645
f 6853/2/5645 6851/2/5645 6852/2/5668 7219/2/5874
f 6855/2/5645 6854/2/5645 6851/2/5645 6853/2/5645
f 6856/2/5645 6855/2/5645 6853/2/5645 6858/2/5645
f 6857/2/5645 6856/2/5645 6858/2/5645 6860/2/5645
f 6860/2/5645 6858/2/5645 6859/2/5669 6862/2/5670
f 6858/2/5645 6853/2/5645 7219/2/5874 6859/2/5669
f 6872/2/5645 6857/2/5645 6860/2/5645 6861/2/5645
f 6861/2/5645 6860/2/5645 6862/2/5670 6864/2/5672
f 7300/2/5870 7248/2/5671 6862/2/5670 6859/2/5669
f 7248/2/5671 7249/2/5673 6864/2/5672 6862/2/5670
f 7249/2/5673 7250/2/5675 6866/2/5674 6864/2/5672
f 6869/2/5645 6861/2/5645 6864/2/5672 6866/2/5674
f 7250/2/5675 7266/2/5814 6868/2/5676 6866/2/5674
f 6870/2/5645 6869/2/5645 6866/2/5674 6868/2/5676
f 6873/2/5645 6871/2/5645 6869/2/5645 6870/2/5645
f 6871/2/5645 6872/2/5645 6861/2/5645 6869/2/5645
f 6874/2/5645 6873/2/5645 6870/2/5645 6876/2/5645
f 6875/2/5645 6874/2/5645 6876/2/5645 6878/2/5645
f 6876/2/5645 6870/2/5645 6868/2/5676 6877/2/5677
f 6878/2/5645 6876/2/5645 6877/2/5677 6879/2/5678
f 6880/2/5645 6878/2/5645 6879/2/5678 6881/2/5679
f 6883/2/5645 6875/2/5645 6878/2/5645 6880/2/5645
f 6882/2/5645 6880/2/5645 6881/2/5679 7155/2/5820
f 6884/2/5645 6883/2/5645 6880/2/5645 6882/2/5645
f 6885/2/5645 6884/2/5645 6882/2/5645 6887/2/5645
f 6886/2/5645 6885/2/5645 6887/2/5645 6889/2/5645
f 6887/2/5645 6882/2/5645 7155/2/5820 6888/2/5680
f 6889/2/5645 6887/2/5645 6888/2/5680 6890/2/5681
f 6891/2/5645 6889/2/5645 6890/2/5681 6892/2/5682
f 6894/2/5645 6886/2/5645 6889/2/5645 6891/2/5645
f 6893/2/5645 6891/2/5645 6892/2/5682 7161/2/5826
f 6895/2/5645 6894/2/5645 6891/2/5645 6893/2/5645
f 6896/2/5645 6895/2/5645 6893/2/5645 6898/2/5645
f 6897/2/5645 6896/2/5645 6898/2/5645 6900/2/5645
f 6898/2/5645 6893/2/5645 7161/2/5826 6899/2/5683
f 6900/2/5645 6898/2/5645 6899/2/5683 6901/2/5684
f 6902/2/5645 6900/2/5645 6901/2/5684 6903/2/5685
f 6905/2/5645 6897/2/5645 6900/2/5645 6902/2/5645
f 6904/2/5645 6902/2/5645 6903/2/5685 7167/2/5832
f 6906/2/5645 6905/2/5645 6902/2/5645 6904/2/5645
f 6907/2/5645 6906/2/5645 6904/2/5645 6909/2/5645
f 6908/2/5645 6907/2/5645 6909/2/5645 6911/2/5645
f 6909/2/5645 6904/2/5645 7167/2/5832 6910/2/5686
f 6911/2/5645 6909/2/5645 6910/2/5686 6912/2/5687
f 6913/2/5645 6911/2/5645 6912/2/5687 6914/2/5688
f 6916/2/5645 6908/2/5645 6911/2/5645 6913/2/5645
f 7319/2/5645 6913/2/5645 6914/2/5688 7324/2/5912
f 7320/2/5645 6916/2/5645 6913/2/5645 7319/2/5645
f 7327/2/5645 6917/2/5645 6915/2/5645 7328/2/5645
f 6919/2/5645 6918/2/5645 6920/2/5645 6922/2/5645
f 7328/2/5645 6915/2/5645 7173/2/5837 7332/2/5917
f 6922/2/5645 6920/2/5645 6921/2/5689 6923/2/5690
f 6924/2/5645 6922/2/5645 6923/2/5690 6925/2/5691
f 6927/2/5645 6919/2/5645 6922/2/5645 6924/2/5645
f 6926/2/5645 6924/2/5645 6925/2/5691 7179/2/5843
f 6928/2/5645 6927/2/5645 6924/2/5645 6926/2/5645
f 6929/2/5645 6928/2/5645 6926/2/5645 6931/2/5645
f 6930/2/5645 6929/2/5645 6931/2/5645 6933/2/5645
f 6931/2/5645 6926/2/5645 7179/2/5843 6932/2/5692
f 6933/2/5645 6931/2/5645 6932/2/5692 6934/2/5693
f 6935/2/5645 6933/2/5645 6934/2/5693 6936/2/5694
f 6938/2/5645 6930/2/5645 6933/2/5645 6935/2/5645
f 6937/2/5645 6935/2/5645 6936/2/5694 7185/2/5849
f 6939/2/5645 6938/2/5645 6935/2/5645 6937/2/5645
f 6940/2/5645 6939/2/5645 6937/2/5645 6942/2/5645
f 6941/2/5645 6940/2/5645 6942/2/5645 6944/2/5645
f 6942/2/5645 6937/2/5645 7185/2/5849 6943/2/5695
f 6944/2/5645 6942/2/5645 6943/2/5695 6945/2/5696
f 6946/2/5645 6944/2/5645 6945/2/5696 6947/2/5697
f 6949/2/5645 6941/2/5645 6944/2/5645 6946/2/5645
f 6948/2/5645 6946/2/5645 6947/2/5697 7191/2/5855
f 6950/2/5645 6949/2/5645 6946/2/5645 6948/2/5645
f 6951/2/5645 6950/2/5645 6948/2/5645 6953/2/5645
f 6952/2/5645 6951/2/5645 6953/2/5645 6955/2/5645
f 6953/2/5645 6948/2/5645 7191/2/5855 6954/2/5698
f 6955/2/5645 6953/2/5645 6954/2/5698 6956/2/5699
f 6957/2/5645 6955/2/5645 6956/2/5699 6958/2/5700
f 6960/2/5645 6952/2/5645 6955/2/5645 6957/2/5645
f 6959/2/5645 6957/2/5645 6958/2/5700 6968/2/5703
f 6961/2/5645 6960/2/5645 6957/2/5645 6959/2/5645
f 6962/2/5645 6961/2/5645 6959/2/5645 6964/2/5645
f 6963/2/5645 6962/2/5645 6964/2/5645 6965/2/5645
f 6964/2/5645 6959/2/5645 6968/2/5703 6966/2/5701
f 6965/2/5645 6964/2/5645 6966/2/5701 6969/2/5704
f 7298/2/5859 7251/2/5702 6966/2/5701 6968/2/5703
f 7251/2/5702 7252/2/5705 6969/2/5704 6966/2/5701
f 7252/2/5705 7253/2/5707 6971/2/5706 6969/2/5704
f 6973/2/5645 6965/2/5645 6969/2/5704 6971/2/5706
f 7253/2/5707 7254/2/5709 6974/2/5708 6971/2/5706
f 6976/2/5645 6973/2/5645 6971/2/5706 6974/2/5708
f 7254/2/5709 7255/2/5711 6977/2/5710 6974/2/5708
f 6979/2/5645 6976/2/5645 6974/2/5708 6977/2/5710
f 7255/2/5711 7256/2/5713 6980/2/5712 6977/2/5710
f 6982/2/5645 6979/2/5645 6977/2/5710 6980/2/5712
f 7256/2/5713 7257/2/5715 6983/2/5714 6980/2/5712
f 6985/2/5645 6982/2/5645 6980/2/5712 6983/2/5714
f 7257/2/5715 7258/2/5717 6986/2/5716 6983/2/5714
f 6988/2/5645 6985/2/5645 6983/2/5714 6986/2/5716
f 7258/2/5717 7259/2/5719 6989/2/5718 6986/2/5716
f 6991/2/5645 6988/2/5645 6986/2/5716 6989/2/5718
f 7259/2/5719 7260/2/5721 6992/2/5720 6989/2/5718
f 6994/2/5645 6991/2/5645 6989/2/5718 6992/2/5720
f 7260/2/5721 7261/2/5723 6995/2/5722 6992/2/5720
f 6997/2/5645 6994/2/5645 6992/2/5720 6995/2/5722
f 7261/2/5723 7262/2/5725 6998/2/5724 6995/2/5722
f 7000/2/5645 6997/2/5645 6995/2/5722 6998/2/5724
f 7262/2/5725 7263/2/5727 7001/2/5726 6998/2/5724
f 7004/2/5645 7000/2/5645 6998/2/5724 7001/2/5726
f 7263/2/5727 7299/2/5869 7003/2/5728 7001/2/5726
f 7005/2/5645 7004/2/5645 7001/2/5726 7003/2/5728
f 7008/2/5645 7006/2/5645 7004/2/5645 7005/2/5645
f 7006/2/5645 7007/2/5645 7000/2/5645 7004/2/5645
f 7009/2/5645 7008/2/5645 7005/2/5645 7010/2/5645
f 6820/2/5645 7009/2/5645 7010/2/5645 6817/2/5645
f 6817/2/5645 7010/2/5645 7011/2/5729 7013/2/5731
f 7010/2/5645 7005/2/5645 7003/2/5728 7011/2/5729
f 7264/2/5730 7265/2/5732 7013/2/5731 7011/2/5729
f 7299/2/5869 7264/2/5730 7011/2/5729 7003/2/5728
f 7265/2/5732 7314/2/5905 6818/2/5659 7013/2/5731
f 7015/2/5733 6810/2/5654 6813/2/5657 7014/2/5732
f 7016/2/5734 7015/2/5733 7014/2/5732 7012/2/5730
f 6809/2/5612 7015/2/5733 7016/2/5734 7018/2/5612
f 7017/2/5735 7016/2/5734 7012/2/5730 7205/2/5869
f 7018/2/5612 7016/2/5734 7017/2/5735 7019/2/5612
f 7022/2/5738 6809/2/5612 7018/2/5612 7020/2/5736
f 7020/2/5736 7018/2/5612 7019/2/5612 7021/2/5737
f 7021/2/5737 7019/2/5612 7025/2/5612 7023/2/5739
f 7023/2/5739 7025/2/5612 7026/2/5612 7024/2/5740
f 7019/2/5612 7017/2/5735 7027/2/5741 7025/2/5612
f 7025/2/5612 7027/2/5741 7028/2/5742 7026/2/5612
f 7027/2/5741 7017/2/5735 7205/2/5869 7002/2/5727
f 7028/2/5742 7027/2/5741 7002/2/5727 6999/2/5725
f 7026/2/5612 7028/2/5742 7029/2/5743 7030/2/5612
f 7029/2/5743 7028/2/5742 6999/2/5725 6996/2/5723
f 7030/2/5612 7029/2/5743 7031/2/5744 7032/2/5612
f 7031/2/5744 7029/2/5743 6996/2/5723 6993/2/5721
f 7032/2/5612 7031/2/5744 7033/2/5745 7034/2/5612
f 7033/2/5745 7031/2/5744 6993/2/5721 6990/2/5719
f 7034/2/5612 7033/2/5745 7035/2/5746 7036/2/5612
f 7035/2/5746 7033/2/5745 6990/2/5719 6987/2/5717
f 7036/2/5612 7035/2/5746 7037/2/5747 7038/2/5612
f 7037/2/5747 7035/2/5746 6987/2/5717 6984/2/5715
f 7038/2/5612 7037/2/5747 7039/2/5748 7040/2/5612
f 7039/2/5748 7037/2/5747 6984/2/5715 6981/2/5713
f 7040/2/5612 7039/2/5748 7041/2/5749 7042/2/5612
f 7041/2/5749 7039/2/5748 6981/2/5713 6978/2/5711
f 7042/2/5612 7041/2/5749 7043/2/5750 7044/2/5612
f 7043/2/5750 7041/2/5749 6978/2/5711 6975/2/5709
f 7044/2/5612 7043/2/5750 7045/2/5751 7046/2/5612
f 7045/2/5751 7043/2/5750 6975/2/5709 6972/2/5707
f 7046/2/5612 7045/2/5751 7047/2/5752 7048/2/5612
f 7047/2/5752 7045/2/5751 6972/2/5707 6970/2/5705
f 7048/2/5612 7047/2/5752 7049/2/5753 7051/2/5612
f 7049/2/5753 7047/2/5752 6970/2/5705 6967/2/5702
f 7050/2/5615 7049/2/5753 6967/2/5702 7195/2/5859
f 7051/2/5612 7049/2/5753 7050/2/5615 7052/2/5612
f 7053/2/5754 7051/2/5612 7052/2/5612 7055/2/5756
f 7054/2/5755 7048/2/5612 7051/2/5612 7053/2/5754
f 7055/2/5756 7052/2/5612 7058/2/5612 7056/2/5757
f 7056/2/5757 7058/2/5612 7060/2/5612 7057/2/5758
f 7052/2/5612 7050/2/5615 7059/2/5759 7058/2/5612
f 7058/2/5612 7059/2/5759 7061/2/5760 7060/2/5612
f 7060/2/5612 7061/2/5760 7063/2/5761 7062/2/5612
f 7057/2/5758 7060/2/5612 7062/2/5612 7065/2/5762
f 7062/2/5612 7063/2/5761 7192/2/5856 7064/2/5612
f 7065/2/5762 7062/2/5612 7064/2/5612 7066/2/5763
f 7066/2/5763 7064/2/5612 7069/2/5612 7067/2/5764
f 7067/2/5764 7069/2/5612 7071/2/5612 7068/2/5765
f 7069/2/5612 7070/2/5766 7072/2/5767 7071/2/5612
f 7064/2/5612 7192/2/5856 7070/2/5766 7069/2/5612
f 7071/2/5612 7072/2/5767 7074/2/5768 7073/2/5612
f 7068/2/5765 7071/2/5612 7073/2/5612 7076/2/5769
f 7073/2/5612 7074/2/5768 7186/2/5850 7075/2/5612
f 7076/2/5769 7073/2/5612 7075/2/5612 7077/2/5770
f 7077/2/5770 7075/2/5612 7080/2/5612 7078/2/5771
f 7078/2/5771 7080/2/5612 7082/2/5612 7079/2/5772
f 7080/2/5612 7081/2/5773 7083/2/5774 7082/2/5612
f 7075/2/5612 7186/2/5850 7081/2/5773 7080/2/5612
f 7082/2/5612 7083/2/5774 7085/2/5775 7084/2/5612
f 7079/2/5772 7082/2/5612 7084/2/5612 7087/2/5776
f 7084/2/5612 7085/2/5775 7180/2/5844 7086/2/5612
f 7087/2/5776 7084/2/5612 7086/2/5612 7088/2/5777
f 7088/2/5777 7086/2/5612 7091/2/5612 7089/2/5778
f 7089/2/5778 7091/2/5612 7093/2/5612 7090/2/5779
f 7091/2/5612 7092/2/5780 7094/2/5781 7093/2/5612
f 7086/2/5612 7180/2/5844 7092/2/5780 7091/2/5612
f 7093/2/5612 7094/2/5781 7096/2/5782 7095/2/5612
f 7090/2/5779 7093/2/5612 7095/2/5612 7098/2/5783
f 7329/2/5612 7331/2/5916 7174/2/5838 7097/2/5612
f 7330/2/5915 7329/2/5612 7097/2/5612 7099/2/5784
f 7321/2/5910 7322/2/5612 7102/2/5612 7100/2/5785
f 7100/2/5785 7102/2/5612 7104/2/5612 7101/2/5786
f 7102/2/5612 7103/2/5787 7105/2/5788 7104/2/5612
f 7322/2/5612 7323/2/5911 7103/2/5787 7102/2/5612
f 7104/2/5612 7105/2/5788 7107/2/5789 7106/2/5612
f 7101/2/5786 7104/2/5612 7106/2/5612 7109/2/5790
f 7106/2/5612 7107/2/5789 7168/2/5833 7108/2/5612
f 7109/2/5790 7106/2/5612 7108/2/5612 7110/2/5791
f 7110/2/5791 7108/2/5612 7113/2/5612 7111/2/5792
f 7111/2/5792 7113/2/5612 7115/2/5612 7112/2/5793
f 7113/2/5612 7114/2/5794 7116/2/5795 7115/2/5612
f 7108/2/5612 7168/2/5833 7114/2/5794 7113/2/5612
f 7115/2/5612 7116/2/5795 7118/2/5796 7117/2/5612
f 7112/2/5793 7115/2/5612 7117/2/5612 7120/2/5797
f 7117/2/5612 7118/2/5796 7162/2/5827 7119/2/5612
f 7120/2/5797 7117/2/5612 7119/2/5612 7121/2/5798
f 7121/2/5798 7119/2/5612 7124/2/5612 7122/2/5799
f 7122/2/5799 7124/2/5612 7126/2/5612 7123/2/5800
f 7124/2/5612 7125/2/5801 7127/2/5802 7126/2/5612
f 7119/2/5612 7162/2/5827 7125/2/5801 7124/2/5612
f 7126/2/5612 7127/2/5802 7129/2/5803 7128/2/5612
f 7123/2/5800 7126/2/5612 7128/2/5612 7131/2/5804
f 7128/2/5612 7129/2/5803 7156/2/5821 7130/2/5612
f 7131/2/5804 7128/2/5612 7130/2/5612 7132/2/5805
f 7132/2/5805 7130/2/5612 7135/2/5612 7133/2/5806
f 7133/2/5806 7135/2/5612 7137/2/5612 7134/2/5807
f 7135/2/5612 7136/2/5808 7138/2/5809 7137/2/5612
f 7130/2/5612 7156/2/5821 7136/2/5808 7135/2/5612
f 7137/2/5612 7138/2/5809 7140/2/5810 7139/2/5612
f 7134/2/5807 7137/2/5612 7139/2/5612 7142/2/5811
f 7139/2/5612 7140/2/5810 7147/2/5755 7141/2/5612
f 7142/2/5811 7139/2/5612 7141/2/5612 7143/2/5752
f 7143/2/5752 7141/2/5612 7145/2/5612 7144/2/5812
f 7144/2/5812 7145/2/5612 6754/2/5612 6757/2/5615
f 7141/2/5612 7147/2/5755 7146/2/5813 7145/2/5612
f 7145/2/5612 7146/2/5813 7148/2/5756 6754/2/5612
f 7146/2/5813 7147/2/5755 7149/2/5814 6867/2/5675
f 7148/2/5756 7146/2/5813 6867/2/5675 6865/2/5673
f 6755/2/5613 7148/2/5756 6865/2/5673 6863/2/5671
f 7147/2/5755 7140/2/5810 7150/2/5815 7149/2/5814
f 7266/2/5814 7267/2/5815 6877/2/5677 6868/2/5676
f 7140/2/5810 7138/2/5809 7151/2/5816 7150/2/5815
f 7267/2/5815 7268/2/5816 6879/2/5678 6877/2/5677
f 7138/2/5809 7136/2/5808 7152/2/5817 7151/2/5816
f 7268/2/5816 7269/2/5817 6881/2/5679 6879/2/5678
f 7136/2/5808 7156/2/5821 7153/2/5818 7152/2/5817
f 7269/2/5817 7270/2/5818 7155/2/5820 6881/2/5679
f 7156/2/5821 7129/2/5803 7154/2/5819 7153/2/5818
f 7270/2/5818 7271/2/5819 6888/2/5680 7155/2/5820
f 7129/2/5803 7127/2/5802 7157/2/5822 7154/2/5819
f 7271/2/5819 7272/2/5822 6890/2/5681 6888/2/5680
f 7127/2/5802 7125/2/5801 7158/2/5823 7157/2/5822
f 7272/2/5822 7273/2/5823 6892/2/5682 6890/2/5681
f 7125/2/5801 7162/2/5827 7159/2/5824 7158/2/5823
f 7273/2/5823 7274/2/5824 7161/2/5826 6892/2/5682
f 7162/2/5827 7118/2/5796 7160/2/5825 7159/2/5824
f 7274/2/5824 7275/2/5825 6899/2/5683 7161/2/5826
f 7118/2/5796 7116/2/5795 7163/2/5828 7160/2/5825
f 7275/2/5825 7276/2/5828 6901/2/5684 6899/2/5683
f 7116/2/5795 7114/2/5794 7164/2/5829 7163/2/5828
f 7276/2/5828 7277/2/5829 6903/2/5685 6901/2/5684
f 7114/2/5794 7168/2/5833 7165/2/5830 7164/2/5829
f 7277/2/5829 7278/2/5830 7167/2/5832 6903/2/5685
f 7168/2/5833 7107/2/5789 7166/2/5831 7165/2/5830
f 7278/2/5830 7279/2/5831 6910/2/5686 7167/2/5832
f 7107/2/5789 7105/2/5788 7169/2/5834 7166/2/5831
f 7279/2/5831 7280/2/5834 6912/2/5687 6910/2/5686
f 7105/2/5788 7103/2/5787 7170/2/5835 7169/2/5834
f 7280/2/5834 7281/2/5901 6914/2/5688 6912/2/5687
f 7103/2/5787 7316/2/5907 7170/2/5835
f 7325/2/5913 7282/2/5902 7173/2/5837 7324/2/5912
f 7334/2/5919 7331/2/5916 7096/2/5782 7318/2/5909
f 7333/2/5918 7283/2/5903 6921/2/5689 7332/2/5917
f 7096/2/5782 7094/2/5781 7175/2/5839 7172/2/5836
f 7283/2/5903 7284/2/5839 6923/2/5690 6921/2/5689
f 7094/2/5781 7092/2/5780 7176/2/5840 7175/2/5839
f 7284/2/5839 7285/2/5840 6925/2/5691 6923/2/5690
f 7092/2/5780 7180/2/5844 7177/2/5841 7176/2/5840
f 7285/2/5840 7286/2/5841 7179/2/5843 6925/2/5691
f 7180/2/5844 7085/2/5775 7178/2/5842 7177/2/5841
f 7286/2/5841 7287/2/5842 6932/2/5692 7179/2/5843
f 7085/2/5775 7083/2/5774 7181/2/5845 7178/2/5842
f 7287/2/5842 7288/2/5845 6934/2/5693 6932/2/5692
f 7083/2/5774 7081/2/5773 7182/2/5846 7181/2/5845
f 7288/2/5845 7289/2/5846 6936/2/5694 6934/2/5693
f 7081/2/5773 7186/2/5850 7183/2/5847 7182/2/5846
f 7289/2/5846 7290/2/5847 7185/2/5849 6936/2/5694
f 7186/2/5850 7074/2/5768 7184/2/5848 7183/2/5847
f 7290/2/5847 7291/2/5848 6943/2/5695 7185/2/5849
f 7074/2/5768 7072/2/5767 7187/2/5851 7184/2/5848
f 7291/2/5848 7292/2/5851 6945/2/5696 6943/2/5695
f 7072/2/5767 7070/2/5766 7188/2/5852 7187/2/5851
f 7292/2/5851 7293/2/5852 6947/2/5697 6945/2/5696
f 7070/2/5766 7192/2/5856 7189/2/5853 7188/2/5852
f 7293/2/5852 7294/2/5853 7191/2/5855 6947/2/5697
f 7192/2/5856 7063/2/5761 7190/2/5854 7189/2/5853
f 7294/2/5853 7295/2/5854 6954/2/5698 7191/2/5855
f 7063/2/5761 7061/2/5760 7193/2/5857 7190/2/5854
f 7295/2/5854 7296/2/5857 6956/2/5699 6954/2/5698
f 7061/2/5760 7059/2/5759 7194/2/5858 7193/2/5857
f 7296/2/5857 7297/2/5858 6958/2/5700 6956/2/5699
f 7059/2/5759 7050/2/5615 7195/2/5859 7194/2/5858
f 7297/2/5858 7298/2/5859 6968/2/5703 6958/2/5700
f 7196/2/5860 7046/2/5612 7048/2/5612 7054/2/5755
f 7197/2/5861 7044/2/5612 7046/2/5612 7196/2/5860
f 7198/2/5862 7042/2/5612 7044/2/5612 7197/2/5861
f 7199/2/5863 7040/2/5612 7042/2/5612 7198/2/5862
f 7200/2/5864 7038/2/5612 7040/2/5612 7199/2/5863
f 7201/2/5865 7036/2/5612 7038/2/5612 7200/2/5864
f 7202/2/5866 7034/2/5612 7036/2/5612 7201/2/5865
f 7203/2/5867 7032/2/5612 7034/2/5612 7202/2/5866
f 7204/2/5868 7030/2/5612 7032/2/5612 7203/2/5867
f 7024/2/5740 7026/2/5612 7030/2/5612 7204/2/5868
f 7007/2/5645 7206/2/5645 6997/2/5645 7000/2/5645
f 7206/2/5645 7207/2/5645 6994/2/5645 6997/2/5645
f 7207/2/5645 7208/2/5645 6991/2/5645 6994/2/5645
f 7208/2/5645 7209/2/5645 6988/2/5645 6991/2/5645
f 7209/2/5645 7210/2/5645 6985/2/5645 6988/2/5645
f 7210/2/5645 7211/2/5645 6982/2/5645 6985/2/5645
f 7211/2/5645 7212/2/5645 6979/2/5645 6982/2/5645
f 7212/2/5645 7213/2/5645 6976/2/5645 6979/2/5645
f 7213/2/5645 7214/2/5645 6973/2/5645 6976/2/5645
f 7214/2/5645 6963/2/5645 6965/2/5645 6973/2/5645
f 7217/2/5872 6755/2/5613 6863/2/5671 7215/2/5870
f 6762/2/5619 7217/2/5872 7215/2/5870 7216/2/5871
f 7301/2/5871 7300/2/5870 6859/2/5669 7219/2/5874
f 6764/2/5620 6762/2/5619 7216/2/5871 7218/2/5873
f 7302/2/5873 7301/2/5871 7219/2/5874 6852/2/5668
f 6766/2/5621 6764/2/5620 7218/2/5873 7220/2/5875
f 7303/2/5875 7302/2/5873 6852/2/5668 6850/2/5667
f 7223/2/5878 6766/2/5621 7220/2/5875 7221/2/5876
f 7304/2/5876 7303/2/5875 6850/2/5667 6848/2/5666
f 6773/2/5626 7223/2/5878 7221/2/5876 7222/2/5877
f 7305/2/5877 7304/2/5876 6848/2/5666 7225/2/5880
f 6775/2/5627 6773/2/5626 7222/2/5877 7224/2/5879
f 7306/2/5879 7305/2/5877 7225/2/5880 6841/2/5665
f 6777/2/5628 6775/2/5627 7224/2/5879 7226/2/5881
f 7307/2/5881 7306/2/5879 6841/2/5665 6839/2/5664
f 7229/2/5884 6777/2/5628 7226/2/5881 7227/2/5882
f 7308/2/5882 7307/2/5881 6839/2/5664 6837/2/5663
f 6784/2/5633 7229/2/5884 7227/2/5882 7228/2/5883
f 7309/2/5883 7308/2/5882 6837/2/5663 7231/2/5886
f 6786/2/5634 6784/2/5633 7228/2/5883 7230/2/5885
f 7310/2/5885 7309/2/5883 7231/2/5886 6830/2/5662
f 6788/2/5635 6786/2/5634 7230/2/5885 7232/2/5887
f 7311/2/5887 7310/2/5885 6830/2/5662 6828/2/5661
f 7234/2/5889 6788/2/5635 7232/2/5887 7233/2/5888
f 7312/2/5888 7311/2/5887 6828/2/5661 6826/2/5660
f 6795/2/5641 7234/2/5889 7233/2/5888 6799/2/5644
f 7313/2/5904 7312/2/5888 6826/2/5660 7235/2/5890
f 6800/2/5645 6816/2/5645 6804/2/5649 6802/2/5647
f 6810/2/5654 7242/2/5896 7236/2/5784 6813/2/5657
f 6813/2/5657 7236/2/5784 7238/2/5892 7237/2/5891
f 7239/2/5893 6810/2/5654 6813/2/5657 7237/2/5891
f 7240/2/5894 7239/2/5893 7237/2/5891 7238/2/5892
f 6810/2/5654 7239/2/5893 7240/2/5894 7242/2/5896
f 7241/2/5895 7240/2/5894 7238/2/5892 7243/2/5897
f 7242/2/5896 7240/2/5894 7241/2/5895 6795/2/5641
f 7242/2/5896 6795/2/5641 6799/2/5644 7236/2/5784
f 6795/2/5641 7241/2/5895 7243/2/5897 6799/2/5644
f 7236/2/5784 6799/2/5644 7243/2/5897 7238/2/5892
f 6799/2/5644 7233/2/5888 7312/2/5888 7313/2/5904
f 7233/2/5888 7232/2/5887 7311/2/5887 7312/2/5888
f 7232/2/5887 7230/2/5885 7310/2/5885 7311/2/5887
f 7230/2/5885 7228/2/5883 7309/2/5883 7310/2/5885
f 7228/2/5883 7227/2/5882 7308/2/5882 7309/2/5883
f 7227/2/5882 7226/2/5881 7307/2/5881 7308/2/5882
f 7226/2/5881 7224/2/5879 7306/2/5879 7307/2/5881
f 7224/2/5879 7222/2/5877 7305/2/5877 7306/2/5879
f 7222/2/5877 7221/2/5876 7304/2/5876 7305/2/5877
f 7221/2/5876 7220/2/5875 7303/2/5875 7304/2/5876
f 7220/2/5875 7218/2/5873 7302/2/5873 7303/2/5875
f 7218/2/5873 7216/2/5871 7301/2/5871 7302/2/5873
f 7216/2/5871 7215/2/5870 7300/2/5870 7301/2/5871
f 7194/2/5858 7195/2/5859 7298/2/5859 7297/2/5858
f 7193/2/5857 7194/2/5858 7297/2/5858 7296/2/5857
f 7190/2/5854 7193/2/5857 7296/2/5857 7295/2/5854
f 7189/2/5853 7190/2/5854 7295/2/5854 7294/2/5853
f 7188/2/5852 7189/2/5853 7294/2/5853 7293/2/5852
f 7187/2/5851 7188/2/5852 7293/2/5852 7292/2/5851
f 7184/2/5848 7187/2/5851 7292/2/5851 7291/2/5848
f 7183/2/5847 7184/2/5848 7291/2/5848 7290/2/5847
f 7182/2/5846 7183/2/5847 7290/2/5847 7289/2/5846
f 7181/2/5845 7182/2/5846 7289/2/5846 7288/2/5845
f 7178/2/5842 7181/2/5845 7288/2/5845 7287/2/5842
f 7177/2/5841 7178/2/5842 7287/2/5842 7286/2/5841
f 7176/2/5840 7177/2/5841 7286/2/5841 7285/2/5840
f 7175/2/5839 7176/2/5840 7285/2/5840 7284/2/5839
f 7172/2/5836 7175/2/5839 7284/2/5839 7283/2/5903
f 7326/2/5914 7323/2/5911 7174/2/5838 7317/2/5908
f 7096/2/5782 7172/2/5836 7318/2/5909
f 7169/2/5834 7170/2/5835 7281/2/5901 7280/2/5834
f 7166/2/5831 7169/2/5834 7280/2/5834 7279/2/5831
f 7165/2/5830 7166/2/5831 7279/2/5831 7278/2/5830
f 7164/2/5829 7165/2/5830 7278/2/5830 7277/2/5829
f 7163/2/5828 7164/2/5829 7277/2/5829 7276/2/5828
f 7160/2/5825 7163/2/5828 7276/2/5828 7275/2/5825
f 7159/2/5824 7160/2/5825 7275/2/5825 7274/2/5824
f 7158/2/5823 7159/2/5824 7274/2/5824 7273/2/5823
f 7157/2/5822 7158/2/5823 7273/2/5823 7272/2/5822
f 7154/2/5819 7157/2/5822 7272/2/5822 7271/2/5819
f 7153/2/5818 7154/2/5819 7271/2/5819 7270/2/5818
f 7152/2/5817 7153/2/5818 7270/2/5818 7269/2/5817
f 7151/2/5816 7152/2/5817 7269/2/5817 7268/2/5816
f 7150/2/5815 7151/2/5816 7268/2/5816 7267/2/5815
f 7149/2/5814 7150/2/5815 7267/2/5815 7266/2/5814
f 7014/2/5732 6813/2/5657 7314/2/5905 7265/2/5732
f 7205/2/5869 7012/2/5730 7264/2/5730 7299/2/5869
f 7012/2/5730 7014/2/5732 7265/2/5732 7264/2/5730
f 7002/2/5727 7205/2/5869 7299/2/5869 7263/2/5727
f 6999/2/5725 7002/2/5727 7263/2/5727 7262/2/5725
f 6996/2/5723 6999/2/5725 7262/2/5725 7261/2/5723
f 6993/2/5721 6996/2/5723 7261/2/5723 7260/2/5721
f 6990/2/5719 6993/2/5721 7260/2/5721 7259/2/5719
f 6987/2/5717 6990/2/5719 7259/2/5719 7258/2/5717
f 6984/2/5715 6987/2/5717 7258/2/5717 7257/2/5715
f 6981/2/5713 6984/2/5715 7257/2/5715 7256/2/5713
f 6978/2/5711 6981/2/5713 7256/2/5713 7255/2/5711
f 6975/2/5709 6978/2/5711 7255/2/5711 7254/2/5709
f 6972/2/5707 6975/2/5709 7254/2/5709 7253/2/5707
f 6970/2/5705 6972/2/5707 7253/2/5707 7252/2/5705
f 6967/2/5702 6970/2/5705 7252/2/5705 7251/2/5702
f 7195/2/5859 6967/2/5702 7251/2/5702 7298/2/5859
f 6867/2/5675 7149/2/5814 7266/2/5814 7250/2/5675
f 6865/2/5673 6867/2/5675 7250/2/5675 7249/2/5673
f 6863/2/5671 6865/2/5673 7249/2/5673 7248/2/5671
f 7215/2/5870 6863/2/5671 7248/2/5671 7300/2/5870
f 6813/2/5657 6812/2/5656 7247/2/5898 7314/2/5905
f 6812/2/5656 6805/2/5650 7315/2/5906 7247/2/5898
f 6805/2/5650 6803/2/5648 7246/2/5900 7315/2/5906
f 6803/2/5648 6801/2/5646 7245/2/5899 7246/2/5900
f 6801/2/5646 6798/2/5643 7244/2/5898 7245/2/5899
f 6798/2/5643 6799/2/5644 7313/2/5904 7244/2/5898
f 7171/2/5675 7317/2/5908 7174/2/5838
f 7339/2/5920 7335/2/5920 7318/2/5909 7334/2/5919
f 7340/2/5922 7343/2/5922 7281/2/5901 7325/2/5913
f 7342/2/5921 7340/2/5922 7325/2/5913 7282/2/5902
f 7316/2/5907 7103/2/5787 7323/2/5911 7326/2/5914
f 7281/2/5901 7325/2/5913 7324/2/5912 6914/2/5688
f 7097/2/5612 7174/2/5838 7323/2/5911 7322/2/5612
f 7099/2/5784 7097/2/5612 7322/2/5612 7321/2/5910
f 6917/2/5645 7320/2/5645 7319/2/5645 6915/2/5645
f 6915/2/5645 7319/2/5645 7324/2/5912 7173/2/5837
f 7336/2/5921 7339/2/5920 7334/2/5919 7317/2/5908
f 7282/2/5902 7333/2/5918 7332/2/5917 7173/2/5837
f 7317/2/5908 7174/2/5838 7331/2/5916 7334/2/5919
f 7098/2/5783 7095/2/5612 7329/2/5612 7330/2/5915
f 7095/2/5612 7096/2/5782 7331/2/5916 7329/2/5612
f 6920/2/5645 7328/2/5645 7332/2/5917 6921/2/5689
f 6918/2/5645 7327/2/5645 7328/2/5645 6920/2/5645
f 7342/2/5921 7344/2/5920 7339/2/5920 7336/2/5921
f 7317/2/5908 7326/2/5914 7338/2/5922 7336/2/5921
f 7326/2/5914 7316/2/5907 7337/2/5922 7338/2/5922
f 7344/2/5920 7341/2/5920 7335/2/5920 7339/2/5920
f 7333/2/5918 7283/2/5903 7341/2/5920 7344/2/5920
f 7282/2/5902 7333/2/5918 7344/2/5920 7342/2/5921
f 7336/2/5921 7338/2/5922 7340/2/5922 7342/2/5921
f 7338/2/5922 7337/2/5922 7343/2/5922 7340/2/5922
f 7386/2/5933 7385/2/5915 7414/2/5940 7387/2/5910 7388/2/5934 7389/2/5733 7391/2/5734 7390/2/5735 7392/2/5741 7393/2/5742 7395/2/5743 7394/2/5744 7396/2/5799 7397/2/5935 7399/2/5804 7398/2/5748 7400/2/5806 7401/2/5936 7403/2/5811 7402/2/5937 7404/2/5753 7345/2/5615 7346/2/5614 7347/2/5923 7348/2/5617 7349/2/5856 7351/2/5622 7350/2/5924 7352/2/5624 7353/2/5850 7355/2/5773 7354/2/5925 7356/2/5775 7357/2/5844 7359/2/5780 7358/2/5781 7360/2/5926 7361/2/5927 7365/2/5928 7364/2/5788 7363/2/5789 7362/2/5833 7366/2/5794 7367/2/5795 7413/2/5796 7412/2/5827 7411/2/5866 7410/2/5939 7409/2/5864 7408/2/5821 7407/2/5862 7406/2/5938 7405/2/5860 7368/2/5755 7369/2/5813 7370/2/5929 7371/2/5757 7372/2/5930 7374/2/5762 7373/2/5620 7375/2/5764 7376/2/5931 7378/2/5769 7377/2/5627 7379/2/5628 7380/2/5932 7382/2/5633 7381/2/5634 7383/2/5635 7384/2/5889
f 7109/2/5790 7110/2/5791 7390/2/5735 7391/2/5734
f 7089/2/5778 7090/2/5779 7384/2/5889 7383/2/5635
f 7101/2/5786 7109/2/5790 7391/2/5734 7389/2/5733
f 7204/2/5868 7203/2/5867 7412/2/5827 7413/2/5796
f 7110/2/5791 7111/2/5792 7392/2/5741 7390/2/5735
f 7330/2/5915 7099/2/5784 7414/2/5940 7385/2/5915
f 6793/2/5639 6811/2/5655 7365/2/5928 7361/2/5927
f 7020/2/5736 7021/2/5737 7362/2/5833 7363/2/5789
f 7024/2/5740 7204/2/5868 7413/2/5796 7367/2/5795
f 7054/2/5755 7053/2/5754 7369/2/5813 7368/2/5755
f 7131/2/5804 7132/2/5805 7398/2/5748 7399/2/5804
f 7022/2/5738 7020/2/5736 7363/2/5789 7364/2/5788
f 7111/2/5792 7112/2/5793 7393/2/5742 7392/2/5741
f 7053/2/5754 7055/2/5756 7370/2/5929 7369/2/5813
f 7123/2/5800 7131/2/5804 7399/2/5804 7397/2/5935
f 6811/2/5655 7022/2/5738 7364/2/5788 7365/2/5928
f 7055/2/5756 7056/2/5757 7371/2/5757 7370/2/5929
f 7132/2/5805 7133/2/5806 7400/2/5806 7398/2/5748
f 6768/2/5622 6769/2/5623 7350/2/5924 7351/2/5622
f 7021/2/5737 7023/2/5739 7366/2/5794 7362/2/5833
f 7076/2/5769 7077/2/5770 7377/2/5627 7378/2/5769
f 7056/2/5757 7057/2/5758 7372/2/5930 7371/2/5757
f 6760/2/5618 6768/2/5622 7351/2/5622 7349/2/5856
f 7133/2/5806 7134/2/5807 7401/2/5936 7400/2/5806
f 7068/2/5765 7076/2/5769 7378/2/5769 7376/2/5931
f 6769/2/5623 6770/2/5624 7352/2/5624 7350/2/5924
f 7023/2/5739 7024/2/5740 7367/2/5795 7366/2/5794
f 7077/2/5770 7078/2/5771 7379/2/5628 7377/2/5627
f 6790/2/5636 6791/2/5637 7358/2/5781 7359/2/5780
f 6770/2/5624 6771/2/5625 7353/2/5850 7352/2/5624
f 7098/2/5783 7330/2/5915 7385/2/5915 7386/2/5933
f 7196/2/5860 7054/2/5755 7368/2/5755 7405/2/5860
f 7078/2/5771 7079/2/5772 7380/2/5932 7379/2/5628
f 6782/2/5632 6790/2/5636 7359/2/5780 7357/2/5844
f 7090/2/5779 7098/2/5783 7386/2/5933 7384/2/5889
f 6791/2/5637 6792/2/5638 7360/2/5926 7358/2/5781
f 7099/2/5784 7321/2/5910 7387/2/5910 7414/2/5940
f 7321/2/5910 7100/2/5785 7388/2/5934 7387/2/5910
f 7197/2/5861 7196/2/5860 7405/2/5860 7406/2/5938
f 6792/2/5638 6793/2/5639 7361/2/5927 7360/2/5926
f 7120/2/5797 7121/2/5798 7394/2/5744 7395/2/5743
f 7100/2/5785 7101/2/5786 7389/2/5733 7388/2/5934
f 7198/2/5862 7197/2/5861 7406/2/5938 7407/2/5862
f 7112/2/5793 7120/2/5797 7395/2/5743 7393/2/5742
f 7121/2/5798 7122/2/5799 7396/2/5799 7394/2/5744
f 7199/2/5863 7198/2/5862 7407/2/5862 7408/2/5821
f 6757/2/5615 6756/2/5614 7346/2/5614 7345/2/5615
f 7065/2/5762 7066/2/5763 7373/2/5620 7374/2/5762
f 7142/2/5811 7143/2/5752 7402/2/5937 7403/2/5811
f 6756/2/5614 6758/2/5616 7347/2/5923 7346/2/5614
f 7122/2/5799 7123/2/5800 7397/2/5935 7396/2/5799
f 7200/2/5864 7199/2/5863 7408/2/5821 7409/2/5864
f 7057/2/5758 7065/2/5762 7374/2/5762 7372/2/5930
f 7134/2/5807 7142/2/5811 7403/2/5811 7401/2/5936
f 6758/2/5616 6759/2/5617 7348/2/5617 7347/2/5923
f 7066/2/5763 7067/2/5764 7375/2/5764 7373/2/5620
f 7143/2/5752 7144/2/5812 7404/2/5753 7402/2/5937
f 7201/2/5865 7200/2/5864 7409/2/5864 7410/2/5939
f 6779/2/5629 6780/2/5630 7354/2/5925 7355/2/5773
f 6759/2/5617 6760/2/5618 7349/2/5856 7348/2/5617
f 7087/2/5776 7088/2/5777 7381/2/5634 7382/2/5633
f 7067/2/5764 7068/2/5765 7376/2/5931 7375/2/5764
f 6771/2/5625 6779/2/5629 7355/2/5773 7353/2/5850
f 7144/2/5812 6757/2/5615 7345/2/5615 7404/2/5753
f 7202/2/5866 7201/2/5865 7410/2/5939 7411/2/5866
f 7079/2/5772 7087/2/5776 7382/2/5633 7380/2/5932
f 6780/2/5630 6781/2/5631 7356/2/5775 7354/2/5925
f 7088/2/5777 7089/2/5778 7383/2/5635 7381/2/5634
f 7203/2/5867 7202/2/5866 7411/2/5866 7412/2/5827
l 7171 7282
