# Blender 4.2.0
# www.blender.org
mtllib plate.mtl
o plate
v 0.083977 0.000070 0.000000
v 0.084123 0.004859 0.000000
v 0.081818 -0.000004 0.000000
v 0.078848 0.005288 0.000000
v 0.132673 0.025543 0.000000
v 0.130825 0.025632 0.000000
v 0.089537 0.009584 0.000000
v 0.099615 0.013148 0.000000
v 0.099565 0.015882 0.000000
v 0.132607 0.022137 0.000000
v 0.092487 0.012309 0.000000
v 0.094697 0.014121 0.000000
v 0.133621 0.024522 0.000000
v 0.133650 0.023027 0.000000
v 0.080175 0.002243 0.000000
v 0.078947 0.003079 -0.000000
v 0.076002 0.003774 0.000000
v -0.000005 0.003774 0.000000
v 0.000000 0.004830 0.000000
v 0.063133 0.004915 0.000000
v 0.095795 0.014612 0.000000
v 0.093656 0.013421 0.000000
v 0.091167 0.010977 0.000000
v 0.087512 0.008360 0.000000
v 0.084154 0.007016 0.000000
v 0.119850 0.022380 0.000000
v 0.108625 0.018918 0.000000
v 0.122197 0.019851 0.000000
v 0.091796 0.008989 0.000000
v 0.083977 0.004220 0.000000
v 0.084901 0.005321 0.000000
v 0.083977 0.000985 0.000000
v 0.080914 0.005841 0.000000
v 0.074177 0.005112 0.000000
v 0.082142 0.000070 -0.017460
v 0.082284 0.004859 -0.017490
v 0.080030 -0.000004 -0.017011
v 0.077125 0.005288 -0.016393
v 0.129774 0.025543 -0.027584
v 0.127966 0.025632 -0.027200
v 0.087580 0.009584 -0.018616
v 0.097438 0.013148 -0.020711
v 0.097389 0.015882 -0.020701
v 0.129710 0.022137 -0.027571
v 0.090466 0.012309 -0.019229
v 0.092628 0.014121 -0.019689
v 0.130701 0.024522 -0.027781
v 0.130729 0.023027 -0.027787
v 0.078423 0.002243 -0.016669
v 0.077222 0.003079 -0.016414
v 0.074341 0.003774 -0.015802
v -0.000005 0.003774 0.000001
v 0.061753 0.004915 -0.013126
v 0.093701 0.014612 -0.019917
v 0.091609 0.013421 -0.019472
v 0.089175 0.010977 -0.018955
v 0.085599 0.008360 -0.018195
v 0.082315 0.007016 -0.017497
v 0.117231 0.022380 -0.024918
v 0.106252 0.018918 -0.022585
v 0.119526 0.019851 -0.025406
v 0.089790 0.008989 -0.019085
v 0.082142 0.004220 -0.017460
v 0.083045 0.005321 -0.017652
v 0.082142 0.000985 -0.017460
v 0.079145 0.005841 -0.016823
v 0.072556 0.005112 -0.015422
v 0.076717 0.000070 -0.034156
v 0.076850 0.004859 -0.034216
v 0.074745 -0.000004 -0.033278
v 0.072031 0.005288 -0.032070
v 0.121203 0.025543 -0.053963
v 0.119514 0.025632 -0.053211
v 0.081796 0.009584 -0.036418
v 0.091002 0.013148 -0.040517
v 0.090957 0.015882 -0.040497
v 0.121143 0.022137 -0.053936
v 0.084491 0.012309 -0.037618
v 0.086510 0.014121 -0.038517
v 0.122069 0.024522 -0.054349
v 0.122095 0.023027 -0.054360
v 0.073244 0.002243 -0.032610
v 0.072122 0.003079 -0.032111
v 0.069431 0.003774 -0.030913
v -0.000005 0.003774 0.000002
v 0.057675 0.004915 -0.025679
v 0.087513 0.014612 -0.038963
v 0.085559 0.013421 -0.038093
v 0.083285 0.010977 -0.037081
v 0.079946 0.008360 -0.035594
v 0.076879 0.007016 -0.034229
v 0.109489 0.022380 -0.048747
v 0.099234 0.018918 -0.044182
v 0.111632 0.019851 -0.049702
v 0.083859 0.008989 -0.037337
v 0.076717 0.004220 -0.034156
v 0.077561 0.005321 -0.034532
v 0.076717 0.000985 -0.034156
v 0.073918 0.005841 -0.032910
v 0.067764 0.005112 -0.030171
v 0.067939 0.000070 -0.049360
v 0.068057 0.004859 -0.049446
v 0.066192 -0.000004 -0.048091
v 0.063789 0.005288 -0.046346
v 0.107335 0.025543 -0.077983
v 0.105839 0.025632 -0.076897
v 0.072437 0.009584 -0.052628
v 0.080590 0.013148 -0.058552
v 0.080550 0.015882 -0.058523
v 0.107282 0.022137 -0.077945
v 0.074824 0.012309 -0.054362
v 0.076612 0.014121 -0.055662
v 0.108102 0.024522 -0.078540
v 0.108125 0.023027 -0.078557
v 0.064863 0.002243 -0.047126
v 0.063870 0.003079 -0.046404
v 0.061487 0.003774 -0.044673
v -0.000004 0.003774 0.000003
v 0.051076 0.004915 -0.037109
v 0.077500 0.014612 -0.056307
v 0.075769 0.013421 -0.055050
v 0.073756 0.010977 -0.053587
v 0.070798 0.008360 -0.051438
v 0.068082 0.007016 -0.049465
v 0.096961 0.022380 -0.070446
v 0.087880 0.018918 -0.063848
v 0.098859 0.019851 -0.071825
v 0.074264 0.008989 -0.053956
v 0.067939 0.004220 -0.049360
v 0.068686 0.005321 -0.049903
v 0.067939 0.000985 -0.049360
v 0.065460 0.005841 -0.047560
v 0.060011 0.005112 -0.043600
v 0.056191 0.000070 -0.062407
v 0.056289 0.004859 -0.062515
v 0.054747 -0.000004 -0.060803
v 0.052760 0.005288 -0.058595
v 0.088775 0.025543 -0.098595
v 0.087539 0.025632 -0.097222
v 0.059912 0.009584 -0.066539
v 0.066655 0.013148 -0.074028
v 0.066622 0.015882 -0.073991
v 0.088732 0.022137 -0.098546
v 0.061886 0.012309 -0.068731
v 0.063365 0.014121 -0.070374
v 0.089410 0.024522 -0.099300
v 0.089429 0.023027 -0.099321
v 0.053648 0.002243 -0.059582
v 0.052826 0.003079 -0.058669
v 0.050855 0.003774 -0.056480
v -0.000004 0.003774 0.000004
v 0.042244 0.004915 -0.046917
v 0.064099 0.014612 -0.071189
v 0.062668 0.013421 -0.069600
v 0.061003 0.010977 -0.067750
v 0.058557 0.008360 -0.065034
v 0.056310 0.007016 -0.062539
v 0.080195 0.022380 -0.089066
v 0.072685 0.018918 -0.080724
v 0.081766 0.019851 -0.090810
v 0.061423 0.008989 -0.068217
v 0.056191 0.004220 -0.062407
v 0.056810 0.005321 -0.063094
v 0.056191 0.000985 -0.062407
v 0.054142 0.005841 -0.060130
v 0.049634 0.005112 -0.055125
v 0.041988 0.000070 -0.072726
v 0.042061 0.004859 -0.072852
v 0.040909 -0.000004 -0.070857
v 0.039424 0.005288 -0.068284
v 0.066336 0.025543 -0.114898
v 0.065412 0.025632 -0.113297
v 0.044768 0.009584 -0.077541
v 0.049807 0.013148 -0.086269
v 0.049783 0.015882 -0.086226
v 0.066304 0.022137 -0.114841
v 0.046243 0.012309 -0.080096
v 0.047349 0.014121 -0.082010
v 0.066811 0.024522 -0.115719
v 0.066825 0.023027 -0.115744
v 0.040088 0.002243 -0.069434
v 0.039474 0.003079 -0.068370
v 0.038001 0.003774 -0.065820
v -0.000003 0.003774 0.000005
v 0.031567 0.004915 -0.054675
v 0.047897 0.014612 -0.082961
v 0.046828 0.013421 -0.081108
v 0.045583 0.010977 -0.078953
v 0.043756 0.008360 -0.075787
v 0.042077 0.007016 -0.072880
v 0.059925 0.022380 -0.103793
v 0.054313 0.018918 -0.094072
v 0.061098 0.019851 -0.105825
v 0.045898 0.008989 -0.079497
v 0.041988 0.004220 -0.072726
v 0.042450 0.005321 -0.073526
v 0.041988 0.000985 -0.072726
v 0.040457 0.005841 -0.070073
v 0.037089 0.005112 -0.064239
v 0.025950 0.000070 -0.079867
v 0.025995 0.004859 -0.080005
v 0.025283 -0.000004 -0.077814
v 0.024365 0.005288 -0.074989
v 0.040998 0.025543 -0.126179
v 0.040427 0.025632 -0.124422
v 0.027668 0.009584 -0.085155
v 0.030783 0.013148 -0.094739
v 0.030767 0.015882 -0.094692
v 0.040978 0.022137 -0.126117
v 0.028580 0.012309 -0.087960
v 0.029263 0.014121 -0.090063
v 0.041291 0.024522 -0.127081
v 0.041300 0.023027 -0.127108
v 0.024775 0.002243 -0.076251
v 0.024396 0.003079 -0.075083
v 0.023486 0.003774 -0.072282
v -0.000002 0.003774 0.000005
v 0.019509 0.004915 -0.060043
v 0.029602 0.014612 -0.091106
v 0.028941 0.013421 -0.089072
v 0.028172 0.010977 -0.086705
v 0.027043 0.008360 -0.083228
v 0.026005 0.007016 -0.080035
v 0.037036 0.022380 -0.113984
v 0.033567 0.018918 -0.103309
v 0.037761 0.019851 -0.116216
v 0.028366 0.008989 -0.087303
v 0.025950 0.004220 -0.079867
v 0.026236 0.005321 -0.080745
v 0.025950 0.000985 -0.079867
v 0.025004 0.005841 -0.076953
v 0.022922 0.005112 -0.070547
v 0.008778 0.000070 -0.083517
v 0.008793 0.004859 -0.083662
v 0.008552 -0.000004 -0.081370
v 0.008242 0.005288 -0.078416
v 0.013868 0.025543 -0.131946
v 0.013675 0.025632 -0.130108
v 0.009359 0.009584 -0.089046
v 0.010413 0.013148 -0.099069
v 0.010407 0.015882 -0.099020
v 0.013861 0.022137 -0.131881
v 0.009668 0.012309 -0.091980
v 0.009899 0.014121 -0.094179
v 0.013967 0.024522 -0.132889
v 0.013970 0.023027 -0.132918
v 0.008381 0.002243 -0.079736
v 0.008252 0.003079 -0.078515
v 0.007944 0.003774 -0.075586
v -0.000001 0.003774 0.000005
v 0.006599 0.004915 -0.062787
v 0.010013 0.014612 -0.095270
v 0.009790 0.013421 -0.093143
v 0.009530 0.010977 -0.090667
v 0.009147 0.008360 -0.087032
v 0.008797 0.007016 -0.083693
v 0.012528 0.022380 -0.119194
v 0.011354 0.018918 -0.108030
v 0.012773 0.019851 -0.121527
v 0.009595 0.008989 -0.091293
v 0.008778 0.004220 -0.083517
v 0.008875 0.005321 -0.084436
v 0.008778 0.000985 -0.083517
v 0.008458 0.005841 -0.080470
v 0.007754 0.005112 -0.073771
v -0.008778 0.000070 -0.083517
v -0.008793 0.004859 -0.083662
v -0.008552 -0.000004 -0.081370
v -0.008242 0.005288 -0.078416
v -0.013868 0.025543 -0.131946
v -0.013675 0.025632 -0.130108
v -0.009359 0.009584 -0.089046
v -0.010413 0.013148 -0.099069
v -0.010407 0.015882 -0.099020
v -0.013861 0.022137 -0.131881
v -0.009668 0.012309 -0.091980
v -0.009899 0.014121 -0.094179
v -0.013967 0.024522 -0.132889
v -0.013970 0.023027 -0.132918
v -0.008381 0.002243 -0.079736
v -0.008252 0.003079 -0.078515
v -0.007944 0.003774 -0.075586
v 0.000001 0.003774 0.000005
v -0.006599 0.004915 -0.062787
v -0.010013 0.014612 -0.095270
v -0.009790 0.013421 -0.093143
v -0.009530 0.010977 -0.090667
v -0.009147 0.008360 -0.087032
v -0.008797 0.007016 -0.083693
v -0.012528 0.022380 -0.119194
v -0.011354 0.018918 -0.108030
v -0.012773 0.019851 -0.121527
v -0.009595 0.008989 -0.091293
v -0.008778 0.004220 -0.083517
v -0.008875 0.005321 -0.084436
v -0.008778 0.000985 -0.083517
v -0.008458 0.005841 -0.080470
v -0.007754 0.005112 -0.073771
v -0.025950 0.000070 -0.079867
v -0.025995 0.004859 -0.080005
v -0.025283 -0.000004 -0.077814
v -0.024365 0.005288 -0.074989
v -0.040998 0.025543 -0.126179
v -0.040427 0.025632 -0.124422
v -0.027668 0.009584 -0.085155
v -0.030783 0.013148 -0.094739
v -0.030767 0.015882 -0.094692
v -0.040978 0.022137 -0.126117
v -0.028580 0.012309 -0.087960
v -0.029263 0.014121 -0.090063
v -0.041291 0.024522 -0.127081
v -0.041300 0.023027 -0.127108
v -0.024775 0.002243 -0.076251
v -0.024396 0.003079 -0.075083
v -0.023486 0.003774 -0.072282
v 0.000002 0.003774 0.000005
v -0.019509 0.004915 -0.060043
v -0.029602 0.014612 -0.091106
v -0.028941 0.013421 -0.089072
v -0.028172 0.010977 -0.086705
v -0.027043 0.008360 -0.083228
v -0.026005 0.007016 -0.080035
v -0.037036 0.022380 -0.113984
v -0.033567 0.018918 -0.103309
v -0.037761 0.019851 -0.116216
v -0.028366 0.008989 -0.087303
v -0.025950 0.004220 -0.079867
v -0.026236 0.005321 -0.080745
v -0.025950 0.000985 -0.079867
v -0.025004 0.005841 -0.076953
v -0.022922 0.005112 -0.070547
v -0.041988 0.000070 -0.072726
v -0.042061 0.004859 -0.072852
v -0.040909 -0.000004 -0.070857
v -0.039424 0.005288 -0.068284
v -0.066336 0.025543 -0.114898
v -0.065412 0.025632 -0.113297
v -0.044768 0.009584 -0.077541
v -0.049807 0.013148 -0.086269
v -0.049783 0.015882 -0.086226
v -0.066304 0.022137 -0.114841
v -0.046243 0.012309 -0.080096
v -0.047349 0.014121 -0.082010
v -0.066811 0.024522 -0.115719
v -0.066825 0.023027 -0.115744
v -0.040088 0.002243 -0.069434
v -0.039474 0.003079 -0.068370
v -0.038001 0.003774 -0.065820
v 0.000003 0.003774 0.000005
v -0.031567 0.004915 -0.054675
v -0.047897 0.014612 -0.082961
v -0.046828 0.013421 -0.081108
v -0.045583 0.010977 -0.078953
v -0.043756 0.008360 -0.075787
v -0.042077 0.007016 -0.072880
v -0.059925 0.022380 -0.103793
v -0.054313 0.018918 -0.094072
v -0.061098 0.019851 -0.105825
v -0.045898 0.008989 -0.079497
v -0.041988 0.004220 -0.072726
v -0.042450 0.005321 -0.073526
v -0.041988 0.000985 -0.072726
v -0.040457 0.005841 -0.070073
v -0.037089 0.005112 -0.064239
v -0.056191 0.000070 -0.062407
v -0.056289 0.004859 -0.062515
v -0.054747 -0.000004 -0.060803
v -0.052760 0.005288 -0.058595
v -0.088776 0.025543 -0.098595
v -0.087539 0.025632 -0.097222
v -0.059912 0.009584 -0.066539
v -0.066655 0.013148 -0.074028
v -0.066622 0.015882 -0.073991
v -0.088732 0.022137 -0.098546
v -0.061886 0.012309 -0.068731
v -0.063365 0.014121 -0.070374
v -0.089410 0.024522 -0.099300
v -0.089429 0.023027 -0.099321
v -0.053648 0.002243 -0.059582
v -0.052826 0.003079 -0.058669
v -0.050855 0.003774 -0.056480
v 0.000004 0.003774 0.000004
v -0.042244 0.004915 -0.046917
v -0.064099 0.014612 -0.071189
v -0.062668 0.013421 -0.069600
v -0.061003 0.010977 -0.067750
v -0.058557 0.008360 -0.065034
v -0.056310 0.007016 -0.062539
v -0.080195 0.022380 -0.089066
v -0.072685 0.018918 -0.080724
v -0.081766 0.019851 -0.090810
v -0.061423 0.008989 -0.068217
v -0.056191 0.004220 -0.062407
v -0.056810 0.005321 -0.063094
v -0.056191 0.000985 -0.062407
v -0.054142 0.005841 -0.060130
v -0.049634 0.005112 -0.055125
v -0.067939 0.000070 -0.049360
v -0.068057 0.004859 -0.049446
v -0.066192 -0.000004 -0.048091
v -0.063789 0.005288 -0.046346
v -0.107335 0.025543 -0.077983
v -0.105839 0.025632 -0.076897
v -0.072437 0.009584 -0.052628
v -0.080590 0.013148 -0.058552
v -0.080550 0.015882 -0.058523
v -0.107282 0.022137 -0.077945
v -0.074824 0.012309 -0.054362
v -0.076612 0.014121 -0.055662
v -0.108102 0.024522 -0.078540
v -0.108125 0.023027 -0.078557
v -0.064863 0.002243 -0.047126
v -0.063870 0.003079 -0.046404
v -0.061487 0.003774 -0.044673
v 0.000004 0.003774 0.000003
v -0.051076 0.004915 -0.037109
v -0.077500 0.014612 -0.056307
v -0.075769 0.013421 -0.055049
v -0.073756 0.010977 -0.053587
v -0.070798 0.008360 -0.051438
v -0.068082 0.007016 -0.049465
v -0.096961 0.022380 -0.070446
v -0.087880 0.018918 -0.063848
v -0.098859 0.019851 -0.071825
v -0.074264 0.008989 -0.053956
v -0.067939 0.004220 -0.049360
v -0.068686 0.005321 -0.049903
v -0.067939 0.000985 -0.049360
v -0.065460 0.005841 -0.047560
v -0.060011 0.005112 -0.043600
v -0.076717 0.000070 -0.034156
v -0.076850 0.004859 -0.034216
v -0.074745 -0.000004 -0.033278
v -0.072031 0.005288 -0.032070
v -0.121203 0.025543 -0.053963
v -0.119514 0.025632 -0.053211
v -0.081796 0.009584 -0.036418
v -0.091002 0.013148 -0.040517
v -0.090957 0.015882 -0.040497
v -0.121143 0.022137 -0.053936
v -0.084491 0.012309 -0.037618
v -0.086510 0.014121 -0.038517
v -0.122069 0.024522 -0.054349
v -0.122095 0.023027 -0.054360
v -0.073244 0.002243 -0.032610
v -0.072122 0.003079 -0.032111
v -0.069431 0.003774 -0.030913
v 0.000005 0.003774 0.000002
v -0.057675 0.004915 -0.025679
v -0.087513 0.014612 -0.038963
v -0.085559 0.013421 -0.038093
v -0.083285 0.010977 -0.037081
v -0.079946 0.008360 -0.035594
v -0.076879 0.007016 -0.034229
v -0.109489 0.022380 -0.048747
v -0.099234 0.018918 -0.044182
v -0.111632 0.019851 -0.049702
v -0.083859 0.008989 -0.037337
v -0.076717 0.004220 -0.034156
v -0.077561 0.005321 -0.034532
v -0.076717 0.000985 -0.034156
v -0.073918 0.005841 -0.032910
v -0.067764 0.005112 -0.030171
v -0.082142 0.000070 -0.017460
v -0.082284 0.004859 -0.017490
v -0.080030 -0.000004 -0.017011
v -0.077125 0.005288 -0.016393
v -0.129774 0.025543 -0.027584
v -0.127966 0.025632 -0.027200
v -0.087580 0.009584 -0.018616
v -0.097438 0.013148 -0.020711
v -0.097389 0.015882 -0.020701
v -0.129710 0.022137 -0.027571
v -0.090466 0.012309 -0.019229
v -0.092628 0.014121 -0.019689
v -0.130701 0.024522 -0.027781
v -0.130729 0.023027 -0.027787
v -0.078423 0.002243 -0.016669
v -0.077222 0.003079 -0.016414
v -0.074341 0.003774 -0.015802
v 0.000005 0.003774 0.000001
v -0.061753 0.004915 -0.013126
v -0.093701 0.014612 -0.019917
v -0.091609 0.013421 -0.019472
v -0.089175 0.010977 -0.018955
v -0.085599 0.008360 -0.018195
v -0.082315 0.007016 -0.017497
v -0.117231 0.022380 -0.024918
v -0.106252 0.018918 -0.022584
v -0.119526 0.019851 -0.025406
v -0.089790 0.008989 -0.019085
v -0.082142 0.004220 -0.017460
v -0.083045 0.005321 -0.017652
v -0.082142 0.000985 -0.017460
v -0.079145 0.005841 -0.016823
v -0.072556 0.005112 -0.015422
v -0.083977 0.000070 0.000000
v -0.084123 0.004859 0.000000
v -0.081818 -0.000004 0.000000
v -0.078848 0.005288 0.000000
v -0.132673 0.025543 0.000000
v -0.130825 0.025632 0.000000
v -0.089537 0.009584 0.000000
v -0.099615 0.013148 0.000000
v -0.099565 0.015882 0.000000
v -0.132607 0.022137 0.000000
v -0.092487 0.012309 0.000000
v -0.094697 0.014121 0.000000
v -0.133621 0.024522 0.000000
v -0.133650 0.023027 0.000000
v -0.080175 0.002243 0.000000
v -0.078947 0.003079 0.000000
v -0.076002 0.003774 0.000000
v 0.000005 0.003774 -0.000000
v -0.063133 0.004915 0.000000
v -0.095795 0.014612 0.000000
v -0.093656 0.013421 0.000000
v -0.091167 0.010977 0.000000
v -0.087512 0.008360 0.000000
v -0.084154 0.007016 0.000000
v -0.119850 0.022380 0.000000
v -0.108625 0.018918 0.000000
v -0.122197 0.019851 0.000000
v -0.091796 0.008989 0.000000
v -0.083977 0.004220 0.000000
v -0.084901 0.005321 0.000000
v -0.083977 0.000985 0.000000
v -0.080914 0.005841 0.000000
v -0.074177 0.005112 0.000000
v -0.082142 0.000070 0.017460
v -0.082284 0.004859 0.017490
v -0.080030 -0.000004 0.017011
v -0.077125 0.005288 0.016393
v -0.129774 0.025543 0.027584
v -0.127966 0.025632 0.027200
v -0.087580 0.009584 0.018616
v -0.097438 0.013148 0.020711
v -0.097389 0.015882 0.020701
v -0.129710 0.022137 0.027571
v -0.090466 0.012309 0.019229
v -0.092628 0.014121 0.019689
v -0.130701 0.024522 0.027781
v -0.130729 0.023027 0.027787
v -0.078423 0.002243 0.016669
v -0.077222 0.003079 0.016414
v -0.074341 0.003774 0.015802
v 0.000005 0.003774 -0.000001
v -0.061753 0.004915 0.013126
v -0.093701 0.014612 0.019917
v -0.091609 0.013421 0.019472
v -0.089175 0.010977 0.018955
v -0.085599 0.008360 0.018195
v -0.082315 0.007016 0.017497
v -0.117231 0.022380 0.024918
v -0.106252 0.018918 0.022585
v -0.119526 0.019851 0.025406
v -0.089790 0.008989 0.019085
v -0.082142 0.004220 0.017460
v -0.083045 0.005321 0.017652
v -0.082142 0.000985 0.017460
v -0.079145 0.005841 0.016823
v -0.072556 0.005112 0.015422
v -0.076717 0.000070 0.034156
v -0.076850 0.004859 0.034216
v -0.074745 -0.000004 0.033278
v -0.072031 0.005288 0.032070
v -0.121203 0.025543 0.053963
v -0.119514 0.025632 0.053211
v -0.081796 0.009584 0.036418
v -0.091002 0.013148 0.040517
v -0.090957 0.015882 0.040497
v -0.121143 0.022137 0.053936
v -0.084491 0.012309 0.037618
v -0.086510 0.014121 0.038517
v -0.122069 0.024522 0.054349
v -0.122095 0.023027 0.054360
v -0.073244 0.002243 0.032610
v -0.072122 0.003079 0.032111
v -0.069431 0.003774 0.030913
v 0.000005 0.003774 -0.000002
v -0.057675 0.004915 0.025679
v -0.087513 0.014612 0.038963
v -0.085559 0.013421 0.038093
v -0.083285 0.010977 0.037081
v -0.079946 0.008360 0.035594
v -0.076879 0.007016 0.034229
v -0.109489 0.022380 0.048747
v -0.099234 0.018918 0.044182
v -0.111632 0.019851 0.049702
v -0.083859 0.008989 0.037337
v -0.076717 0.004220 0.034156
v -0.077561 0.005321 0.034532
v -0.076717 0.000985 0.034156
v -0.073918 0.005841 0.032911
v -0.067764 0.005112 0.030171
v -0.067939 0.000070 0.049360
v -0.068057 0.004859 0.049446
v -0.066192 -0.000004 0.048091
v -0.063789 0.005288 0.046346
v -0.107335 0.025543 0.077983
v -0.105839 0.025632 0.076897
v -0.072437 0.009584 0.052628
v -0.080590 0.013148 0.058552
v -0.080550 0.015882 0.058523
v -0.107282 0.022137 0.077945
v -0.074823 0.012309 0.054362
v -0.076612 0.014121 0.055662
v -0.108102 0.024522 0.078540
v -0.108125 0.023027 0.078557
v -0.064863 0.002243 0.047126
v -0.063870 0.003079 0.046404
v -0.061487 0.003774 0.044673
v 0.000004 0.003774 -0.000003
v -0.051076 0.004915 0.037109
v -0.077500 0.014612 0.056307
v -0.075769 0.013421 0.055050
v -0.073756 0.010977 0.053587
v -0.070798 0.008360 0.051438
v -0.068082 0.007016 0.049465
v -0.096961 0.022380 0.070446
v -0.087880 0.018918 0.063848
v -0.098859 0.019851 0.071825
v -0.074264 0.008989 0.053956
v -0.067939 0.004220 0.049360
v -0.068686 0.005321 0.049903
v -0.067939 0.000985 0.049360
v -0.065460 0.005841 0.047560
v -0.060011 0.005112 0.043600
v -0.056191 0.000070 0.062407
v -0.056289 0.004859 0.062515
v -0.054747 -0.000004 0.060803
v -0.052760 0.005288 0.058595
v -0.088775 0.025543 0.098595
v -0.087539 0.025632 0.097222
v -0.059912 0.009584 0.066539
v -0.066655 0.013148 0.074028
v -0.066622 0.015882 0.073991
v -0.088732 0.022137 0.098546
v -0.061886 0.012309 0.068731
v -0.063365 0.014121 0.070374
v -0.089410 0.024522 0.099300
v -0.089429 0.023027 0.099321
v -0.053648 0.002243 0.059582
v -0.052826 0.003079 0.058669
v -0.050855 0.003774 0.056480
v 0.000004 0.003774 -0.000004
v -0.042244 0.004915 0.046917
v -0.064099 0.014612 0.071189
v -0.062668 0.013421 0.069600
v -0.061003 0.010977 0.067750
v -0.058557 0.008360 0.065034
v -0.056310 0.007016 0.062539
v -0.080195 0.022380 0.089066
v -0.072685 0.018918 0.080724
v -0.081766 0.019851 0.090810
v -0.061423 0.008989 0.068217
v -0.056191 0.004220 0.062407
v -0.056810 0.005321 0.063094
v -0.056191 0.000985 0.062407
v -0.054142 0.005841 0.060130
v -0.049634 0.005112 0.055125
v -0.041988 0.000070 0.072726
v -0.042061 0.004859 0.072852
v -0.040909 -0.000004 0.070857
v -0.039424 0.005288 0.068284
v -0.066336 0.025543 0.114898
v -0.065412 0.025632 0.113297
v -0.044768 0.009584 0.077541
v -0.049807 0.013148 0.086269
v -0.049783 0.015882 0.086226
v -0.066304 0.022137 0.114841
v -0.046243 0.012309 0.080096
v -0.047349 0.014121 0.082010
v -0.066811 0.024522 0.115719
v -0.066825 0.023027 0.115744
v -0.040088 0.002243 0.069434
v -0.039474 0.003079 0.068370
v -0.038001 0.003774 0.065820
v 0.000003 0.003774 -0.000005
v -0.031567 0.004915 0.054675
v -0.047897 0.014612 0.082961
v -0.046828 0.013421 0.081108
v -0.045583 0.010977 0.078953
v -0.043756 0.008360 0.075787
v -0.042077 0.007016 0.072880
v -0.059925 0.022380 0.103793
v -0.054313 0.018918 0.094072
v -0.061098 0.019851 0.105825
v -0.045898 0.008989 0.079497
v -0.041988 0.004220 0.072726
v -0.042450 0.005321 0.073526
v -0.041988 0.000985 0.072726
v -0.040457 0.005841 0.070073
v -0.037089 0.005112 0.064239
v -0.025950 0.000070 0.079867
v -0.025995 0.004859 0.080005
v -0.025283 -0.000004 0.077814
v -0.024365 0.005288 0.074989
v -0.040998 0.025543 0.126179
v -0.040427 0.025632 0.124422
v -0.027668 0.009584 0.085155
v -0.030783 0.013148 0.094739
v -0.030767 0.015882 0.094692
v -0.040978 0.022137 0.126117
v -0.028580 0.012309 0.087960
v -0.029263 0.014121 0.090063
v -0.041291 0.024522 0.127081
v -0.041300 0.023027 0.127108
v -0.024775 0.002243 0.076251
v -0.024396 0.003079 0.075083
v -0.023486 0.003774 0.072282
v 0.000002 0.003774 -0.000005
v -0.019509 0.004915 0.060043
v -0.029602 0.014612 0.091106
v -0.028941 0.013421 0.089072
v -0.028172 0.010977 0.086705
v -0.027043 0.008360 0.083228
v -0.026005 0.007016 0.080035
v -0.037036 0.022380 0.113984
v -0.033567 0.018918 0.103309
v -0.037761 0.019851 0.116216
v -0.028366 0.008989 0.087303
v -0.025950 0.004220 0.079867
v -0.026236 0.005321 0.080745
v -0.025950 0.000985 0.079867
v -0.025004 0.005841 0.076953
v -0.022922 0.005112 0.070547
v -0.008778 0.000070 0.083517
v -0.008793 0.004859 0.083662
v -0.008552 -0.000004 0.081370
v -0.008242 0.005288 0.078416
v -0.013868 0.025543 0.131946
v -0.013675 0.025632 0.130108
v -0.009359 0.009584 0.089046
v -0.010413 0.013148 0.099069
v -0.010407 0.015882 0.099020
v -0.013861 0.022137 0.131881
v -0.009668 0.012309 0.091980
v -0.009899 0.014121 0.094179
v -0.013967 0.024522 0.132889
v -0.013970 0.023027 0.132918
v -0.008381 0.002243 0.079736
v -0.008252 0.003079 0.078515
v -0.007944 0.003774 0.075586
v 0.000001 0.003774 -0.000005
v -0.006599 0.004915 0.062787
v -0.010013 0.014612 0.095270
v -0.009790 0.013421 0.093143
v -0.009530 0.010977 0.090667
v -0.009147 0.008360 0.087032
v -0.008796 0.007016 0.083693
v -0.012528 0.022380 0.119194
v -0.011354 0.018918 0.108030
v -0.012773 0.019851 0.121527
v -0.009595 0.008989 0.091293
v -0.008778 0.004220 0.083517
v -0.008875 0.005321 0.084436
v -0.008778 0.000985 0.083517
v -0.008458 0.005841 0.080470
v -0.007754 0.005112 0.073771
v 0.008778 0.000070 0.083517
v 0.008793 0.004859 0.083662
v 0.008552 -0.000004 0.081370
v 0.008242 0.005288 0.078416
v 0.013868 0.025543 0.131946
v 0.013675 0.025632 0.130108
v 0.009359 0.009584 0.089046
v 0.010413 0.013148 0.099069
v 0.010407 0.015882 0.099020
v 0.013861 0.022137 0.131881
v 0.009668 0.012309 0.091980
v 0.009899 0.014121 0.094179
v 0.013967 0.024522 0.132889
v 0.013970 0.023027 0.132918
v 0.008381 0.002243 0.079736
v 0.008252 0.003079 0.078515
v 0.007944 0.003774 0.075586
v -0.000001 0.003774 -0.000005
v 0.006599 0.004915 0.062787
v 0.010013 0.014612 0.095270
v 0.009790 0.013421 0.093143
v 0.009530 0.010977 0.090667
v 0.009147 0.008360 0.087032
v 0.008797 0.007016 0.083693
v 0.012528 0.022380 0.119194
v 0.011354 0.018918 0.108030
v 0.012773 0.019851 0.121527
v 0.009595 0.008989 0.091293
v 0.008778 0.004220 0.083517
v 0.008875 0.005321 0.084436
v 0.008778 0.000985 0.083517
v 0.008458 0.005841 0.080470
v 0.007754 0.005112 0.073771
v 0.025950 0.000070 0.079867
v 0.025995 0.004859 0.080005
v 0.025283 -0.000004 0.077814
v 0.024365 0.005288 0.074989
v 0.040998 0.025543 0.126179
v 0.040427 0.025632 0.124422
v 0.027668 0.009584 0.085155
v 0.030783 0.013148 0.094739
v 0.030767 0.015882 0.094692
v 0.040978 0.022137 0.126117
v 0.028580 0.012309 0.087960
v 0.029263 0.014121 0.090063
v 0.041291 0.024522 0.127081
v 0.041300 0.023027 0.127108
v 0.024775 0.002243 0.076251
v 0.024396 0.003079 0.075083
v 0.023486 0.003774 0.072282
v -0.000002 0.003774 -0.000005
v 0.019509 0.004915 0.060043
v 0.029602 0.014612 0.091106
v 0.028941 0.013421 0.089072
v 0.028172 0.010977 0.086705
v 0.027043 0.008360 0.083228
v 0.026005 0.007016 0.080035
v 0.037036 0.022380 0.113984
v 0.033567 0.018918 0.103309
v 0.037761 0.019851 0.116216
v 0.028366 0.008989 0.087303
v 0.025950 0.004220 0.079867
v 0.026236 0.005321 0.080745
v 0.025950 0.000985 0.079867
v 0.025004 0.005841 0.076953
v 0.022922 0.005112 0.070547
v 0.041988 0.000070 0.072726
v 0.042061 0.004859 0.072852
v 0.040909 -0.000004 0.070857
v 0.039424 0.005288 0.068284
v 0.066336 0.025543 0.114898
v 0.065412 0.025632 0.113297
v 0.044768 0.009584 0.077541
v 0.049807 0.013148 0.086269
v 0.049783 0.015882 0.086226
v 0.066304 0.022137 0.114841
v 0.046243 0.012309 0.080096
v 0.047349 0.014121 0.082010
v 0.066811 0.024522 0.115719
v 0.066825 0.023027 0.115744
v 0.040088 0.002243 0.069434
v 0.039474 0.003079 0.068370
v 0.038001 0.003774 0.065820
v -0.000003 0.003774 -0.000005
v 0.031567 0.004915 0.054675
v 0.047897 0.014612 0.082961
v 0.046828 0.013421 0.081108
v 0.045583 0.010977 0.078953
v 0.043756 0.008360 0.075787
v 0.042077 0.007016 0.072880
v 0.059925 0.022380 0.103793
v 0.054313 0.018918 0.094072
v 0.061098 0.019851 0.105825
v 0.045898 0.008989 0.079497
v 0.041988 0.004220 0.072726
v 0.042450 0.005321 0.073526
v 0.041988 0.000985 0.072726
v 0.040457 0.005841 0.070073
v 0.037089 0.005112 0.064239
v 0.056191 0.000070 0.062407
v 0.056289 0.004859 0.062515
v 0.054747 -0.000004 0.060803
v 0.052760 0.005288 0.058595
v 0.088776 0.025543 0.098595
v 0.087539 0.025632 0.097222
v 0.059912 0.009584 0.066539
v 0.066655 0.013148 0.074028
v 0.066622 0.015882 0.073991
v 0.088732 0.022137 0.098546
v 0.061886 0.012309 0.068731
v 0.063365 0.014121 0.070374
v 0.089410 0.024522 0.099300
v 0.089429 0.023027 0.099321
v 0.053648 0.002243 0.059582
v 0.052826 0.003079 0.058669
v 0.050855 0.003774 0.056480
v -0.000004 0.003774 -0.000004
v 0.042244 0.004915 0.046917
v 0.064099 0.014612 0.071189
v 0.062668 0.013421 0.069600
v 0.061003 0.010977 0.067750
v 0.058557 0.008360 0.065034
v 0.056310 0.007016 0.062539
v 0.080195 0.022380 0.089066
v 0.072685 0.018918 0.080724
v 0.081766 0.019851 0.090810
v 0.061423 0.008989 0.068217
v 0.056191 0.004220 0.062407
v 0.056810 0.005321 0.063093
v 0.056191 0.000985 0.062407
v 0.054142 0.005841 0.060130
v 0.049634 0.005112 0.055125
v 0.067939 0.000070 0.049360
v 0.068057 0.004859 0.049446
v 0.066192 -0.000004 0.048091
v 0.063789 0.005288 0.046346
v 0.107335 0.025543 0.077983
v 0.105839 0.025632 0.076897
v 0.072437 0.009584 0.052628
v 0.080590 0.013148 0.058552
v 0.080550 0.015882 0.058523
v 0.107282 0.022137 0.077945
v 0.074824 0.012309 0.054362
v 0.076612 0.014121 0.055662
v 0.108102 0.024522 0.078540
v 0.108125 0.023027 0.078557
v 0.064863 0.002243 0.047126
v 0.063870 0.003079 0.046404
v 0.061487 0.003774 0.044673
v -0.000004 0.003774 -0.000003
v 0.051076 0.004915 0.037109
v 0.077500 0.014612 0.056307
v 0.075769 0.013421 0.055049
v 0.073756 0.010977 0.053586
v 0.070798 0.008360 0.051438
v 0.068082 0.007016 0.049465
v 0.096961 0.022380 0.070446
v 0.087880 0.018918 0.063848
v 0.098859 0.019851 0.071825
v 0.074264 0.008989 0.053956
v 0.067939 0.004220 0.049360
v 0.068686 0.005321 0.049903
v 0.067939 0.000985 0.049360
v 0.065460 0.005841 0.047560
v 0.060011 0.005112 0.043600
v 0.076717 0.000070 0.034156
v 0.076850 0.004859 0.034216
v 0.074745 -0.000004 0.033278
v 0.072031 0.005288 0.032070
v 0.121203 0.025543 0.053963
v 0.119514 0.025632 0.053211
v 0.081796 0.009584 0.036418
v 0.091002 0.013148 0.040517
v 0.090957 0.015882 0.040497
v 0.121143 0.022137 0.053936
v 0.084491 0.012309 0.037618
v 0.086510 0.014121 0.038517
v 0.122069 0.024522 0.054349
v 0.122095 0.023027 0.054360
v 0.073244 0.002243 0.032610
v 0.072122 0.003079 0.032111
v 0.069431 0.003774 0.030913
v -0.000005 0.003774 -0.000002
v 0.057675 0.004915 0.025679
v 0.087513 0.014612 0.038963
v 0.085559 0.013421 0.038093
v 0.083285 0.010977 0.037081
v 0.079946 0.008360 0.035594
v 0.076879 0.007016 0.034229
v 0.109489 0.022380 0.048747
v 0.099234 0.018918 0.044182
v 0.111632 0.019851 0.049702
v 0.083859 0.008989 0.037337
v 0.076717 0.004220 0.034156
v 0.077561 0.005321 0.034532
v 0.076717 0.000985 0.034156
v 0.073918 0.005841 0.032910
v 0.067764 0.005112 0.030171
v 0.082142 0.000070 0.017460
v 0.082284 0.004859 0.017490
v 0.080030 -0.000004 0.017011
v 0.077125 0.005288 0.016393
v 0.129774 0.025543 0.027584
v 0.127966 0.025632 0.027200
v 0.087580 0.009584 0.018616
v 0.097438 0.013148 0.020711
v 0.097389 0.015882 0.020701
v 0.129710 0.022137 0.027571
v 0.090466 0.012309 0.019229
v 0.092628 0.014121 0.019689
v 0.130701 0.024522 0.027781
v 0.130729 0.023027 0.027787
v 0.078423 0.002243 0.016669
v 0.077222 0.003079 0.016414
v 0.074341 0.003774 0.015802
v -0.000005 0.003774 -0.000001
v 0.061753 0.004915 0.013126
v 0.093701 0.014612 0.019917
v 0.091609 0.013421 0.019472
v 0.089175 0.010977 0.018955
v 0.085599 0.008360 0.018195
v 0.082315 0.007016 0.017497
v 0.117231 0.022380 0.024918
v 0.106252 0.018918 0.022585
v 0.119526 0.019851 0.025406
v 0.089790 0.008989 0.019085
v 0.082142 0.004220 0.017460
v 0.083045 0.005321 0.017652
v 0.082142 0.000985 0.017460
v 0.079145 0.005841 0.016823
v 0.072556 0.005112 0.015422
vn 0.7401 -0.6725 -0.0000
vn 0.7988 -0.6016 -0.0000
vn -0.4114 -0.9115 -0.0000
vn -0.1564 0.9877 -0.0000
vn 0.4419 0.8971 -0.0000
vn -0.1088 0.9941 -0.0000
vn -0.5888 0.8082 -0.0000
vn 0.3733 -0.9277 -0.0000
vn -0.3185 0.9479 -0.0000
vn 0.4579 -0.8890 -0.0000
vn -0.6995 0.7147 -0.0000
vn -0.4804 0.8770 -0.0000
vn 0.9305 0.3664 -0.0000
vn 0.9166 -0.3998 -0.0000
vn -0.7009 -0.7132 -0.0000
vn -0.4130 -0.9107 -0.0000
vn -0.1232 -0.9924 -0.0000
vn -0.0000 -1.0000 -0.0000
vn -0.0000 1.0000 -0.0000
vn -0.0102 0.9999 -0.0000
vn -0.3616 0.9323 -0.0000
vn -0.6221 0.7829 -0.0000
vn -0.6821 0.7313 -0.0000
vn -0.4502 0.8929 -0.0000
vn -0.3573 0.9340 -0.0000
vn -0.2891 0.9573 -0.0000
vn -0.3055 0.9522 -0.0000
vn 0.2474 -0.9689 -0.0000
vn 0.4696 -0.8829 -0.0000
vn 0.9936 -0.1127 -0.0000
vn 0.4891 -0.8722 -0.0000
vn 1.0000 -0.0000 -0.0000
vn -0.3028 0.9531 -0.0000
vn -0.0284 0.9996 -0.0000
vn 0.7239 -0.6725 -0.1539
vn 0.7814 -0.6016 -0.1661
vn -0.4024 -0.9115 0.0855
vn -0.1530 0.9877 0.0325
vn 0.4322 0.8971 -0.0919
vn -0.1064 0.9941 0.0226
vn -0.5760 0.8082 0.1224
vn 0.3651 -0.9277 -0.0776
vn -0.3115 0.9479 0.0662
vn 0.4479 -0.8890 -0.0952
vn -0.6842 0.7147 0.1454
vn -0.4699 0.8770 0.0999
vn 0.9101 0.3664 -0.1935
vn 0.8966 -0.3998 -0.1906
vn -0.6856 -0.7132 0.1457
vn -0.4040 -0.9107 0.0859
vn -0.1205 -0.9924 0.0256
vn -0.0099 0.9999 0.0021
vn -0.3537 0.9323 0.0752
vn -0.6085 0.7829 0.1293
vn -0.6671 0.7313 0.1418
vn -0.4404 0.8929 0.0936
vn -0.3495 0.9340 0.0743
vn -0.2828 0.9573 0.0601
vn -0.2988 0.9522 0.0635
vn 0.2420 -0.9689 -0.0514
vn 0.4593 -0.8829 -0.0976
vn 0.9719 -0.1127 -0.2066
vn 0.4784 -0.8722 -0.1017
vn 0.9781 -0.0000 -0.2079
vn -0.2962 0.9531 0.0630
vn -0.0277 0.9996 0.0059
vn 0.6761 -0.6725 -0.3010
vn 0.7298 -0.6016 -0.3249
vn -0.3758 -0.9115 0.1673
vn -0.1429 0.9877 0.0636
vn 0.4037 0.8971 -0.1797
vn -0.0994 0.9941 0.0442
vn -0.5379 0.8082 0.2395
vn 0.3410 -0.9277 -0.1518
vn -0.2909 0.9479 0.1295
vn 0.4184 -0.8890 -0.1863
vn -0.6390 0.7147 0.2845
vn -0.4389 0.8770 0.1954
vn 0.8500 0.3664 -0.3785
vn 0.8374 -0.3998 -0.3728
vn -0.6403 -0.7132 0.2851
vn -0.3773 -0.9107 0.1680
vn -0.1125 -0.9924 0.0501
vn -0.0093 0.9999 0.0041
vn -0.3303 0.9323 0.1471
vn -0.5683 0.7829 0.2530
vn -0.6231 0.7313 0.2774
vn -0.4113 0.8929 0.1831
vn -0.3264 0.9340 0.1453
vn -0.2641 0.9573 0.1176
vn -0.2791 0.9522 0.1243
vn 0.2260 -0.9689 -0.1006
vn 0.4290 -0.8829 -0.1910
vn 0.9077 -0.1127 -0.4041
vn 0.4468 -0.8722 -0.1989
vn 0.9135 -0.0000 -0.4067
vn -0.2766 0.9531 0.1232
vn -0.0259 0.9996 0.0115
vn 0.5987 -0.6725 -0.4350
vn 0.6463 -0.6016 -0.4695
vn -0.3328 -0.9115 0.2418
vn -0.1265 0.9877 0.0919
vn 0.3575 0.8971 -0.2597
vn -0.0880 0.9941 0.0639
vn -0.4764 0.8082 0.3461
vn 0.3020 -0.9277 -0.2194
vn -0.2576 0.9479 0.1872
vn 0.3705 -0.8890 -0.2692
vn -0.5659 0.7147 0.4111
vn -0.3887 0.8770 0.2824
vn 0.7528 0.3664 -0.5469
vn 0.7415 -0.3998 -0.5388
vn -0.5671 -0.7132 0.4120
vn -0.3341 -0.9107 0.2428
vn -0.0996 -0.9924 0.0724
vn -0.0082 0.9999 0.0060
vn -0.2925 0.9323 0.2125
vn -0.5033 0.7829 0.3657
vn -0.5518 0.7313 0.4009
vn -0.3642 0.8929 0.2646
vn -0.2891 0.9340 0.2100
vn -0.2339 0.9573 0.1699
vn -0.2472 0.9522 0.1796
vn 0.2002 -0.9689 -0.1454
vn 0.3799 -0.8829 -0.2760
vn 0.8039 -0.1127 -0.5840
vn 0.3957 -0.8722 -0.2875
vn 0.8090 -0.0000 -0.5878
vn -0.2450 0.9531 0.1780
vn -0.0229 0.9996 0.0167
vn 0.4952 -0.6725 -0.5500
vn 0.5345 -0.6016 -0.5936
vn -0.2753 -0.9115 0.3057
vn -0.1047 0.9877 0.1162
vn 0.2957 0.8971 -0.3284
vn -0.0728 0.9941 0.0808
vn -0.3940 0.8082 0.4376
vn 0.2498 -0.9277 -0.2774
vn -0.2131 0.9479 0.2367
vn 0.3064 -0.8890 -0.3403
vn -0.4680 0.7147 0.5198
vn -0.3214 0.8771 0.3570
vn 0.6226 0.3664 -0.6915
vn 0.6133 -0.3998 -0.6812
vn -0.4690 -0.7132 0.5209
vn -0.2764 -0.9107 0.3069
vn -0.0824 -0.9924 0.0915
vn -0.0068 0.9999 0.0075
vn -0.2420 0.9323 0.2687
vn -0.4163 0.7829 0.4623
vn -0.4564 0.7313 0.5069
vn -0.3013 0.8929 0.3346
vn -0.2391 0.9340 0.2655
vn -0.1934 0.9573 0.2148
vn -0.2044 0.9522 0.2270
vn 0.1656 -0.9689 -0.1839
vn 0.3142 -0.8829 -0.3490
vn 0.6649 -0.1127 -0.7384
vn 0.3273 -0.8722 -0.3635
vn 0.6691 -0.0000 -0.7431
vn -0.2026 0.9531 0.2250
vn -0.0190 0.9996 0.0211
vn 0.3700 -0.6725 -0.6409
vn 0.3994 -0.6016 -0.6918
vn -0.2057 -0.9115 0.3563
vn -0.0782 0.9877 0.1355
vn 0.2210 0.8971 -0.3827
vn -0.0544 0.9941 0.0942
vn -0.2944 0.8082 0.5100
vn 0.1866 -0.9277 -0.3233
vn -0.1592 0.9479 0.2758
vn 0.2290 -0.8890 -0.3966
vn -0.3497 0.7147 0.6057
vn -0.2402 0.8770 0.4160
vn 0.4652 0.3664 -0.8058
vn 0.4583 -0.3998 -0.7938
vn -0.3505 -0.7132 0.6070
vn -0.2065 -0.9107 0.3577
vn -0.0616 -0.9924 0.1067
vn -0.0051 0.9999 0.0088
vn -0.1808 0.9323 0.3132
vn -0.3111 0.7829 0.5388
vn -0.3410 0.7313 0.5907
vn -0.2251 0.8929 0.3899
vn -0.1786 0.9340 0.3094
vn -0.1445 0.9573 0.2503
vn -0.1528 0.9522 0.2646
vn 0.1237 -0.9689 -0.2143
vn 0.2348 -0.8829 -0.4067
vn 0.4968 -0.1127 -0.8605
vn 0.2445 -0.8722 -0.4235
vn 0.5000 -0.0000 -0.8660
vn -0.1514 0.9531 0.2622
vn -0.0142 0.9996 0.0246
vn 0.2287 -0.6725 -0.7039
vn 0.2468 -0.6016 -0.7597
vn -0.1271 -0.9115 0.3913
vn -0.0483 0.9877 0.1488
vn 0.1366 0.8971 -0.4203
vn -0.0336 0.9941 0.1035
vn -0.1820 0.8082 0.5600
vn 0.1153 -0.9277 -0.3550
vn -0.0984 0.9479 0.3029
vn 0.1415 -0.8890 -0.4355
vn -0.2161 0.7147 0.6652
vn -0.1485 0.8770 0.4569
vn 0.2875 0.3664 -0.8849
vn 0.2832 -0.3998 -0.8717
vn -0.2166 -0.7132 0.6666
vn -0.1276 -0.9107 0.3928
vn -0.0381 -0.9924 0.1171
vn -0.0031 0.9999 0.0097
vn -0.1117 0.9323 0.3439
vn -0.1922 0.7829 0.5917
vn -0.2108 0.7313 0.6487
vn -0.1391 0.8929 0.4282
vn -0.1104 0.9340 0.3398
vn -0.0893 0.9573 0.2749
vn -0.0944 0.9522 0.2906
vn 0.0765 -0.9689 -0.2353
vn 0.1451 -0.8829 -0.4466
vn 0.3070 -0.1127 -0.9450
vn 0.1511 -0.8722 -0.4651
vn 0.3090 -0.0000 -0.9511
vn -0.0936 0.9531 0.2880
vn -0.0088 0.9996 0.0270
vn 0.0774 -0.6725 -0.7360
vn 0.0835 -0.6016 -0.7944
vn -0.0430 -0.9115 0.4091
vn -0.0163 0.9877 0.1555
vn 0.0462 0.8971 -0.4395
vn -0.0114 0.9941 0.1082
vn -0.0616 0.8082 0.5856
vn 0.0390 -0.9277 -0.3712
vn -0.0333 0.9479 0.3167
vn 0.0479 -0.8890 -0.4554
vn -0.0731 0.7147 0.6956
vn -0.0502 0.8771 0.4778
vn 0.0973 0.3664 -0.9254
vn 0.0958 -0.3998 -0.9116
vn -0.0733 -0.7132 0.6971
vn -0.0432 -0.9107 0.4107
vn -0.0129 -0.9924 0.1225
vn -0.0011 0.9999 0.0101
vn -0.0378 0.9323 0.3596
vn -0.0650 0.7829 0.6187
vn -0.0713 0.7313 0.6783
vn -0.0471 0.8929 0.4478
vn -0.0373 0.9340 0.3553
vn -0.0302 0.9573 0.2875
vn -0.0319 0.9522 0.3038
vn 0.0259 -0.9689 -0.2461
vn 0.0491 -0.8829 -0.4670
vn 0.1039 -0.1127 -0.9882
vn 0.0511 -0.8722 -0.4864
vn 0.1045 -0.0000 -0.9945
vn -0.0316 0.9531 0.3011
vn -0.0030 0.9996 0.0282
vn -0.0774 -0.6725 -0.7360
vn -0.0835 -0.6016 -0.7944
vn 0.0430 -0.9115 0.4091
vn 0.0163 0.9877 0.1556
vn -0.0462 0.8971 -0.4395
vn 0.0114 0.9941 0.1082
vn 0.0616 0.8082 0.5856
vn -0.0390 -0.9277 -0.3712
vn 0.0333 0.9479 0.3167
vn -0.0479 -0.8890 -0.4554
vn 0.0731 0.7147 0.6956
vn 0.0502 0.8771 0.4778
vn -0.0973 0.3664 -0.9254
vn -0.0958 -0.3998 -0.9116
vn 0.0733 -0.7132 0.6971
vn 0.0432 -0.9107 0.4107
vn 0.0129 -0.9924 0.1225
vn 0.0011 0.9999 0.0101
vn 0.0378 0.9323 0.3596
vn 0.0650 0.7829 0.6187
vn 0.0713 0.7313 0.6783
vn 0.0471 0.8929 0.4478
vn 0.0373 0.9340 0.3553
vn 0.0302 0.9573 0.2875
vn 0.0319 0.9522 0.3038
vn -0.0259 -0.9689 -0.2461
vn -0.0491 -0.8829 -0.4670
vn -0.1039 -0.1127 -0.9882
vn -0.0511 -0.8722 -0.4864
vn -0.1045 -0.0000 -0.9945
vn 0.0316 0.9531 0.3011
vn 0.0030 0.9996 0.0282
vn -0.2287 -0.6725 -0.7039
vn -0.2468 -0.6016 -0.7597
vn 0.1271 -0.9115 0.3913
vn 0.0483 0.9877 0.1488
vn -0.1366 0.8971 -0.4203
vn 0.0336 0.9941 0.1035
vn 0.1820 0.8082 0.5600
vn -0.1153 -0.9277 -0.3550
vn 0.0984 0.9479 0.3029
vn -0.1415 -0.8890 -0.4355
vn 0.2161 0.7147 0.6652
vn 0.1485 0.8770 0.4569
vn -0.2875 0.3664 -0.8849
vn -0.2832 -0.3998 -0.8717
vn 0.2166 -0.7132 0.6666
vn 0.1276 -0.9107 0.3928
vn 0.0381 -0.9924 0.1171
vn 0.0031 0.9999 0.0097
vn 0.1117 0.9323 0.3439
vn 0.1922 0.7829 0.5917
vn 0.2108 0.7313 0.6487
vn 0.1391 0.8929 0.4282
vn 0.1104 0.9340 0.3398
vn 0.0893 0.9573 0.2749
vn 0.0944 0.9522 0.2906
vn -0.0765 -0.9689 -0.2353
vn -0.1451 -0.8829 -0.4466
vn -0.3070 -0.1127 -0.9450
vn -0.1511 -0.8722 -0.4651
vn -0.3090 -0.0000 -0.9511
vn 0.0936 0.9531 0.2880
vn 0.0088 0.9996 0.0270
vn -0.3700 -0.6725 -0.6409
vn -0.3994 -0.6016 -0.6918
vn 0.2057 -0.9115 0.3563
vn 0.0782 0.9877 0.1355
vn -0.2210 0.8971 -0.3827
vn 0.0544 0.9941 0.0942
vn 0.2944 0.8082 0.5100
vn -0.1866 -0.9277 -0.3233
vn 0.1592 0.9479 0.2758
vn -0.2290 -0.8890 -0.3966
vn 0.3497 0.7147 0.6057
vn 0.2402 0.8770 0.4160
vn -0.4652 0.3664 -0.8058
vn -0.4583 -0.3998 -0.7938
vn 0.3505 -0.7132 0.6070
vn 0.2065 -0.9107 0.3577
vn 0.0616 -0.9924 0.1067
vn 0.0051 0.9999 0.0088
vn 0.1808 0.9323 0.3132
vn 0.3111 0.7829 0.5388
vn 0.3410 0.7313 0.5907
vn 0.2251 0.8929 0.3899
vn 0.1786 0.9340 0.3094
vn 0.1445 0.9573 0.2503
vn 0.1528 0.9522 0.2646
vn -0.1237 -0.9689 -0.2143
vn -0.2348 -0.8829 -0.4067
vn -0.4968 -0.1127 -0.8605
vn -0.2445 -0.8722 -0.4235
vn -0.5000 -0.0000 -0.8660
vn 0.1514 0.9531 0.2622
vn 0.0142 0.9996 0.0246
vn -0.4952 -0.6725 -0.5500
vn -0.5345 -0.6016 -0.5936
vn 0.2753 -0.9115 0.3057
vn 0.1047 0.9877 0.1162
vn -0.2957 0.8971 -0.3284
vn 0.0728 0.9941 0.0808
vn 0.3940 0.8082 0.4376
vn -0.2498 -0.9277 -0.2774
vn 0.2131 0.9479 0.2367
vn -0.3064 -0.8890 -0.3403
vn 0.4680 0.7147 0.5198
vn 0.3214 0.8771 0.3570
vn -0.6226 0.3664 -0.6915
vn -0.6133 -0.3998 -0.6812
vn 0.4690 -0.7132 0.5209
vn 0.2764 -0.9107 0.3069
vn 0.0824 -0.9924 0.0915
vn 0.0068 0.9999 0.0075
vn 0.2420 0.9323 0.2687
vn 0.4163 0.7829 0.4623
vn 0.4564 0.7313 0.5069
vn 0.3013 0.8929 0.3346
vn 0.2391 0.9340 0.2655
vn 0.1934 0.9573 0.2148
vn 0.2044 0.9522 0.2270
vn -0.1656 -0.9689 -0.1839
vn -0.3142 -0.8829 -0.3490
vn -0.6649 -0.1127 -0.7384
vn -0.3273 -0.8722 -0.3635
vn -0.6691 -0.0000 -0.7431
vn 0.2026 0.9531 0.2250
vn 0.0190 0.9996 0.0211
vn -0.5987 -0.6725 -0.4350
vn -0.6463 -0.6016 -0.4695
vn 0.3328 -0.9115 0.2418
vn 0.1265 0.9877 0.0919
vn -0.3575 0.8971 -0.2597
vn 0.0880 0.9941 0.0639
vn 0.4764 0.8082 0.3461
vn -0.3020 -0.9277 -0.2194
vn 0.2576 0.9479 0.1872
vn -0.3705 -0.8890 -0.2692
vn 0.5659 0.7147 0.4111
vn 0.3887 0.8771 0.2824
vn -0.7528 0.3664 -0.5469
vn -0.7415 -0.3998 -0.5388
vn 0.5671 -0.7132 0.4120
vn 0.3341 -0.9107 0.2428
vn 0.0996 -0.9924 0.0724
vn 0.0082 0.9999 0.0060
vn 0.2925 0.9323 0.2125
vn 0.5033 0.7829 0.3657
vn 0.5518 0.7313 0.4009
vn 0.3642 0.8929 0.2646
vn 0.2891 0.9340 0.2100
vn 0.2339 0.9573 0.1699
vn 0.2472 0.9522 0.1796
vn -0.2002 -0.9689 -0.1454
vn -0.3799 -0.8829 -0.2760
vn -0.8039 -0.1127 -0.5840
vn -0.3957 -0.8722 -0.2875
vn -0.8090 -0.0000 -0.5878
vn 0.2450 0.9531 0.1780
vn 0.0229 0.9996 0.0167
vn -0.6761 -0.6725 -0.3010
vn -0.7298 -0.6016 -0.3249
vn 0.3758 -0.9115 0.1673
vn 0.1429 0.9877 0.0636
vn -0.4037 0.8971 -0.1797
vn 0.0994 0.9941 0.0442
vn 0.5379 0.8082 0.2395
vn -0.3410 -0.9277 -0.1518
vn 0.2909 0.9479 0.1295
vn -0.4184 -0.8890 -0.1863
vn 0.6390 0.7147 0.2845
vn 0.4389 0.8770 0.1954
vn -0.8500 0.3664 -0.3785
vn -0.8374 -0.3998 -0.3728
vn 0.6403 -0.7132 0.2851
vn 0.3773 -0.9107 0.1680
vn 0.1125 -0.9924 0.0501
vn 0.0093 0.9999 0.0041
vn 0.3303 0.9323 0.1471
vn 0.5683 0.7829 0.2530
vn 0.6231 0.7313 0.2774
vn 0.4113 0.8929 0.1831
vn 0.3264 0.9340 0.1453
vn 0.2641 0.9573 0.1176
vn 0.2791 0.9522 0.1243
vn -0.2260 -0.9689 -0.1006
vn -0.4290 -0.8829 -0.1910
vn -0.9077 -0.1127 -0.4041
vn -0.4468 -0.8722 -0.1989
vn -0.9135 -0.0000 -0.4067
vn 0.2766 0.9531 0.1232
vn 0.0259 0.9996 0.0115
vn -0.7239 -0.6725 -0.1539
vn -0.7814 -0.6016 -0.1661
vn 0.4024 -0.9115 0.0855
vn 0.1530 0.9877 0.0325
vn -0.4322 0.8971 -0.0919
vn 0.1064 0.9941 0.0226
vn 0.5760 0.8082 0.1224
vn -0.3651 -0.9277 -0.0776
vn 0.3115 0.9479 0.0662
vn -0.4479 -0.8890 -0.0952
vn 0.6842 0.7147 0.1454
vn 0.4699 0.8770 0.0999
vn -0.9101 0.3664 -0.1935
vn -0.8966 -0.3998 -0.1906
vn 0.6856 -0.7132 0.1457
vn 0.4040 -0.9107 0.0859
vn 0.1205 -0.9924 0.0256
vn 0.0099 0.9999 0.0021
vn 0.3537 0.9323 0.0752
vn 0.6085 0.7829 0.1293
vn 0.6671 0.7313 0.1418
vn 0.4404 0.8929 0.0936
vn 0.3495 0.9340 0.0743
vn 0.2828 0.9573 0.0601
vn 0.2988 0.9522 0.0635
vn -0.2420 -0.9689 -0.0514
vn -0.4593 -0.8829 -0.0976
vn -0.9719 -0.1127 -0.2066
vn -0.4784 -0.8722 -0.1017
vn -0.9781 -0.0000 -0.2079
vn 0.2962 0.9531 0.0630
vn 0.0277 0.9996 0.0059
vn -0.7401 -0.6725 -0.0000
vn -0.7988 -0.6016 -0.0000
vn 0.4114 -0.9115 -0.0000
vn 0.1564 0.9877 -0.0000
vn -0.4419 0.8971 -0.0000
vn 0.1088 0.9941 -0.0000
vn 0.5888 0.8082 -0.0000
vn -0.3733 -0.9277 -0.0000
vn 0.3185 0.9479 -0.0000
vn -0.4579 -0.8890 -0.0000
vn 0.6995 0.7147 -0.0000
vn 0.4804 0.8770 -0.0000
vn -0.9305 0.3664 -0.0000
vn -0.9166 -0.3998 -0.0000
vn 0.7009 -0.7132 -0.0000
vn 0.4130 -0.9107 -0.0000
vn 0.1232 -0.9924 -0.0000
vn 0.0102 0.9999 -0.0000
vn 0.3616 0.9323 -0.0000
vn 0.6221 0.7829 -0.0000
vn 0.6821 0.7313 -0.0000
vn 0.4502 0.8929 -0.0000
vn 0.3573 0.9340 -0.0000
vn 0.2891 0.9573 -0.0000
vn 0.3055 0.9522 -0.0000
vn -0.2474 -0.9689 -0.0000
vn -0.4696 -0.8829 -0.0000
vn -0.9936 -0.1127 -0.0000
vn -0.4891 -0.8722 -0.0000
vn -1.0000 -0.0000 -0.0000
vn 0.3028 0.9531 -0.0000
vn 0.0284 0.9996 -0.0000
vn -0.7239 -0.6725 0.1539
vn -0.7814 -0.6016 0.1661
vn 0.4024 -0.9115 -0.0855
vn 0.1530 0.9877 -0.0325
vn -0.4322 0.8971 0.0919
vn 0.1064 0.9941 -0.0226
vn 0.5760 0.8082 -0.1224
vn -0.3651 -0.9277 0.0776
vn 0.3115 0.9479 -0.0662
vn -0.4479 -0.8890 0.0952
vn 0.6842 0.7147 -0.1454
vn 0.4699 0.8770 -0.0999
vn -0.9101 0.3664 0.1935
vn -0.8966 -0.3998 0.1906
vn 0.6856 -0.7132 -0.1457
vn 0.4040 -0.9107 -0.0859
vn 0.1205 -0.9924 -0.0256
vn 0.0099 0.9999 -0.0021
vn 0.3537 0.9323 -0.0752
vn 0.6085 0.7829 -0.1293
vn 0.6671 0.7313 -0.1418
vn 0.4404 0.8929 -0.0936
vn 0.3495 0.9340 -0.0743
vn 0.2828 0.9573 -0.0601
vn 0.2988 0.9522 -0.0635
vn -0.2420 -0.9689 0.0514
vn -0.4593 -0.8829 0.0976
vn -0.9719 -0.1127 0.2066
vn -0.4784 -0.8722 0.1017
vn -0.9781 -0.0000 0.2079
vn 0.2962 0.9531 -0.0630
vn 0.0277 0.9996 -0.0059
vn -0.6761 -0.6725 0.3010
vn -0.7298 -0.6016 0.3249
vn 0.3758 -0.9115 -0.1673
vn 0.1429 0.9877 -0.0636
vn -0.4037 0.8971 0.1797
vn 0.0994 0.9941 -0.0442
vn 0.5379 0.8082 -0.2395
vn -0.3410 -0.9277 0.1518
vn 0.2909 0.9479 -0.1295
vn -0.4184 -0.8890 0.1863
vn 0.6390 0.7147 -0.2845
vn 0.4389 0.8770 -0.1954
vn -0.8500 0.3664 0.3785
vn -0.8374 -0.3998 0.3728
vn 0.6403 -0.7132 -0.2851
vn 0.3773 -0.9107 -0.1680
vn 0.1125 -0.9924 -0.0501
vn 0.0093 0.9999 -0.0041
vn 0.3303 0.9323 -0.1471
vn 0.5683 0.7829 -0.2530
vn 0.6231 0.7313 -0.2774
vn 0.4113 0.8929 -0.1831
vn 0.3264 0.9340 -0.1453
vn 0.2641 0.9573 -0.1176
vn 0.2791 0.9522 -0.1243
vn -0.2260 -0.9689 0.1006
vn -0.4290 -0.8829 0.1910
vn -0.9077 -0.1127 0.4041
vn -0.4468 -0.8722 0.1989
vn -0.9135 -0.0000 0.4067
vn 0.2766 0.9531 -0.1232
vn 0.0259 0.9996 -0.0115
vn -0.5987 -0.6725 0.4350
vn -0.6463 -0.6016 0.4695
vn 0.3328 -0.9115 -0.2418
vn 0.1265 0.9877 -0.0919
vn -0.3575 0.8971 0.2597
vn 0.0880 0.9941 -0.0639
vn 0.4764 0.8082 -0.3461
vn -0.3020 -0.9277 0.2194
vn 0.2576 0.9479 -0.1872
vn -0.3705 -0.8890 0.2692
vn 0.5659 0.7147 -0.4111
vn 0.3887 0.8771 -0.2824
vn -0.7528 0.3664 0.5469
vn -0.7415 -0.3998 0.5388
vn 0.5671 -0.7132 -0.4120
vn 0.3341 -0.9107 -0.2428
vn 0.0996 -0.9924 -0.0724
vn 0.0082 0.9999 -0.0060
vn 0.2925 0.9323 -0.2125
vn 0.5033 0.7829 -0.3657
vn 0.5518 0.7313 -0.4009
vn 0.3642 0.8929 -0.2646
vn 0.2891 0.9340 -0.2100
vn 0.2339 0.9573 -0.1699
vn 0.2472 0.9522 -0.1796
vn -0.2002 -0.9689 0.1454
vn -0.3799 -0.8829 0.2760
vn -0.8039 -0.1127 0.5840
vn -0.3957 -0.8722 0.2875
vn -0.8090 -0.0000 0.5878
vn 0.2450 0.9531 -0.1780
vn 0.0229 0.9996 -0.0167
vn -0.4952 -0.6725 0.5500
vn -0.5345 -0.6016 0.5936
vn 0.2753 -0.9115 -0.3057
vn 0.1047 0.9877 -0.1162
vn -0.2957 0.8971 0.3284
vn 0.0728 0.9941 -0.0808
vn 0.3940 0.8082 -0.4376
vn -0.2498 -0.9277 0.2774
vn 0.2131 0.9479 -0.2367
vn -0.3064 -0.8890 0.3403
vn 0.4680 0.7147 -0.5198
vn 0.3214 0.8771 -0.3570
vn -0.6226 0.3664 0.6915
vn -0.6133 -0.3998 0.6812
vn 0.4690 -0.7132 -0.5209
vn 0.2764 -0.9107 -0.3069
vn 0.0824 -0.9924 -0.0915
vn 0.0068 0.9999 -0.0075
vn 0.2420 0.9323 -0.2687
vn 0.4163 0.7829 -0.4623
vn 0.4564 0.7313 -0.5069
vn 0.3013 0.8929 -0.3346
vn 0.2391 0.9340 -0.2655
vn 0.1934 0.9573 -0.2148
vn 0.2044 0.9522 -0.2270
vn -0.1656 -0.9689 0.1839
vn -0.3142 -0.8829 0.3490
vn -0.6649 -0.1127 0.7384
vn -0.3273 -0.8722 0.3635
vn -0.6691 -0.0000 0.7431
vn 0.2026 0.9531 -0.2250
vn 0.0190 0.9996 -0.0211
vn -0.3700 -0.6725 0.6409
vn -0.3994 -0.6016 0.6918
vn 0.2057 -0.9115 -0.3563
vn 0.0782 0.9877 -0.1355
vn -0.2210 0.8971 0.3827
vn 0.0544 0.9941 -0.0942
vn 0.2944 0.8082 -0.5100
vn -0.1866 -0.9277 0.3233
vn 0.1592 0.9479 -0.2758
vn -0.2290 -0.8890 0.3966
vn 0.3497 0.7147 -0.6057
vn 0.2402 0.8770 -0.4160
vn -0.4652 0.3664 0.8058
vn -0.4583 -0.3998 0.7938
vn 0.3505 -0.7132 -0.6070
vn 0.2065 -0.9107 -0.3577
vn 0.0616 -0.9924 -0.1067
vn 0.0051 0.9999 -0.0088
vn 0.1808 0.9323 -0.3132
vn 0.3111 0.7829 -0.5388
vn 0.3410 0.7313 -0.5907
vn 0.2251 0.8929 -0.3899
vn 0.1786 0.9340 -0.3094
vn 0.1445 0.9573 -0.2503
vn 0.1528 0.9522 -0.2646
vn -0.1237 -0.9689 0.2143
vn -0.2348 -0.8829 0.4067
vn -0.4968 -0.1127 0.8605
vn -0.2445 -0.8722 0.4235
vn -0.5000 -0.0000 0.8660
vn 0.1514 0.9531 -0.2622
vn 0.0142 0.9996 -0.0246
vn -0.2287 -0.6725 0.7039
vn -0.2468 -0.6016 0.7597
vn 0.1271 -0.9115 -0.3913
vn 0.0483 0.9877 -0.1488
vn -0.1366 0.8971 0.4203
vn 0.0336 0.9941 -0.1035
vn 0.1820 0.8082 -0.5600
vn -0.1153 -0.9277 0.3550
vn 0.0984 0.9479 -0.3029
vn -0.1415 -0.8890 0.4355
vn 0.2161 0.7147 -0.6652
vn 0.1485 0.8770 -0.4569
vn -0.2875 0.3664 0.8849
vn -0.2832 -0.3998 0.8717
vn 0.2166 -0.7132 -0.6666
vn 0.1276 -0.9107 -0.3928
vn 0.0381 -0.9924 -0.1171
vn 0.0031 0.9999 -0.0097
vn 0.1117 0.9323 -0.3439
vn 0.1922 0.7829 -0.5917
vn 0.2108 0.7313 -0.6487
vn 0.1391 0.8929 -0.4282
vn 0.1104 0.9340 -0.3398
vn 0.0893 0.9573 -0.2749
vn 0.0944 0.9522 -0.2906
vn -0.0765 -0.9689 0.2353
vn -0.1451 -0.8829 0.4466
vn -0.3070 -0.1127 0.9450
vn -0.1511 -0.8722 0.4651
vn -0.3090 -0.0000 0.9511
vn 0.0936 0.9531 -0.2880
vn 0.0088 0.9996 -0.0270
vn -0.0774 -0.6725 0.7360
vn -0.0835 -0.6016 0.7944
vn 0.0430 -0.9115 -0.4091
vn 0.0163 0.9877 -0.1555
vn -0.0462 0.8971 0.4395
vn 0.0114 0.9941 -0.1082
vn 0.0616 0.8082 -0.5856
vn -0.0390 -0.9277 0.3712
vn 0.0333 0.9479 -0.3167
vn -0.0479 -0.8890 0.4554
vn 0.0731 0.7147 -0.6956
vn 0.0502 0.8770 -0.4778
vn -0.0973 0.3664 0.9254
vn -0.0958 -0.3998 0.9116
vn 0.0733 -0.7132 -0.6971
vn 0.0432 -0.9107 -0.4107
vn 0.0129 -0.9924 -0.1225
vn 0.0011 0.9999 -0.0101
vn 0.0378 0.9323 -0.3596
vn 0.0650 0.7829 -0.6187
vn 0.0713 0.7313 -0.6783
vn 0.0471 0.8929 -0.4478
vn 0.0373 0.9340 -0.3553
vn 0.0302 0.9573 -0.2875
vn 0.0319 0.9522 -0.3038
vn -0.0259 -0.9689 0.2461
vn -0.0491 -0.8829 0.4670
vn -0.1039 -0.1127 0.9882
vn -0.0511 -0.8722 0.4864
vn -0.1045 -0.0000 0.9945
vn 0.0316 0.9531 -0.3011
vn 0.0030 0.9996 -0.0282
vn 0.0774 -0.6725 0.7360
vn 0.0835 -0.6016 0.7944
vn -0.0430 -0.9115 -0.4091
vn -0.0163 0.9877 -0.1556
vn 0.0462 0.8971 0.4395
vn -0.0114 0.9941 -0.1082
vn -0.0616 0.8082 -0.5856
vn 0.0390 -0.9277 0.3712
vn -0.0333 0.9479 -0.3167
vn 0.0479 -0.8890 0.4554
vn -0.0731 0.7147 -0.6956
vn -0.0502 0.8771 -0.4778
vn 0.0973 0.3664 0.9254
vn 0.0958 -0.3998 0.9116
vn -0.0733 -0.7132 -0.6971
vn -0.0432 -0.9107 -0.4107
vn -0.0129 -0.9924 -0.1225
vn -0.0011 0.9999 -0.0101
vn -0.0378 0.9323 -0.3596
vn -0.0650 0.7829 -0.6187
vn -0.0713 0.7313 -0.6783
vn -0.0471 0.8929 -0.4478
vn -0.0373 0.9340 -0.3553
vn -0.0302 0.9573 -0.2875
vn -0.0319 0.9522 -0.3038
vn 0.0259 -0.9689 0.2461
vn 0.0491 -0.8829 0.4670
vn 0.1039 -0.1127 0.9882
vn 0.0511 -0.8722 0.4864
vn 0.1045 -0.0000 0.9945
vn -0.0316 0.9531 -0.3011
vn -0.0030 0.9996 -0.0282
vn 0.2287 -0.6725 0.7039
vn 0.2468 -0.6016 0.7597
vn -0.1271 -0.9115 -0.3913
vn -0.0483 0.9877 -0.1488
vn 0.1366 0.8971 0.4203
vn -0.0336 0.9941 -0.1035
vn -0.1820 0.8082 -0.5600
vn 0.1153 -0.9277 0.3550
vn -0.0984 0.9479 -0.3029
vn 0.1415 -0.8890 0.4355
vn -0.2161 0.7147 -0.6652
vn -0.1485 0.8771 -0.4569
vn 0.2875 0.3664 0.8849
vn 0.2832 -0.3998 0.8717
vn -0.2166 -0.7132 -0.6666
vn -0.1276 -0.9107 -0.3928
vn -0.0381 -0.9924 -0.1171
vn -0.0031 0.9999 -0.0097
vn -0.1117 0.9323 -0.3439
vn -0.1922 0.7829 -0.5917
vn -0.2108 0.7313 -0.6487
vn -0.1391 0.8929 -0.4282
vn -0.1104 0.9340 -0.3398
vn -0.0893 0.9573 -0.2749
vn -0.0944 0.9522 -0.2906
vn 0.0765 -0.9689 0.2353
vn 0.1451 -0.8829 0.4466
vn 0.3070 -0.1127 0.9450
vn 0.1511 -0.8722 0.4651
vn 0.3090 -0.0000 0.9511
vn -0.0936 0.9531 -0.2880
vn -0.0088 0.9996 -0.0270
vn 0.3700 -0.6725 0.6409
vn 0.3994 -0.6016 0.6918
vn -0.2057 -0.9115 -0.3563
vn -0.0782 0.9877 -0.1355
vn 0.2210 0.8971 0.3827
vn -0.0544 0.9941 -0.0942
vn -0.2944 0.8082 -0.5100
vn 0.1866 -0.9277 0.3233
vn -0.1592 0.9479 -0.2758
vn 0.2290 -0.8890 0.3966
vn -0.3497 0.7147 -0.6057
vn -0.2402 0.8770 -0.4160
vn 0.4652 0.3664 0.8058
vn 0.4583 -0.3998 0.7938
vn -0.3505 -0.7132 -0.6070
vn -0.2065 -0.9107 -0.3577
vn -0.0616 -0.9924 -0.1067
vn -0.0051 0.9999 -0.0088
vn -0.1808 0.9323 -0.3132
vn -0.3111 0.7829 -0.5388
vn -0.3410 0.7313 -0.5907
vn -0.2251 0.8929 -0.3899
vn -0.1786 0.9340 -0.3094
vn -0.1445 0.9573 -0.2503
vn -0.1528 0.9522 -0.2646
vn 0.1237 -0.9689 0.2143
vn 0.2348 -0.8829 0.4067
vn 0.4968 -0.1127 0.8605
vn 0.2445 -0.8722 0.4235
vn 0.5000 -0.0000 0.8660
vn -0.1514 0.9531 -0.2622
vn -0.0142 0.9996 -0.0246
vn 0.4952 -0.6725 0.5500
vn 0.5345 -0.6016 0.5936
vn -0.2753 -0.9115 -0.3057
vn -0.1047 0.9877 -0.1162
vn 0.2957 0.8971 0.3284
vn -0.0728 0.9941 -0.0808
vn -0.3940 0.8082 -0.4376
vn 0.2498 -0.9277 0.2774
vn -0.2131 0.9479 -0.2367
vn 0.3064 -0.8890 0.3403
vn -0.4680 0.7147 -0.5198
vn -0.3214 0.8770 -0.3570
vn 0.6226 0.3664 0.6915
vn 0.6133 -0.3998 0.6812
vn -0.4690 -0.7132 -0.5209
vn -0.2764 -0.9107 -0.3069
vn -0.0824 -0.9924 -0.0915
vn -0.0068 0.9999 -0.0075
vn -0.2420 0.9323 -0.2687
vn -0.4163 0.7829 -0.4623
vn -0.4564 0.7313 -0.5069
vn -0.3013 0.8929 -0.3346
vn -0.2391 0.9340 -0.2655
vn -0.1934 0.9573 -0.2148
vn -0.2044 0.9522 -0.2270
vn 0.1656 -0.9689 0.1839
vn 0.3142 -0.8829 0.3490
vn 0.6649 -0.1127 0.7384
vn 0.3273 -0.8722 0.3635
vn 0.6691 -0.0000 0.7431
vn -0.2026 0.9531 -0.2250
vn -0.0190 0.9996 -0.0211
vn 0.5987 -0.6725 0.4350
vn 0.6463 -0.6016 0.4695
vn -0.3328 -0.9115 -0.2418
vn -0.1265 0.9877 -0.0919
vn 0.3575 0.8971 0.2597
vn -0.0880 0.9941 -0.0639
vn -0.4764 0.8082 -0.3461
vn 0.3020 -0.9277 0.2194
vn -0.2576 0.9479 -0.1872
vn 0.3705 -0.8890 0.2692
vn -0.5659 0.7147 -0.4111
vn -0.3887 0.8770 -0.2824
vn 0.7528 0.3664 0.5469
vn 0.7415 -0.3998 0.5388
vn -0.5671 -0.7132 -0.4120
vn -0.3341 -0.9107 -0.2428
vn -0.0996 -0.9924 -0.0724
vn -0.0082 0.9999 -0.0060
vn -0.2925 0.9323 -0.2125
vn -0.5033 0.7829 -0.3657
vn -0.5518 0.7313 -0.4009
vn -0.3642 0.8929 -0.2646
vn -0.2891 0.9340 -0.2100
vn -0.2339 0.9573 -0.1699
vn -0.2472 0.9522 -0.1796
vn 0.2002 -0.9689 0.1454
vn 0.3799 -0.8829 0.2760
vn 0.8039 -0.1127 0.5840
vn 0.3957 -0.8722 0.2875
vn 0.8090 -0.0000 0.5878
vn -0.2450 0.9531 -0.1780
vn -0.0229 0.9996 -0.0167
vn 0.6761 -0.6725 0.3010
vn 0.7298 -0.6016 0.3249
vn -0.3758 -0.9115 -0.1673
vn -0.1429 0.9877 -0.0636
vn 0.4037 0.8971 0.1797
vn -0.0994 0.9941 -0.0442
vn -0.5379 0.8082 -0.2395
vn 0.3410 -0.9277 0.1518
vn -0.2909 0.9479 -0.1295
vn 0.4184 -0.8890 0.1863
vn -0.6390 0.7147 -0.2845
vn -0.4389 0.8770 -0.1954
vn 0.8500 0.3664 0.3785
vn 0.8374 -0.3998 0.3728
vn -0.6403 -0.7132 -0.2851
vn -0.3773 -0.9107 -0.1680
vn -0.1125 -0.9924 -0.0501
vn -0.0093 0.9999 -0.0041
vn -0.3303 0.9323 -0.1471
vn -0.5683 0.7829 -0.2530
vn -0.6231 0.7313 -0.2774
vn -0.4113 0.8929 -0.1831
vn -0.3264 0.9340 -0.1453
vn -0.2641 0.9573 -0.1176
vn -0.2791 0.9522 -0.1243
vn 0.2260 -0.9689 0.1006
vn 0.4290 -0.8829 0.1910
vn 0.9077 -0.1127 0.4041
vn 0.4468 -0.8722 0.1989
vn 0.9135 -0.0000 0.4067
vn -0.2766 0.9531 -0.1232
vn -0.0259 0.9996 -0.0115
vn 0.7239 -0.6725 0.1539
vn 0.7814 -0.6016 0.1661
vn -0.4024 -0.9115 -0.0855
vn -0.1530 0.9877 -0.0325
vn 0.4322 0.8971 0.0919
vn -0.1064 0.9941 -0.0226
vn -0.5760 0.8082 -0.1224
vn 0.3651 -0.9277 0.0776
vn -0.3115 0.9479 -0.0662
vn 0.4479 -0.8890 0.0952
vn -0.6842 0.7147 -0.1454
vn -0.4699 0.8770 -0.0999
vn 0.9101 0.3664 0.1935
vn 0.8966 -0.3998 0.1906
vn -0.6856 -0.7132 -0.1457
vn -0.4040 -0.9107 -0.0859
vn -0.1205 -0.9924 -0.0256
vn -0.0099 0.9999 -0.0021
vn -0.3537 0.9323 -0.0752
vn -0.6085 0.7829 -0.1293
vn -0.6671 0.7313 -0.1418
vn -0.4404 0.8929 -0.0936
vn -0.3495 0.9340 -0.0743
vn -0.2828 0.9573 -0.0601
vn -0.2988 0.9522 -0.0635
vn 0.2420 -0.9689 0.0514
vn 0.4593 -0.8829 0.0976
vn 0.9719 -0.1127 0.2066
vn 0.4784 -0.8722 0.1017
vn 0.9781 -0.0000 0.2079
vn -0.2962 0.9531 -0.0630
vn -0.0277 0.9996 -0.0059
vt 0.000000 0.004859
vt 0.000000 0.004220
vt 0.033333 0.004220
vt 0.033333 0.004859
vt 0.066667 0.004220
vt 0.066667 0.004859
vt 0.100000 0.004220
vt 0.100000 0.004859
vt 0.133333 0.004220
vt 0.133333 0.004859
vt 0.166667 0.004220
vt 0.166667 0.004859
vt 0.200000 0.004220
vt 0.200000 0.004859
vt 0.233333 0.004220
vt 0.233333 0.004859
vt 0.266667 0.004220
vt 0.266667 0.004859
vt 0.300000 0.004220
vt 0.300000 0.004859
vt 0.333333 0.004220
vt 0.333333 0.004859
vt 0.366667 0.004220
vt 0.366667 0.004859
vt 0.400000 0.004220
vt 0.400000 0.004859
vt 0.433333 0.004220
vt 0.433333 0.004859
vt 0.466667 0.004220
vt 0.466667 0.004859
vt 0.500000 0.004220
vt 0.500000 0.004859
vt 0.533333 0.004220
vt 0.533333 0.004859
vt 0.566667 0.004220
vt 0.566667 0.004859
vt 0.600000 0.004220
vt 0.600000 0.004859
vt 0.633333 0.004220
vt 0.633333 0.004859
vt 0.666667 0.004220
vt 0.666667 0.004859
vt 0.700000 0.004220
vt 0.700000 0.004859
vt 0.733333 0.004220
vt 0.733333 0.004859
vt 0.766667 0.004220
vt 0.766667 0.004859
vt 0.800000 0.004220
vt 0.800000 0.004859
vt 0.833333 0.004220
vt 0.833333 0.004859
vt 0.866667 0.004220
vt 0.866667 0.004859
vt 0.900000 0.004220
vt 0.900000 0.004859
vt 0.933333 0.004220
vt 0.933333 0.004859
vt 0.966667 0.004220
vt 0.966667 0.004859
vt 1.000000 0.004220
vt 1.000000 0.004859
vt 0.000000 0.008360
vt 0.000000 0.009584
vt 0.033333 0.009584
vt 0.033333 0.008360
vt 0.066667 0.009584
vt 0.066667 0.008360
vt 0.100000 0.009584
vt 0.100000 0.008360
vt 0.133333 0.009584
vt 0.133333 0.008360
vt 0.166667 0.009584
vt 0.166667 0.008360
vt 0.200000 0.009584
vt 0.200000 0.008360
vt 0.233333 0.009584
vt 0.233333 0.008360
vt 0.266667 0.009584
vt 0.266667 0.008360
vt 0.300000 0.009584
vt 0.300000 0.008360
vt 0.333333 0.009584
vt 0.333333 0.008360
vt 0.366667 0.009584
vt 0.366667 0.008360
vt 0.400000 0.009584
vt 0.400000 0.008360
vt 0.433333 0.009584
vt 0.433333 0.008360
vt 0.466667 0.009584
vt 0.466667 0.008360
vt 0.500000 0.009584
vt 0.500000 0.008360
vt 0.533333 0.009584
vt 0.533333 0.008360
vt 0.566667 0.009584
vt 0.566667 0.008360
vt 0.600000 0.009584
vt 0.600000 0.008360
vt 0.633333 0.009584
vt 0.633333 0.008360
vt 0.666667 0.009584
vt 0.666667 0.008360
vt 0.700000 0.009584
vt 0.700000 0.008360
vt 0.733333 0.009584
vt 0.733333 0.008360
vt 0.766667 0.009584
vt 0.766667 0.008360
vt 0.800000 0.009584
vt 0.800000 0.008360
vt 0.833333 0.009584
vt 0.833333 0.008360
vt 0.866667 0.009584
vt 0.866667 0.008360
vt 0.900000 0.009584
vt 0.900000 0.008360
vt 0.933333 0.009584
vt 0.933333 0.008360
vt 0.966667 0.009584
vt 0.966667 0.008360
vt 1.000000 0.009584
vt 1.000000 0.008360
vt 0.000000 0.003079
vt 0.000000 0.003774
vt 0.033333 0.003774
vt 0.033333 0.003079
vt 0.066667 0.003774
vt 0.066667 0.003079
vt 0.100000 0.003774
vt 0.100000 0.003079
vt 0.133333 0.003774
vt 0.133333 0.003079
vt 0.166667 0.003774
vt 0.166667 0.003079
vt 0.200000 0.003774
vt 0.200000 0.003079
vt 0.233333 0.003774
vt 0.233333 0.003079
vt 0.266667 0.003774
vt 0.266667 0.003079
vt 0.300000 0.003774
vt 0.300000 0.003079
vt 0.333333 0.003774
vt 0.333333 0.003079
vt 0.366667 0.003774
vt 0.366667 0.003079
vt 0.400000 0.003774
vt 0.400000 0.003079
vt 0.433333 0.003774
vt 0.433333 0.003079
vt 0.466667 0.003774
vt 0.466667 0.003079
vt 0.500000 0.003774
vt 0.500000 0.003079
vt 0.533333 0.003774
vt 0.533333 0.003079
vt 0.566667 0.003774
vt 0.566667 0.003079
vt 0.600000 0.003774
vt 0.600000 0.003079
vt 0.633333 0.003774
vt 0.633333 0.003079
vt 0.666667 0.003774
vt 0.666667 0.003079
vt 0.700000 0.003774
vt 0.700000 0.003079
vt 0.733333 0.003774
vt 0.733333 0.003079
vt 0.766667 0.003774
vt 0.766667 0.003079
vt 0.800000 0.003774
vt 0.800000 0.003079
vt 0.833333 0.003774
vt 0.833333 0.003079
vt 0.866667 0.003774
vt 0.866667 0.003079
vt 0.900000 0.003774
vt 0.900000 0.003079
vt 0.933333 0.003774
vt 0.933333 0.003079
vt 0.966667 0.003774
vt 0.966667 0.003079
vt 1.000000 0.003774
vt 1.000000 0.003079
vt 0.000000 0.022137
vt 0.000000 0.019851
vt 0.033333 0.019851
vt 0.033333 0.022137
vt 0.066667 0.019851
vt 0.066667 0.022137
vt 0.100000 0.019851
vt 0.100000 0.022137
vt 0.133333 0.019851
vt 0.133333 0.022137
vt 0.166667 0.019851
vt 0.166667 0.022137
vt 0.200000 0.019851
vt 0.200000 0.022137
vt 0.233333 0.019851
vt 0.233333 0.022137
vt 0.266667 0.019851
vt 0.266667 0.022137
vt 0.300000 0.019851
vt 0.300000 0.022137
vt 0.333333 0.019851
vt 0.333333 0.022137
vt 0.366667 0.019851
vt 0.366667 0.022137
vt 0.400000 0.019851
vt 0.400000 0.022137
vt 0.433333 0.019851
vt 0.433333 0.022137
vt 0.466667 0.019851
vt 0.466667 0.022137
vt 0.500000 0.019851
vt 0.500000 0.022137
vt 0.533333 0.019851
vt 0.533333 0.022137
vt 0.566667 0.019851
vt 0.566667 0.022137
vt 0.600000 0.019851
vt 0.600000 0.022137
vt 0.633333 0.019851
vt 0.633333 0.022137
vt 0.666667 0.019851
vt 0.666667 0.022137
vt 0.700000 0.019851
vt 0.700000 0.022137
vt 0.733333 0.019851
vt 0.733333 0.022137
vt 0.766667 0.019851
vt 0.766667 0.022137
vt 0.800000 0.019851
vt 0.800000 0.022137
vt 0.833333 0.019851
vt 0.833333 0.022137
vt 0.866667 0.019851
vt 0.866667 0.022137
vt 0.900000 0.019851
vt 0.900000 0.022137
vt 0.933333 0.019851
vt 0.933333 0.022137
vt 0.966667 0.019851
vt 0.966667 0.022137
vt 1.000000 0.019851
vt 1.000000 0.022137
vt 0.000000 0.023027
vt 0.033333 0.023027
vt 0.066667 0.023027
vt 0.100000 0.023027
vt 0.133333 0.023027
vt 0.166667 0.023027
vt 0.200000 0.023027
vt 0.233333 0.023027
vt 0.266667 0.023027
vt 0.300000 0.023027
vt 0.333333 0.023027
vt 0.366667 0.023027
vt 0.400000 0.023027
vt 0.433333 0.023027
vt 0.466667 0.023027
vt 0.500000 0.023027
vt 0.533333 0.023027
vt 0.566667 0.023027
vt 0.600000 0.023027
vt 0.633333 0.023027
vt 0.666667 0.023027
vt 0.700000 0.023027
vt 0.733333 0.023027
vt 0.766667 0.023027
vt 0.800000 0.023027
vt 0.833333 0.023027
vt 0.866667 0.023027
vt 0.900000 0.023027
vt 0.933333 0.023027
vt 0.966667 0.023027
vt 1.000000 0.023027
vt 0.000000 0.010977
vt 0.000000 0.012309
vt 0.033333 0.012309
vt 0.033333 0.010977
vt 0.066667 0.012309
vt 0.066667 0.010977
vt 0.100000 0.012309
vt 0.100000 0.010977
vt 0.133333 0.012309
vt 0.133333 0.010977
vt 0.166667 0.012309
vt 0.166667 0.010977
vt 0.200000 0.012309
vt 0.200000 0.010977
vt 0.233333 0.012309
vt 0.233333 0.010977
vt 0.266667 0.012309
vt 0.266667 0.010977
vt 0.300000 0.012309
vt 0.300000 0.010977
vt 0.333333 0.012309
vt 0.333333 0.010977
vt 0.366667 0.012309
vt 0.366667 0.010977
vt 0.400000 0.012309
vt 0.400000 0.010977
vt 0.433333 0.012309
vt 0.433333 0.010977
vt 0.466667 0.012309
vt 0.466667 0.010977
vt 0.500000 0.012309
vt 0.500000 0.010977
vt 0.533333 0.012309
vt 0.533333 0.010977
vt 0.566667 0.012309
vt 0.566667 0.010977
vt 0.600000 0.012309
vt 0.600000 0.010977
vt 0.633333 0.012309
vt 0.633333 0.010977
vt 0.666667 0.012309
vt 0.666667 0.010977
vt 0.700000 0.012309
vt 0.700000 0.010977
vt 0.733333 0.012309
vt 0.733333 0.010977
vt 0.766667 0.012309
vt 0.766667 0.010977
vt 0.800000 0.012309
vt 0.800000 0.010977
vt 0.833333 0.012309
vt 0.833333 0.010977
vt 0.866667 0.012309
vt 0.866667 0.010977
vt 0.900000 0.012309
vt 0.900000 0.010977
vt 0.933333 0.012309
vt 0.933333 0.010977
vt 0.966667 0.012309
vt 0.966667 0.010977
vt 1.000000 0.012309
vt 1.000000 0.010977
vt 0.000000 0.013148
vt 0.000000 0.008989
vt 0.033333 0.008989
vt 0.033333 0.013148
vt 0.066667 0.008989
vt 0.066667 0.013148
vt 0.100000 0.008989
vt 0.100000 0.013148
vt 0.133333 0.008989
vt 0.133333 0.013148
vt 0.166667 0.008989
vt 0.166667 0.013148
vt 0.200000 0.008989
vt 0.200000 0.013148
vt 0.233333 0.008989
vt 0.233333 0.013148
vt 0.266667 0.008989
vt 0.266667 0.013148
vt 0.300000 0.008989
vt 0.300000 0.013148
vt 0.333333 0.008989
vt 0.333333 0.013148
vt 0.366667 0.008989
vt 0.366667 0.013148
vt 0.400000 0.008989
vt 0.400000 0.013148
vt 0.433333 0.008989
vt 0.433333 0.013148
vt 0.466667 0.008989
vt 0.466667 0.013148
vt 0.500000 0.008989
vt 0.500000 0.013148
vt 0.533333 0.008989
vt 0.533333 0.013148
vt 0.566667 0.008989
vt 0.566667 0.013148
vt 0.600000 0.008989
vt 0.600000 0.013148
vt 0.633333 0.008989
vt 0.633333 0.013148
vt 0.666667 0.008989
vt 0.666667 0.013148
vt 0.700000 0.008989
vt 0.700000 0.013148
vt 0.733333 0.008989
vt 0.733333 0.013148
vt 0.766667 0.008989
vt 0.766667 0.013148
vt 0.800000 0.008989
vt 0.800000 0.013148
vt 0.833333 0.008989
vt 0.833333 0.013148
vt 0.866667 0.008989
vt 0.866667 0.013148
vt 0.900000 0.008989
vt 0.900000 0.013148
vt 0.933333 0.008989
vt 0.933333 0.013148
vt 0.966667 0.008989
vt 0.966667 0.013148
vt 1.000000 0.008989
vt 1.000000 0.013148
vt 0.000000 0.024522
vt 0.033333 0.024522
vt 0.066667 0.024522
vt 0.100000 0.024522
vt 0.133333 0.024522
vt 0.166667 0.024522
vt 0.200000 0.024522
vt 0.233333 0.024522
vt 0.266667 0.024522
vt 0.300000 0.024522
vt 0.333333 0.024522
vt 0.366667 0.024522
vt 0.400000 0.024522
vt 0.433333 0.024522
vt 0.466667 0.024522
vt 0.500000 0.024522
vt 0.533333 0.024522
vt 0.566667 0.024522
vt 0.600000 0.024522
vt 0.633333 0.024522
vt 0.666667 0.024522
vt 0.700000 0.024522
vt 0.733333 0.024522
vt 0.766667 0.024522
vt 0.800000 0.024522
vt 0.833333 0.024522
vt 0.866667 0.024522
vt 0.900000 0.024522
vt 0.933333 0.024522
vt 0.966667 0.024522
vt 1.000000 0.024522
vt 0.000000 0.025543
vt 0.033333 0.025543
vt 0.066667 0.025543
vt 0.100000 0.025543
vt 0.133333 0.025543
vt 0.166667 0.025543
vt 0.200000 0.025543
vt 0.233333 0.025543
vt 0.266667 0.025543
vt 0.300000 0.025543
vt 0.333333 0.025543
vt 0.366667 0.025543
vt 0.400000 0.025543
vt 0.433333 0.025543
vt 0.466667 0.025543
vt 0.500000 0.025543
vt 0.533333 0.025543
vt 0.566667 0.025543
vt 0.600000 0.025543
vt 0.633333 0.025543
vt 0.666667 0.025543
vt 0.700000 0.025543
vt 0.733333 0.025543
vt 0.766667 0.025543
vt 0.800000 0.025543
vt 0.833333 0.025543
vt 0.866667 0.025543
vt 0.900000 0.025543
vt 0.933333 0.025543
vt 0.966667 0.025543
vt 1.000000 0.025543
vt 0.000000 0.015882
vt 0.000000 0.018918
vt 0.033333 0.018918
vt 0.033333 0.015882
vt 0.066667 0.018918
vt 0.066667 0.015882
vt 0.100000 0.018918
vt 0.100000 0.015882
vt 0.133333 0.018918
vt 0.133333 0.015882
vt 0.166667 0.018918
vt 0.166667 0.015882
vt 0.200000 0.018918
vt 0.200000 0.015882
vt 0.233333 0.018918
vt 0.233333 0.015882
vt 0.266667 0.018918
vt 0.266667 0.015882
vt 0.300000 0.018918
vt 0.300000 0.015882
vt 0.333333 0.018918
vt 0.333333 0.015882
vt 0.366667 0.018918
vt 0.366667 0.015882
vt 0.400000 0.018918
vt 0.400000 0.015882
vt 0.433333 0.018918
vt 0.433333 0.015882
vt 0.466667 0.018918
vt 0.466667 0.015882
vt 0.500000 0.018918
vt 0.500000 0.015882
vt 0.533333 0.018918
vt 0.533333 0.015882
vt 0.566667 0.018918
vt 0.566667 0.015882
vt 0.600000 0.018918
vt 0.600000 0.015882
vt 0.633333 0.018918
vt 0.633333 0.015882
vt 0.666667 0.018918
vt 0.666667 0.015882
vt 0.700000 0.018918
vt 0.700000 0.015882
vt 0.733333 0.018918
vt 0.733333 0.015882
vt 0.766667 0.018918
vt 0.766667 0.015882
vt 0.800000 0.018918
vt 0.800000 0.015882
vt 0.833333 0.018918
vt 0.833333 0.015882
vt 0.866667 0.018918
vt 0.866667 0.015882
vt 0.900000 0.018918
vt 0.900000 0.015882
vt 0.933333 0.018918
vt 0.933333 0.015882
vt 0.966667 0.018918
vt 0.966667 0.015882
vt 1.000000 0.018918
vt 1.000000 0.015882
vt 0.000000 0.013421
vt 0.000000 0.014121
vt 0.033333 0.014121
vt 0.033333 0.013421
vt 0.066667 0.014121
vt 0.066667 0.013421
vt 0.100000 0.014121
vt 0.100000 0.013421
vt 0.133333 0.014121
vt 0.133333 0.013421
vt 0.166667 0.014121
vt 0.166667 0.013421
vt 0.200000 0.014121
vt 0.200000 0.013421
vt 0.233333 0.014121
vt 0.233333 0.013421
vt 0.266667 0.014121
vt 0.266667 0.013421
vt 0.300000 0.014121
vt 0.300000 0.013421
vt 0.333333 0.014121
vt 0.333333 0.013421
vt 0.366667 0.014121
vt 0.366667 0.013421
vt 0.400000 0.014121
vt 0.400000 0.013421
vt 0.433333 0.014121
vt 0.433333 0.013421
vt 0.466667 0.014121
vt 0.466667 0.013421
vt 0.500000 0.014121
vt 0.500000 0.013421
vt 0.533333 0.014121
vt 0.533333 0.013421
vt 0.566667 0.014121
vt 0.566667 0.013421
vt 0.600000 0.014121
vt 0.600000 0.013421
vt 0.633333 0.014121
vt 0.633333 0.013421
vt 0.666667 0.014121
vt 0.666667 0.013421
vt 0.700000 0.014121
vt 0.700000 0.013421
vt 0.733333 0.014121
vt 0.733333 0.013421
vt 0.766667 0.014121
vt 0.766667 0.013421
vt 0.800000 0.014121
vt 0.800000 0.013421
vt 0.833333 0.014121
vt 0.833333 0.013421
vt 0.866667 0.014121
vt 0.866667 0.013421
vt 0.900000 0.014121
vt 0.900000 0.013421
vt 0.933333 0.014121
vt 0.933333 0.013421
vt 0.966667 0.014121
vt 0.966667 0.013421
vt 1.000000 0.014121
vt 1.000000 0.013421
vt 0.000000 0.025632
vt 0.033333 0.025632
vt 0.066667 0.025632
vt 0.100000 0.025632
vt 0.133333 0.025632
vt 0.166667 0.025632
vt 0.200000 0.025632
vt 0.233333 0.025632
vt 0.266667 0.025632
vt 0.300000 0.025632
vt 0.333333 0.025632
vt 0.366667 0.025632
vt 0.400000 0.025632
vt 0.433333 0.025632
vt 0.466667 0.025632
vt 0.500000 0.025632
vt 0.533333 0.025632
vt 0.566667 0.025632
vt 0.600000 0.025632
vt 0.633333 0.025632
vt 0.666667 0.025632
vt 0.700000 0.025632
vt 0.733333 0.025632
vt 0.766667 0.025632
vt 0.800000 0.025632
vt 0.833333 0.025632
vt 0.866667 0.025632
vt 0.900000 0.025632
vt 0.933333 0.025632
vt 0.966667 0.025632
vt 1.000000 0.025632
vt 0.000000 0.014612
vt 0.033333 0.014612
vt 0.066667 0.014612
vt 0.100000 0.014612
vt 0.133333 0.014612
vt 0.166667 0.014612
vt 0.200000 0.014612
vt 0.233333 0.014612
vt 0.266667 0.014612
vt 0.300000 0.014612
vt 0.333333 0.014612
vt 0.366667 0.014612
vt 0.400000 0.014612
vt 0.433333 0.014612
vt 0.466667 0.014612
vt 0.500000 0.014612
vt 0.533333 0.014612
vt 0.566667 0.014612
vt 0.600000 0.014612
vt 0.633333 0.014612
vt 0.666667 0.014612
vt 0.700000 0.014612
vt 0.733333 0.014612
vt 0.766667 0.014612
vt 0.800000 0.014612
vt 0.833333 0.014612
vt 0.866667 0.014612
vt 0.900000 0.014612
vt 0.933333 0.014612
vt 0.966667 0.014612
vt 1.000000 0.014612
vt 0.000000 0.005112
vt 0.000000 0.005288
vt 0.033333 0.005288
vt 0.033333 0.005112
vt 0.066667 0.005288
vt 0.066667 0.005112
vt 0.100000 0.005288
vt 0.100000 0.005112
vt 0.133333 0.005288
vt 0.133333 0.005112
vt 0.166667 0.005288
vt 0.166667 0.005112
vt 0.200000 0.005288
vt 0.200000 0.005112
vt 0.233333 0.005288
vt 0.233333 0.005112
vt 0.266667 0.005288
vt 0.266667 0.005112
vt 0.300000 0.005288
vt 0.300000 0.005112
vt 0.333333 0.005288
vt 0.333333 0.005112
vt 0.366667 0.005288
vt 0.366667 0.005112
vt 0.400000 0.005288
vt 0.400000 0.005112
vt 0.433333 0.005288
vt 0.433333 0.005112
vt 0.466667 0.005288
vt 0.466667 0.005112
vt 0.500000 0.005288
vt 0.500000 0.005112
vt 0.533333 0.005288
vt 0.533333 0.005112
vt 0.566667 0.005288
vt 0.566667 0.005112
vt 0.600000 0.005288
vt 0.600000 0.005112
vt 0.633333 0.005288
vt 0.633333 0.005112
vt 0.666667 0.005288
vt 0.666667 0.005112
vt 0.700000 0.005288
vt 0.700000 0.005112
vt 0.733333 0.005288
vt 0.733333 0.005112
vt 0.766667 0.005288
vt 0.766667 0.005112
vt 0.800000 0.005288
vt 0.800000 0.005112
vt 0.833333 0.005288
vt 0.833333 0.005112
vt 0.866667 0.005288
vt 0.866667 0.005112
vt 0.900000 0.005288
vt 0.900000 0.005112
vt 0.933333 0.005288
vt 0.933333 0.005112
vt 0.966667 0.005288
vt 0.966667 0.005112
vt 1.000000 0.005288
vt 1.000000 0.005112
vt 0.016667 0.004830
vt 0.000000 0.004915
vt 0.033333 0.004915
vt 0.050000 0.004830
vt 0.066667 0.004915
vt 0.083333 0.004830
vt 0.100000 0.004915
vt 0.116667 0.004830
vt 0.133333 0.004915
vt 0.150000 0.004830
vt 0.166667 0.004915
vt 0.183333 0.004830
vt 0.200000 0.004915
vt 0.216667 0.004830
vt 0.233333 0.004915
vt 0.250000 0.004830
vt 0.266667 0.004915
vt 0.283333 0.004830
vt 0.300000 0.004915
vt 0.316667 0.004830
vt 0.333333 0.004915
vt 0.350000 0.004830
vt 0.366667 0.004915
vt 0.383333 0.004830
vt 0.400000 0.004915
vt 0.416667 0.004830
vt 0.433333 0.004915
vt 0.450000 0.004830
vt 0.466667 0.004915
vt 0.483333 0.004830
vt 0.500000 0.004915
vt 0.516667 0.004830
vt 0.533333 0.004915
vt 0.550000 0.004830
vt 0.566667 0.004915
vt 0.583333 0.004830
vt 0.600000 0.004915
vt 0.616667 0.004830
vt 0.633333 0.004915
vt 0.650000 0.004830
vt 0.666667 0.004915
vt 0.683333 0.004830
vt 0.700000 0.004915
vt 0.716667 0.004830
vt 0.733333 0.004915
vt 0.750000 0.004830
vt 0.766667 0.004915
vt 0.783333 0.004830
vt 0.800000 0.004915
vt 0.816667 0.004830
vt 0.833333 0.004915
vt 0.850000 0.004830
vt 0.866667 0.004915
vt 0.883333 0.004830
vt 0.900000 0.004915
vt 0.916667 0.004830
vt 0.933333 0.004915
vt 0.950000 0.004830
vt 0.966667 0.004915
vt 0.983333 0.004830
vt 1.000000 0.004915
vt 0.000000 0.003774
vt 0.033333 0.003774
vt 0.066667 0.003774
vt 0.100000 0.003774
vt 0.133333 0.003774
vt 0.166667 0.003774
vt 0.200000 0.003774
vt 0.233333 0.003774
vt 0.266667 0.003774
vt 0.300000 0.003774
vt 0.333333 0.003774
vt 0.366667 0.003774
vt 0.400000 0.003774
vt 0.433333 0.003774
vt 0.466667 0.003774
vt 0.500000 0.003774
vt 0.533333 0.003774
vt 0.566667 0.003774
vt 0.600000 0.003774
vt 0.633333 0.003774
vt 0.666667 0.003774
vt 0.700000 0.003774
vt 0.733333 0.003774
vt 0.766667 0.003774
vt 0.800000 0.003774
vt 0.833333 0.003774
vt 0.866667 0.003774
vt 0.900000 0.003774
vt 0.933333 0.003774
vt 0.966667 0.003774
vt 1.000000 0.003774
vt 0.000000 0.005841
vt 0.000000 0.007016
vt 0.033333 0.007016
vt 0.033333 0.005841
vt 0.066667 0.007016
vt 0.066667 0.005841
vt 0.100000 0.007016
vt 0.100000 0.005841
vt 0.133333 0.007016
vt 0.133333 0.005841
vt 0.166667 0.007016
vt 0.166667 0.005841
vt 0.200000 0.007016
vt 0.200000 0.005841
vt 0.233333 0.007016
vt 0.233333 0.005841
vt 0.266667 0.007016
vt 0.266667 0.005841
vt 0.300000 0.007016
vt 0.300000 0.005841
vt 0.333333 0.007016
vt 0.333333 0.005841
vt 0.366667 0.007016
vt 0.366667 0.005841
vt 0.400000 0.007016
vt 0.400000 0.005841
vt 0.433333 0.007016
vt 0.433333 0.005841
vt 0.466667 0.007016
vt 0.466667 0.005841
vt 0.500000 0.007016
vt 0.500000 0.005841
vt 0.533333 0.007016
vt 0.533333 0.005841
vt 0.566667 0.007016
vt 0.566667 0.005841
vt 0.600000 0.007016
vt 0.600000 0.005841
vt 0.633333 0.007016
vt 0.633333 0.005841
vt 0.666667 0.007016
vt 0.666667 0.005841
vt 0.700000 0.007016
vt 0.700000 0.005841
vt 0.733333 0.007016
vt 0.733333 0.005841
vt 0.766667 0.007016
vt 0.766667 0.005841
vt 0.800000 0.007016
vt 0.800000 0.005841
vt 0.833333 0.007016
vt 0.833333 0.005841
vt 0.866667 0.007016
vt 0.866667 0.005841
vt 0.900000 0.007016
vt 0.900000 0.005841
vt 0.933333 0.007016
vt 0.933333 0.005841
vt 0.966667 0.007016
vt 0.966667 0.005841
vt 1.000000 0.007016
vt 1.000000 0.005841
vt 0.000000 0.022380
vt 0.033333 0.022380
vt 0.066667 0.022380
vt 0.100000 0.022380
vt 0.133333 0.022380
vt 0.166667 0.022380
vt 0.200000 0.022380
vt 0.233333 0.022380
vt 0.266667 0.022380
vt 0.300000 0.022380
vt 0.333333 0.022380
vt 0.366667 0.022380
vt 0.400000 0.022380
vt 0.433333 0.022380
vt 0.466667 0.022380
vt 0.500000 0.022380
vt 0.533333 0.022380
vt 0.566667 0.022380
vt 0.600000 0.022380
vt 0.633333 0.022380
vt 0.666667 0.022380
vt 0.700000 0.022380
vt 0.733333 0.022380
vt 0.766667 0.022380
vt 0.800000 0.022380
vt 0.833333 0.022380
vt 0.866667 0.022380
vt 0.900000 0.022380
vt 0.933333 0.022380
vt 0.966667 0.022380
vt 1.000000 0.022380
vt 0.000000 0.005321
vt 0.033333 0.005321
vt 0.066667 0.005321
vt 0.100000 0.005321
vt 0.133333 0.005321
vt 0.166667 0.005321
vt 0.200000 0.005321
vt 0.233333 0.005321
vt 0.266667 0.005321
vt 0.300000 0.005321
vt 0.333333 0.005321
vt 0.366667 0.005321
vt 0.400000 0.005321
vt 0.433333 0.005321
vt 0.466667 0.005321
vt 0.500000 0.005321
vt 0.533333 0.005321
vt 0.566667 0.005321
vt 0.600000 0.005321
vt 0.633333 0.005321
vt 0.666667 0.005321
vt 0.700000 0.005321
vt 0.733333 0.005321
vt 0.766667 0.005321
vt 0.800000 0.005321
vt 0.833333 0.005321
vt 0.866667 0.005321
vt 0.900000 0.005321
vt 0.933333 0.005321
vt 0.966667 0.005321
vt 1.000000 0.005321
vt 0.000000 0.002243
vt 0.033333 0.002243
vt 0.066667 0.002243
vt 0.100000 0.002243
vt 0.133333 0.002243
vt 0.166667 0.002243
vt 0.200000 0.002243
vt 0.233333 0.002243
vt 0.266667 0.002243
vt 0.300000 0.002243
vt 0.333333 0.002243
vt 0.366667 0.002243
vt 0.400000 0.002243
vt 0.433333 0.002243
vt 0.466667 0.002243
vt 0.500000 0.002243
vt 0.533333 0.002243
vt 0.566667 0.002243
vt 0.600000 0.002243
vt 0.633333 0.002243
vt 0.666667 0.002243
vt 0.700000 0.002243
vt 0.733333 0.002243
vt 0.766667 0.002243
vt 0.800000 0.002243
vt 0.833333 0.002243
vt 0.866667 0.002243
vt 0.900000 0.002243
vt 0.933333 0.002243
vt 0.966667 0.002243
vt 1.000000 0.002243
vt 0.000000 -0.000004
vt 0.033333 -0.000004
vt 0.066667 -0.000004
vt 0.100000 -0.000004
vt 0.133333 -0.000004
vt 0.166667 -0.000004
vt 0.200000 -0.000004
vt 0.233333 -0.000004
vt 0.266667 -0.000004
vt 0.300000 -0.000004
vt 0.333333 -0.000004
vt 0.366667 -0.000004
vt 0.400000 -0.000004
vt 0.433333 -0.000004
vt 0.466667 -0.000004
vt 0.500000 -0.000004
vt 0.533333 -0.000004
vt 0.566667 -0.000004
vt 0.600000 -0.000004
vt 0.633333 -0.000004
vt 0.666667 -0.000004
vt 0.700000 -0.000004
vt 0.733333 -0.000004
vt 0.766667 -0.000004
vt 0.800000 -0.000004
vt 0.833333 -0.000004
vt 0.866667 -0.000004
vt 0.900000 -0.000004
vt 0.933333 -0.000004
vt 0.966667 -0.000004
vt 1.000000 -0.000004
vt 0.000000 0.000070
vt 0.033333 0.000070
vt 0.066667 0.000070
vt 0.100000 0.000070
vt 0.133333 0.000070
vt 0.166667 0.000070
vt 0.200000 0.000070
vt 0.233333 0.000070
vt 0.266667 0.000070
vt 0.300000 0.000070
vt 0.333333 0.000070
vt 0.366667 0.000070
vt 0.400000 0.000070
vt 0.433333 0.000070
vt 0.466667 0.000070
vt 0.500000 0.000070
vt 0.533333 0.000070
vt 0.566667 0.000070
vt 0.600000 0.000070
vt 0.633333 0.000070
vt 0.666667 0.000070
vt 0.700000 0.000070
vt 0.733333 0.000070
vt 0.766667 0.000070
vt 0.800000 0.000070
vt 0.833333 0.000070
vt 0.866667 0.000070
vt 0.900000 0.000070
vt 0.933333 0.000070
vt 0.966667 0.000070
vt 1.000000 0.000070
vt 0.000000 0.000985
vt 0.033333 0.000985
vt 0.066667 0.000985
vt 0.100000 0.000985
vt 0.133333 0.000985
vt 0.166667 0.000985
vt 0.200000 0.000985
vt 0.233333 0.000985
vt 0.266667 0.000985
vt 0.300000 0.000985
vt 0.333333 0.000985
vt 0.366667 0.000985
vt 0.400000 0.000985
vt 0.433333 0.000985
vt 0.466667 0.000985
vt 0.500000 0.000985
vt 0.533333 0.000985
vt 0.566667 0.000985
vt 0.600000 0.000985
vt 0.633333 0.000985
vt 0.666667 0.000985
vt 0.700000 0.000985
vt 0.733333 0.000985
vt 0.766667 0.000985
vt 0.800000 0.000985
vt 0.833333 0.000985
vt 0.866667 0.000985
vt 0.900000 0.000985
vt 0.933333 0.000985
vt 0.966667 0.000985
vt 1.000000 0.000985
s 1
usemtl Plate_material
f 2/1/2 30/2/30 63/3/62 36/4/36
f 36/4/36 63/3/62 96/5/94 69/6/68
f 69/6/68 96/5/94 129/7/126 102/8/100
f 102/8/100 129/7/126 162/9/158 135/10/132
f 135/10/132 162/9/158 195/11/190 168/12/164
f 168/12/164 195/11/190 228/13/222 201/14/196
f 201/14/196 228/13/222 261/15/254 234/16/228
f 234/16/228 261/15/254 294/17/286 267/18/260
f 267/18/260 294/17/286 327/19/318 300/20/292
f 300/20/292 327/19/318 360/21/350 333/22/324
f 333/22/324 360/21/350 393/23/382 366/24/356
f 366/24/356 393/23/382 426/25/414 399/26/388
f 399/26/388 426/25/414 459/27/446 432/28/420
f 432/28/420 459/27/446 492/29/478 465/30/452
f 465/30/452 492/29/478 525/31/510 498/32/484
f 498/32/484 525/31/510 558/33/542 531/34/516
f 531/34/516 558/33/542 591/35/574 564/36/548
f 564/36/548 591/35/574 624/37/606 597/38/580
f 597/38/580 624/37/606 657/39/638 630/40/612
f 630/40/612 657/39/638 690/41/670 663/42/644
f 663/42/644 690/41/670 723/43/702 696/44/676
f 696/44/676 723/43/702 756/45/734 729/46/708
f 729/46/708 756/45/734 789/47/766 762/48/740
f 762/48/740 789/47/766 822/49/798 795/50/772
f 795/50/772 822/49/798 855/51/830 828/52/804
f 828/52/804 855/51/830 888/53/862 861/54/836
f 861/54/836 888/53/862 921/55/894 894/56/868
f 894/56/868 921/55/894 954/57/926 927/58/900
f 927/58/900 954/57/926 987/59/958 960/60/932
f 960/60/932 987/59/958 30/61/30 2/62/2
f 24/63/24 7/64/7 41/65/41 57/66/56
f 57/66/56 41/65/41 74/67/73 90/68/88
f 90/68/88 74/67/73 107/69/105 123/70/120
f 123/70/120 107/69/105 140/71/137 156/72/152
f 156/72/152 140/71/137 173/73/169 189/74/184
f 189/74/184 173/73/169 206/75/201 222/76/216
f 222/76/216 206/75/201 239/77/233 255/78/248
f 255/78/248 239/77/233 272/79/265 288/80/280
f 288/80/280 272/79/265 305/81/297 321/82/312
f 321/82/312 305/81/297 338/83/329 354/84/344
f 354/84/344 338/83/329 371/85/361 387/86/376
f 387/86/376 371/85/361 404/87/393 420/88/408
f 420/88/408 404/87/393 437/89/425 453/90/440
f 453/90/440 437/89/425 470/91/457 486/92/472
f 486/92/472 470/91/457 503/93/489 519/94/504
f 519/94/504 503/93/489 536/95/521 552/96/536
f 552/96/536 536/95/521 569/97/553 585/98/568
f 585/98/568 569/97/553 602/99/585 618/100/600
f 618/100/600 602/99/585 635/101/617 651/102/632
f 651/102/632 635/101/617 668/103/649 684/104/664
f 684/104/664 668/103/649 701/105/681 717/106/696
f 717/106/696 701/105/681 734/107/713 750/108/728
f 750/108/728 734/107/713 767/109/745 783/110/760
f 783/110/760 767/109/745 800/111/777 816/112/792
f 816/112/792 800/111/777 833/113/809 849/114/824
f 849/114/824 833/113/809 866/115/841 882/116/856
f 882/116/856 866/115/841 899/117/873 915/118/888
f 915/118/888 899/117/873 932/119/905 948/120/920
f 948/120/920 932/119/905 965/121/937 981/122/952
f 981/122/952 965/121/937 7/123/7 24/124/24
f 16/125/16 17/126/17 51/127/51 50/128/50
f 50/128/50 51/127/51 84/129/83 83/130/82
f 83/130/82 84/129/83 117/131/115 116/132/114
f 116/132/114 117/131/115 150/133/147 149/134/146
f 149/134/146 150/133/147 183/135/179 182/136/178
f 182/136/178 183/135/179 216/137/211 215/138/210
f 215/138/210 216/137/211 249/139/243 248/140/242
f 248/140/242 249/139/243 282/141/275 281/142/274
f 281/142/274 282/141/275 315/143/307 314/144/306
f 314/144/306 315/143/307 348/145/339 347/146/338
f 347/146/338 348/145/339 381/147/371 380/148/370
f 380/148/370 381/147/371 414/149/403 413/150/402
f 413/150/402 414/149/403 447/151/435 446/152/434
f 446/152/434 447/151/435 480/153/467 479/154/466
f 479/154/466 480/153/467 513/155/499 512/156/498
f 512/156/498 513/155/499 546/157/531 545/158/530
f 545/158/530 546/157/531 579/159/563 578/160/562
f 578/160/562 579/159/563 612/161/595 611/162/594
f 611/162/594 612/161/595 645/163/627 644/164/626
f 644/164/626 645/163/627 678/165/659 677/166/658
f 677/166/658 678/165/659 711/167/691 710/168/690
f 710/168/690 711/167/691 744/169/723 743/170/722
f 743/170/722 744/169/723 777/171/755 776/172/754
f 776/172/754 777/171/755 810/173/787 809/174/786
f 809/174/786 810/173/787 843/175/819 842/176/818
f 842/176/818 843/175/819 876/177/851 875/178/850
f 875/178/850 876/177/851 909/179/883 908/180/882
f 908/180/882 909/179/883 942/181/915 941/182/914
f 941/182/914 942/181/915 975/183/947 974/184/946
f 974/184/946 975/183/947 17/185/17 16/186/16
f 10/187/10 28/188/28 61/189/60 44/190/44
f 44/190/44 61/189/60 94/191/92 77/192/76
f 77/192/76 94/191/92 127/193/124 110/194/108
f 110/194/108 127/193/124 160/195/156 143/196/140
f 143/196/140 160/195/156 193/197/188 176/198/172
f 176/198/172 193/197/188 226/199/220 209/200/204
f 209/200/204 226/199/220 259/201/252 242/202/236
f 242/202/236 259/201/252 292/203/284 275/204/268
f 275/204/268 292/203/284 325/205/316 308/206/300
f 308/206/300 325/205/316 358/207/348 341/208/332
f 341/208/332 358/207/348 391/209/380 374/210/364
f 374/210/364 391/209/380 424/211/412 407/212/396
f 407/212/396 424/211/412 457/213/444 440/214/428
f 440/214/428 457/213/444 490/215/476 473/216/460
f 473/216/460 490/215/476 523/217/508 506/218/492
f 506/218/492 523/217/508 556/219/540 539/220/524
f 539/220/524 556/219/540 589/221/572 572/222/556
f 572/222/556 589/221/572 622/223/604 605/224/588
f 605/224/588 622/223/604 655/225/636 638/226/620
f 638/226/620 655/225/636 688/227/668 671/228/652
f 671/228/652 688/227/668 721/229/700 704/230/684
f 704/230/684 721/229/700 754/231/732 737/232/716
f 737/232/716 754/231/732 787/233/764 770/234/748
f 770/234/748 787/233/764 820/235/796 803/236/780
f 803/236/780 820/235/796 853/237/828 836/238/812
f 836/238/812 853/237/828 886/239/860 869/240/844
f 869/240/844 886/239/860 919/241/892 902/242/876
f 902/242/876 919/241/892 952/243/924 935/244/908
f 935/244/908 952/243/924 985/245/956 968/246/940
f 968/246/940 985/245/956 28/247/28 10/248/10
f 14/249/14 10/187/10 44/190/44 48/250/48
f 48/250/48 44/190/44 77/192/76 81/251/80
f 81/251/80 77/192/76 110/194/108 114/252/112
f 114/252/112 110/194/108 143/196/140 147/253/144
f 147/253/144 143/196/140 176/198/172 180/254/176
f 180/254/176 176/198/172 209/200/204 213/255/208
f 213/255/208 209/200/204 242/202/236 246/256/240
f 246/256/240 242/202/236 275/204/268 279/257/272
f 279/257/272 275/204/268 308/206/300 312/258/304
f 312/258/304 308/206/300 341/208/332 345/259/336
f 345/259/336 341/208/332 374/210/364 378/260/368
f 378/260/368 374/210/364 407/212/396 411/261/400
f 411/261/400 407/212/396 440/214/428 444/262/432
f 444/262/432 440/214/428 473/216/460 477/263/464
f 477/263/464 473/216/460 506/218/492 510/264/496
f 510/264/496 506/218/492 539/220/524 543/265/528
f 543/265/528 539/220/524 572/222/556 576/266/560
f 576/266/560 572/222/556 605/224/588 609/267/592
f 609/267/592 605/224/588 638/226/620 642/268/624
f 642/268/624 638/226/620 671/228/652 675/269/656
f 675/269/656 671/228/652 704/230/684 708/270/688
f 708/270/688 704/230/684 737/232/716 741/271/720
f 741/271/720 737/232/716 770/234/748 774/272/752
f 774/272/752 770/234/748 803/236/780 807/273/784
f 807/273/784 803/236/780 836/238/812 840/274/816
f 840/274/816 836/238/812 869/240/844 873/275/848
f 873/275/848 869/240/844 902/242/876 906/276/880
f 906/276/880 902/242/876 935/244/908 939/277/912
f 939/277/912 935/244/908 968/246/940 972/278/944
f 972/278/944 968/246/940 10/248/10 14/279/14
f 23/280/23 11/281/11 45/282/45 56/283/55
f 56/283/55 45/282/45 78/284/77 89/285/87
f 89/285/87 78/284/77 111/286/109 122/287/119
f 122/287/119 111/286/109 144/288/141 155/289/151
f 155/289/151 144/288/141 177/290/173 188/291/183
f 188/291/183 177/290/173 210/292/205 221/293/215
f 221/293/215 210/292/205 243/294/237 254/295/247
f 254/295/247 243/294/237 276/296/269 287/297/279
f 287/297/279 276/296/269 309/298/301 320/299/311
f 320/299/311 309/298/301 342/300/333 353/301/343
f 353/301/343 342/300/333 375/302/365 386/303/375
f 386/303/375 375/302/365 408/304/397 419/305/407
f 419/305/407 408/304/397 441/306/429 452/307/439
f 452/307/439 441/306/429 474/308/461 485/309/471
f 485/309/471 474/308/461 507/310/493 518/311/503
f 518/311/503 507/310/493 540/312/525 551/313/535
f 551/313/535 540/312/525 573/314/557 584/315/567
f 584/315/567 573/314/557 606/316/589 617/317/599
f 617/317/599 606/316/589 639/318/621 650/319/631
f 650/319/631 639/318/621 672/320/653 683/321/663
f 683/321/663 672/320/653 705/322/685 716/323/695
f 716/323/695 705/322/685 738/324/717 749/325/727
f 749/325/727 738/324/717 771/326/749 782/327/759
f 782/327/759 771/326/749 804/328/781 815/329/791
f 815/329/791 804/328/781 837/330/813 848/331/823
f 848/331/823 837/330/813 870/332/845 881/333/855
f 881/333/855 870/332/845 903/334/877 914/335/887
f 914/335/887 903/334/877 936/336/909 947/337/919
f 947/337/919 936/336/909 969/338/941 980/339/951
f 980/339/951 969/338/941 11/340/11 23/341/23
f 8/342/8 29/343/29 62/344/61 42/345/42
f 42/345/42 62/344/61 95/346/93 75/347/74
f 75/347/74 95/346/93 128/348/125 108/349/106
f 108/349/106 128/348/125 161/350/157 141/351/138
f 141/351/138 161/350/157 194/352/189 174/353/170
f 174/353/170 194/352/189 227/354/221 207/355/202
f 207/355/202 227/354/221 260/356/253 240/357/234
f 240/357/234 260/356/253 293/358/285 273/359/266
f 273/359/266 293/358/285 326/360/317 306/361/298
f 306/361/298 326/360/317 359/362/349 339/363/330
f 339/363/330 359/362/349 392/364/381 372/365/362
f 372/365/362 392/364/381 425/366/413 405/367/394
f 405/367/394 425/366/413 458/368/445 438/369/426
f 438/369/426 458/368/445 491/370/477 471/371/458
f 471/371/458 491/370/477 524/372/509 504/373/490
f 504/373/490 524/372/509 557/374/541 537/375/522
f 537/375/522 557/374/541 590/376/573 570/377/554
f 570/377/554 590/376/573 623/378/605 603/379/586
f 603/379/586 623/378/605 656/380/637 636/381/618
f 636/381/618 656/380/637 689/382/669 669/383/650
f 669/383/650 689/382/669 722/384/701 702/385/682
f 702/385/682 722/384/701 755/386/733 735/387/714
f 735/387/714 755/386/733 788/388/765 768/389/746
f 768/389/746 788/388/765 821/390/797 801/391/778
f 801/391/778 821/390/797 854/392/829 834/393/810
f 834/393/810 854/392/829 887/394/861 867/395/842
f 867/395/842 887/394/861 920/396/893 900/397/874
f 900/397/874 920/396/893 953/398/925 933/399/906
f 933/399/906 953/398/925 986/400/957 966/401/938
f 966/401/938 986/400/957 29/402/29 8/403/8
f 13/404/13 14/249/14 48/250/48 47/405/47
f 47/405/47 48/250/48 81/251/80 80/406/79
f 80/406/79 81/251/80 114/252/112 113/407/111
f 113/407/111 114/252/112 147/253/144 146/408/143
f 146/408/143 147/253/144 180/254/176 179/409/175
f 179/409/175 180/254/176 213/255/208 212/410/207
f 212/410/207 213/255/208 246/256/240 245/411/239
f 245/411/239 246/256/240 279/257/272 278/412/271
f 278/412/271 279/257/272 312/258/304 311/413/303
f 311/413/303 312/258/304 345/259/336 344/414/335
f 344/414/335 345/259/336 378/260/368 377/415/367
f 377/415/367 378/260/368 411/261/400 410/416/399
f 410/416/399 411/261/400 444/262/432 443/417/431
f 443/417/431 444/262/432 477/263/464 476/418/463
f 476/418/463 477/263/464 510/264/496 509/419/495
f 509/419/495 510/264/496 543/265/528 542/420/527
f 542/420/527 543/265/528 576/266/560 575/421/559
f 575/421/559 576/266/560 609/267/592 608/422/591
f 608/422/591 609/267/592 642/268/624 641/423/623
f 641/423/623 642/268/624 675/269/656 674/424/655
f 674/424/655 675/269/656 708/270/688 707/425/687
f 707/425/687 708/270/688 741/271/720 740/426/719
f 740/426/719 741/271/720 774/272/752 773/427/751
f 773/427/751 774/272/752 807/273/784 806/428/783
f 806/428/783 807/273/784 840/274/816 839/429/815
f 839/429/815 840/274/816 873/275/848 872/430/847
f 872/430/847 873/275/848 906/276/880 905/431/879
f 905/431/879 906/276/880 939/277/912 938/432/911
f 938/432/911 939/277/912 972/278/944 971/433/943
f 971/433/943 972/278/944 14/279/14 13/434/13
f 5/435/5 13/404/13 47/405/47 39/436/39
f 39/436/39 47/405/47 80/406/79 72/437/71
f 72/437/71 80/406/79 113/407/111 105/438/103
f 105/438/103 113/407/111 146/408/143 138/439/135
f 138/439/135 146/408/143 179/409/175 171/440/167
f 171/440/167 179/409/175 212/410/207 204/441/199
f 204/441/199 212/410/207 245/411/239 237/442/231
f 237/442/231 245/411/239 278/412/271 270/443/263
f 270/443/263 278/412/271 311/413/303 303/444/295
f 303/444/295 311/413/303 344/414/335 336/445/327
f 336/445/327 344/414/335 377/415/367 369/446/359
f 369/446/359 377/415/367 410/416/399 402/447/391
f 402/447/391 410/416/399 443/417/431 435/448/423
f 435/448/423 443/417/431 476/418/463 468/449/455
f 468/449/455 476/418/463 509/419/495 501/450/487
f 501/450/487 509/419/495 542/420/527 534/451/519
f 534/451/519 542/420/527 575/421/559 567/452/551
f 567/452/551 575/421/559 608/422/591 600/453/583
f 600/453/583 608/422/591 641/423/623 633/454/615
f 633/454/615 641/423/623 674/424/655 666/455/647
f 666/455/647 674/424/655 707/425/687 699/456/679
f 699/456/679 707/425/687 740/426/719 732/457/711
f 732/457/711 740/426/719 773/427/751 765/458/743
f 765/458/743 773/427/751 806/428/783 798/459/775
f 798/459/775 806/428/783 839/429/815 831/460/807
f 831/460/807 839/429/815 872/430/847 864/461/839
f 864/461/839 872/430/847 905/431/879 897/462/871
f 897/462/871 905/431/879 938/432/911 930/463/903
f 930/463/903 938/432/911 971/433/943 963/464/935
f 963/464/935 971/433/943 13/434/13 5/465/5
f 9/466/9 27/467/27 60/468/59 43/469/43
f 43/469/43 60/468/59 93/470/91 76/471/75
f 76/471/75 93/470/91 126/472/123 109/473/107
f 109/473/107 126/472/123 159/474/155 142/475/139
f 142/475/139 159/474/155 192/476/187 175/477/171
f 175/477/171 192/476/187 225/478/219 208/479/203
f 208/479/203 225/478/219 258/480/251 241/481/235
f 241/481/235 258/480/251 291/482/283 274/483/267
f 274/483/267 291/482/283 324/484/315 307/485/299
f 307/485/299 324/484/315 357/486/347 340/487/331
f 340/487/331 357/486/347 390/488/379 373/489/363
f 373/489/363 390/488/379 423/490/411 406/491/395
f 406/491/395 423/490/411 456/492/443 439/493/427
f 439/493/427 456/492/443 489/494/475 472/495/459
f 472/495/459 489/494/475 522/496/507 505/497/491
f 505/497/491 522/496/507 555/498/539 538/499/523
f 538/499/523 555/498/539 588/500/571 571/501/555
f 571/501/555 588/500/571 621/502/603 604/503/587
f 604/503/587 621/502/603 654/504/635 637/505/619
f 637/505/619 654/504/635 687/506/667 670/507/651
f 670/507/651 687/506/667 720/508/699 703/509/683
f 703/509/683 720/508/699 753/510/731 736/511/715
f 736/511/715 753/510/731 786/512/763 769/513/747
f 769/513/747 786/512/763 819/514/795 802/515/779
f 802/515/779 819/514/795 852/516/827 835/517/811
f 835/517/811 852/516/827 885/518/859 868/519/843
f 868/519/843 885/518/859 918/520/891 901/521/875
f 901/521/875 918/520/891 951/522/923 934/523/907
f 934/523/907 951/522/923 984/524/955 967/525/939
f 967/525/939 984/524/955 27/526/27 9/527/9
f 22/528/22 12/529/12 46/530/46 55/531/54
f 55/531/54 46/530/46 79/532/78 88/533/86
f 88/533/86 79/532/78 112/534/110 121/535/118
f 121/535/118 112/534/110 145/536/142 154/537/150
f 154/537/150 145/536/142 178/538/174 187/539/182
f 187/539/182 178/538/174 211/540/206 220/541/214
f 220/541/214 211/540/206 244/542/238 253/543/246
f 253/543/246 244/542/238 277/544/270 286/545/278
f 286/545/278 277/544/270 310/546/302 319/547/310
f 319/547/310 310/546/302 343/548/334 352/549/342
f 352/549/342 343/548/334 376/550/366 385/551/374
f 385/551/374 376/550/366 409/552/398 418/553/406
f 418/553/406 409/552/398 442/554/430 451/555/438
f 451/555/438 442/554/430 475/556/462 484/557/470
f 484/557/470 475/556/462 508/558/494 517/559/502
f 517/559/502 508/558/494 541/560/526 550/561/534
f 550/561/534 541/560/526 574/562/558 583/563/566
f 583/563/566 574/562/558 607/564/590 616/565/598
f 616/565/598 607/564/590 640/566/622 649/567/630
f 649/567/630 640/566/622 673/568/654 682/569/662
f 682/569/662 673/568/654 706/570/686 715/571/694
f 715/571/694 706/570/686 739/572/718 748/573/726
f 748/573/726 739/572/718 772/574/750 781/575/758
f 781/575/758 772/574/750 805/576/782 814/577/790
f 814/577/790 805/576/782 838/578/814 847/579/822
f 847/579/822 838/578/814 871/580/846 880/581/854
f 880/581/854 871/580/846 904/582/878 913/583/886
f 913/583/886 904/582/878 937/584/910 946/585/918
f 946/585/918 937/584/910 970/586/942 979/587/950
f 979/587/950 970/586/942 12/588/12 22/589/22
f 6/590/6 5/435/5 39/436/39 40/591/40
f 40/591/40 39/436/39 72/437/71 73/592/72
f 73/592/72 72/437/71 105/438/103 106/593/104
f 106/593/104 105/438/103 138/439/135 139/594/136
f 139/594/136 138/439/135 171/440/167 172/595/168
f 172/595/168 171/440/167 204/441/199 205/596/200
f 205/596/200 204/441/199 237/442/231 238/597/232
f 238/597/232 237/442/231 270/443/263 271/598/264
f 271/598/264 270/443/263 303/444/295 304/599/296
f 304/599/296 303/444/295 336/445/327 337/600/328
f 337/600/328 336/445/327 369/446/359 370/601/360
f 370/601/360 369/446/359 402/447/391 403/602/392
f 403/602/392 402/447/391 435/448/423 436/603/424
f 436/603/424 435/448/423 468/449/455 469/604/456
f 469/604/456 468/449/455 501/450/487 502/605/488
f 502/605/488 501/450/487 534/451/519 535/606/520
f 535/606/520 534/451/519 567/452/551 568/607/552
f 568/607/552 567/452/551 600/453/583 601/608/584
f 601/608/584 600/453/583 633/454/615 634/609/616
f 634/609/616 633/454/615 666/455/647 667/610/648
f 667/610/648 666/455/647 699/456/679 700/611/680
f 700/611/680 699/456/679 732/457/711 733/612/712
f 733/612/712 732/457/711 765/458/743 766/613/744
f 766/613/744 765/458/743 798/459/775 799/614/776
f 799/614/776 798/459/775 831/460/807 832/615/808
f 832/615/808 831/460/807 864/461/839 865/616/840
f 865/616/840 864/461/839 897/462/871 898/617/872
f 898/617/872 897/462/871 930/463/903 931/618/904
f 931/618/904 930/463/903 963/464/935 964/619/936
f 964/619/936 963/464/935 5/465/5 6/620/6
f 12/529/12 21/621/21 54/622/53 46/530/46
f 46/530/46 54/622/53 87/623/85 79/532/78
f 79/532/78 87/623/85 120/624/117 112/534/110
f 112/534/110 120/624/117 153/625/149 145/536/142
f 145/536/142 153/625/149 186/626/181 178/538/174
f 178/538/174 186/626/181 219/627/213 211/540/206
f 211/540/206 219/627/213 252/628/245 244/542/238
f 244/542/238 252/628/245 285/629/277 277/544/270
f 277/544/270 285/629/277 318/630/309 310/546/302
f 310/546/302 318/630/309 351/631/341 343/548/334
f 343/548/334 351/631/341 384/632/373 376/550/366
f 376/550/366 384/632/373 417/633/405 409/552/398
f 409/552/398 417/633/405 450/634/437 442/554/430
f 442/554/430 450/634/437 483/635/469 475/556/462
f 475/556/462 483/635/469 516/636/501 508/558/494
f 508/558/494 516/636/501 549/637/533 541/560/526
f 541/560/526 549/637/533 582/638/565 574/562/558
f 574/562/558 582/638/565 615/639/597 607/564/590
f 607/564/590 615/639/597 648/640/629 640/566/622
f 640/566/622 648/640/629 681/641/661 673/568/654
f 673/568/654 681/641/661 714/642/693 706/570/686
f 706/570/686 714/642/693 747/643/725 739/572/718
f 739/572/718 747/643/725 780/644/757 772/574/750
f 772/574/750 780/644/757 813/645/789 805/576/782
f 805/576/782 813/645/789 846/646/821 838/578/814
f 838/578/814 846/646/821 879/647/853 871/580/846
f 871/580/846 879/647/853 912/648/885 904/582/878
f 904/582/878 912/648/885 945/649/917 937/584/910
f 937/584/910 945/649/917 978/650/949 970/586/942
f 970/586/942 978/650/949 21/651/21 12/588/12
f 7/64/7 23/280/23 56/283/55 41/65/41
f 41/65/41 56/283/55 89/285/87 74/67/73
f 74/67/73 89/285/87 122/287/119 107/69/105
f 107/69/105 122/287/119 155/289/151 140/71/137
f 140/71/137 155/289/151 188/291/183 173/73/169
f 173/73/169 188/291/183 221/293/215 206/75/201
f 206/75/201 221/293/215 254/295/247 239/77/233
f 239/77/233 254/295/247 287/297/279 272/79/265
f 272/79/265 287/297/279 320/299/311 305/81/297
f 305/81/297 320/299/311 353/301/343 338/83/329
f 338/83/329 353/301/343 386/303/375 371/85/361
f 371/85/361 386/303/375 419/305/407 404/87/393
f 404/87/393 419/305/407 452/307/439 437/89/425
f 437/89/425 452/307/439 485/309/471 470/91/457
f 470/91/457 485/309/471 518/311/503 503/93/489
f 503/93/489 518/311/503 551/313/535 536/95/521
f 536/95/521 551/313/535 584/315/567 569/97/553
f 569/97/553 584/315/567 617/317/599 602/99/585
f 602/99/585 617/317/599 650/319/631 635/101/617
f 635/101/617 650/319/631 683/321/663 668/103/649
f 668/103/649 683/321/663 716/323/695 701/105/681
f 701/105/681 716/323/695 749/325/727 734/107/713
f 734/107/713 749/325/727 782/327/759 767/109/745
f 767/109/745 782/327/759 815/329/791 800/111/777
f 800/111/777 815/329/791 848/331/823 833/113/809
f 833/113/809 848/331/823 881/333/855 866/115/841
f 866/115/841 881/333/855 914/335/887 899/117/873
f 899/117/873 914/335/887 947/337/919 932/119/905
f 932/119/905 947/337/919 980/339/951 965/121/937
f 965/121/937 980/339/951 23/341/23 7/123/7
f 34/652/34 4/653/4 38/654/38 67/655/66
f 67/655/66 38/654/38 71/656/70 100/657/98
f 100/657/98 71/656/70 104/658/102 133/659/130
f 133/659/130 104/658/102 137/660/134 166/661/162
f 166/661/162 137/660/134 170/662/166 199/663/194
f 199/663/194 170/662/166 203/664/198 232/665/226
f 232/665/226 203/664/198 236/666/230 265/667/258
f 265/667/258 236/666/230 269/668/262 298/669/290
f 298/669/290 269/668/262 302/670/294 331/671/322
f 331/671/322 302/670/294 335/672/326 364/673/354
f 364/673/354 335/672/326 368/674/358 397/675/386
f 397/675/386 368/674/358 401/676/390 430/677/418
f 430/677/418 401/676/390 434/678/422 463/679/450
f 463/679/450 434/678/422 467/680/454 496/681/482
f 496/681/482 467/680/454 500/682/486 529/683/514
f 529/683/514 500/682/486 533/684/518 562/685/546
f 562/685/546 533/684/518 566/686/550 595/687/578
f 595/687/578 566/686/550 599/688/582 628/689/610
f 628/689/610 599/688/582 632/690/614 661/691/642
f 661/691/642 632/690/614 665/692/646 694/693/674
f 694/693/674 665/692/646 698/694/678 727/695/706
f 727/695/706 698/694/678 731/696/710 760/697/738
f 760/697/738 731/696/710 764/698/742 793/699/770
f 793/699/770 764/698/742 797/700/774 826/701/802
f 826/701/802 797/700/774 830/702/806 859/703/834
f 859/703/834 830/702/806 863/704/838 892/705/866
f 892/705/866 863/704/838 896/706/870 925/707/898
f 925/707/898 896/706/870 929/708/902 958/709/930
f 958/709/930 929/708/902 962/710/934 991/711/962
f 991/711/962 962/710/934 4/712/4 34/713/34
f 19/714/19 20/715/20 53/716/52
f 19/717/19 53/716/52 86/718/84
f 19/719/19 86/718/84 119/720/116
f 19/721/19 119/720/116 152/722/148
f 19/723/19 152/722/148 185/724/180
f 19/725/19 185/724/180 218/726/212
f 19/727/19 218/726/212 251/728/244
f 19/729/19 251/728/244 284/730/276
f 19/731/19 284/730/276 317/732/308
f 19/733/19 317/732/308 350/734/340
f 19/735/19 350/734/340 383/736/372
f 19/737/19 383/736/372 416/738/404
f 19/739/19 416/738/404 449/740/436
f 19/741/19 449/740/436 482/742/468
f 19/743/19 482/742/468 515/744/500
f 19/745/19 515/744/500 548/746/532
f 19/747/19 548/746/532 581/748/564
f 19/749/19 581/748/564 614/750/596
f 19/751/19 614/750/596 647/752/628
f 19/753/19 647/752/628 680/754/660
f 19/755/19 680/754/660 713/756/692
f 19/757/19 713/756/692 746/758/724
f 19/759/19 746/758/724 779/760/756
f 19/761/19 779/760/756 812/762/788
f 19/763/19 812/762/788 845/764/820
f 19/765/19 845/764/820 878/766/852
f 19/767/19 878/766/852 911/768/884
f 19/769/19 911/768/884 944/770/916
f 19/771/19 944/770/916 977/772/948
f 19/773/19 977/772/948 20/774/20
f 21/621/21 9/466/9 43/469/43 54/622/53
f 54/622/53 43/469/43 76/471/75 87/623/85
f 87/623/85 76/471/75 109/473/107 120/624/117
f 120/624/117 109/473/107 142/475/139 153/625/149
f 153/625/149 142/475/139 175/477/171 186/626/181
f 186/626/181 175/477/171 208/479/203 219/627/213
f 219/627/213 208/479/203 241/481/235 252/628/245
f 252/628/245 241/481/235 274/483/267 285/629/277
f 285/629/277 274/483/267 307/485/299 318/630/309
f 318/630/309 307/485/299 340/487/331 351/631/341
f 351/631/341 340/487/331 373/489/363 384/632/373
f 384/632/373 373/489/363 406/491/395 417/633/405
f 417/633/405 406/491/395 439/493/427 450/634/437
f 450/634/437 439/493/427 472/495/459 483/635/469
f 483/635/469 472/495/459 505/497/491 516/636/501
f 516/636/501 505/497/491 538/499/523 549/637/533
f 549/637/533 538/499/523 571/501/555 582/638/565
f 582/638/565 571/501/555 604/503/587 615/639/597
f 615/639/597 604/503/587 637/505/619 648/640/629
f 648/640/629 637/505/619 670/507/651 681/641/661
f 681/641/661 670/507/651 703/509/683 714/642/693
f 714/642/693 703/509/683 736/511/715 747/643/725
f 747/643/725 736/511/715 769/513/747 780/644/757
f 780/644/757 769/513/747 802/515/779 813/645/789
f 813/645/789 802/515/779 835/517/811 846/646/821
f 846/646/821 835/517/811 868/519/843 879/647/853
f 879/647/853 868/519/843 901/521/875 912/648/885
f 912/648/885 901/521/875 934/523/907 945/649/917
f 945/649/917 934/523/907 967/525/939 978/650/949
f 978/650/949 967/525/939 9/527/9 21/651/21
f 11/281/11 22/528/22 55/531/54 45/282/45
f 45/282/45 55/531/54 88/533/86 78/284/77
f 78/284/77 88/533/86 121/535/118 111/286/109
f 111/286/109 121/535/118 154/537/150 144/288/141
f 144/288/141 154/537/150 187/539/182 177/290/173
f 177/290/173 187/539/182 220/541/214 210/292/205
f 210/292/205 220/541/214 253/543/246 243/294/237
f 243/294/237 253/543/246 286/545/278 276/296/269
f 276/296/269 286/545/278 319/547/310 309/298/301
f 309/298/301 319/547/310 352/549/342 342/300/333
f 342/300/333 352/549/342 385/551/374 375/302/365
f 375/302/365 385/551/374 418/553/406 408/304/397
f 408/304/397 418/553/406 451/555/438 441/306/429
f 441/306/429 451/555/438 484/557/470 474/308/461
f 474/308/461 484/557/470 517/559/502 507/310/493
f 507/310/493 517/559/502 550/561/534 540/312/525
f 540/312/525 550/561/534 583/563/566 573/314/557
f 573/314/557 583/563/566 616/565/598 606/316/589
f 606/316/589 616/565/598 649/567/630 639/318/621
f 639/318/621 649/567/630 682/569/662 672/320/653
f 672/320/653 682/569/662 715/571/694 705/322/685
f 705/322/685 715/571/694 748/573/726 738/324/717
f 738/324/717 748/573/726 781/575/758 771/326/749
f 771/326/749 781/575/758 814/577/790 804/328/781
f 804/328/781 814/577/790 847/579/822 837/330/813
f 837/330/813 847/579/822 880/581/854 870/332/845
f 870/332/845 880/581/854 913/583/886 903/334/877
f 903/334/877 913/583/886 946/585/918 936/336/909
f 936/336/909 946/585/918 979/587/950 969/338/941
f 969/338/941 979/587/950 22/589/22 11/340/11
f 17/126/17 18/775/18 52/776/18 51/127/51
f 51/127/51 52/776/18 85/777/18 84/129/83
f 84/129/83 85/777/18 118/778/18 117/131/115
f 117/131/115 118/778/18 151/779/18 150/133/147
f 150/133/147 151/779/18 184/780/18 183/135/179
f 183/135/179 184/780/18 217/781/18 216/137/211
f 216/137/211 217/781/18 250/782/18 249/139/243
f 249/139/243 250/782/18 283/783/18 282/141/275
f 282/141/275 283/783/18 316/784/18 315/143/307
f 315/143/307 316/784/18 349/785/18 348/145/339
f 348/145/339 349/785/18 382/786/18 381/147/371
f 381/147/371 382/786/18 415/787/18 414/149/403
f 414/149/403 415/787/18 448/788/18 447/151/435
f 447/151/435 448/788/18 481/789/18 480/153/467
f 480/153/467 481/789/18 514/790/18 513/155/499
f 513/155/499 514/790/18 547/791/18 546/157/531
f 546/157/531 547/791/18 580/792/18 579/159/563
f 579/159/563 580/792/18 613/793/18 612/161/595
f 612/161/595 613/793/18 646/794/18 645/163/627
f 645/163/627 646/794/18 679/795/18 678/165/659
f 678/165/659 679/795/18 712/796/18 711/167/691
f 711/167/691 712/796/18 745/797/18 744/169/723
f 744/169/723 745/797/18 778/798/18 777/171/755
f 777/171/755 778/798/18 811/799/18 810/173/787
f 810/173/787 811/799/18 844/800/18 843/175/819
f 843/175/819 844/800/18 877/801/18 876/177/851
f 876/177/851 877/801/18 910/802/18 909/179/883
f 909/179/883 910/802/18 943/803/18 942/181/915
f 942/181/915 943/803/18 976/804/18 975/183/947
f 975/183/947 976/804/18 18/805/18 17/185/17
f 33/806/33 25/807/25 58/808/57 66/809/65
f 66/809/65 58/808/57 91/810/89 99/811/97
f 99/811/97 91/810/89 124/812/121 132/813/129
f 132/813/129 124/812/121 157/814/153 165/815/161
f 165/815/161 157/814/153 190/816/185 198/817/193
f 198/817/193 190/816/185 223/818/217 231/819/225
f 231/819/225 223/818/217 256/820/249 264/821/257
f 264/821/257 256/820/249 289/822/281 297/823/289
f 297/823/289 289/822/281 322/824/313 330/825/321
f 330/825/321 322/824/313 355/826/345 363/827/353
f 363/827/353 355/826/345 388/828/377 396/829/385
f 396/829/385 388/828/377 421/830/409 429/831/417
f 429/831/417 421/830/409 454/832/441 462/833/449
f 462/833/449 454/832/441 487/834/473 495/835/481
f 495/835/481 487/834/473 520/836/505 528/837/513
f 528/837/513 520/836/505 553/838/537 561/839/545
f 561/839/545 553/838/537 586/840/569 594/841/577
f 594/841/577 586/840/569 619/842/601 627/843/609
f 627/843/609 619/842/601 652/844/633 660/845/641
f 660/845/641 652/844/633 685/846/665 693/847/673
f 693/847/673 685/846/665 718/848/697 726/849/705
f 726/849/705 718/848/697 751/850/729 759/851/737
f 759/851/737 751/850/729 784/852/761 792/853/769
f 792/853/769 784/852/761 817/854/793 825/855/801
f 825/855/801 817/854/793 850/856/825 858/857/833
f 858/857/833 850/856/825 883/858/857 891/859/865
f 891/859/865 883/858/857 916/860/889 924/861/897
f 924/861/897 916/860/889 949/862/921 957/863/929
f 957/863/929 949/862/921 982/864/953 990/865/961
f 990/865/961 982/864/953 25/866/25 33/867/33
f 26/868/26 6/590/6 40/591/40 59/869/58
f 59/869/58 40/591/40 73/592/72 92/870/90
f 92/870/90 73/592/72 106/593/104 125/871/122
f 125/871/122 106/593/104 139/594/136 158/872/154
f 158/872/154 139/594/136 172/595/168 191/873/186
f 191/873/186 172/595/168 205/596/200 224/874/218
f 224/874/218 205/596/200 238/597/232 257/875/250
f 257/875/250 238/597/232 271/598/264 290/876/282
f 290/876/282 271/598/264 304/599/296 323/877/314
f 323/877/314 304/599/296 337/600/328 356/878/346
f 356/878/346 337/600/328 370/601/360 389/879/378
f 389/879/378 370/601/360 403/602/392 422/880/410
f 422/880/410 403/602/392 436/603/424 455/881/442
f 455/881/442 436/603/424 469/604/456 488/882/474
f 488/882/474 469/604/456 502/605/488 521/883/506
f 521/883/506 502/605/488 535/606/520 554/884/538
f 554/884/538 535/606/520 568/607/552 587/885/570
f 587/885/570 568/607/552 601/608/584 620/886/602
f 620/886/602 601/608/584 634/609/616 653/887/634
f 653/887/634 634/609/616 667/610/648 686/888/666
f 686/888/666 667/610/648 700/611/680 719/889/698
f 719/889/698 700/611/680 733/612/712 752/890/730
f 752/890/730 733/612/712 766/613/744 785/891/762
f 785/891/762 766/613/744 799/614/776 818/892/794
f 818/892/794 799/614/776 832/615/808 851/893/826
f 851/893/826 832/615/808 865/616/840 884/894/858
f 884/894/858 865/616/840 898/617/872 917/895/890
f 917/895/890 898/617/872 931/618/904 950/896/922
f 950/896/922 931/618/904 964/619/936 983/897/954
f 983/897/954 964/619/936 6/620/6 26/898/26
f 27/467/27 26/868/26 59/869/58 60/468/59
f 60/468/59 59/869/58 92/870/90 93/470/91
f 93/470/91 92/870/90 125/871/122 126/472/123
f 126/472/123 125/871/122 158/872/154 159/474/155
f 159/474/155 158/872/154 191/873/186 192/476/187
f 192/476/187 191/873/186 224/874/218 225/478/219
f 225/478/219 224/874/218 257/875/250 258/480/251
f 258/480/251 257/875/250 290/876/282 291/482/283
f 291/482/283 290/876/282 323/877/314 324/484/315
f 324/484/315 323/877/314 356/878/346 357/486/347
f 357/486/347 356/878/346 389/879/378 390/488/379
f 390/488/379 389/879/378 422/880/410 423/490/411
f 423/490/411 422/880/410 455/881/442 456/492/443
f 456/492/443 455/881/442 488/882/474 489/494/475
f 489/494/475 488/882/474 521/883/506 522/496/507
f 522/496/507 521/883/506 554/884/538 555/498/539
f 555/498/539 554/884/538 587/885/570 588/500/571
f 588/500/571 587/885/570 620/886/602 621/502/603
f 621/502/603 620/886/602 653/887/634 654/504/635
f 654/504/635 653/887/634 686/888/666 687/506/667
f 687/506/667 686/888/666 719/889/698 720/508/699
f 720/508/699 719/889/698 752/890/730 753/510/731
f 753/510/731 752/890/730 785/891/762 786/512/763
f 786/512/763 785/891/762 818/892/794 819/514/795
f 819/514/795 818/892/794 851/893/826 852/516/827
f 852/516/827 851/893/826 884/894/858 885/518/859
f 885/518/859 884/894/858 917/895/890 918/520/891
f 918/520/891 917/895/890 950/896/922 951/522/923
f 951/522/923 950/896/922 983/897/954 984/524/955
f 984/524/955 983/897/954 26/898/26 27/526/27
f 28/188/28 8/342/8 42/345/42 61/189/60
f 61/189/60 42/345/42 75/347/74 94/191/92
f 94/191/92 75/347/74 108/349/106 127/193/124
f 127/193/124 108/349/106 141/351/138 160/195/156
f 160/195/156 141/351/138 174/353/170 193/197/188
f 193/197/188 174/353/170 207/355/202 226/199/220
f 226/199/220 207/355/202 240/357/234 259/201/252
f 259/201/252 240/357/234 273/359/266 292/203/284
f 292/203/284 273/359/266 306/361/298 325/205/316
f 325/205/316 306/361/298 339/363/330 358/207/348
f 358/207/348 339/363/330 372/365/362 391/209/380
f 391/209/380 372/365/362 405/367/394 424/211/412
f 424/211/412 405/367/394 438/369/426 457/213/444
f 457/213/444 438/369/426 471/371/458 490/215/476
f 490/215/476 471/371/458 504/373/490 523/217/508
f 523/217/508 504/373/490 537/375/522 556/219/540
f 556/219/540 537/375/522 570/377/554 589/221/572
f 589/221/572 570/377/554 603/379/586 622/223/604
f 622/223/604 603/379/586 636/381/618 655/225/636
f 655/225/636 636/381/618 669/383/650 688/227/668
f 688/227/668 669/383/650 702/385/682 721/229/700
f 721/229/700 702/385/682 735/387/714 754/231/732
f 754/231/732 735/387/714 768/389/746 787/233/764
f 787/233/764 768/389/746 801/391/778 820/235/796
f 820/235/796 801/391/778 834/393/810 853/237/828
f 853/237/828 834/393/810 867/395/842 886/239/860
f 886/239/860 867/395/842 900/397/874 919/241/892
f 919/241/892 900/397/874 933/399/906 952/243/924
f 952/243/924 933/399/906 966/401/938 985/245/956
f 985/245/956 966/401/938 8/403/8 28/247/28
f 29/343/29 31/899/31 64/900/63 62/344/61
f 62/344/61 64/900/63 97/901/95 95/346/93
f 95/346/93 97/901/95 130/902/127 128/348/125
f 128/348/125 130/902/127 163/903/159 161/350/157
f 161/350/157 163/903/159 196/904/191 194/352/189
f 194/352/189 196/904/191 229/905/223 227/354/221
f 227/354/221 229/905/223 262/906/255 260/356/253
f 260/356/253 262/906/255 295/907/287 293/358/285
f 293/358/285 295/907/287 328/908/319 326/360/317
f 326/360/317 328/908/319 361/909/351 359/362/349
f 359/362/349 361/909/351 394/910/383 392/364/381
f 392/364/381 394/910/383 427/911/415 425/366/413
f 425/366/413 427/911/415 460/912/447 458/368/445
f 458/368/445 460/912/447 493/913/479 491/370/477
f 491/370/477 493/913/479 526/914/511 524/372/509
f 524/372/509 526/914/511 559/915/543 557/374/541
f 557/374/541 559/915/543 592/916/575 590/376/573
f 590/376/573 592/916/575 625/917/607 623/378/605
f 623/378/605 625/917/607 658/918/639 656/380/637
f 656/380/637 658/918/639 691/919/671 689/382/669
f 689/382/669 691/919/671 724/920/703 722/384/701
f 722/384/701 724/920/703 757/921/735 755/386/733
f 755/386/733 757/921/735 790/922/767 788/388/765
f 788/388/765 790/922/767 823/923/799 821/390/797
f 821/390/797 823/923/799 856/924/831 854/392/829
f 854/392/829 856/924/831 889/925/863 887/394/861
f 887/394/861 889/925/863 922/926/895 920/396/893
f 920/396/893 922/926/895 955/927/927 953/398/925
f 953/398/925 955/927/927 988/928/959 986/400/957
f 986/400/957 988/928/959 31/929/31 29/402/29
f 15/930/15 16/125/16 50/128/50 49/931/49
f 49/931/49 50/128/50 83/130/82 82/932/81
f 82/932/81 83/130/82 116/132/114 115/933/113
f 115/933/113 116/132/114 149/134/146 148/934/145
f 148/934/145 149/134/146 182/136/178 181/935/177
f 181/935/177 182/136/178 215/138/210 214/936/209
f 214/936/209 215/138/210 248/140/242 247/937/241
f 247/937/241 248/140/242 281/142/274 280/938/273
f 280/938/273 281/142/274 314/144/306 313/939/305
f 313/939/305 314/144/306 347/146/338 346/940/337
f 346/940/337 347/146/338 380/148/370 379/941/369
f 379/941/369 380/148/370 413/150/402 412/942/401
f 412/942/401 413/150/402 446/152/434 445/943/433
f 445/943/433 446/152/434 479/154/466 478/944/465
f 478/944/465 479/154/466 512/156/498 511/945/497
f 511/945/497 512/156/498 545/158/530 544/946/529
f 544/946/529 545/158/530 578/160/562 577/947/561
f 577/947/561 578/160/562 611/162/594 610/948/593
f 610/948/593 611/162/594 644/164/626 643/949/625
f 643/949/625 644/164/626 677/166/658 676/950/657
f 676/950/657 677/166/658 710/168/690 709/951/689
f 709/951/689 710/168/690 743/170/722 742/952/721
f 742/952/721 743/170/722 776/172/754 775/953/753
f 775/953/753 776/172/754 809/174/786 808/954/785
f 808/954/785 809/174/786 842/176/818 841/955/817
f 841/955/817 842/176/818 875/178/850 874/956/849
f 874/956/849 875/178/850 908/180/882 907/957/881
f 907/957/881 908/180/882 941/182/914 940/958/913
f 940/958/913 941/182/914 974/184/946 973/959/945
f 973/959/945 974/184/946 16/186/16 15/960/15
f 3/961/3 15/930/15 49/931/49 37/962/37
f 37/962/37 49/931/49 82/932/81 70/963/69
f 70/963/69 82/932/81 115/933/113 103/964/101
f 103/964/101 115/933/113 148/934/145 136/965/133
f 136/965/133 148/934/145 181/935/177 169/966/165
f 169/966/165 181/935/177 214/936/209 202/967/197
f 202/967/197 214/936/209 247/937/241 235/968/229
f 235/968/229 247/937/241 280/938/273 268/969/261
f 268/969/261 280/938/273 313/939/305 301/970/293
f 301/970/293 313/939/305 346/940/337 334/971/325
f 334/971/325 346/940/337 379/941/369 367/972/357
f 367/972/357 379/941/369 412/942/401 400/973/389
f 400/973/389 412/942/401 445/943/433 433/974/421
f 433/974/421 445/943/433 478/944/465 466/975/453
f 466/975/453 478/944/465 511/945/497 499/976/485
f 499/976/485 511/945/497 544/946/529 532/977/517
f 532/977/517 544/946/529 577/947/561 565/978/549
f 565/978/549 577/947/561 610/948/593 598/979/581
f 598/979/581 610/948/593 643/949/625 631/980/613
f 631/980/613 643/949/625 676/950/657 664/981/645
f 664/981/645 676/950/657 709/951/689 697/982/677
f 697/982/677 709/951/689 742/952/721 730/983/709
f 730/983/709 742/952/721 775/953/753 763/984/741
f 763/984/741 775/953/753 808/954/785 796/985/773
f 796/985/773 808/954/785 841/955/817 829/986/805
f 829/986/805 841/955/817 874/956/849 862/987/837
f 862/987/837 874/956/849 907/957/881 895/988/869
f 895/988/869 907/957/881 940/958/913 928/989/901
f 928/989/901 940/958/913 973/959/945 961/990/933
f 961/990/933 973/959/945 15/960/15 3/991/3
f 25/807/25 24/63/24 57/66/56 58/808/57
f 58/808/57 57/66/56 90/68/88 91/810/89
f 91/810/89 90/68/88 123/70/120 124/812/121
f 124/812/121 123/70/120 156/72/152 157/814/153
f 157/814/153 156/72/152 189/74/184 190/816/185
f 190/816/185 189/74/184 222/76/216 223/818/217
f 223/818/217 222/76/216 255/78/248 256/820/249
f 256/820/249 255/78/248 288/80/280 289/822/281
f 289/822/281 288/80/280 321/82/312 322/824/313
f 322/824/313 321/82/312 354/84/344 355/826/345
f 355/826/345 354/84/344 387/86/376 388/828/377
f 388/828/377 387/86/376 420/88/408 421/830/409
f 421/830/409 420/88/408 453/90/440 454/832/441
f 454/832/441 453/90/440 486/92/472 487/834/473
f 487/834/473 486/92/472 519/94/504 520/836/505
f 520/836/505 519/94/504 552/96/536 553/838/537
f 553/838/537 552/96/536 585/98/568 586/840/569
f 586/840/569 585/98/568 618/100/600 619/842/601
f 619/842/601 618/100/600 651/102/632 652/844/633
f 652/844/633 651/102/632 684/104/664 685/846/665
f 685/846/665 684/104/664 717/106/696 718/848/697
f 718/848/697 717/106/696 750/108/728 751/850/729
f 751/850/729 750/108/728 783/110/760 784/852/761
f 784/852/761 783/110/760 816/112/792 817/854/793
f 817/854/793 816/112/792 849/114/824 850/856/825
f 850/856/825 849/114/824 882/116/856 883/858/857
f 883/858/857 882/116/856 915/118/888 916/860/889
f 916/860/889 915/118/888 948/120/920 949/862/921
f 949/862/921 948/120/920 981/122/952 982/864/953
f 982/864/953 981/122/952 24/124/24 25/866/25
f 1/992/1 3/961/3 37/962/37 35/993/35
f 35/993/35 37/962/37 70/963/69 68/994/67
f 68/994/67 70/963/69 103/964/101 101/995/99
f 101/995/99 103/964/101 136/965/133 134/996/131
f 134/996/131 136/965/133 169/966/165 167/997/163
f 167/997/163 169/966/165 202/967/197 200/998/195
f 200/998/195 202/967/197 235/968/229 233/999/227
f 233/999/227 235/968/229 268/969/261 266/1000/259
f 266/1000/259 268/969/261 301/970/293 299/1001/291
f 299/1001/291 301/970/293 334/971/325 332/1002/323
f 332/1002/323 334/971/325 367/972/357 365/1003/355
f 365/1003/355 367/972/357 400/973/389 398/1004/387
f 398/1004/387 400/973/389 433/974/421 431/1005/419
f 431/1005/419 433/974/421 466/975/453 464/1006/451
f 464/1006/451 466/975/453 499/976/485 497/1007/483
f 497/1007/483 499/976/485 532/977/517 530/1008/515
f 530/1008/515 532/977/517 565/978/549 563/1009/547
f 563/1009/547 565/978/549 598/979/581 596/1010/579
f 596/1010/579 598/979/581 631/980/613 629/1011/611
f 629/1011/611 631/980/613 664/981/645 662/1012/643
f 662/1012/643 664/981/645 697/982/677 695/1013/675
f 695/1013/675 697/982/677 730/983/709 728/1014/707
f 728/1014/707 730/983/709 763/984/741 761/1015/739
f 761/1015/739 763/984/741 796/985/773 794/1016/771
f 794/1016/771 796/985/773 829/986/805 827/1017/803
f 827/1017/803 829/986/805 862/987/837 860/1018/835
f 860/1018/835 862/987/837 895/988/869 893/1019/867
f 893/1019/867 895/988/869 928/989/901 926/1020/899
f 926/1020/899 928/989/901 961/990/933 959/1021/931
f 959/1021/931 961/990/933 3/991/3 1/1022/1
f 30/2/30 32/1023/32 65/1024/64 63/3/62
f 63/3/62 65/1024/64 98/1025/96 96/5/94
f 96/5/94 98/1025/96 131/1026/128 129/7/126
f 129/7/126 131/1026/128 164/1027/160 162/9/158
f 162/9/158 164/1027/160 197/1028/192 195/11/190
f 195/11/190 197/1028/192 230/1029/224 228/13/222
f 228/13/222 230/1029/224 263/1030/256 261/15/254
f 261/15/254 263/1030/256 296/1031/288 294/17/286
f 294/17/286 296/1031/288 329/1032/320 327/19/318
f 327/19/318 329/1032/320 362/1033/352 360/21/350
f 360/21/350 362/1033/352 395/1034/384 393/23/382
f 393/23/382 395/1034/384 428/1035/416 426/25/414
f 426/25/414 428/1035/416 461/1036/448 459/27/446
f 459/27/446 461/1036/448 494/1037/480 492/29/478
f 492/29/478 494/1037/480 527/1038/512 525/31/510
f 525/31/510 527/1038/512 560/1039/544 558/33/542
f 558/33/542 560/1039/544 593/1040/576 591/35/574
f 591/35/574 593/1040/576 626/1041/608 624/37/606
f 624/37/606 626/1041/608 659/1042/640 657/39/638
f 657/39/638 659/1042/640 692/1043/672 690/41/670
f 690/41/670 692/1043/672 725/1044/704 723/43/702
f 723/43/702 725/1044/704 758/1045/736 756/45/734
f 756/45/734 758/1045/736 791/1046/768 789/47/766
f 789/47/766 791/1046/768 824/1047/800 822/49/798
f 822/49/798 824/1047/800 857/1048/832 855/51/830
f 855/51/830 857/1048/832 890/1049/864 888/53/862
f 888/53/862 890/1049/864 923/1050/896 921/55/894
f 921/55/894 923/1050/896 956/1051/928 954/57/926
f 954/57/926 956/1051/928 989/1052/960 987/59/958
f 987/59/958 989/1052/960 32/1053/32 30/61/30
f 31/899/31 2/1/2 36/4/36 64/900/63
f 64/900/63 36/4/36 69/6/68 97/901/95
f 97/901/95 69/6/68 102/8/100 130/902/127
f 130/902/127 102/8/100 135/10/132 163/903/159
f 163/903/159 135/10/132 168/12/164 196/904/191
f 196/904/191 168/12/164 201/14/196 229/905/223
f 229/905/223 201/14/196 234/16/228 262/906/255
f 262/906/255 234/16/228 267/18/260 295/907/287
f 295/907/287 267/18/260 300/20/292 328/908/319
f 328/908/319 300/20/292 333/22/324 361/909/351
f 361/909/351 333/22/324 366/24/356 394/910/383
f 394/910/383 366/24/356 399/26/388 427/911/415
f 427/911/415 399/26/388 432/28/420 460/912/447
f 460/912/447 432/28/420 465/30/452 493/913/479
f 493/913/479 465/30/452 498/32/484 526/914/511
f 526/914/511 498/32/484 531/34/516 559/915/543
f 559/915/543 531/34/516 564/36/548 592/916/575
f 592/916/575 564/36/548 597/38/580 625/917/607
f 625/917/607 597/38/580 630/40/612 658/918/639
f 658/918/639 630/40/612 663/42/644 691/919/671
f 691/919/671 663/42/644 696/44/676 724/920/703
f 724/920/703 696/44/676 729/46/708 757/921/735
f 757/921/735 729/46/708 762/48/740 790/922/767
f 790/922/767 762/48/740 795/50/772 823/923/799
f 823/923/799 795/50/772 828/52/804 856/924/831
f 856/924/831 828/52/804 861/54/836 889/925/863
f 889/925/863 861/54/836 894/56/868 922/926/895
f 922/926/895 894/56/868 927/58/900 955/927/927
f 955/927/927 927/58/900 960/60/932 988/928/959
f 988/928/959 960/60/932 2/62/2 31/929/31
f 32/1023/32 1/992/1 35/993/35 65/1024/64
f 65/1024/64 35/993/35 68/994/67 98/1025/96
f 98/1025/96 68/994/67 101/995/99 131/1026/128
f 131/1026/128 101/995/99 134/996/131 164/1027/160
f 164/1027/160 134/996/131 167/997/163 197/1028/192
f 197/1028/192 167/997/163 200/998/195 230/1029/224
f 230/1029/224 200/998/195 233/999/227 263/1030/256
f 263/1030/256 233/999/227 266/1000/259 296/1031/288
f 296/1031/288 266/1000/259 299/1001/291 329/1032/320
f 329/1032/320 299/1001/291 332/1002/323 362/1033/352
f 362/1033/352 332/1002/323 365/1003/355 395/1034/384
f 395/1034/384 365/1003/355 398/1004/387 428/1035/416
f 428/1035/416 398/1004/387 431/1005/419 461/1036/448
f 461/1036/448 431/1005/419 464/1006/451 494/1037/480
f 494/1037/480 464/1006/451 497/1007/483 527/1038/512
f 527/1038/512 497/1007/483 530/1008/515 560/1039/544
f 560/1039/544 530/1008/515 563/1009/547 593/1040/576
f 593/1040/576 563/1009/547 596/1010/579 626/1041/608
f 626/1041/608 596/1010/579 629/1011/611 659/1042/640
f 659/1042/640 629/1011/611 662/1012/643 692/1043/672
f 692/1043/672 662/1012/643 695/1013/675 725/1044/704
f 725/1044/704 695/1013/675 728/1014/707 758/1045/736
f 758/1045/736 728/1014/707 761/1015/739 791/1046/768
f 791/1046/768 761/1015/739 794/1016/771 824/1047/800
f 824/1047/800 794/1016/771 827/1017/803 857/1048/832
f 857/1048/832 827/1017/803 860/1018/835 890/1049/864
f 890/1049/864 860/1018/835 893/1019/867 923/1050/896
f 923/1050/896 893/1019/867 926/1020/899 956/1051/928
f 956/1051/928 926/1020/899 959/1021/931 989/1052/960
f 989/1052/960 959/1021/931 1/1022/1 32/1053/32
f 4/653/4 33/806/33 66/809/65 38/654/38
f 38/654/38 66/809/65 99/811/97 71/656/70
f 71/656/70 99/811/97 132/813/129 104/658/102
f 104/658/102 132/813/129 165/815/161 137/660/134
f 137/660/134 165/815/161 198/817/193 170/662/166
f 170/662/166 198/817/193 231/819/225 203/664/198
f 203/664/198 231/819/225 264/821/257 236/666/230
f 236/666/230 264/821/257 297/823/289 269/668/262
f 269/668/262 297/823/289 330/825/321 302/670/294
f 302/670/294 330/825/321 363/827/353 335/672/326
f 335/672/326 363/827/353 396/829/385 368/674/358
f 368/674/358 396/829/385 429/831/417 401/676/390
f 401/676/390 429/831/417 462/833/449 434/678/422
f 434/678/422 462/833/449 495/835/481 467/680/454
f 467/680/454 495/835/481 528/837/513 500/682/486
f 500/682/486 528/837/513 561/839/545 533/684/518
f 533/684/518 561/839/545 594/841/577 566/686/550
f 566/686/550 594/841/577 627/843/609 599/688/582
f 599/688/582 627/843/609 660/845/641 632/690/614
f 632/690/614 660/845/641 693/847/673 665/692/646
f 665/692/646 693/847/673 726/849/705 698/694/678
f 698/694/678 726/849/705 759/851/737 731/696/710
f 731/696/710 759/851/737 792/853/769 764/698/742
f 764/698/742 792/853/769 825/855/801 797/700/774
f 797/700/774 825/855/801 858/857/833 830/702/806
f 830/702/806 858/857/833 891/859/865 863/704/838
f 863/704/838 891/859/865 924/861/897 896/706/870
f 896/706/870 924/861/897 957/863/929 929/708/902
f 929/708/902 957/863/929 990/865/961 962/710/934
f 962/710/934 990/865/961 33/867/33 4/712/4
f 20/715/20 34/652/34 67/655/66 53/716/52
f 53/716/52 67/655/66 100/657/98 86/718/84
f 86/718/84 100/657/98 133/659/130 119/720/116
f 119/720/116 133/659/130 166/661/162 152/722/148
f 152/722/148 166/661/162 199/663/194 185/724/180
f 185/724/180 199/663/194 232/665/226 218/726/212
f 218/726/212 232/665/226 265/667/258 251/728/244
f 251/728/244 265/667/258 298/669/290 284/730/276
f 284/730/276 298/669/290 331/671/322 317/732/308
f 317/732/308 331/671/322 364/673/354 350/734/340
f 350/734/340 364/673/354 397/675/386 383/736/372
f 383/736/372 397/675/386 430/677/418 416/738/404
f 416/738/404 430/677/418 463/679/450 449/740/436
f 449/740/436 463/679/450 496/681/482 482/742/468
f 482/742/468 496/681/482 529/683/514 515/744/500
f 515/744/500 529/683/514 562/685/546 548/746/532
f 548/746/532 562/685/546 595/687/578 581/748/564
f 581/748/564 595/687/578 628/689/610 614/750/596
f 614/750/596 628/689/610 661/691/642 647/752/628
f 647/752/628 661/691/642 694/693/674 680/754/660
f 680/754/660 694/693/674 727/695/706 713/756/692
f 713/756/692 727/695/706 760/697/738 746/758/724
f 746/758/724 760/697/738 793/699/770 779/760/756
f 779/760/756 793/699/770 826/701/802 812/762/788
f 812/762/788 826/701/802 859/703/834 845/764/820
f 845/764/820 859/703/834 892/705/866 878/766/852
f 878/766/852 892/705/866 925/707/898 911/768/884
f 911/768/884 925/707/898 958/709/930 944/770/916
f 944/770/916 958/709/930 991/711/962 977/772/948
f 977/772/948 991/711/962 34/713/34 20/774/20
