# Blender 4.2.0
# www.blender.org
mtllib topbun.mtl
o pain
v -0.229960 1.419339 1.119465
v -0.450603 1.418087 1.060486
v -0.449130 1.400590 1.057162
v -0.229214 1.401689 1.115848
v -0.448170 1.386605 1.054358
v -0.228742 1.387603 1.112639
v -0.652614 1.415764 0.962675
v -0.650448 1.398423 0.959794
v -0.648970 1.384544 0.957542
v -0.000000 1.443164 1.143432
v -0.230928 1.442696 1.123597
v -0.000000 1.419713 1.139213
v -0.000000 1.401995 1.135490
v -0.000000 1.387864 1.132123
v -0.228594 1.374938 1.109730
v -0.000000 1.375174 1.128973
v -0.447812 1.373996 1.052046
v -0.648279 1.371994 0.955981
v -0.821827 1.381094 0.822452
v -0.820621 1.368582 0.821599
v -0.823870 1.394916 0.824106
v -0.826677 1.412176 0.826429
v -0.655369 1.438698 0.966124
v -0.830175 1.435002 0.829290
v -0.452502 1.441235 1.064360
v -0.189568 2.134510 0.923436
v -0.178384 2.198231 0.855690
v -0.349318 2.195416 0.805843
v -0.371933 2.132821 0.870120
v -0.505568 2.191055 0.726762
v -0.539918 2.130131 0.783925
v -0.170166 2.258661 0.768337
v -0.331438 2.252806 0.724799
v -0.475036 2.243837 0.658955
v -0.000000 2.068914 0.996203
v -0.000000 2.135088 0.941706
v -0.201139 2.068354 0.977477
v -0.394554 2.066738 0.922365
v -0.572523 2.064161 0.832463
v -0.686457 2.126731 0.666745
v -0.727323 2.060721 0.709367
v -0.640774 2.186900 0.619413
v -0.593226 2.237050 0.570393
v -0.462157 2.286787 0.572666
v -0.554281 2.270431 0.530396
v -0.325609 2.303952 0.620030
v -0.167816 2.315035 0.655200
v -0.000000 2.260584 0.784248
v -0.000000 2.318794 0.668819
v -0.000000 2.199163 0.873132
v -0.973667 1.460164 0.658136
v -0.978425 1.496498 0.660326
v -1.079799 1.491217 0.456188
v -1.074527 1.454641 0.454995
v -1.141369 1.485404 0.232769
v -1.135781 1.448588 0.232662
v -0.982560 1.537725 0.661922
v -1.084417 1.532661 0.456922
v -1.146296 1.527063 0.232575
v -0.834207 1.464937 0.832487
v -0.968959 1.430137 0.655786
v -1.069329 1.424387 0.453634
v -1.130284 1.418109 0.232382
v -1.156423 1.442193 -0.003739
v -1.150824 1.411625 -0.003568
v -1.162119 1.479107 -0.003946
v -1.167153 1.520856 -0.004180
v -1.149807 1.572071 0.231951
v -1.170764 1.565929 -0.004433
v -1.087658 1.577519 0.456906
v -0.985399 1.582433 0.662490
v -0.841767 1.542311 0.837895
v -0.844114 1.586959 0.839005
v -0.838267 1.501172 0.835539
v -1.044591 1.305127 0.225451
v -0.994893 1.307931 0.220627
v -0.948660 1.316085 0.424946
v -0.993955 1.313157 0.435940
v -0.869658 1.323396 0.606715
v -0.907608 1.320599 0.626087
v -0.916802 1.317961 0.216783
v -0.877190 1.324964 0.414407
v -0.810921 1.330429 0.583996
v -1.092497 1.300767 -0.002946
v -1.061121 1.297217 -0.002926
v -1.074914 1.308094 0.229588
v -1.021415 1.315505 0.444523
v -0.930877 1.322363 0.639445
v -0.783786 1.326738 0.786051
v -0.802174 1.327978 0.804360
v -0.754992 1.329613 0.757193
v -0.714887 1.335415 0.716882
v -0.722143 1.341836 0.573251
v -0.675425 1.341851 0.677183
v -0.769896 1.340684 0.411278
v -0.801136 1.336698 0.216093
v -0.930006 1.309559 -0.002995
v -0.811976 1.329083 -0.003105
v -1.010006 1.299542 -0.002939
v 0.173032 2.365892 0.512424
v 0.336592 2.347634 0.486511
v 0.356323 2.381221 0.329178
v 0.182363 2.406934 0.345730
v 0.374138 2.401689 0.155627
v 0.191150 2.433143 0.163255
v 0.481204 2.319435 0.455739
v 0.513638 2.342797 0.311168
v 0.540824 2.355836 0.147917
v 0.167816 2.315035 0.655200
v -0.000000 2.372358 0.523047
v -0.000000 2.416315 0.352878
v -0.000000 2.444823 0.166694
v 0.195031 2.439611 -0.009334
v -0.000000 2.452168 -0.009404
v 0.381778 2.405988 -0.009145
v 0.551958 2.357366 -0.008872
v 0.683147 2.300947 0.144537
v 0.697287 2.299815 -0.008549
v 0.646710 2.295180 0.302086
v 0.597788 2.283083 0.438435
v 0.462157 2.286787 0.572666
v 0.554281 2.270431 0.530396
v 0.325610 2.303952 0.620030
v -0.481204 2.319435 0.455739
v -0.336592 2.347634 0.486511
v -0.356324 2.381221 0.329178
v -0.513638 2.342797 0.311168
v -0.374138 2.401689 0.155627
v -0.540824 2.355836 0.147917
v -0.173032 2.365892 0.512424
v -0.182363 2.406934 0.345730
v -0.191150 2.433143 0.163255
v -0.597788 2.283083 0.438435
v -0.646710 2.295181 0.302086
v -0.683147 2.300947 0.144537
v -0.551958 2.357366 -0.008872
v -0.697287 2.299815 -0.008549
v -0.381778 2.405988 -0.009145
v -0.195031 2.439611 -0.009334
v 0.948090 2.113775 0.171814
v 0.881691 2.179005 0.158788
v 0.830457 2.182275 0.329473
v 0.893307 2.118579 0.353913
v 0.749665 2.184390 0.485198
v 0.805294 2.122886 0.521302
v 0.795460 2.241568 0.148735
v 0.750612 2.241356 0.309774
v 0.683167 2.238155 0.452982
v 1.019987 2.041058 -0.007098
v 0.966963 2.108696 -0.007477
v 1.000628 2.046498 0.185249
v 0.943975 2.051730 0.378386
v 0.852162 2.056527 0.555725
v 0.686457 2.126731 0.666745
v 0.727323 2.060722 0.709367
v 0.640774 2.186900 0.619413
v 0.593226 2.237050 0.570393
v 0.811913 2.238457 -0.008205
v 0.899705 2.174623 -0.007847
v 0.658550 1.468767 0.969984
v 0.661746 1.505144 0.973721
v 0.456900 1.508232 1.072925
v 0.454698 1.471571 1.068694
v 0.233171 1.510233 1.132746
v 0.232048 1.473294 1.128214
v 0.664483 1.546409 0.976701
v 0.458778 1.549751 1.076373
v 0.234126 1.552000 1.136487
v 0.830175 1.435002 0.829290
v 0.834207 1.464937 0.832487
v 0.655369 1.438698 0.966124
v 0.452502 1.441235 1.064360
v 0.230928 1.442696 1.123597
v -0.000000 1.473881 1.148143
v -0.000000 1.510945 1.152777
v -0.000000 1.552825 1.156619
v 0.234743 1.597087 1.138730
v -0.000000 1.597989 1.158958
v 0.460001 1.594664 1.078355
v 0.666286 1.591146 0.978293
v 0.841767 1.542311 0.837895
v 0.844114 1.586958 0.839005
v 0.838267 1.501172 0.835539
v 0.907608 1.324076 0.625991
v 0.869658 1.328852 0.606565
v 0.948660 1.324415 0.424716
v 0.993955 1.318598 0.435789
v 0.994893 1.319211 0.220316
v 1.044591 1.312540 0.225246
v 0.810921 1.337742 0.583794
v 0.877190 1.335714 0.414110
v 0.916802 1.332381 0.216385
v 0.802174 1.328936 0.804333
v 0.783786 1.328591 0.786000
v 0.930877 1.324189 0.639394
v 1.021415 1.318377 0.444443
v 1.074914 1.312015 0.229480
v 1.061121 1.306271 -0.002977
v 1.092497 1.305557 -0.002973
v 1.010006 1.313310 -0.003016
v 0.930006 1.327144 -0.003094
v 0.801136 1.352415 0.215660
v 0.811976 1.348239 -0.003212
v 0.769896 1.352455 0.410953
v 0.722143 1.350019 0.573025
v 0.714887 1.339988 0.716755
v 0.675425 1.347597 0.677024
v 0.754992 1.332705 0.757108
v 0.229863 1.424528 0.231515
v 0.447846 1.404809 0.225857
v 0.434588 1.395018 0.435564
v 0.223739 1.410939 0.448075
v 0.418400 1.379235 0.620149
v 0.216818 1.390093 0.641180
v 0.642130 1.378461 0.219562
v 0.620136 1.373722 0.420321
v 0.590335 1.364685 0.591496
v -0.000000 1.430421 -0.003673
v 0.232479 1.424266 -0.003639
v -0.000000 1.430682 0.233994
v -0.000000 1.416025 0.453120
v -0.000000 1.393604 0.648926
v 0.212290 1.368516 0.799295
v -0.000000 1.370521 0.809658
v 0.408137 1.362339 0.769197
v 0.570849 1.354150 0.722762
v 0.650261 1.375750 -0.003366
v 0.453164 1.403568 -0.003522
v -0.642130 1.364102 0.219958
v -0.447846 1.394019 0.226155
v -0.434588 1.387048 0.435784
v -0.620136 1.363017 0.420616
v -0.418400 1.374007 0.620293
v -0.590335 1.357400 0.591697
v -0.229863 1.418768 0.231674
v -0.223739 1.406711 0.448191
v -0.216818 1.387385 0.641255
v -0.650261 1.358240 -0.003268
v -0.570849 1.349592 0.722888
v -0.408137 1.359366 0.769279
v -0.212290 1.367067 0.799335
v -0.232479 1.417232 -0.003599
v -0.453164 1.390398 -0.003449
v 0.220879 1.335060 1.041553
v 0.216121 1.340503 0.992103
v 0.420845 1.338833 0.947334
v 0.431728 1.333955 0.992473
v 0.603334 1.336123 0.870130
v 0.622590 1.331858 0.908055
v 0.212522 1.351637 0.914375
v 0.410641 1.348459 0.876080
v 0.580952 1.344021 0.811384
v -0.000000 1.335518 1.088566
v -0.000000 1.335374 1.057444
v 0.225099 1.335248 1.071642
v 0.440375 1.334249 1.019750
v 0.636008 1.332239 0.931207
v -0.000000 1.352657 0.927029
v -0.000000 1.341015 1.006611
v -0.622590 1.331048 0.908077
v -0.603334 1.334589 0.870172
v -0.420845 1.338179 0.947352
v -0.431728 1.333690 0.992480
v -0.216121 1.340286 0.992109
v -0.220879 1.335010 1.041554
v -0.580952 1.341292 0.811459
v -0.410641 1.346973 0.876121
v -0.212522 1.350997 0.914393
v -0.636008 1.331835 0.931218
v -0.440375 1.334129 1.019753
v -0.225099 1.335233 1.071643
v 0.660211 1.741833 0.966217
v 0.455669 1.745280 1.066120
v 0.458931 1.691823 1.074435
v 0.664857 1.688272 0.974133
v 0.460208 1.641882 1.078096
v 0.666640 1.638298 0.977785
v 0.232493 1.747638 1.126565
v 0.234173 1.694281 1.135055
v 0.234839 1.644370 1.138664
v 0.826527 1.795710 0.815688
v 0.651974 1.799752 0.952913
v 0.836802 1.737693 0.827544
v 0.842537 1.684069 0.834748
v 0.844663 1.634078 0.838251
v -0.000000 1.645301 1.158969
v -0.000000 1.695198 1.155395
v -0.000000 1.748512 1.146866
v 0.229546 1.805263 1.111855
v -0.000000 1.806075 1.132014
v 0.449926 1.803046 1.051895
v -0.977460 1.733172 0.652260
v -1.079545 1.728239 0.448417
v -1.086418 1.674684 0.453156
v -0.983919 1.679560 0.658381
v -1.088709 1.624715 0.455812
v -0.986197 1.629574 0.661542
v -1.141752 1.722781 0.225543
v -1.148813 1.669276 0.228699
v -1.151056 1.619322 0.230743
v -0.826527 1.795710 0.815688
v -0.965713 1.791186 0.642429
v -0.836802 1.737693 0.827544
v -0.842537 1.684070 0.834748
v -0.844663 1.634078 0.838251
v -1.172093 1.613212 -0.004698
v -1.169883 1.663178 -0.004979
v -1.162778 1.716695 -0.005279
v -1.128549 1.780686 0.220997
v -1.149424 1.774633 -0.005604
v -1.066850 1.786194 0.441075
v 1.125476 1.394857 0.232055
v 1.064792 1.401310 0.452372
v 1.060963 1.383878 0.451380
v 1.121343 1.377300 0.231794
v 1.057751 1.369955 0.450805
v 1.117717 1.363301 0.231708
v 0.964862 1.407239 0.653666
v 0.961488 1.389931 0.651979
v 0.958840 1.376084 0.650886
v 1.150824 1.411625 -0.003568
v 1.130284 1.418109 0.232382
v 1.145924 1.388304 -0.003437
v 1.141681 1.370700 -0.003338
v 1.137894 1.356670 -0.003259
v 1.114430 1.350721 0.231907
v 1.134360 1.344074 -0.003189
v 1.055067 1.357408 0.450794
v 0.956917 1.363568 0.650544
v 0.821827 1.381094 0.822452
v 0.820621 1.368582 0.821599
v 0.823870 1.394916 0.824106
v 0.826677 1.412176 0.826429
v 0.968959 1.430137 0.655786
v 1.069329 1.424386 0.453634
v -0.683167 2.238155 0.452982
v -0.750612 2.241357 0.309774
v -0.830458 2.182275 0.329473
v -0.749665 2.184390 0.485198
v -0.893307 2.118579 0.353913
v -0.805294 2.122886 0.521303
v -0.795460 2.241568 0.148735
v -0.881691 2.179005 0.158788
v -0.948090 2.113774 0.171814
v -0.852163 2.056527 0.555725
v -0.943975 2.051730 0.378386
v -1.000628 2.046498 0.185249
v -0.966963 2.108696 -0.007478
v -1.019987 2.041058 -0.007098
v -0.899705 2.174623 -0.007847
v -0.811913 2.238457 -0.008205
v 0.475036 2.243837 0.658955
v 0.331438 2.252806 0.724799
v 0.349318 2.195416 0.805843
v 0.505568 2.191055 0.726762
v 0.371933 2.132820 0.870120
v 0.539918 2.130131 0.783925
v 0.170166 2.258661 0.768337
v 0.178384 2.198231 0.855690
v 0.189568 2.134510 0.923436
v 0.572523 2.064161 0.832463
v 0.394554 2.066738 0.922365
v 0.201139 2.068354 0.977477
v 1.108079 1.843422 0.214814
v 1.080018 1.909744 0.206863
v 1.020401 1.915240 0.416889
v 1.047264 1.848949 0.430658
v 0.922987 1.920248 0.609231
v 0.947705 1.853970 0.628214
v 1.044242 1.977990 0.197042
v 0.986044 1.983392 0.399541
v 0.891244 1.988329 0.585172
v 1.149424 1.774633 -0.005604
v 1.128677 1.837440 -0.005956
v 1.128549 1.780686 0.220997
v 1.066850 1.786194 0.441075
v 0.965713 1.791186 0.642429
v 0.810871 1.858469 0.798332
v 0.789367 1.924686 0.775045
v 0.761642 1.992669 0.745499
v 1.064041 1.972307 -0.006712
v 1.100244 1.903882 -0.006329
v -0.225094 1.867561 1.089796
v -0.218975 1.933283 1.060099
v -0.429296 1.931386 1.002143
v -0.441238 1.865502 1.030687
v -0.622311 1.928456 0.906788
v -0.639480 1.862385 0.933241
v -0.211039 2.000768 1.022686
v -0.413826 1.999023 0.966093
v -0.600111 1.996278 0.873285
v -0.000000 1.868304 1.109693
v -0.229546 1.805263 1.111855
v -0.449926 1.803046 1.051895
v -0.651974 1.799752 0.952913
v -0.810871 1.858469 0.798332
v -0.789367 1.924687 0.775045
v -0.761642 1.992669 0.745499
v -0.000000 2.001379 1.041825
v -0.000000 1.933958 1.079642
v 1.146296 1.527063 0.232575
v 1.084417 1.532661 0.456922
v 1.079799 1.491217 0.456188
v 1.141369 1.485404 0.232769
v 1.074527 1.454641 0.454995
v 1.135781 1.448588 0.232662
v 0.982560 1.537725 0.661922
v 0.978425 1.496498 0.660326
v 0.973667 1.460164 0.658135
v 1.170764 1.565929 -0.004433
v 1.149807 1.572071 0.231951
v 1.167153 1.520856 -0.004180
v 1.162119 1.479107 -0.003946
v 1.156423 1.442193 -0.003739
v 0.985399 1.582433 0.662490
v 1.087658 1.577519 0.456906
v 0.648970 1.384544 0.957542
v 0.650448 1.398423 0.959794
v 0.449130 1.400590 1.057162
v 0.448170 1.386605 1.054358
v 0.229214 1.401689 1.115848
v 0.228742 1.387604 1.112639
v 0.652614 1.415764 0.962675
v 0.450603 1.418087 1.060486
v 0.229960 1.419339 1.119465
v 0.648279 1.371994 0.955981
v 0.447812 1.373996 1.052046
v 0.228594 1.374938 1.109730
v -0.958840 1.376084 0.650886
v -0.961488 1.389931 0.651980
v -1.060963 1.383878 0.451380
v -1.057751 1.369955 0.450805
v -1.121343 1.377300 0.231794
v -1.117717 1.363301 0.231708
v -0.964862 1.407239 0.653665
v -1.064792 1.401310 0.452372
v -1.125476 1.394857 0.232055
v -0.956917 1.363568 0.650544
v -1.055068 1.357408 0.450794
v -1.114430 1.350721 0.231907
v -1.137894 1.356670 -0.003259
v -1.134360 1.344074 -0.003189
v -1.141681 1.370700 -0.003338
v -1.145924 1.388304 -0.003437
v -0.234126 1.552000 1.136487
v -0.458778 1.549750 1.076373
v -0.456900 1.508231 1.072925
v -0.233171 1.510233 1.132746
v -0.454698 1.471571 1.068694
v -0.232048 1.473294 1.128214
v -0.664483 1.546409 0.976701
v -0.661746 1.505144 0.973721
v -0.658550 1.468767 0.969984
v -0.234743 1.597087 1.138730
v -0.666286 1.591146 0.978293
v -0.460001 1.594664 1.078355
v -0.234839 1.644370 1.138664
v -0.234173 1.694280 1.135055
v -0.458931 1.691823 1.074435
v -0.460208 1.641882 1.078096
v -0.664857 1.688271 0.974133
v -0.666640 1.638298 0.977785
v -0.232493 1.747638 1.126565
v -0.455669 1.745280 1.066120
v -0.660211 1.741833 0.966217
v 1.151057 1.619322 0.230743
v 1.148813 1.669276 0.228699
v 1.086418 1.674684 0.453156
v 1.088709 1.624715 0.455812
v 0.983919 1.679561 0.658381
v 0.986197 1.629574 0.661541
v 1.141753 1.722781 0.225543
v 1.079545 1.728239 0.448417
v 0.977460 1.733172 0.652259
v 1.172093 1.613212 -0.004698
v 1.162778 1.716695 -0.005279
v 1.169883 1.663178 -0.004979
v -0.891244 1.988329 0.585172
v -0.986044 1.983393 0.399541
v -1.020401 1.915240 0.416889
v -0.922987 1.920247 0.609231
v -1.047264 1.848948 0.430658
v -0.947704 1.853971 0.628214
v -1.044242 1.977991 0.197042
v -1.080018 1.909744 0.206863
v -1.108079 1.843422 0.214814
v -1.128677 1.837440 -0.005956
v -1.100244 1.903883 -0.006329
v -1.064041 1.972307 -0.006713
v 0.600111 1.996278 0.873285
v 0.413826 1.999022 0.966093
v 0.429296 1.931386 1.002143
v 0.622311 1.928456 0.906788
v 0.441238 1.865502 1.030687
v 0.639480 1.862385 0.933241
v 0.211039 2.000768 1.022686
v 0.218975 1.933283 1.060099
v 0.225094 1.867561 1.089795
v -0.648173 1.359257 0.954754
v -0.647237 1.347278 0.951843
v -0.447529 1.349296 1.045357
v -0.447928 1.361241 1.049768
v -0.228576 1.350247 1.100974
v -0.228707 1.362169 1.106590
v -0.643754 1.337617 0.944809
v -0.445413 1.339735 1.036217
v -0.227579 1.340745 1.090215
v -0.819957 1.355858 0.821296
v -0.000000 1.362398 1.125474
v -0.000000 1.350485 1.119365
v -0.000000 1.341003 1.107958
v -0.812858 1.334036 0.814839
v -0.818078 1.343836 0.819764
v 0.228707 1.362169 1.106590
v 0.228576 1.350249 1.100974
v 0.447529 1.349311 1.045356
v 0.447928 1.361243 1.049768
v 0.647237 1.347328 0.951841
v 0.648173 1.359263 0.954754
v 0.227579 1.340751 1.090215
v 0.445413 1.339785 1.036215
v 0.643755 1.337787 0.944804
v 0.819957 1.355873 0.821296
v 0.818078 1.343956 0.819761
v 0.812858 1.334440 0.814828
v 0.955320 1.350878 0.650793
v 0.952048 1.339006 0.650191
v 1.047624 1.332920 0.451190
v 1.052409 1.344731 0.451261
v 1.104899 1.326292 0.232563
v 1.110900 1.338051 0.232370
v 0.944701 1.329571 0.646978
v 1.038147 1.323595 0.449334
v 1.093784 1.317070 0.231821
v 1.130470 1.331403 -0.003118
v 1.123970 1.319665 -0.003052
v 1.112199 1.310503 -0.003000
v -1.110900 1.337990 0.232372
v -1.104899 1.325802 0.232577
v -1.047623 1.332561 0.451200
v -1.052409 1.344687 0.451262
v -0.952048 1.338778 0.650197
v -0.955320 1.350849 0.650793
v -1.093784 1.315416 0.231867
v -1.038147 1.322383 0.449367
v -0.944701 1.328801 0.646999
v -1.130469 1.331328 -0.003117
v -1.112199 1.308483 -0.002989
v -1.123970 1.319067 -0.003049
v -0.229960 1.406741 -1.126616
v -0.229214 1.389133 -1.122801
v -0.449130 1.388692 -1.064107
v -0.450603 1.406151 -1.067627
v -0.228742 1.375084 -1.119434
v -0.448170 1.374739 -1.061146
v -0.650448 1.387617 -0.966721
v -0.652614 1.404925 -0.969796
v -0.648970 1.373764 -0.964313
v -0.000000 1.430295 -1.150849
v -0.000000 1.406893 -1.146367
v -0.230928 1.430050 -1.131009
v -0.000000 1.389218 -1.142446
v -0.000000 1.375126 -1.138921
v -0.000000 1.362472 -1.135628
v -0.228594 1.362452 -1.116384
v -0.447812 1.362156 -1.058693
v -0.648279 1.361233 -0.962611
v -0.820621 1.359328 -0.828199
v -0.821827 1.371830 -0.829192
v -0.823870 1.385632 -0.831001
v -0.826677 1.402865 -0.833518
v -0.655369 1.427819 -0.973502
v -0.830175 1.425658 -0.836635
v -0.452502 1.429254 -1.071760
v -0.189568 2.124066 -0.938622
v -0.371933 2.122974 -0.885290
v -0.349318 2.186288 -0.821720
v -0.178384 2.188542 -0.871595
v -0.539918 2.121252 -0.799070
v -0.505568 2.182813 -0.742595
v -0.331438 2.244583 -0.741325
v -0.170166 2.249949 -0.784926
v -0.475036 2.236353 -0.675384
v -0.000000 2.057658 -1.010648
v -0.201139 2.057308 -0.991918
v -0.000000 2.124439 -0.956897
v -0.394554 2.056310 -0.936791
v -0.572523 2.054742 -0.846866
v -0.727323 2.052683 -0.723739
v -0.686457 2.119167 -0.681860
v -0.640774 2.179862 -0.635206
v -0.593226 2.230560 -0.586752
v -0.554281 2.264388 -0.547131
v -0.462157 2.280268 -0.589582
v -0.325609 2.296901 -0.637136
v -0.167816 2.307588 -0.672428
v -0.000000 2.251693 -0.800857
v -0.000000 2.311195 -0.686088
v -0.000000 2.189280 -0.889047
v -0.973667 1.452738 -0.665774
v -1.074527 1.449494 -0.462584
v -1.079799 1.486055 -0.464187
v -0.978425 1.489045 -0.668372
v -1.135781 1.445936 -0.240197
v -1.141369 1.482749 -0.240718
v -1.084417 1.527488 -0.465386
v -0.982560 1.530252 -0.670430
v -1.146296 1.524407 -0.240991
v -0.968959 1.422739 -0.663087
v -0.834207 1.455556 -0.840168
v -1.069329 1.419257 -0.460884
v -1.130284 1.415462 -0.239576
v -1.149807 1.569419 -0.240871
v -1.087658 1.572343 -0.465874
v -0.985399 1.574951 -0.671499
v -0.841767 1.532864 -0.846443
v -0.844114 1.577496 -0.848054
v -0.838267 1.491754 -0.843626
v -1.044591 1.302565 -0.231377
v -0.993955 1.308233 -0.441943
v -0.948660 1.311284 -0.430983
v -0.994893 1.305423 -0.226585
v -0.907608 1.313541 -0.632161
v -0.869658 1.316555 -0.612823
v -0.877190 1.320281 -0.420544
v -0.916802 1.315495 -0.222853
v -0.810921 1.323843 -0.590183
v -1.074914 1.305485 -0.235547
v -1.021415 1.310484 -0.450552
v -0.930877 1.315156 -0.645539
v -0.802174 1.318920 -0.810506
v -0.783786 1.317886 -0.792185
v -0.754992 1.321084 -0.763360
v -0.714887 1.327338 -0.723117
v -0.675425 1.334219 -0.683493
v -0.722143 1.335370 -0.579567
v -0.769896 1.336035 -0.417592
v -0.801136 1.334239 -0.222374
v 0.173032 2.360044 -0.530231
v 0.182363 2.402953 -0.364008
v 0.356323 2.377427 -0.347169
v 0.336592 2.342078 -0.504115
v 0.191150 2.431207 -0.181839
v 0.374138 2.399841 -0.173858
v 0.513638 2.339207 -0.328729
v 0.481204 2.314226 -0.473029
v 0.540824 2.354078 -0.165634
v -0.000000 2.366390 -0.540926
v 0.167816 2.307588 -0.672428
v -0.000000 2.412253 -0.371261
v -0.000000 2.442848 -0.185408
v 0.683147 2.299229 -0.161639
v 0.646710 2.291696 -0.319113
v 0.597788 2.278070 -0.455318
v 0.462157 2.280268 -0.589582
v 0.554281 2.264388 -0.547131
v 0.325610 2.296901 -0.637136
v -0.481204 2.314226 -0.473029
v -0.513638 2.339208 -0.328729
v -0.356324 2.377427 -0.347168
v -0.336592 2.342078 -0.504115
v -0.540824 2.354078 -0.165634
v -0.374138 2.399841 -0.173858
v -0.182363 2.402953 -0.364008
v -0.173032 2.360044 -0.530231
v -0.191150 2.431207 -0.181839
v -0.597788 2.278070 -0.455318
v -0.646710 2.291696 -0.319113
v -0.683147 2.299229 -0.161639
v 0.948090 2.111763 -0.186815
v 0.893307 2.114525 -0.368956
v 0.830457 2.178490 -0.345232
v 0.881691 2.177135 -0.174522
v 0.805294 2.116953 -0.536383
v 0.749665 2.178859 -0.500971
v 0.750612 2.237789 -0.326197
v 0.795460 2.239807 -0.165171
v 0.683167 2.232981 -0.469360
v 1.000628 2.044340 -0.199495
v 0.943975 2.047405 -0.392677
v 0.852162 2.050212 -0.570059
v 0.727323 2.052683 -0.723739
v 0.686457 2.119167 -0.681860
v 0.640774 2.179862 -0.635206
v 0.593226 2.230560 -0.586752
v 0.658550 1.457843 -0.977699
v 0.454698 1.459539 -1.076434
v 0.456900 1.496150 -1.081077
v 0.661746 1.494175 -0.981844
v 0.232048 1.460594 -1.135970
v 0.233171 1.497480 -1.140916
v 0.458778 1.537628 -1.084990
v 0.664483 1.535405 -0.985286
v 0.234126 1.539203 -1.145125
v 0.830175 1.425658 -0.836635
v 0.655369 1.427819 -0.973502
v 0.834207 1.455555 -0.840168
v 0.452502 1.429254 -1.071760
v 0.230928 1.430050 -1.131009
v -0.000000 1.460958 -1.155904
v -0.000000 1.497967 -1.160953
v -0.000000 1.539801 -1.165266
v -0.000000 1.584937 -1.168110
v 0.234743 1.584261 -1.147874
v 0.460001 1.582516 -1.087476
v 0.666286 1.580120 -0.987381
v 0.841767 1.532864 -0.846443
v 0.844114 1.577496 -0.848054
v 0.838267 1.491754 -0.843626
v 0.907608 1.317020 -0.632105
v 0.993955 1.313675 -0.441854
v 0.948660 1.319616 -0.430846
v 0.869658 1.322013 -0.612733
v 1.044591 1.309979 -0.231256
v 0.994893 1.316705 -0.226401
v 0.877190 1.331033 -0.420368
v 0.810921 1.331158 -0.590064
v 0.916802 1.329919 -0.222617
v 0.802174 1.319878 -0.810490
v 0.930877 1.316982 -0.645508
v 0.783786 1.319740 -0.792154
v 1.021415 1.313358 -0.450505
v 1.074914 1.309407 -0.235483
v 0.801136 1.349959 -0.222117
v 0.769896 1.347809 -0.417399
v 0.722143 1.343555 -0.579433
v 0.714887 1.331912 -0.723042
v 0.675425 1.339966 -0.683399
v 0.754992 1.324177 -0.763310
v 0.229863 1.421890 -0.238781
v 0.223739 1.405873 -0.455174
v 0.434588 1.390094 -0.442486
v 0.447846 1.402235 -0.232901
v 0.216818 1.382861 -0.648033
v 0.418400 1.372241 -0.626881
v 0.620136 1.368970 -0.427004
v 0.642130 1.375960 -0.226311
v 0.590335 1.358013 -0.598067
v -0.000000 1.428016 -0.241328
v -0.000000 1.410902 -0.460276
v -0.000000 1.386286 -0.655818
v -0.000000 1.361401 -0.816281
v 0.212290 1.359512 -0.805896
v 0.408137 1.353673 -0.775730
v 0.570849 1.346006 -0.729207
v -0.642130 1.361598 -0.226547
v -0.620136 1.358262 -0.427180
v -0.434588 1.382121 -0.442616
v -0.447846 1.391443 -0.233078
v -0.590335 1.350726 -0.598187
v -0.418400 1.367011 -0.626967
v -0.223739 1.401643 -0.455243
v -0.229863 1.416129 -0.238875
v -0.216818 1.380153 -0.648078
v -0.570849 1.341447 -0.729282
v -0.408137 1.350700 -0.775779
v -0.212290 1.358063 -0.805920
v 0.220879 1.323341 -1.047764
v 0.431728 1.322787 -0.998674
v 0.420845 1.328170 -0.953593
v 0.216121 1.329338 -0.998378
v 0.622590 1.321637 -0.914238
v 0.603334 1.326327 -0.876363
v 0.410641 1.338595 -0.882451
v 0.212522 1.341344 -0.920780
v 0.580952 1.334884 -0.817709
v -0.000000 1.323272 -1.094779
v 0.225099 1.323192 -1.077853
v -0.000000 1.323477 -1.063658
v 0.440375 1.322775 -1.025953
v 0.636008 1.321758 -0.937393
v -0.000000 1.342222 -0.933444
v -0.000000 1.329687 -1.012891
v -0.622590 1.320826 -0.914251
v -0.431728 1.322522 -0.998678
v -0.420845 1.327517 -0.953604
v -0.603334 1.324793 -0.876388
v -0.220879 1.323291 -1.047764
v -0.216121 1.329122 -0.998381
v -0.410641 1.337109 -0.882476
v -0.580952 1.332154 -0.817754
v -0.212522 1.340703 -0.920790
v -0.636008 1.321354 -0.937400
v -0.440375 1.322655 -1.025955
v -0.225099 1.323177 -1.077854
v 0.660211 1.730934 -0.976996
v 0.664857 1.677287 -0.984311
v 0.458931 1.679713 -1.084646
v 0.455669 1.733260 -1.076931
v 0.666640 1.627276 -0.987401
v 0.460208 1.629734 -1.087746
v 0.234173 1.681490 -1.145290
v 0.232493 1.734940 -1.137398
v 0.234839 1.631542 -1.148338
v 0.826527 1.786495 -0.827080
v 0.836802 1.728350 -0.838285
v 0.651974 1.788998 -0.964342
v 0.842537 1.674649 -0.844886
v 0.844663 1.624621 -0.847828
v -0.000000 1.632246 -1.168653
v -0.000000 1.682180 -1.165638
v -0.000000 1.735586 -1.157708
v 0.229546 1.792726 -1.123335
v -0.000000 1.793312 -1.143503
v 0.449926 1.791181 -1.063355
v -0.977460 1.725795 -0.662961
v -0.983919 1.672118 -0.668480
v -1.086418 1.669544 -0.463213
v -1.079545 1.723149 -0.459076
v -0.986197 1.622099 -0.671080
v -1.088709 1.619548 -0.465308
v -1.148813 1.666654 -0.238710
v -1.141752 1.720192 -0.236154
v -1.151056 1.616681 -0.240194
v -0.826527 1.786495 -0.827080
v -0.836802 1.728350 -0.838285
v -0.965713 1.783916 -0.653782
v -0.842537 1.674649 -0.844886
v -0.844663 1.624621 -0.847828
v -1.128549 1.778144 -0.232258
v -1.066850 1.781183 -0.452384
v 1.125476 1.392215 -0.238988
v 1.121343 1.374662 -0.238530
v 1.060963 1.378776 -0.458176
v 1.064792 1.396197 -0.459363
v 1.117717 1.360664 -0.238287
v 1.057751 1.364860 -0.457445
v 0.961488 1.382579 -0.658830
v 0.964862 1.399867 -0.660710
v 0.958840 1.368745 -0.657582
v 1.130284 1.415462 -0.239576
v 1.114430 1.348083 -0.238344
v 1.055067 1.352315 -0.457293
v 0.956917 1.356233 -0.657099
v 0.820621 1.359328 -0.828199
v 0.821827 1.371830 -0.829192
v 0.823870 1.385632 -0.831002
v 0.826677 1.402865 -0.833518
v 0.968959 1.422739 -0.663087
v 1.069329 1.419257 -0.460884
v -0.683167 2.232981 -0.469360
v -0.749665 2.178859 -0.500971
v -0.830458 2.178490 -0.345232
v -0.750612 2.237789 -0.326197
v -0.805294 2.116953 -0.536383
v -0.893307 2.114525 -0.368956
v -0.881691 2.177135 -0.174522
v -0.795460 2.239807 -0.165171
v -0.948090 2.111763 -0.186815
v -0.852163 2.050212 -0.570059
v -0.943975 2.047405 -0.392678
v -1.000628 2.044340 -0.199495
v 0.475036 2.236353 -0.675384
v 0.505568 2.182813 -0.742595
v 0.349318 2.186288 -0.821720
v 0.331438 2.244583 -0.741325
v 0.539918 2.121252 -0.799070
v 0.371933 2.122974 -0.885290
v 0.178384 2.188542 -0.871595
v 0.170166 2.249949 -0.784926
v 0.189568 2.124066 -0.938622
v 0.572523 2.054742 -0.846866
v 0.394554 2.056310 -0.936791
v 0.201139 2.057308 -0.991918
v 1.108079 1.840945 -0.226779
v 1.047264 1.844050 -0.442671
v 1.020401 1.910492 -0.429647
v 1.080018 1.907352 -0.219573
v 0.947705 1.846855 -0.640272
v 0.922987 1.913342 -0.622034
v 0.986044 1.978835 -0.413064
v 1.044242 1.975704 -0.210518
v 0.891244 1.981689 -0.598739
v 1.128549 1.778144 -0.232258
v 1.066850 1.781183 -0.452384
v 0.965713 1.783915 -0.653781
v 0.810871 1.849445 -0.810429
v 0.789367 1.915920 -0.787886
v 0.761642 1.984229 -0.759105
v -0.225094 1.855267 -1.101977
v -0.441238 1.853871 -1.042848
v -0.429296 1.920071 -1.015046
v -0.218975 1.921318 -1.073019
v -0.639480 1.851848 -0.945374
v -0.622311 1.918212 -0.919664
v -0.413826 1.988109 -0.979757
v -0.211039 1.989219 -1.036365
v -0.600111 1.986405 -0.886924
v -0.229546 1.792726 -1.123335
v -0.000000 1.855788 -1.121881
v -0.449926 1.791181 -1.063355
v -0.651974 1.788998 -0.964342
v -0.810871 1.849445 -0.810429
v -0.789367 1.915920 -0.787886
v -0.761642 1.984229 -0.759105
v -0.000000 1.989616 -1.055510
v -0.000000 1.921774 -1.092569
v 1.146296 1.524407 -0.240991
v 1.141369 1.482749 -0.240718
v 1.079799 1.486055 -0.464187
v 1.084417 1.527488 -0.465386
v 1.135781 1.445936 -0.240197
v 1.074527 1.449494 -0.462584
v 0.978425 1.489045 -0.668372
v 0.982560 1.530252 -0.670430
v 0.973667 1.452738 -0.665774
v 1.149807 1.569419 -0.240871
v 0.985399 1.574951 -0.671499
v 1.087658 1.572343 -0.465874
v 0.648970 1.373764 -0.964313
v 0.448170 1.374739 -1.061146
v 0.449130 1.388692 -1.064107
v 0.650448 1.387617 -0.966721
v 0.228742 1.375084 -1.119434
v 0.229214 1.389133 -1.122801
v 0.450603 1.406151 -1.067627
v 0.652614 1.404925 -0.969796
v 0.229960 1.406741 -1.126616
v 0.648279 1.361233 -0.962611
v 0.447812 1.362156 -1.058693
v 0.228594 1.362452 -1.116384
v -0.958840 1.368745 -0.657582
v -1.057751 1.364860 -0.457445
v -1.060963 1.378776 -0.458176
v -0.961488 1.382579 -0.658830
v -1.117717 1.360664 -0.238287
v -1.121343 1.374662 -0.238530
v -1.064792 1.396197 -0.459363
v -0.964862 1.399867 -0.660710
v -1.125476 1.392215 -0.238988
v -0.956917 1.356233 -0.657099
v -1.055068 1.352315 -0.457293
v -1.114430 1.348083 -0.238344
v -0.234126 1.539203 -1.145125
v -0.233171 1.497480 -1.140916
v -0.456900 1.496150 -1.081077
v -0.458778 1.537627 -1.084990
v -0.232048 1.460594 -1.135970
v -0.454698 1.459539 -1.076434
v -0.661746 1.494175 -0.981844
v -0.664483 1.535405 -0.985286
v -0.658550 1.457843 -0.977699
v -0.234743 1.584261 -1.147874
v -0.666286 1.580120 -0.987381
v -0.460001 1.582516 -1.087476
v -0.234839 1.631542 -1.148338
v -0.460208 1.629734 -1.087746
v -0.458931 1.679713 -1.084646
v -0.234173 1.681490 -1.145290
v -0.666640 1.627276 -0.987401
v -0.664857 1.677287 -0.984311
v -0.455669 1.733260 -1.076931
v -0.232493 1.734940 -1.137398
v -0.660211 1.730934 -0.976996
v 1.151057 1.616681 -0.240194
v 1.088709 1.619548 -0.465308
v 1.086418 1.669544 -0.463213
v 1.148813 1.666654 -0.238710
v 0.986197 1.622099 -0.671080
v 0.983919 1.672118 -0.668480
v 1.079545 1.723149 -0.459076
v 1.141753 1.720192 -0.236154
v 0.977460 1.725795 -0.662961
v -0.891244 1.981689 -0.598739
v -0.922987 1.913341 -0.622034
v -1.020401 1.910492 -0.429647
v -0.986044 1.978835 -0.413064
v -0.947704 1.846856 -0.640272
v -1.047264 1.844050 -0.442672
v -1.080018 1.907352 -0.219573
v -1.044242 1.975705 -0.210518
v -1.108079 1.840945 -0.226779
v 0.600111 1.986405 -0.886924
v 0.622311 1.918212 -0.919664
v 0.429296 1.920071 -1.015046
v 0.413826 1.988108 -0.979757
v 0.639480 1.851848 -0.945374
v 0.441238 1.853872 -1.042848
v 0.218975 1.921319 -1.073019
v 0.211039 1.989219 -1.036365
v 0.225094 1.855267 -1.101976
v -0.648173 1.348510 -0.961242
v -0.447928 1.349428 -1.056271
v -0.447529 1.337534 -1.051727
v -0.647237 1.336564 -0.958196
v -0.228707 1.349718 -1.113101
v -0.228576 1.337861 -1.107352
v -0.445413 1.328076 -1.042480
v -0.643754 1.326983 -0.951055
v -0.227579 1.328480 -1.096486
v -0.819957 1.346609 -0.827754
v -0.000000 1.349736 -1.131986
v -0.000000 1.337893 -1.125744
v -0.000000 1.328539 -1.114231
v -0.812858 1.324860 -0.821053
v -0.818078 1.334605 -0.826087
v 0.228707 1.349719 -1.113100
v 0.447928 1.349430 -1.056272
v 0.447529 1.337549 -1.051726
v 0.228576 1.337863 -1.107352
v 0.648173 1.348516 -0.961242
v 0.647237 1.336615 -0.958195
v 0.445413 1.328126 -1.042479
v 0.227579 1.328486 -1.096487
v 0.643755 1.327154 -0.951052
v 0.819957 1.346624 -0.827754
v 0.818078 1.334724 -0.826085
v 0.812858 1.325264 -0.821046
v 0.955320 1.343541 -0.657205
v 1.052409 1.339634 -0.457617
v 1.047624 1.327823 -0.457414
v 0.952048 1.331677 -0.656470
v 1.110900 1.335409 -0.238665
v 1.104899 1.323648 -0.238727
v 1.038147 1.318520 -0.455453
v 0.944701 1.322279 -0.653152
v 1.093784 1.314436 -0.237881
v -1.110900 1.335348 -0.238667
v -1.052409 1.339589 -0.457618
v -1.047623 1.327464 -0.457420
v -1.104899 1.323158 -0.238735
v -0.955320 1.343513 -0.657206
v -0.952048 1.331449 -0.656474
v -1.038147 1.317307 -0.455473
v -1.093784 1.312781 -0.237908
v -0.944701 1.321508 -0.653165
vn -0.1673 -0.2130 0.9626
vn -0.1685 -0.1913 0.9670
vn -0.3404 -0.1925 0.9204
vn -0.3388 -0.2051 0.9182
vn -0.1661 -0.2198 0.9613
vn -0.1674 -0.2130 0.9626
vn -0.3387 -0.2051 0.9183
vn -0.3383 -0.1934 0.9209
vn -0.3389 -0.2051 0.9182
vn -0.5164 -0.1953 0.8338
vn -0.5156 -0.1981 0.8336
vn -0.3390 -0.2051 0.9182
vn -0.3385 -0.1934 0.9209
vn -0.5181 -0.1665 0.8389
vn -0.3384 -0.1934 0.9209
vn -0.0000 -0.1910 0.9816
vn -0.0000 -0.1645 0.9864
vn -0.1695 -0.1659 0.9715
vn -0.0000 -0.2165 0.9763
vn -0.1684 -0.1913 0.9670
vn -0.0000 -0.2305 0.9731
vn -0.0000 -0.2419 0.9703
vn -0.1647 -0.2216 0.9611
vn -0.3383 -0.1934 0.9210
vn -0.3380 -0.1710 0.9255
vn -0.1648 -0.2216 0.9611
vn -0.3381 -0.1710 0.9254
vn -0.5182 -0.1665 0.8389
vn -0.5209 -0.1176 0.8455
vn -0.3381 -0.1709 0.9254
vn -0.5211 -0.1176 0.8453
vn -0.5184 -0.1664 0.8388
vn -0.6923 -0.1577 0.7042
vn -0.6923 -0.1576 0.7042
vn -0.6986 -0.0970 0.7089
vn -0.5184 -0.1665 0.8388
vn -0.5158 -0.1981 0.8335
vn -0.6866 -0.1981 0.6995
vn -0.5159 -0.1981 0.8335
vn -0.5166 -0.1953 0.8336
vn -0.6863 -0.1995 0.6994
vn -0.6864 -0.1995 0.6994
vn -0.5190 -0.1749 0.8367
vn -0.6893 -0.1801 0.7017
vn -0.3405 -0.1925 0.9203
vn -0.3421 -0.1696 0.9242
vn -0.5188 -0.1749 0.8368
vn -0.5187 -0.1749 0.8368
vn -0.3420 -0.1696 0.9243
vn -0.2723 0.6935 0.6670
vn -0.1402 0.6876 0.7125
vn -0.1259 0.7778 0.6157
vn -0.2442 0.7765 0.5809
vn -0.3968 0.6989 0.5951
vn -0.2723 0.6936 0.6669
vn -0.3562 0.7732 0.5246
vn -0.1258 0.7779 0.6157
vn -0.1106 0.8575 0.5024
vn -0.2137 0.8516 0.4786
vn -0.2441 0.7765 0.5809
vn -0.3106 0.8409 0.4431
vn -0.1498 0.6036 0.7831
vn -0.0000 0.5993 0.8005
vn -0.0001 0.6847 0.7288
vn -0.1400 0.6874 0.7126
vn -0.2931 0.6138 0.7331
vn -0.1401 0.6874 0.7126
vn -0.1401 0.6875 0.7126
vn -0.4295 0.6233 0.6535
vn -0.2931 0.6138 0.7330
vn -0.5571 0.6258 0.5460
vn -0.5121 0.6996 0.4983
vn -0.4592 0.7700 0.4429
vn -0.4014 0.8321 0.3827
vn -0.2786 0.8942 0.3505
vn -0.3473 0.8790 0.3268
vn -0.1944 0.9076 0.3722
vn -0.1014 0.9152 0.3901
vn -0.0000 0.8594 0.5113
vn -0.0000 0.9177 0.3973
vn -0.1257 0.7780 0.6156
vn -0.0001 0.7782 0.6280
vn -0.0000 0.8594 0.5114
vn -0.0000 0.6848 0.7288
vn -0.0001 0.7780 0.6282
vn -0.0001 0.7781 0.6282
vn -0.1257 0.7778 0.6158
vn -0.1400 0.6875 0.7125
vn -0.9208 -0.1591 0.3562
vn -0.8309 -0.1562 0.5341
vn -0.8353 -0.1229 0.5359
vn -0.8352 -0.1229 0.5360
vn -0.9254 -0.1270 0.3571
vn -0.9703 -0.1627 0.1790
vn -0.9209 -0.1591 0.3559
vn -0.9255 -0.1270 0.3569
vn -0.9750 -0.1318 0.1791
vn -0.9703 -0.1627 0.1791
vn -0.9254 -0.1270 0.3572
vn -0.8353 -0.1229 0.5360
vn -0.8392 -0.0825 0.5376
vn -0.9296 -0.0883 0.3578
vn -0.9297 -0.0883 0.3576
vn -0.9792 -0.0946 0.1793
vn -0.9749 -0.1318 0.1792
vn -0.8264 -0.1838 0.5323
vn -0.6895 -0.1801 0.7015
vn -0.6932 -0.1523 0.7045
vn -0.8307 -0.1562 0.5343
vn -0.8263 -0.1838 0.5324
vn -0.9160 -0.1863 0.3552
vn -0.8265 -0.1838 0.5321
vn -0.9161 -0.1863 0.3551
vn -0.9655 -0.1895 0.1788
vn -0.9161 -0.1863 0.3550
vn -0.9208 -0.1591 0.3560
vn -0.9814 -0.1922 0.0011
vn -0.9862 -0.1656 0.0009
vn -0.9750 -0.1318 0.1790
vn -0.9908 -0.1352 0.0008
vn -0.9908 -0.1352 0.0009
vn -0.9793 -0.0946 0.1791
vn -0.9951 -0.0987 0.0007
vn -0.9951 -0.0987 0.0006
vn -0.9793 -0.0946 0.1792
vn -0.9827 -0.0478 0.1790
vn -0.9986 -0.0527 0.0003
vn -0.9329 -0.0397 0.3581
vn -0.9328 -0.0398 0.3581
vn -0.9826 -0.0478 0.1792
vn -0.8420 -0.0321 0.5385
vn -0.9327 -0.0397 0.3583
vn -0.8390 -0.0825 0.5378
vn -0.7003 -0.0774 0.7096
vn -0.7029 -0.0262 0.7108
vn -0.8419 -0.0321 0.5387
vn -0.8351 -0.1229 0.5362
vn -0.6969 -0.1185 0.7073
vn -0.7003 -0.0775 0.7096
vn -0.8351 -0.1228 0.5362
vn -0.0035 -0.9992 0.0389
vn -0.0203 -0.9990 0.0388
vn 0.0908 -0.9956 0.0245
vn 0.0938 -0.9956 0.0083
vn 0.0115 -0.9995 0.0305
vn 0.0907 -0.9958 -0.0137
vn 0.1413 -0.9898 0.0172
vn 0.1331 -0.9911 -0.0063
vn 0.1191 -0.9924 -0.0307
vn -0.2311 -0.9704 0.0696
vn -0.2388 -0.9711 0.0054
vn -0.0287 -0.9996 0.0057
vn -0.0286 -0.9996 0.0056
vn -0.2125 -0.9710 0.1096
vn -0.2311 -0.9705 0.0696
vn -0.2125 -0.9710 0.1097
vn -0.1854 -0.9715 0.1474
vn -0.1431 -0.9742 0.1745
vn 0.0222 -0.9997 0.0125
vn 0.0818 -0.9958 -0.0423
vn 0.1023 -0.9931 -0.0579
vn 0.1277 -0.9907 -0.0459
vn 0.1277 -0.9908 -0.0459
vn 0.1118 -0.9917 -0.0637
vn 0.1467 -0.9890 -0.0206
vn 0.1618 -0.9868 0.0094
vn 0.1434 -0.9897 0.0056
vn 0.1673 -0.9859 0.0055
vn 0.0878 -0.9961 0.0056
vn 0.1434 -0.9896 0.0056
vn 0.1090 0.9751 0.1932
vn 0.1021 0.9519 0.2890
vn 0.1946 0.9418 0.2740
vn 0.2063 0.9615 0.1816
vn 0.1161 0.9890 0.0919
vn 0.2184 0.9721 0.0852
vn 0.2794 0.9253 0.2566
vn 0.2975 0.9393 0.1709
vn 0.3130 0.9465 0.0791
vn -0.0000 0.9554 0.2954
vn 0.1014 0.9152 0.3901
vn -0.0000 0.9801 0.1983
vn -0.0000 0.9955 0.0948
vn -0.0000 1.0000 -0.0056
vn 0.1194 0.9928 -0.0056
vn 0.2239 0.9746 -0.0055
vn 0.3198 0.9475 -0.0053
vn 0.4125 0.9074 0.0798
vn 0.4203 0.9074 -0.0051
vn 0.3943 0.9027 0.1724
vn 0.3719 0.8919 0.2575
vn 0.2786 0.8942 0.3505
vn 0.3473 0.8790 0.3268
vn 0.1944 0.9076 0.3722
vn -0.2975 0.9393 0.1709
vn -0.2794 0.9253 0.2566
vn -0.1946 0.9418 0.2740
vn -0.2063 0.9615 0.1816
vn -0.3130 0.9465 0.0791
vn -0.2184 0.9721 0.0852
vn -0.1021 0.9519 0.2890
vn -0.1090 0.9751 0.1932
vn -0.1161 0.9890 0.0919
vn -0.3718 0.8919 0.2575
vn -0.3472 0.8791 0.3267
vn -0.3719 0.8919 0.2575
vn -0.3943 0.9027 0.1724
vn -0.3719 0.8918 0.2575
vn -0.4125 0.9075 0.0798
vn -0.4125 0.9074 0.0798
vn -0.4203 0.9074 -0.0051
vn -0.3198 0.9475 -0.0053
vn -0.2239 0.9746 -0.0055
vn -0.1194 0.9928 -0.0056
vn 0.6820 0.6840 0.2589
vn 0.7284 0.6734 0.1268
vn 0.6338 0.7657 0.1095
vn 0.5985 0.7681 0.2277
vn 0.6095 0.6939 0.3834
vn 0.6819 0.6840 0.2589
vn 0.5415 0.7688 0.3401
vn 0.5229 0.8475 0.0913
vn 0.5228 0.8475 0.0913
vn 0.4987 0.8448 0.1942
vn 0.4624 0.8372 0.2919
vn 0.7968 0.5880 0.1391
vn 0.8147 0.5799 -0.0033
vn 0.7452 0.6669 -0.0036
vn 0.7451 0.6669 -0.0037
vn 0.7285 0.6733 0.1267
vn 0.7459 0.6032 0.2825
vn 0.7284 0.6733 0.1268
vn 0.6821 0.6839 0.2588
vn 0.6655 0.6178 0.4188
vn 0.5572 0.6257 0.5459
vn 0.5121 0.6996 0.4983
vn 0.4592 0.7700 0.4429
vn 0.4014 0.8321 0.3827
vn 0.4125 0.9075 0.0798
vn 0.5325 0.8464 -0.0047
vn 0.6337 0.7658 0.1094
vn 0.6470 0.7625 -0.0043
vn 0.3438 -0.1425 0.9282
vn 0.5214 -0.1473 0.8405
vn 0.5241 -0.1140 0.8440
vn 0.3456 -0.1105 0.9318
vn 0.3439 -0.1425 0.9281
vn 0.1702 -0.1391 0.9755
vn 0.3455 -0.1105 0.9319
vn 0.1710 -0.1083 0.9793
vn 0.5268 -0.0737 0.8468
vn 0.3474 -0.0719 0.9349
vn 0.3453 -0.1105 0.9320
vn 0.3472 -0.0719 0.9350
vn 0.1720 -0.0713 0.9825
vn 0.5190 -0.1749 0.8367
vn 0.6893 -0.1801 0.7017
vn 0.6930 -0.1523 0.7047
vn 0.5217 -0.1473 0.8403
vn 0.3421 -0.1696 0.9242
vn 0.5188 -0.1749 0.8368
vn 0.1695 -0.1658 0.9715
vn 0.3437 -0.1425 0.9282
vn -0.0000 -0.1379 0.9904
vn -0.0000 -0.1076 0.9942
vn -0.0000 -0.0712 0.9975
vn 0.1729 -0.0247 0.9846
vn -0.0000 -0.0253 0.9997
vn 0.3471 -0.0719 0.9351
vn 0.3489 -0.0235 0.9369
vn 0.1730 -0.0247 0.9846
vn 0.5291 -0.0234 0.8483
vn 0.3491 -0.0235 0.9368
vn 0.3474 -0.0719 0.9350
vn 0.5270 -0.0737 0.8466
vn 0.7001 -0.0774 0.7098
vn 0.7027 -0.0262 0.7110
vn 0.5293 -0.0234 0.8481
vn 0.5271 -0.0737 0.8466
vn 0.5243 -0.1140 0.8439
vn 0.6967 -0.1185 0.7075
vn 0.5216 -0.1473 0.8404
vn 0.5243 -0.1140 0.8438
vn -0.0664 -0.9978 0.0063
vn -0.0551 -0.9985 -0.0042
vn -0.1187 -0.9919 -0.0443
vn -0.1370 -0.9904 -0.0199
vn -0.0737 -0.9971 0.0168
vn -0.1479 -0.9890 0.0041
vn -0.1327 -0.9895 -0.0571
vn -0.1524 -0.9878 -0.0305
vn -0.1662 -0.9861 -0.0017
vn 0.1362 -0.9841 0.1140
vn 0.1201 -0.9816 0.1486
vn -0.0425 -0.9990 -0.0154
vn 0.1334 -0.9880 0.0783
vn 0.1334 -0.9880 0.0782
vn 0.1248 -0.9909 0.0495
vn 0.1249 -0.9909 0.0495
vn 0.1204 -0.9927 0.0056
vn -0.0762 -0.9971 0.0056
vn -0.1514 -0.9885 0.0055
vn -0.1709 -0.9853 0.0055
vn -0.1635 -0.9865 -0.0078
vn -0.1691 -0.9856 0.0055
vn -0.1481 -0.9881 -0.0412
vn -0.1290 -0.9893 -0.0682
vn -0.1091 -0.9906 -0.0830
vn -0.1125 -0.9899 -0.0864
vn -0.0953 -0.9931 -0.0690
vn -0.0515 -0.9951 -0.0840
vn -0.0575 -0.9979 -0.0303
vn -0.1105 -0.9936 -0.0245
vn -0.0986 -0.9925 -0.0721
vn -0.0429 -0.9919 -0.1197
vn -0.0826 -0.9911 -0.1046
vn -0.1456 -0.9892 -0.0160
vn -0.1307 -0.9898 -0.0562
vn -0.1113 -0.9901 -0.0851
vn 0.0124 -0.9994 -0.0308
vn 0.0138 -0.9999 0.0056
vn -0.0594 -0.9982 0.0056
vn 0.0093 -0.9962 -0.0866
vn 0.0062 -0.9923 -0.1235
vn 0.0035 -0.9899 -0.1418
vn -0.0345 -0.9899 -0.1378
vn -0.0676 -0.9902 -0.1222
vn -0.0943 -0.9902 -0.1029
vn -0.1512 -0.9885 0.0055
vn -0.1688 -0.9856 0.0056
vn -0.1147 -0.9934 0.0056
vn -0.0578 -0.9979 -0.0305
vn 0.1403 -0.9893 -0.0393
vn 0.1582 -0.9874 -0.0015
vn 0.1303 -0.9914 -0.0138
vn 0.1137 -0.9917 -0.0597
vn 0.1181 -0.9907 -0.0669
vn 0.0930 -0.9915 -0.0912
vn 0.0810 -0.9964 -0.0247
vn 0.0693 -0.9946 -0.0774
vn 0.0548 -0.9921 -0.1126
vn 0.1651 -0.9863 0.0055
vn 0.1468 -0.9890 -0.0206
vn 0.0976 -0.9917 -0.0838
vn 0.0733 -0.9914 -0.1087
vn 0.0412 -0.9906 -0.1308
vn 0.0857 -0.9963 0.0059
vn 0.1369 -0.9906 0.0056
vn 0.0857 -0.9963 0.0056
vn 0.1304 -0.9914 -0.0137
vn -0.0208 -0.9990 -0.0395
vn -0.0102 -0.9988 -0.0469
vn -0.0225 -0.9923 -0.1219
vn -0.0464 -0.9928 -0.1108
vn -0.0314 -0.9991 -0.0281
vn -0.0707 -0.9932 -0.0924
vn -0.0282 -0.9897 -0.1405
vn -0.0568 -0.9903 -0.1265
vn -0.0833 -0.9908 -0.1066
vn 0.0221 -0.9880 0.1530
vn -0.0000 -0.9888 0.1489
vn 0.0001 -0.9988 -0.0489
vn 0.0500 -0.9856 0.1617
vn 0.0856 -0.9826 0.1647
vn 0.0499 -0.9856 0.1616
vn 0.0016 -0.9896 -0.1438
vn 0.0036 -0.9899 -0.1419
vn 0.0006 -0.9922 -0.1245
vn 0.0199 -0.9993 -0.0318
vn 0.0252 -0.9996 -0.0113
vn 0.0668 -0.9950 -0.0741
vn 0.0463 -0.9939 -0.1005
vn 0.0104 -0.9990 -0.0442
vn 0.0235 -0.9928 -0.1174
vn 0.0825 -0.9928 -0.0874
vn 0.0588 -0.9917 -0.1141
vn 0.0312 -0.9904 -0.1344
vn -0.0928 -0.9794 0.1792
vn -0.0512 -0.9846 0.1674
vn -0.0221 -0.9878 0.1544
vn -0.0221 -0.9878 0.1543
vn -0.0000 -0.9888 0.1490
vn 0.5282 0.1239 0.8400
vn 0.5219 0.2138 0.8258
vn 0.3465 0.2103 0.9142
vn 0.3498 0.1211 0.9290
vn 0.5282 0.1240 0.8401
vn 0.5301 0.0424 0.8469
vn 0.5282 0.1238 0.8401
vn 0.3499 0.1209 0.9290
vn 0.3498 0.1209 0.9290
vn 0.3504 0.0405 0.9357
vn 0.5301 0.0423 0.8469
vn 0.3496 0.1211 0.9290
vn 0.3463 0.2103 0.9143
vn 0.1727 0.2062 0.9631
vn 0.1740 0.1173 0.9777
vn 0.3496 0.1211 0.9291
vn 0.3502 0.0405 0.9358
vn 0.3496 0.1209 0.9291
vn 0.1740 0.1171 0.9778
vn 0.1739 0.0378 0.9840
vn 0.6901 0.2131 0.6917
vn 0.6744 0.3030 0.6733
vn 0.5111 0.3037 0.8040
vn 0.5221 0.2140 0.8256
vn 0.6901 0.2130 0.6917
vn 0.6997 0.1226 0.7039
vn 0.6901 0.2129 0.6917
vn 0.5221 0.2138 0.8256
vn 0.5284 0.1240 0.8399
vn 0.6997 0.1226 0.7038
vn 0.7033 0.0404 0.7098
vn 0.6997 0.1225 0.7039
vn 0.5284 0.1239 0.8399
vn 0.5284 0.1238 0.8399
vn 0.5303 0.0423 0.8467
vn 0.5303 0.0422 0.8467
vn 0.5291 -0.0234 0.8482
vn 0.1739 0.0376 0.9840
vn 0.1738 0.0377 0.9841
vn -0.0000 0.0365 0.9993
vn 0.0001 0.0365 0.9993
vn 0.0001 -0.0253 0.9997
vn 0.1737 0.0378 0.9841
vn 0.1738 0.1171 0.9778
vn 0.0001 0.1155 0.9933
vn 0.1737 0.0377 0.9841
vn 0.1739 0.1172 0.9778
vn 0.1725 0.2062 0.9632
vn 0.0001 0.2045 0.9789
vn 0.0001 0.1157 0.9933
vn 0.1737 0.1173 0.9778
vn 0.1725 0.2064 0.9632
vn 0.1697 0.2959 0.9400
vn -0.0000 0.2942 0.9557
vn 0.0001 0.2941 0.9558
vn 0.0001 0.2047 0.9788
vn 0.3463 0.2105 0.9142
vn 0.3399 0.3000 0.8913
vn 0.1698 0.2960 0.9400
vn 0.1699 0.2959 0.9400
vn 0.1728 0.2064 0.9631
vn 0.3463 0.2104 0.9142
vn 0.5219 0.2140 0.8258
vn 0.5109 0.3037 0.8042
vn 0.3401 0.3000 0.8912
vn 0.3465 0.2105 0.9141
vn 0.5219 0.2139 0.8258
vn -0.8378 0.1157 0.5335
vn -0.8261 0.2060 0.5245
vn -0.9165 0.1956 0.3490
vn -0.9289 0.1057 0.3549
vn -0.8379 0.1158 0.5335
vn -0.8425 0.0339 0.5377
vn -0.8379 0.1156 0.5335
vn -0.9289 0.1056 0.3549
vn -0.9289 0.1055 0.3550
vn -0.9335 0.0247 0.3578
vn -0.8425 0.0338 0.5377
vn -0.9290 0.1057 0.3547
vn -0.9166 0.1956 0.3488
vn -0.9674 0.1851 0.1729
vn -0.9797 0.0953 0.1766
vn -0.9336 0.0247 0.3576
vn -0.9290 0.1055 0.3547
vn -0.9797 0.0951 0.1766
vn -0.9838 0.0151 0.1785
vn -0.9336 0.0246 0.3576
vn -0.6903 0.2131 0.6915
vn -0.6746 0.3030 0.6731
vn -0.8069 0.2963 0.5111
vn -0.8068 0.2964 0.5110
vn -0.8259 0.2062 0.5247
vn -0.6903 0.2130 0.6915
vn -0.6999 0.1226 0.7037
vn -0.8259 0.2061 0.5247
vn -0.8260 0.2060 0.5247
vn -0.8377 0.1158 0.5337
vn -0.7035 0.0404 0.7096
vn -0.6999 0.1225 0.7037
vn -0.8377 0.1156 0.5337
vn -0.8423 0.0339 0.5379
vn -0.8423 0.0338 0.5379
vn -0.9335 0.0246 0.3579
vn -0.9335 0.0246 0.3578
vn -0.9328 -0.0397 0.3583
vn -0.9328 -0.0397 0.3581
vn -0.9336 0.0245 0.3576
vn -0.9838 0.0150 0.1786
vn -0.9838 0.0150 0.1785
vn -0.9827 -0.0478 0.1792
vn -0.9827 -0.0478 0.1791
vn -0.9839 0.0150 0.1783
vn -1.0000 0.0094 -0.0000
vn -1.0000 0.0093 -0.0000
vn -0.9797 0.0951 0.1764
vn -0.9960 0.0890 -0.0004
vn -1.0000 0.0095 -0.0000
vn -0.9839 0.0151 0.1783
vn -0.9797 0.0953 0.1764
vn -0.9674 0.1851 0.1727
vn -0.9839 0.1790 -0.0009
vn -0.9838 0.1790 -0.0010
vn -0.9960 0.0892 -0.0004
vn -0.9797 0.0952 0.1764
vn -0.9674 0.1853 0.1727
vn -0.9465 0.2758 0.1675
vn -0.9629 0.2698 -0.0014
vn -0.9629 0.2697 -0.0014
vn -0.9838 0.1791 -0.0009
vn -0.9165 0.1958 0.3488
vn -0.8960 0.2861 0.3396
vn -0.9465 0.2759 0.1677
vn -0.9465 0.2758 0.1677
vn -0.9674 0.1853 0.1729
vn -0.9165 0.1957 0.3488
vn -0.8261 0.2062 0.5245
vn -0.8070 0.2963 0.5108
vn -0.8959 0.2862 0.3399
vn -0.9164 0.1958 0.3490
vn 0.9552 -0.2369 0.1776
vn 0.9602 -0.2150 0.1785
vn 0.9116 -0.2093 0.3538
vn 0.9116 -0.2093 0.3539
vn 0.9091 -0.2219 0.3527
vn 0.9536 -0.2439 0.1766
vn 0.9090 -0.2219 0.3527
vn 0.9120 -0.2104 0.3520
vn 0.9090 -0.2219 0.3528
vn 0.9115 -0.2093 0.3540
vn 0.8229 -0.2042 0.5303
vn 0.8226 -0.2071 0.5296
vn 0.9120 -0.2104 0.3521
vn 0.9090 -0.2219 0.3529
vn 0.8287 -0.1756 0.5314
vn 0.9758 -0.2188 0.0013
vn 0.9814 -0.1922 0.0011
vn 0.9655 -0.1895 0.1788
vn 0.9602 -0.2150 0.1784
vn 0.9758 -0.2188 0.0012
vn 0.9697 -0.2444 0.0014
vn 0.9660 -0.2586 0.0015
vn 0.9627 -0.2704 0.0015
vn 0.9533 -0.2460 0.1751
vn 0.9121 -0.2104 0.3519
vn 0.9172 -0.1882 0.3511
vn 0.9533 -0.2459 0.1753
vn 0.9172 -0.1882 0.3512
vn 0.8288 -0.1756 0.5314
vn 0.8366 -0.1269 0.5328
vn 0.8365 -0.1269 0.5331
vn 0.8286 -0.1755 0.5316
vn 0.6925 -0.1577 0.7040
vn 0.6925 -0.1576 0.7040
vn 0.6988 -0.0971 0.7087
vn 0.8286 -0.1756 0.5316
vn 0.8224 -0.2071 0.5298
vn 0.6868 -0.1981 0.6993
vn 0.8227 -0.2042 0.5305
vn 0.6866 -0.1995 0.6992
vn 0.8263 -0.1838 0.5323
vn 0.6895 -0.1801 0.7015
vn 0.9160 -0.1863 0.3552
vn 0.8265 -0.1838 0.5321
vn 0.9161 -0.1863 0.3550
vn -0.5415 0.7688 0.3401
vn -0.4624 0.8372 0.2919
vn -0.4987 0.8448 0.1942
vn -0.5985 0.7681 0.2277
vn -0.6095 0.6939 0.3834
vn -0.5985 0.7680 0.2278
vn -0.6820 0.6840 0.2589
vn -0.5228 0.8475 0.0913
vn -0.6337 0.7657 0.1095
vn -0.5984 0.7682 0.2276
vn -0.6338 0.7657 0.1095
vn -0.6339 0.7656 0.1096
vn -0.7283 0.6734 0.1268
vn -0.5572 0.6257 0.5459
vn -0.6654 0.6178 0.4190
vn -0.5573 0.6258 0.5458
vn -0.6655 0.6178 0.4188
vn -0.6096 0.6939 0.3833
vn -0.7459 0.6032 0.2825
vn -0.6655 0.6178 0.4189
vn -0.6821 0.6839 0.2588
vn -0.7284 0.6734 0.1268
vn -0.7284 0.6733 0.1268
vn -0.7968 0.5880 0.1391
vn -0.7285 0.6733 0.1267
vn -0.7451 0.6669 -0.0037
vn -0.8147 0.5799 -0.0033
vn -0.7283 0.6734 0.1267
vn -0.6470 0.7625 -0.0043
vn -0.5325 0.8464 -0.0047
vn -0.4987 0.8447 0.1942
vn 0.3562 0.7732 0.5246
vn 0.3106 0.8409 0.4431
vn 0.2137 0.8516 0.4786
vn 0.2442 0.7765 0.5809
vn 0.3968 0.6989 0.5951
vn 0.2723 0.6935 0.6670
vn 0.1106 0.8575 0.5024
vn 0.1258 0.7779 0.6157
vn 0.1259 0.7779 0.6157
vn 0.1401 0.6875 0.7126
vn 0.3563 0.7732 0.5246
vn 0.5571 0.6258 0.5460
vn 0.4295 0.6233 0.6535
vn 0.2931 0.6138 0.7331
vn 0.2723 0.6935 0.6671
vn 0.1498 0.6036 0.7831
vn 0.1400 0.6874 0.7126
vn 0.0001 0.6847 0.7288
vn 0.1257 0.7778 0.6158
vn 0.0001 0.7781 0.6282
vn 0.1257 0.7779 0.6156
vn 0.0001 0.7782 0.6280
vn 0.8687 0.3710 0.3282
vn 0.9188 0.3603 0.1614
vn 0.8855 0.4382 0.1547
vn 0.8855 0.4382 0.1546
vn 0.8355 0.4503 0.3149
vn 0.7817 0.3817 0.4933
vn 0.8686 0.3711 0.3284
vn 0.8354 0.4503 0.3151
vn 0.7504 0.4622 0.4725
vn 0.8355 0.4503 0.3150
vn 0.8459 0.5126 0.1474
vn 0.7953 0.5267 0.3000
vn 0.7503 0.4623 0.4725
vn 0.8354 0.4504 0.3151
vn 0.7953 0.5268 0.3001
vn 0.7120 0.5407 0.4479
vn 0.7503 0.4624 0.4725
vn 0.9465 0.2760 0.1674
vn 0.9629 0.2699 -0.0014
vn 0.9352 0.3542 -0.0020
vn 0.9188 0.3602 0.1613
vn 0.9465 0.2760 0.1675
vn 0.8960 0.2863 0.3396
vn 0.9464 0.2759 0.1677
vn 0.9188 0.3602 0.1615
vn 0.9188 0.3603 0.1615
vn 0.8687 0.3709 0.3282
vn 0.8070 0.2965 0.5108
vn 0.8959 0.2863 0.3398
vn 0.8686 0.3709 0.3284
vn 0.7817 0.3816 0.4933
vn 0.6746 0.3032 0.6731
vn 0.8068 0.2965 0.5110
vn 0.7816 0.3816 0.4935
vn 0.6536 0.3883 0.6496
vn 0.6536 0.3885 0.6496
vn 0.7815 0.3817 0.4935
vn 0.7502 0.4622 0.4727
vn 0.7503 0.4622 0.4727
vn 0.6276 0.4696 0.6210
vn 0.6536 0.3884 0.6496
vn 0.6275 0.4697 0.6210
vn 0.7502 0.4624 0.4727
vn 0.7119 0.5407 0.4481
vn 0.7120 0.5408 0.4480
vn 0.5957 0.5485 0.5867
vn 0.5957 0.5486 0.5867
vn 0.7119 0.5408 0.4480
vn 0.6655 0.6178 0.4189
vn 0.5573 0.6257 0.5458
vn 0.5956 0.5486 0.5867
vn 0.7120 0.5408 0.4479
vn 0.7952 0.5268 0.3002
vn 0.6656 0.6178 0.4187
vn 0.7120 0.5408 0.4478
vn 0.8632 0.5049 -0.0028
vn 0.9021 0.4315 -0.0024
vn 0.8855 0.4381 0.1545
vn 0.9188 0.3603 0.1613
vn -0.3311 0.3843 0.8618
vn -0.1659 0.3795 0.9102
vn -0.1613 0.4561 0.8752
vn -0.3204 0.4626 0.8267
vn -0.4961 0.3886 0.7764
vn -0.3313 0.3843 0.8617
vn -0.3206 0.4626 0.8265
vn -0.4779 0.4687 0.7429
vn -0.3204 0.4627 0.8266
vn -0.1612 0.4561 0.8752
vn -0.1560 0.5294 0.8339
vn -0.3080 0.5383 0.7845
vn -0.3205 0.4627 0.8266
vn -0.4779 0.4689 0.7429
vn -0.3206 0.4627 0.8265
vn -0.3081 0.5383 0.7844
vn -0.4559 0.5467 0.7023
vn -0.4779 0.4689 0.7428
vn -0.1697 0.2961 0.9400
vn -0.0001 0.2943 0.9557
vn -0.0001 0.3773 0.9261
vn -0.0000 0.3773 0.9261
vn -0.1657 0.3794 0.9103
vn -0.1698 0.2960 0.9400
vn -0.3399 0.3001 0.8913
vn -0.1658 0.3794 0.9103
vn -0.3311 0.3841 0.8619
vn -0.3398 0.3002 0.8913
vn -0.5109 0.3039 0.8042
vn -0.3401 0.3002 0.8912
vn -0.3314 0.3841 0.8618
vn -0.4961 0.3885 0.7765
vn -0.5109 0.3039 0.8041
vn -0.6744 0.3032 0.6733
vn -0.5111 0.3039 0.8040
vn -0.4963 0.3885 0.7763
vn -0.6534 0.3884 0.6498
vn -0.6534 0.3885 0.6498
vn -0.4963 0.3887 0.7763
vn -0.4781 0.4687 0.7427
vn -0.4781 0.4688 0.7428
vn -0.6273 0.4696 0.6212
vn -0.6273 0.4697 0.6212
vn -0.4781 0.4689 0.7427
vn -0.4561 0.5467 0.7022
vn -0.5955 0.5485 0.5869
vn -0.5955 0.5486 0.5869
vn -0.4561 0.5469 0.7021
vn -0.5572 0.6257 0.5460
vn -0.5955 0.5487 0.5869
vn -0.4560 0.5468 0.7022
vn -0.4294 0.6232 0.6536
vn -0.4559 0.5469 0.7022
vn -0.0000 0.5257 0.8507
vn -0.0000 0.4534 0.8913
vn 0.9750 -0.1318 0.1791
vn 0.9792 -0.0946 0.1792
vn 0.9297 -0.0883 0.3576
vn 0.9255 -0.1270 0.3569
vn 0.9703 -0.1627 0.1790
vn 0.9209 -0.1591 0.3559
vn 0.9254 -0.1270 0.3572
vn 0.9296 -0.0883 0.3578
vn 0.8392 -0.0825 0.5376
vn 0.8353 -0.1229 0.5360
vn 0.9208 -0.1591 0.3562
vn 0.9254 -0.1270 0.3571
vn 0.8353 -0.1229 0.5359
vn 0.8309 -0.1562 0.5341
vn 0.9951 -0.0987 0.0006
vn 0.9986 -0.0527 0.0003
vn 0.9827 -0.0478 0.1791
vn 0.9793 -0.0946 0.1792
vn 0.9908 -0.1352 0.0009
vn 0.9951 -0.0987 0.0007
vn 0.9793 -0.0946 0.1791
vn 0.9750 -0.1318 0.1790
vn 0.9862 -0.1656 0.0009
vn 0.9908 -0.1352 0.0008
vn 0.9703 -0.1627 0.1789
vn 0.9655 -0.1895 0.1787
vn 0.9208 -0.1591 0.3561
vn 0.9208 -0.1591 0.3560
vn 0.9161 -0.1863 0.3552
vn 0.8263 -0.1838 0.5324
vn 0.8307 -0.1562 0.5343
vn 0.6932 -0.1523 0.7045
vn 0.8264 -0.1838 0.5323
vn 0.8351 -0.1229 0.5362
vn 0.6969 -0.1185 0.7073
vn 0.8390 -0.0825 0.5378
vn 0.7003 -0.0774 0.7096
vn 0.8419 -0.0321 0.5387
vn 0.7029 -0.0262 0.7108
vn 0.9327 -0.0397 0.3583
vn 0.8420 -0.0321 0.5385
vn 0.9827 -0.0478 0.1792
vn 0.9328 -0.0397 0.3581
vn 0.9329 -0.0397 0.3581
vn 0.3384 -0.1934 0.9209
vn 0.5181 -0.1665 0.8389
vn 0.5156 -0.1981 0.8336
vn 0.3389 -0.2051 0.9182
vn 0.3385 -0.1934 0.9209
vn 0.1661 -0.2198 0.9613
vn 0.3383 -0.1934 0.9209
vn 0.3388 -0.2051 0.9182
vn 0.3387 -0.2051 0.9182
vn 0.1673 -0.2130 0.9626
vn 0.5164 -0.1953 0.8338
vn 0.3404 -0.1925 0.9204
vn 0.1685 -0.1913 0.9670
vn 0.5211 -0.1177 0.8453
vn 0.6986 -0.0971 0.7089
vn 0.6923 -0.1576 0.7042
vn 0.6923 -0.1577 0.7042
vn 0.5184 -0.1664 0.8388
vn 0.3381 -0.1709 0.9254
vn 0.5209 -0.1177 0.8455
vn 0.5182 -0.1664 0.8389
vn 0.5182 -0.1665 0.8389
vn 0.3381 -0.1710 0.9254
vn 0.1647 -0.2216 0.9611
vn 0.3380 -0.1710 0.9255
vn 0.3383 -0.1934 0.9210
vn 0.3405 -0.1925 0.9203
vn 0.5187 -0.1749 0.8368
vn 0.3423 -0.1696 0.9242
vn 0.5166 -0.1953 0.8336
vn 0.6864 -0.1995 0.6994
vn 0.5158 -0.1981 0.8335
vn 0.6866 -0.1981 0.6995
vn 0.6864 -0.1995 0.6993
vn 0.5184 -0.1665 0.8388
vn -0.9120 -0.2104 0.3520
vn -0.8287 -0.1756 0.5314
vn -0.8226 -0.2071 0.5296
vn -0.9090 -0.2219 0.3527
vn -0.9120 -0.2104 0.3521
vn -0.9536 -0.2439 0.1766
vn -0.9091 -0.2219 0.3526
vn -0.9552 -0.2369 0.1776
vn -0.9090 -0.2219 0.3528
vn -0.8229 -0.2042 0.5303
vn -0.9115 -0.2093 0.3540
vn -0.9552 -0.2369 0.1777
vn -0.9091 -0.2219 0.3527
vn -0.9116 -0.2093 0.3538
vn -0.9602 -0.2150 0.1785
vn -0.8365 -0.1268 0.5331
vn -0.6988 -0.0970 0.7087
vn -0.6925 -0.1576 0.7040
vn -0.6925 -0.1577 0.7040
vn -0.8286 -0.1755 0.5316
vn -0.9173 -0.1878 0.3512
vn -0.8366 -0.1268 0.5329
vn -0.9120 -0.2104 0.3522
vn -0.9172 -0.1879 0.3512
vn -0.9535 -0.2453 0.1752
vn -0.9173 -0.1879 0.3509
vn -0.9121 -0.2104 0.3519
vn -0.9121 -0.2105 0.3519
vn -0.9535 -0.2454 0.1751
vn -0.9629 -0.2697 0.0015
vn -0.9660 -0.2586 0.0015
vn -0.9552 -0.2369 0.1775
vn -0.9697 -0.2444 0.0014
vn -0.9660 -0.2586 0.0016
vn -0.9602 -0.2150 0.1784
vn -0.9758 -0.2188 0.0012
vn -0.9697 -0.2444 0.0015
vn -0.9654 -0.1895 0.1789
vn -0.8227 -0.2042 0.5305
vn -0.6866 -0.1995 0.6992
vn -0.8263 -0.1838 0.5323
vn -0.8224 -0.2071 0.5298
vn -0.6868 -0.1981 0.6993
vn -0.8286 -0.1756 0.5316
vn -0.1710 -0.1083 0.9793
vn -0.1721 -0.0713 0.9825
vn -0.3472 -0.0719 0.9350
vn -0.3455 -0.1105 0.9319
vn -0.1702 -0.1391 0.9755
vn -0.3454 -0.1105 0.9319
vn -0.3436 -0.1425 0.9282
vn -0.3456 -0.1105 0.9318
vn -0.3473 -0.0719 0.9350
vn -0.5268 -0.0737 0.8468
vn -0.5241 -0.1140 0.8440
vn -0.3456 -0.1105 0.9319
vn -0.3439 -0.1425 0.9281
vn -0.5214 -0.1473 0.8405
vn -0.1729 -0.0247 0.9846
vn -0.1728 -0.0247 0.9846
vn -0.1720 -0.0713 0.9825
vn -0.3437 -0.1425 0.9282
vn -0.3438 -0.1425 0.9282
vn -0.3422 -0.1696 0.9242
vn -0.5217 -0.1473 0.8403
vn -0.6930 -0.1523 0.7047
vn -0.5216 -0.1473 0.8404
vn -0.5243 -0.1140 0.8438
vn -0.6967 -0.1185 0.7075
vn -0.5243 -0.1140 0.8439
vn -0.5270 -0.0737 0.8466
vn -0.7001 -0.0774 0.7098
vn -0.5293 -0.0234 0.8481
vn -0.7027 -0.0262 0.7110
vn -0.3492 -0.0235 0.9368
vn -0.5291 -0.0234 0.8483
vn -0.3489 -0.0235 0.9369
vn -0.3471 -0.0719 0.9351
vn -0.3502 0.0405 0.9358
vn -0.1739 0.0378 0.9840
vn -0.1740 0.1171 0.9778
vn -0.3496 0.1209 0.9291
vn -0.5301 0.0423 0.8469
vn -0.3504 0.0405 0.9357
vn -0.3498 0.1209 0.9290
vn -0.5282 0.1238 0.8401
vn -0.5301 0.0424 0.8469
vn -0.3496 0.1211 0.9291
vn -0.1740 0.1172 0.9777
vn -0.1727 0.2062 0.9631
vn -0.3463 0.2103 0.9143
vn -0.3496 0.1211 0.9290
vn -0.5282 0.1240 0.8401
vn -0.3498 0.1211 0.9290
vn -0.3465 0.2103 0.9142
vn -0.5219 0.2138 0.8258
vn -0.5282 0.1240 0.8400
vn -0.1737 0.0377 0.9841
vn -0.1738 0.0377 0.9841
vn -0.1739 0.0376 0.9840
vn -0.3491 -0.0235 0.9368
vn -0.3504 0.0404 0.9357
vn -0.5291 -0.0234 0.8482
vn -0.5303 0.0422 0.8467
vn -0.5303 0.0423 0.8467
vn -0.7033 0.0404 0.7098
vn -0.5284 0.1238 0.8399
vn -0.6997 0.1225 0.7039
vn -0.6997 0.1226 0.7038
vn -0.5284 0.1240 0.8399
vn -0.5221 0.2138 0.8256
vn -0.6901 0.2129 0.6917
vn -0.6901 0.2131 0.6917
vn -0.5221 0.2140 0.8256
vn -0.5111 0.3037 0.8040
vn -0.6744 0.3031 0.6733
vn -0.5219 0.2139 0.8258
vn -0.3465 0.2105 0.9141
vn -0.3401 0.3000 0.8912
vn -0.5109 0.3037 0.8042
vn -0.5219 0.2140 0.8257
vn -0.3463 0.2105 0.9142
vn -0.1728 0.2064 0.9631
vn -0.1699 0.2959 0.9400
vn -0.3399 0.3000 0.8913
vn -0.1725 0.2064 0.9632
vn -0.0001 0.2047 0.9788
vn -0.0001 0.2941 0.9558
vn -0.0001 0.2942 0.9558
vn -0.1697 0.2959 0.9400
vn -0.1738 0.1172 0.9778
vn -0.0001 0.1156 0.9933
vn -0.0001 0.2045 0.9789
vn -0.1725 0.2062 0.9632
vn -0.1738 0.1173 0.9778
vn -0.1737 0.0378 0.9841
vn -0.0001 0.1155 0.9933
vn -0.1738 0.1171 0.9778
vn 0.9336 0.0247 0.3576
vn 0.9838 0.0151 0.1786
vn 0.9797 0.0951 0.1766
vn 0.9290 0.1055 0.3547
vn 0.8425 0.0338 0.5377
vn 0.9335 0.0247 0.3578
vn 0.9289 0.1055 0.3550
vn 0.9289 0.1056 0.3549
vn 0.8379 0.1156 0.5335
vn 0.9290 0.1057 0.3547
vn 0.9797 0.0953 0.1766
vn 0.9674 0.1851 0.1729
vn 0.9166 0.1956 0.3488
vn 0.8379 0.1158 0.5335
vn 0.9289 0.1057 0.3549
vn 0.9165 0.1956 0.3490
vn 0.8261 0.2060 0.5245
vn 0.8378 0.1157 0.5335
vn 1.0000 0.0094 -0.0000
vn 1.0000 0.0094 -0.0001
vn 0.9839 0.0149 0.1783
vn 0.9838 0.0149 0.1785
vn 0.9838 0.0150 0.1786
vn 0.9336 0.0245 0.3576
vn 0.9328 -0.0397 0.3583
vn 0.9335 0.0246 0.3578
vn 0.9335 0.0246 0.3579
vn 0.8425 0.0337 0.5377
vn 0.8423 0.0338 0.5379
vn 0.7035 0.0404 0.7096
vn 0.8377 0.1156 0.5337
vn 0.8377 0.1157 0.5337
vn 0.6999 0.1225 0.7037
vn 0.6999 0.1227 0.7037
vn 0.8377 0.1158 0.5337
vn 0.8260 0.2061 0.5247
vn 0.8259 0.2061 0.5247
vn 0.6903 0.2130 0.6915
vn 0.6999 0.1226 0.7037
vn 0.8259 0.2062 0.5247
vn 0.8069 0.2963 0.5110
vn 0.6746 0.3030 0.6731
vn 0.6903 0.2131 0.6915
vn 0.8261 0.2062 0.5245
vn 0.9164 0.1958 0.3490
vn 0.8959 0.2861 0.3399
vn 0.8959 0.2862 0.3398
vn 0.8070 0.2963 0.5108
vn 0.9165 0.1958 0.3488
vn 0.9674 0.1853 0.1729
vn 0.9465 0.2758 0.1677
vn 0.8960 0.2861 0.3396
vn 0.9674 0.1853 0.1727
vn 0.9838 0.1791 -0.0009
vn 0.9629 0.2698 -0.0015
vn 0.9465 0.2758 0.1675
vn 0.9797 0.0953 0.1764
vn 0.9960 0.0891 -0.0005
vn 0.9839 0.1789 -0.0009
vn 0.9839 0.1790 -0.0010
vn 0.9674 0.1851 0.1727
vn 0.9839 0.0151 0.1783
vn 1.0000 0.0095 -0.0000
vn 0.9960 0.0891 -0.0004
vn 0.9960 0.0890 -0.0004
vn 0.9797 0.0951 0.1764
vn -0.7503 0.4624 0.4725
vn -0.7120 0.5407 0.4479
vn -0.7953 0.5268 0.3001
vn -0.8354 0.4504 0.3151
vn -0.7503 0.4623 0.4725
vn -0.7817 0.3817 0.4933
vn -0.7504 0.4622 0.4725
vn -0.8354 0.4503 0.3151
vn -0.8686 0.3711 0.3284
vn -0.7817 0.3816 0.4933
vn -0.8354 0.4503 0.3150
vn -0.7953 0.5267 0.3000
vn -0.8459 0.5126 0.1474
vn -0.8854 0.4383 0.1547
vn -0.8687 0.3710 0.3282
vn -0.8355 0.4503 0.3149
vn -0.8855 0.4382 0.1546
vn -0.9187 0.3604 0.1615
vn -0.5956 0.5486 0.5867
vn -0.5573 0.6257 0.5459
vn -0.7119 0.5408 0.4480
vn -0.6275 0.4697 0.6210
vn -0.5957 0.5485 0.5867
vn -0.7119 0.5407 0.4481
vn -0.7502 0.4623 0.4727
vn -0.6536 0.3884 0.6496
vn -0.6275 0.4696 0.6211
vn -0.7502 0.4622 0.4727
vn -0.7815 0.3817 0.4935
vn -0.6746 0.3032 0.6731
vn -0.6536 0.3883 0.6496
vn -0.7816 0.3816 0.4935
vn -0.8068 0.2965 0.5110
vn -0.8070 0.2965 0.5108
vn -0.8686 0.3710 0.3284
vn -0.8686 0.3709 0.3284
vn -0.8959 0.2863 0.3398
vn -0.8960 0.2863 0.3396
vn -0.8687 0.3709 0.3282
vn -0.9188 0.3602 0.1615
vn -0.9464 0.2760 0.1677
vn -0.9465 0.2760 0.1675
vn -0.9188 0.3602 0.1613
vn -0.9352 0.3542 -0.0020
vn -0.9629 0.2699 -0.0014
vn -0.9465 0.2760 0.1674
vn -0.9188 0.3603 0.1614
vn -0.9021 0.4315 -0.0024
vn -0.9188 0.3603 0.1613
vn -0.8632 0.5049 -0.0028
vn -0.7120 0.5408 0.4480
vn -0.7952 0.5268 0.3001
vn -0.7120 0.5408 0.4479
vn 0.4779 0.4689 0.7428
vn 0.4559 0.5468 0.7023
vn 0.3081 0.5383 0.7844
vn 0.3206 0.4627 0.8265
vn 0.4779 0.4688 0.7428
vn 0.4961 0.3886 0.7764
vn 0.4779 0.4687 0.7429
vn 0.3205 0.4627 0.8266
vn 0.3206 0.4626 0.8265
vn 0.3313 0.3843 0.8617
vn 0.4961 0.3886 0.7765
vn 0.3204 0.4627 0.8266
vn 0.3080 0.5383 0.7845
vn 0.1560 0.5294 0.8339
vn 0.1612 0.4561 0.8752
vn 0.3311 0.3843 0.8618
vn 0.3204 0.4626 0.8267
vn 0.1613 0.4561 0.8752
vn 0.1658 0.3794 0.9103
vn 0.3312 0.3842 0.8618
vn 0.5955 0.5487 0.5869
vn 0.5571 0.6257 0.5460
vn 0.4561 0.5469 0.7021
vn 0.5955 0.5486 0.5869
vn 0.6273 0.4697 0.6212
vn 0.5955 0.5485 0.5869
vn 0.4561 0.5468 0.7021
vn 0.4560 0.5468 0.7022
vn 0.4781 0.4689 0.7427
vn 0.6534 0.3884 0.6498
vn 0.6274 0.4696 0.6212
vn 0.4781 0.4688 0.7427
vn 0.4963 0.3887 0.7763
vn 0.6744 0.3032 0.6733
vn 0.6534 0.3883 0.6498
vn 0.4963 0.3885 0.7763
vn 0.5111 0.3039 0.8040
vn 0.5109 0.3038 0.8042
vn 0.4961 0.3885 0.7765
vn 0.3314 0.3841 0.8618
vn 0.3401 0.3002 0.8912
vn 0.5109 0.3039 0.8042
vn 0.3399 0.3001 0.8913
vn 0.3311 0.3841 0.8619
vn 0.1697 0.2961 0.9400
vn 0.1657 0.3793 0.9103
vn 0.0001 0.2943 0.9557
vn 0.1657 0.3794 0.9103
vn 0.1611 0.4561 0.8752
vn 0.0001 0.4534 0.8913
vn 0.0001 0.5993 0.8006
vn 0.2930 0.6137 0.7332
vn 0.1561 0.5294 0.8339
vn 0.4559 0.5468 0.7022
vn 0.4294 0.6232 0.6536
vn 0.3082 0.5384 0.7843
vn -0.3295 -0.2493 0.9106
vn -0.5144 -0.1736 0.8398
vn -0.4630 -0.4489 0.7643
vn -0.2870 -0.5222 0.8031
vn -0.3296 -0.2494 0.9106
vn -0.1582 -0.3191 0.9344
vn -0.3294 -0.2494 0.9107
vn -0.2869 -0.5222 0.8031
vn -0.2868 -0.5222 0.8031
vn -0.1335 -0.5850 0.8000
vn -0.1583 -0.3192 0.9344
vn -0.2870 -0.5224 0.8030
vn -0.4629 -0.4491 0.7642
vn -0.3000 -0.8068 0.5090
vn -0.1777 -0.8408 0.5113
vn -0.2869 -0.5225 0.8029
vn -0.1334 -0.5852 0.7998
vn -0.2869 -0.5224 0.8030
vn -0.1776 -0.8408 0.5113
vn -0.0797 -0.8669 0.4921
vn -0.5211 -0.1175 0.8454
vn -0.6986 -0.0969 0.7089
vn -0.6942 -0.1420 0.7056
vn -0.5146 -0.1734 0.8397
vn -0.3381 -0.1709 0.9255
vn -0.5144 -0.1734 0.8398
vn -0.5144 -0.1735 0.8398
vn -0.3296 -0.2492 0.9106
vn -0.1648 -0.2215 0.9611
vn -0.3378 -0.1710 0.9255
vn -0.3294 -0.2492 0.9107
vn -0.3294 -0.2493 0.9107
vn -0.1583 -0.3190 0.9344
vn -0.1581 -0.3190 0.9345
vn -0.0001 -0.3463 0.9381
vn -0.0001 -0.3465 0.9381
vn -0.1581 -0.3192 0.9344
vn -0.1334 -0.5850 0.8000
vn -0.0000 -0.6086 0.7935
vn -0.0001 -0.3465 0.9380
vn -0.0000 -0.6088 0.7933
vn -0.0796 -0.8669 0.4921
vn -0.0000 -0.8762 0.4820
vn -0.0000 -0.8763 0.4818
vn -0.0796 -0.8670 0.4919
vn -0.0221 -0.9877 0.1547
vn -0.0000 -0.9888 0.1493
vn -0.1775 -0.8410 0.5111
vn -0.0512 -0.9845 0.1677
vn -0.0221 -0.9877 0.1546
vn -0.1776 -0.8410 0.5111
vn -0.2999 -0.8070 0.5088
vn -0.0929 -0.9794 0.1794
vn -0.0513 -0.9845 0.1676
vn -0.3000 -0.8070 0.5088
vn -0.4234 -0.7861 0.4503
vn -0.1433 -0.9741 0.1747
vn -0.0930 -0.9794 0.1794
vn -0.4630 -0.4491 0.7641
vn -0.6342 -0.4147 0.6525
vn -0.4235 -0.7859 0.4505
vn -0.3001 -0.8068 0.5090
vn -0.5146 -0.1735 0.8397
vn -0.6942 -0.1422 0.7056
vn -0.6343 -0.4145 0.6526
vn -0.4631 -0.4489 0.7642
vn -0.5146 -0.1736 0.8397
vn 0.3294 -0.2497 0.9106
vn 0.1583 -0.3192 0.9344
vn 0.1334 -0.5853 0.7998
vn 0.1335 -0.5853 0.7998
vn 0.2867 -0.5235 0.8024
vn 0.5144 -0.1742 0.8397
vn 0.3296 -0.2497 0.9105
vn 0.2868 -0.5235 0.8023
vn 0.2867 -0.5235 0.8023
vn 0.4621 -0.4525 0.7627
vn 0.2866 -0.5237 0.8022
vn 0.1334 -0.5855 0.7996
vn 0.0795 -0.8673 0.4913
vn 0.0796 -0.8673 0.4913
vn 0.1767 -0.8429 0.5082
vn 0.4621 -0.4527 0.7626
vn 0.2867 -0.5237 0.8022
vn 0.1768 -0.8429 0.5082
vn 0.2956 -0.8133 0.5011
vn 0.4620 -0.4527 0.7626
vn 0.1646 -0.2217 0.9611
vn 0.0001 -0.3463 0.9381
vn 0.1581 -0.3190 0.9345
vn 0.3379 -0.1711 0.9255
vn 0.1583 -0.3190 0.9344
vn 0.3294 -0.2495 0.9106
vn 0.3379 -0.1710 0.9255
vn 0.3296 -0.2495 0.9106
vn 0.5144 -0.1740 0.8397
vn 0.5146 -0.1740 0.8396
vn 0.6941 -0.1432 0.7055
vn 0.6986 -0.0970 0.7089
vn 0.6941 -0.1434 0.7054
vn 0.5146 -0.1742 0.8396
vn 0.4622 -0.4525 0.7626
vn 0.4622 -0.4525 0.7627
vn 0.6317 -0.4223 0.6501
vn 0.6941 -0.1434 0.7055
vn 0.6316 -0.4225 0.6500
vn 0.2957 -0.8133 0.5011
vn 0.4101 -0.8007 0.4367
vn 0.4099 -0.8009 0.4365
vn 0.2955 -0.8135 0.5009
vn 0.0858 -0.9826 0.1649
vn 0.1203 -0.9815 0.1488
vn 0.1767 -0.8431 0.5080
vn 0.0501 -0.9855 0.1619
vn 0.0857 -0.9826 0.1649
vn 0.1766 -0.8431 0.5080
vn 0.0795 -0.8675 0.4911
vn 0.0221 -0.9879 0.1532
vn 0.0500 -0.9855 0.1619
vn -0.0000 -0.9888 0.1492
vn -0.0000 -0.8761 0.4820
vn 0.1333 -0.5855 0.7996
vn 0.1581 -0.3192 0.9344
vn 0.0001 -0.3465 0.9380
vn 0.0001 -0.6086 0.7935
vn 0.9000 -0.2671 0.3444
vn 0.8294 -0.1836 0.5277
vn 0.7448 -0.4615 0.4820
vn 0.7838 -0.5393 0.3080
vn 0.9000 -0.2672 0.3445
vn 0.9235 -0.3434 0.1711
vn 0.9000 -0.2672 0.3443
vn 0.7838 -0.5393 0.3079
vn 0.7805 -0.6063 0.1528
vn 0.9234 -0.3435 0.1712
vn 0.7836 -0.5395 0.3079
vn 0.7447 -0.4617 0.4820
vn 0.4746 -0.8189 0.3226
vn 0.4815 -0.8524 0.2040
vn 0.7803 -0.6065 0.1527
vn 0.7837 -0.5395 0.3079
vn 0.4815 -0.8524 0.2039
vn 0.4645 -0.8793 0.1050
vn 0.8365 -0.1268 0.5331
vn 0.6943 -0.1432 0.7053
vn 0.8293 -0.1834 0.5279
vn 0.9172 -0.1881 0.3512
vn 0.8366 -0.1269 0.5329
vn 0.8294 -0.1834 0.5277
vn 0.8294 -0.1835 0.5277
vn 0.9000 -0.2670 0.3445
vn 0.9533 -0.2459 0.1752
vn 0.9173 -0.1882 0.3510
vn 0.9001 -0.2670 0.3443
vn 0.9235 -0.3433 0.1712
vn 0.9235 -0.3433 0.1710
vn 0.9267 -0.3757 0.0022
vn 0.9267 -0.3759 0.0022
vn 0.9234 -0.3435 0.1710
vn 0.7805 -0.6063 0.1526
vn 0.7728 -0.6347 0.0037
vn 0.7726 -0.6349 0.0037
vn 0.7803 -0.6065 0.1526
vn 0.4538 -0.8911 0.0051
vn 0.7726 -0.6349 0.0036
vn 0.4536 -0.8912 0.0050
vn 0.4643 -0.8795 0.1050
vn 0.1252 -0.9909 0.0495
vn 0.1251 -0.9909 0.0495
vn 0.1206 -0.9927 0.0056
vn 0.4813 -0.8525 0.2039
vn 0.1336 -0.9879 0.0783
vn 0.1251 -0.9909 0.0496
vn 0.4744 -0.8191 0.3225
vn 0.1364 -0.9840 0.1142
vn 0.1364 -0.9841 0.1141
vn 0.1336 -0.9879 0.0784
vn 0.4812 -0.8525 0.2039
vn 0.4744 -0.8191 0.3226
vn 0.1364 -0.9841 0.1142
vn 0.7446 -0.4617 0.4820
vn 0.6317 -0.4225 0.6499
vn 0.4101 -0.8007 0.4366
vn 0.4746 -0.8189 0.3227
vn 0.8292 -0.1835 0.5279
vn 0.6943 -0.1434 0.7053
vn 0.6318 -0.4223 0.6500
vn 0.7447 -0.4615 0.4821
vn 0.8292 -0.1836 0.5279
vn -0.9013 -0.2625 0.3447
vn -0.9259 -0.3365 0.1715
vn -0.8011 -0.5780 0.1556
vn -0.8011 -0.5780 0.1555
vn -0.7968 -0.5175 0.3120
vn -0.8297 -0.1812 0.5279
vn -0.9012 -0.2625 0.3449
vn -0.7967 -0.5175 0.3121
vn -0.7968 -0.5175 0.3121
vn -0.7513 -0.4471 0.4855
vn -0.8298 -0.1812 0.5279
vn -0.7966 -0.5177 0.3120
vn -0.8009 -0.5782 0.1555
vn -0.5334 -0.8378 0.1163
vn -0.5334 -0.8378 0.1162
vn -0.5310 -0.8179 0.2216
vn -0.7967 -0.5177 0.3119
vn -0.7511 -0.4473 0.4855
vn -0.5310 -0.8179 0.2217
vn -0.5309 -0.8179 0.2217
vn -0.5040 -0.7936 0.3408
vn -0.9535 -0.2455 0.1750
vn -0.9300 -0.3676 0.0022
vn -0.9260 -0.3363 0.1713
vn -0.9173 -0.1880 0.3510
vn -0.9260 -0.3363 0.1715
vn -0.9013 -0.2623 0.3447
vn -0.9173 -0.1879 0.3511
vn -0.9012 -0.2623 0.3449
vn -0.9013 -0.2623 0.3449
vn -0.8298 -0.1810 0.5279
vn -0.8367 -0.1268 0.5329
vn -0.8365 -0.1267 0.5331
vn -0.8297 -0.1810 0.5281
vn -0.6944 -0.1420 0.7054
vn -0.6988 -0.0969 0.7087
vn -0.6944 -0.1422 0.7054
vn -0.8296 -0.1812 0.5281
vn -0.7512 -0.4471 0.4857
vn -0.7512 -0.4470 0.4857
vn -0.6344 -0.4145 0.6525
vn -0.6343 -0.4147 0.6524
vn -0.7511 -0.4473 0.4856
vn -0.5039 -0.7936 0.3409
vn -0.5039 -0.7937 0.3409
vn -0.4236 -0.7859 0.4504
vn -0.5037 -0.7938 0.3408
vn -0.1856 -0.9715 0.1476
vn -0.5037 -0.7938 0.3407
vn -0.5308 -0.8180 0.2216
vn -0.2127 -0.9709 0.1098
vn -0.1856 -0.9715 0.1475
vn -0.5308 -0.8180 0.2215
vn -0.5332 -0.8380 0.1162
vn -0.2313 -0.9704 0.0697
vn -0.2127 -0.9709 0.1097
vn -0.5315 -0.8471 0.0048
vn -0.2390 -0.9710 0.0054
vn -0.2391 -0.9710 0.0055
vn -0.2314 -0.9704 0.0696
vn -0.8009 -0.5782 0.1554
vn -0.7972 -0.6037 0.0034
vn -0.5317 -0.8469 0.0048
vn -0.9260 -0.3365 0.1713
vn -0.9299 -0.3678 0.0022
vn -0.7974 -0.6035 0.0035
vn -0.7974 -0.6035 0.0034
vn -0.3403 -0.2029 -0.9182
vn -0.1685 -0.2021 -0.9648
vn -0.1673 -0.2238 -0.9602
vn -0.3388 -0.2154 -0.9159
vn -0.3404 -0.2029 -0.9181
vn -0.1661 -0.2306 -0.9588
vn -0.3384 -0.2037 -0.9187
vn -0.5164 -0.2046 -0.8316
vn -0.3389 -0.2154 -0.9158
vn -0.5156 -0.2074 -0.8313
vn -0.3385 -0.2037 -0.9186
vn -0.3386 -0.2037 -0.9186
vn -0.5182 -0.1759 -0.8370
vn -0.1695 -0.1767 -0.9696
vn -0.0000 -0.1756 -0.9845
vn -0.0000 -0.2020 -0.9794
vn -0.0000 -0.2274 -0.9738
vn -0.0000 -0.2414 -0.9704
vn -0.0000 -0.2528 -0.9675
vn -0.1647 -0.2324 -0.9586
vn -0.3383 -0.2037 -0.9187
vn -0.3380 -0.1814 -0.9235
vn -0.3381 -0.1814 -0.9234
vn -0.3381 -0.1813 -0.9235
vn -0.5209 -0.1271 -0.8441
vn -0.6923 -0.1656 -0.7024
vn -0.5184 -0.1759 -0.8368
vn -0.5211 -0.1271 -0.8440
vn -0.6986 -0.1050 -0.7078
vn -0.6923 -0.1655 -0.7024
vn -0.6866 -0.2059 -0.6973
vn -0.5158 -0.2074 -0.8312
vn -0.6864 -0.2073 -0.6971
vn -0.5166 -0.2046 -0.8314
vn -0.5159 -0.2074 -0.8312
vn -0.6893 -0.1880 -0.6997
vn -0.5190 -0.1842 -0.8347
vn -0.5188 -0.1842 -0.8348
vn -0.3422 -0.1799 -0.9222
vn -0.5187 -0.1842 -0.8349
vn -0.3421 -0.1799 -0.9223
vn -0.3420 -0.1799 -0.9223
vn -0.1259 0.7708 -0.6245
vn -0.1402 0.6794 -0.7202
vn -0.2723 0.6860 -0.6747
vn -0.2442 0.7699 -0.5896
vn -0.1258 0.7709 -0.6244
vn -0.3968 0.6922 -0.6029
vn -0.3562 0.7673 -0.5333
vn -0.1106 0.8519 -0.5120
vn -0.2441 0.7700 -0.5895
vn -0.2137 0.8462 -0.4881
vn -0.1107 0.8518 -0.5120
vn -0.3106 0.8359 -0.4525
vn -0.0001 0.6764 -0.7365
vn -0.0000 0.5903 -0.8072
vn -0.1498 0.5948 -0.7898
vn -0.1401 0.6794 -0.7203
vn -0.2931 0.6055 -0.7399
vn -0.4295 0.6160 -0.6604
vn -0.4296 0.6161 -0.6603
vn -0.5571 0.6196 -0.5530
vn -0.5121 0.6940 -0.5061
vn -0.4592 0.7650 -0.4516
vn -0.4592 0.7650 -0.4515
vn -0.4014 0.8277 -0.3921
vn -0.2786 0.8902 -0.3605
vn -0.3473 0.8752 -0.3366
vn -0.1944 0.9034 -0.3823
vn -0.1944 0.9033 -0.3823
vn -0.1014 0.9107 -0.4003
vn -0.1014 0.9108 -0.4003
vn -0.0000 0.9132 -0.4076
vn -0.0000 0.8536 -0.5209
vn -0.1106 0.8518 -0.5120
vn -0.0001 0.8536 -0.5210
vn -0.0001 0.7711 -0.6367
vn -0.1257 0.7710 -0.6244
vn -0.0001 0.7709 -0.6369
vn -0.0000 0.6765 -0.7364
vn -0.8352 -0.1289 -0.5346
vn -0.8309 -0.1622 -0.5323
vn -0.9208 -0.1631 -0.3544
vn -0.9254 -0.1310 -0.3557
vn -0.9255 -0.1310 -0.3554
vn -0.9208 -0.1631 -0.3542
vn -0.9703 -0.1647 -0.1772
vn -0.9703 -0.1647 -0.1773
vn -0.9750 -0.1338 -0.1776
vn -0.8392 -0.0886 -0.5366
vn -0.8353 -0.1289 -0.5345
vn -0.9296 -0.0923 -0.3568
vn -0.9297 -0.0923 -0.3566
vn -0.9792 -0.0966 -0.1782
vn -0.6932 -0.1602 -0.7027
vn -0.6895 -0.1880 -0.6995
vn -0.8263 -0.1898 -0.5303
vn -0.8307 -0.1622 -0.5325
vn -0.8265 -0.1898 -0.5301
vn -0.9161 -0.1902 -0.3531
vn -0.9161 -0.1902 -0.3530
vn -0.9207 -0.1631 -0.3545
vn -0.9208 -0.1631 -0.3543
vn -0.9161 -0.1902 -0.3529
vn -0.9655 -0.1915 -0.1767
vn -0.9654 -0.1915 -0.1768
vn -0.9862 -0.1656 0.0008
vn -0.9793 -0.0966 -0.1781
vn -0.9827 -0.0498 -0.1785
vn -0.9951 -0.0987 0.0005
vn -0.9986 -0.0527 0.0002
vn -0.9329 -0.0438 -0.3576
vn -0.9827 -0.0498 -0.1786
vn -0.8420 -0.0382 -0.5381
vn -0.9328 -0.0438 -0.3578
vn -0.8420 -0.0383 -0.5381
vn -0.7029 -0.0342 -0.7105
vn -0.7003 -0.0854 -0.7087
vn -0.8390 -0.0886 -0.5368
vn -0.8419 -0.0382 -0.5384
vn -0.6969 -0.1264 -0.7060
vn -0.8351 -0.1289 -0.5348
vn 0.0908 -0.9958 -0.0133
vn -0.0203 -0.9994 -0.0276
vn -0.0035 -0.9996 -0.0277
vn 0.0938 -0.9956 0.0029
vn 0.0115 -0.9997 -0.0193
vn 0.0907 -0.9956 0.0248
vn 0.1413 -0.9899 -0.0061
vn 0.1331 -0.9910 0.0174
vn 0.1191 -0.9920 0.0418
vn -0.2311 -0.9712 -0.0587
vn -0.2310 -0.9712 -0.0587
vn -0.2125 -0.9722 -0.0988
vn -0.2125 -0.9722 -0.0987
vn -0.1854 -0.9731 -0.1365
vn -0.1431 -0.9761 -0.1636
vn 0.0222 -0.9998 -0.0013
vn 0.0818 -0.9952 0.0534
vn 0.1023 -0.9924 0.0691
vn 0.1277 -0.9902 0.0570
vn 0.1118 -0.9909 0.0748
vn 0.1467 -0.9887 0.0317
vn 0.1618 -0.9868 0.0018
vn 0.1331 -0.9909 0.0174
vn 0.1618 -0.9868 0.0017
vn 0.1946 0.9387 -0.2845
vn 0.1021 0.9486 -0.2997
vn 0.1090 0.9729 -0.2041
vn 0.2063 0.9594 -0.1924
vn 0.1161 0.9879 -0.1030
vn 0.2184 0.9711 -0.0961
vn 0.2794 0.9223 -0.2670
vn 0.2975 0.9373 -0.1814
vn 0.3130 0.9455 -0.0897
vn 0.1014 0.9107 -0.4003
vn -0.0000 0.9520 -0.3061
vn -0.0000 0.9779 -0.2093
vn -0.0000 0.9944 -0.1060
vn 0.4125 0.9065 -0.0900
vn 0.3943 0.9007 -0.1825
vn 0.3719 0.8889 -0.2675
vn 0.3473 0.8752 -0.3366
vn 0.2786 0.8902 -0.3605
vn 0.3473 0.8753 -0.3366
vn 0.1944 0.9033 -0.3823
vn -0.1946 0.9387 -0.2845
vn -0.2794 0.9223 -0.2670
vn -0.2975 0.9373 -0.1814
vn -0.2063 0.9594 -0.1924
vn -0.3130 0.9455 -0.0897
vn -0.2184 0.9711 -0.0961
vn -0.1021 0.9486 -0.2997
vn -0.1090 0.9729 -0.2041
vn -0.1161 0.9879 -0.1030
vn -0.2786 0.8902 -0.3603
vn -0.3472 0.8753 -0.3365
vn -0.3718 0.8889 -0.2675
vn -0.3719 0.8889 -0.2675
vn -0.3943 0.9007 -0.1825
vn -0.4125 0.9065 -0.0900
vn 0.6339 0.7643 -0.1182
vn 0.7283 0.6719 -0.1343
vn 0.6820 0.6810 -0.2666
vn 0.5985 0.7655 -0.2363
vn 0.6338 0.7644 -0.1181
vn 0.5985 0.7654 -0.2364
vn 0.6819 0.6811 -0.2667
vn 0.6095 0.6896 -0.3912
vn 0.5415 0.7650 -0.3487
vn 0.5228 0.8465 -0.1008
vn 0.5984 0.7656 -0.2362
vn 0.4987 0.8425 -0.2036
vn 0.4624 0.8339 -0.3012
vn 0.7968 0.5864 -0.1457
vn 0.7284 0.6719 -0.1343
vn 0.7459 0.6000 -0.2893
vn 0.6821 0.6809 -0.2665
vn 0.7458 0.6000 -0.2894
vn 0.6655 0.6131 -0.4258
vn 0.5572 0.6195 -0.5529
vn 0.5573 0.6196 -0.5528
vn 0.5121 0.6940 -0.5061
vn 0.4592 0.7650 -0.4515
vn 0.4014 0.8277 -0.3921
vn 0.5228 0.8464 -0.1008
vn 0.6471 0.7624 -0.0044
vn 0.7284 0.6719 -0.1342
vn 0.5241 -0.1235 -0.8427
vn 0.5214 -0.1567 -0.8388
vn 0.3440 -0.1529 -0.9265
vn 0.3456 -0.1209 -0.9305
vn 0.3454 -0.1209 -0.9306
vn 0.3437 -0.1529 -0.9266
vn 0.1702 -0.1501 -0.9739
vn 0.1710 -0.1193 -0.9780
vn 0.5268 -0.0832 -0.8459
vn 0.3455 -0.1209 -0.9306
vn 0.3456 -0.1209 -0.9306
vn 0.3474 -0.0823 -0.9341
vn 0.3472 -0.0823 -0.9342
vn 0.3454 -0.1209 -0.9307
vn 0.1720 -0.0823 -0.9817
vn 0.6930 -0.1602 -0.7029
vn 0.6893 -0.1880 -0.6997
vn 0.5190 -0.1842 -0.8347
vn 0.5216 -0.1567 -0.8387
vn 0.5187 -0.1842 -0.8349
vn 0.3421 -0.1799 -0.9223
vn 0.3439 -0.1529 -0.9265
vn 0.3438 -0.1529 -0.9265
vn 0.3420 -0.1799 -0.9223
vn 0.1695 -0.1767 -0.9696
vn 0.3437 -0.1529 -0.9265
vn -0.0000 -0.1490 -0.9888
vn -0.0000 -0.1188 -0.9929
vn 0.1709 -0.1193 -0.9780
vn -0.0000 -0.0823 -0.9966
vn 0.1729 -0.0357 -0.9843
vn -0.0000 -0.0365 -0.9993
vn 0.3489 -0.0340 -0.9365
vn 0.1720 -0.0823 -0.9816
vn 0.3489 -0.0341 -0.9366
vn 0.5290 -0.0330 -0.8480
vn 0.3475 -0.0823 -0.9341
vn 0.3491 -0.0341 -0.9364
vn 0.5291 -0.0330 -0.8479
vn 0.7027 -0.0342 -0.7107
vn 0.7001 -0.0854 -0.7089
vn 0.5270 -0.0832 -0.8458
vn 0.5293 -0.0330 -0.8478
vn 0.6967 -0.1264 -0.7062
vn 0.5243 -0.1235 -0.8425
vn -0.1187 -0.9914 0.0555
vn -0.0551 -0.9984 0.0154
vn -0.0664 -0.9978 0.0049
vn -0.1370 -0.9901 0.0310
vn -0.0737 -0.9973 -0.0056
vn -0.1479 -0.9890 0.0070
vn -0.1327 -0.9888 0.0682
vn -0.1524 -0.9874 0.0416
vn -0.1662 -0.9860 0.0128
vn -0.0425 -0.9987 0.0266
vn 0.1201 -0.9832 -0.1376
vn 0.1362 -0.9853 -0.1030
vn 0.1333 -0.9888 -0.0672
vn 0.1334 -0.9888 -0.0672
vn 0.1334 -0.9888 -0.0671
vn 0.1249 -0.9914 -0.0384
vn -0.1635 -0.9864 0.0189
vn -0.1481 -0.9876 0.0523
vn -0.1290 -0.9885 0.0792
vn -0.1125 -0.9889 0.0975
vn -0.1091 -0.9896 0.0941
vn -0.0953 -0.9922 0.0801
vn -0.1326 -0.9888 0.0681
vn -0.1105 -0.9932 0.0356
vn -0.0575 -0.9975 0.0415
vn -0.0515 -0.9941 0.0952
vn -0.0986 -0.9916 0.0832
vn -0.0429 -0.9905 0.1308
vn -0.0826 -0.9898 0.1157
vn -0.1456 -0.9890 0.0271
vn -0.1307 -0.9891 0.0673
vn -0.1113 -0.9891 0.0962
vn 0.0124 -0.9990 0.0420
vn 0.0093 -0.9952 0.0978
vn -0.0578 -0.9974 0.0419
vn 0.0062 -0.9909 0.1346
vn 0.0035 -0.9882 0.1529
vn -0.0345 -0.9883 0.1489
vn -0.0676 -0.9888 0.1333
vn -0.0943 -0.9890 0.1140
vn 0.1303 -0.9912 0.0249
vn 0.1582 -0.9873 0.0125
vn 0.1403 -0.9888 0.0503
vn 0.1137 -0.9910 0.0708
vn 0.1181 -0.9899 0.0781
vn 0.0930 -0.9904 0.1023
vn 0.0810 -0.9961 0.0359
vn 0.0693 -0.9937 0.0885
vn 0.0548 -0.9908 0.1237
vn 0.1468 -0.9887 0.0317
vn 0.0976 -0.9907 0.0949
vn 0.0733 -0.9901 0.1198
vn 0.0412 -0.9890 0.1419
vn 0.0548 -0.9908 0.1240
vn 0.0138 -0.9999 0.0053
vn -0.0225 -0.9909 0.1330
vn -0.0102 -0.9983 0.0581
vn -0.0208 -0.9985 0.0507
vn -0.0464 -0.9915 0.1219
vn -0.0314 -0.9987 0.0393
vn -0.0707 -0.9921 0.1035
vn -0.0282 -0.9880 0.1516
vn -0.0568 -0.9889 0.1376
vn -0.0833 -0.9895 0.1177
vn 0.0001 -0.9982 0.0601
vn -0.0000 -0.9905 -0.1378
vn 0.0221 -0.9896 -0.1419
vn 0.0499 -0.9873 -0.1507
vn 0.0500 -0.9873 -0.1507
vn 0.0856 -0.9844 -0.1536
vn 0.0016 -0.9879 0.1549
vn 0.0006 -0.9908 0.1356
vn 0.0668 -0.9941 0.0853
vn 0.0252 -0.9994 0.0225
vn 0.0199 -0.9989 0.0430
vn 0.0463 -0.9927 0.1116
vn 0.0104 -0.9984 0.0554
vn 0.0235 -0.9914 0.1285
vn 0.0825 -0.9917 0.0985
vn 0.0588 -0.9904 0.1252
vn 0.0312 -0.9889 0.1455
vn -0.0928 -0.9814 -0.1682
vn -0.0511 -0.9864 -0.1563
vn -0.0512 -0.9864 -0.1563
vn -0.0221 -0.9894 -0.1432
vn -0.0221 -0.9894 -0.1433
vn -0.0000 -0.9905 -0.1379
vn -0.0000 -0.9904 -0.1379
vn 0.3465 0.2001 -0.9164
vn 0.5219 0.2045 -0.8281
vn 0.5282 0.1146 -0.8414
vn 0.3498 0.1106 -0.9303
vn 0.3498 0.1104 -0.9303
vn 0.5282 0.1144 -0.8414
vn 0.5301 0.0329 -0.8473
vn 0.3504 0.0300 -0.9361
vn 0.3498 0.1105 -0.9303
vn 0.1727 0.1954 -0.9654
vn 0.3463 0.2001 -0.9165
vn 0.3496 0.1106 -0.9304
vn 0.1740 0.1063 -0.9790
vn 0.1740 0.1061 -0.9790
vn 0.3496 0.1105 -0.9304
vn 0.3502 0.0300 -0.9362
vn 0.3501 0.0301 -0.9362
vn 0.1739 0.0267 -0.9844
vn 0.5111 0.2946 -0.8074
vn 0.6744 0.2954 -0.6767
vn 0.6901 0.2053 -0.6940
vn 0.5221 0.2047 -0.8279
vn 0.5221 0.2045 -0.8280
vn 0.6901 0.2052 -0.6940
vn 0.6997 0.1148 -0.7052
vn 0.5284 0.1146 -0.8412
vn 0.5221 0.2046 -0.8280
vn 0.5284 0.1144 -0.8412
vn 0.6997 0.1147 -0.7052
vn 0.7033 0.0325 -0.7102
vn 0.5303 0.0328 -0.8472
vn 0.5303 0.0327 -0.8472
vn 0.7033 0.0324 -0.7102
vn 0.5301 0.0328 -0.8473
vn 0.3491 -0.0340 -0.9365
vn 0.3489 -0.0340 -0.9366
vn 0.1739 0.0266 -0.9844
vn -0.0000 0.0253 -0.9997
vn 0.1737 0.0266 -0.9844
vn -0.0000 0.1044 -0.9945
vn 0.1738 0.1061 -0.9790
vn 0.1737 0.0267 -0.9844
vn 0.1738 0.0267 -0.9844
vn 0.0001 0.1043 -0.9945
vn 0.0001 0.1935 -0.9811
vn 0.1725 0.1954 -0.9654
vn 0.1738 0.1063 -0.9790
vn 0.0001 0.1045 -0.9945
vn 0.0001 0.2834 -0.9590
vn 0.1697 0.2853 -0.9433
vn 0.1725 0.1956 -0.9654
vn 0.0001 0.1937 -0.9811
vn 0.1699 0.2853 -0.9432
vn 0.3399 0.2900 -0.8946
vn 0.3463 0.2003 -0.9165
vn 0.1727 0.1956 -0.9654
vn 0.3401 0.2900 -0.8945
vn 0.5109 0.2946 -0.8076
vn 0.5219 0.2047 -0.8281
vn 0.3465 0.2003 -0.9164
vn -0.9165 0.1918 -0.3511
vn -0.8261 0.2001 -0.5268
vn -0.8378 0.1098 -0.5348
vn -0.8378 0.1097 -0.5348
vn -0.9289 0.1017 -0.3561
vn -0.9165 0.1917 -0.3511
vn -0.9289 0.1016 -0.3561
vn -0.8379 0.1096 -0.5348
vn -0.8424 0.0278 -0.5381
vn -0.8425 0.0278 -0.5380
vn -0.9335 0.0207 -0.3580
vn -0.9289 0.1015 -0.3562
vn -0.9674 0.1831 -0.1750
vn -0.9166 0.1917 -0.3509
vn -0.9290 0.1017 -0.3559
vn -0.9797 0.0933 -0.1776
vn -0.9797 0.0932 -0.1776
vn -0.9290 0.1015 -0.3559
vn -0.9336 0.0207 -0.3578
vn -0.9336 0.0206 -0.3578
vn -0.9838 0.0131 -0.1788
vn -0.9797 0.0931 -0.1776
vn -0.8069 0.2906 -0.5143
vn -0.6746 0.2954 -0.6765
vn -0.6903 0.2053 -0.6938
vn -0.8259 0.2003 -0.5270
vn -0.8259 0.2001 -0.5270
vn -0.6903 0.2052 -0.6938
vn -0.6999 0.1148 -0.7050
vn -0.6999 0.1147 -0.7050
vn -0.8377 0.1097 -0.5350
vn -0.8260 0.2002 -0.5270
vn -0.8377 0.1096 -0.5350
vn -0.6999 0.1146 -0.7050
vn -0.7035 0.0324 -0.7100
vn -0.7035 0.0325 -0.7100
vn -0.8423 0.0279 -0.5383
vn -0.8423 0.0278 -0.5383
vn -0.8419 -0.0382 -0.5383
vn -0.8423 0.0277 -0.5383
vn -0.9335 0.0206 -0.3580
vn -0.8424 0.0277 -0.5381
vn -0.9838 0.0130 -0.1787
vn -0.9336 0.0205 -0.3578
vn -0.9838 0.0129 -0.1787
vn -1.0000 0.0094 -0.0002
vn -0.9839 0.0129 -0.1785
vn -1.0000 0.0094 -0.0001
vn -0.9960 0.0890 -0.0006
vn -0.9797 0.0931 -0.1774
vn -0.9839 0.0130 -0.1785
vn -0.9839 0.0131 -0.1785
vn -1.0000 0.0095 -0.0002
vn -0.9839 0.1789 -0.0011
vn -0.9674 0.1831 -0.1748
vn -0.9797 0.0933 -0.1774
vn -0.9960 0.0892 -0.0006
vn -0.9629 0.2697 -0.0016
vn -0.9465 0.2739 -0.1706
vn -0.9674 0.1833 -0.1748
vn -0.9838 0.1790 -0.0011
vn -0.9465 0.2739 -0.1708
vn -0.8960 0.2823 -0.3428
vn -0.9166 0.1919 -0.3509
vn -0.9674 0.1833 -0.1750
vn -0.8959 0.2823 -0.3430
vn -0.8070 0.2906 -0.5141
vn -0.8261 0.2003 -0.5268
vn -0.9165 0.1919 -0.3511
vn 0.9116 -0.2132 -0.3514
vn 0.9602 -0.2170 -0.1760
vn 0.9551 -0.2389 -0.1750
vn 0.9552 -0.2389 -0.1750
vn 0.9091 -0.2259 -0.3501
vn 0.9116 -0.2132 -0.3515
vn 0.9536 -0.2458 -0.1738
vn 0.9120 -0.2143 -0.3497
vn 0.9090 -0.2259 -0.3502
vn 0.8228 -0.2102 -0.5280
vn 0.9116 -0.2132 -0.3516
vn 0.9090 -0.2259 -0.3503
vn 0.8226 -0.2131 -0.5272
vn 0.8225 -0.2131 -0.5273
vn 0.9120 -0.2143 -0.3499
vn 0.8287 -0.1816 -0.5294
vn 0.8226 -0.2131 -0.5273
vn 0.9655 -0.1915 -0.1767
vn 0.9602 -0.2170 -0.1759
vn 0.9758 -0.2188 0.0011
vn 0.9533 -0.2480 -0.1724
vn 0.9121 -0.2143 -0.3496
vn 0.9533 -0.2480 -0.1725
vn 0.9533 -0.2479 -0.1726
vn 0.9173 -0.1922 -0.3488
vn 0.9120 -0.2143 -0.3498
vn 0.9172 -0.1922 -0.3491
vn 0.9172 -0.1922 -0.3490
vn 0.8367 -0.1329 -0.5314
vn 0.6925 -0.1656 -0.7022
vn 0.8286 -0.1816 -0.5296
vn 0.8365 -0.1329 -0.5316
vn 0.6988 -0.1050 -0.7076
vn 0.6868 -0.2059 -0.6971
vn 0.8224 -0.2131 -0.5275
vn 0.6866 -0.2073 -0.6969
vn 0.8227 -0.2102 -0.5282
vn 0.6895 -0.1880 -0.6995
vn 0.8263 -0.1898 -0.5303
vn 0.8264 -0.1898 -0.5301
vn 0.9160 -0.1902 -0.3531
vn 0.9115 -0.2132 -0.3517
vn 0.8229 -0.2102 -0.5280
vn 0.8265 -0.1898 -0.5300
vn 0.9161 -0.1902 -0.3528
vn -0.4987 0.8425 -0.2036
vn -0.4624 0.8339 -0.3012
vn -0.5415 0.7650 -0.3487
vn -0.5985 0.7655 -0.2363
vn -0.6095 0.6896 -0.3912
vn -0.6819 0.6811 -0.2667
vn -0.5985 0.7654 -0.2364
vn -0.5228 0.8465 -0.1008
vn -0.6338 0.7644 -0.1181
vn -0.6820 0.6810 -0.2666
vn -0.7284 0.6719 -0.1343
vn -0.6339 0.7643 -0.1182
vn -0.3473 0.8753 -0.3366
vn -0.5122 0.6940 -0.5061
vn -0.5573 0.6196 -0.5528
vn -0.5572 0.6195 -0.5529
vn -0.6655 0.6131 -0.4258
vn -0.7459 0.6000 -0.2893
vn -0.7968 0.5864 -0.1457
vn -0.7284 0.6718 -0.1343
vn -0.6339 0.7644 -0.1180
vn -0.6471 0.7624 -0.0044
vn -0.6337 0.7645 -0.1180
vn -0.5228 0.8464 -0.1008
vn 0.2137 0.8462 -0.4881
vn 0.3106 0.8359 -0.4525
vn 0.3562 0.7673 -0.5333
vn 0.2442 0.7699 -0.5896
vn 0.3968 0.6922 -0.6029
vn 0.2723 0.6860 -0.6747
vn 0.1106 0.8519 -0.5120
vn 0.2441 0.7699 -0.5896
vn 0.1258 0.7709 -0.6244
vn 0.1402 0.6794 -0.7202
vn 0.1259 0.7708 -0.6245
vn 0.5571 0.6196 -0.5530
vn 0.4295 0.6160 -0.6603
vn 0.4295 0.6160 -0.6604
vn 0.2931 0.6055 -0.7399
vn 0.1401 0.6794 -0.7203
vn 0.2723 0.6860 -0.6748
vn 0.1498 0.5948 -0.7898
vn 0.1400 0.6793 -0.7204
vn 0.0001 0.6764 -0.7365
vn 0.0001 0.7709 -0.6369
vn 0.1257 0.7710 -0.6243
vn 0.0001 0.7711 -0.6367
vn 0.0001 0.8536 -0.5210
vn 0.1106 0.8519 -0.5119
vn 0.1106 0.8518 -0.5120
vn 0.1014 0.9108 -0.4003
vn 0.1944 0.9034 -0.3823
vn 0.8855 0.4364 -0.1595
vn 0.9187 0.3586 -0.1655
vn 0.8687 0.3673 -0.3323
vn 0.8687 0.3673 -0.3324
vn 0.8355 0.4467 -0.3200
vn 0.8354 0.4467 -0.3202
vn 0.8686 0.3673 -0.3325
vn 0.7816 0.3761 -0.4975
vn 0.7504 0.4569 -0.4776
vn 0.8354 0.4468 -0.3202
vn 0.8459 0.5109 -0.1531
vn 0.8855 0.4364 -0.1596
vn 0.8354 0.4468 -0.3200
vn 0.8354 0.4468 -0.3201
vn 0.7953 0.5234 -0.3060
vn 0.8353 0.4469 -0.3202
vn 0.7503 0.4570 -0.4776
vn 0.7503 0.4571 -0.4776
vn 0.7121 0.5356 -0.4539
vn 0.9465 0.2740 -0.1706
vn 0.9188 0.3584 -0.1653
vn 0.9188 0.3584 -0.1655
vn 0.9464 0.2741 -0.1708
vn 0.8960 0.2824 -0.3428
vn 0.8688 0.3672 -0.3323
vn 0.8687 0.3672 -0.3325
vn 0.8959 0.2824 -0.3430
vn 0.8070 0.2907 -0.5141
vn 0.7817 0.3760 -0.4976
vn 0.8686 0.3672 -0.3325
vn 0.7815 0.3760 -0.4978
vn 0.8068 0.2907 -0.5143
vn 0.6746 0.2955 -0.6765
vn 0.6536 0.3810 -0.6539
vn 0.7815 0.3761 -0.4978
vn 0.7502 0.4569 -0.4778
vn 0.6536 0.3812 -0.6539
vn 0.6275 0.4625 -0.6263
vn 0.7502 0.4570 -0.4778
vn 0.7120 0.5356 -0.4541
vn 0.7502 0.4571 -0.4778
vn 0.6275 0.4627 -0.6263
vn 0.6275 0.4626 -0.6263
vn 0.5957 0.5419 -0.5928
vn 0.7119 0.5356 -0.4541
vn 0.6654 0.6130 -0.4259
vn 0.7119 0.5357 -0.4541
vn 0.5957 0.5421 -0.5928
vn 0.5573 0.6195 -0.5529
vn 0.7459 0.5999 -0.2894
vn 0.7952 0.5234 -0.3060
vn 0.7120 0.5357 -0.4539
vn 0.7120 0.5357 -0.4540
vn 0.6656 0.6130 -0.4257
vn 0.8459 0.5109 -0.1532
vn 0.9188 0.3585 -0.1654
vn 0.8855 0.4363 -0.1594
vn -0.1612 0.4463 -0.8803
vn -0.1659 0.3692 -0.9144
vn -0.3310 0.3745 -0.8661
vn -0.3311 0.3745 -0.8661
vn -0.3204 0.4533 -0.8318
vn -0.3205 0.4534 -0.8317
vn -0.3313 0.3746 -0.8660
vn -0.4961 0.3798 -0.7808
vn -0.4961 0.3799 -0.7808
vn -0.4779 0.4604 -0.7481
vn -0.1560 0.5200 -0.8398
vn -0.1613 0.4463 -0.8802
vn -0.3081 0.5295 -0.7904
vn -0.3082 0.5294 -0.7904
vn -0.3206 0.4534 -0.8316
vn -0.4779 0.4605 -0.7480
vn -0.4559 0.5388 -0.7084
vn -0.0001 0.3669 -0.9303
vn -0.0001 0.2835 -0.9590
vn -0.1696 0.2855 -0.9433
vn -0.1697 0.2854 -0.9433
vn -0.1657 0.3690 -0.9145
vn -0.0000 0.3669 -0.9303
vn -0.1659 0.3690 -0.9145
vn -0.1699 0.2855 -0.9432
vn -0.3399 0.2901 -0.8946
vn -0.3398 0.2902 -0.8946
vn -0.3311 0.3744 -0.8661
vn -0.3313 0.3744 -0.8660
vn -0.3401 0.2902 -0.8945
vn -0.5109 0.2948 -0.8076
vn -0.5109 0.2947 -0.8075
vn -0.4961 0.3797 -0.7808
vn -0.4964 0.3797 -0.7807
vn -0.5111 0.2948 -0.8074
vn -0.6744 0.2956 -0.6767
vn -0.6534 0.3811 -0.6541
vn -0.4963 0.3798 -0.7807
vn -0.4781 0.4604 -0.7479
vn -0.4963 0.3799 -0.7806
vn -0.6534 0.3812 -0.6541
vn -0.6273 0.4625 -0.6265
vn -0.4561 0.5388 -0.7082
vn -0.4781 0.4606 -0.7479
vn -0.6273 0.4627 -0.6265
vn -0.6273 0.4626 -0.6265
vn -0.5955 0.5419 -0.5930
vn -0.4296 0.6160 -0.6604
vn -0.4561 0.5389 -0.7082
vn -0.5955 0.5420 -0.5929
vn -0.5955 0.5421 -0.5930
vn -0.5571 0.6195 -0.5530
vn -0.4296 0.6159 -0.6603
vn -0.4560 0.5389 -0.7083
vn -0.4559 0.5390 -0.7083
vn -0.4294 0.6159 -0.6605
vn -0.0000 0.5161 -0.8565
vn -0.0000 0.4434 -0.8963
vn -0.1611 0.4463 -0.8803
vn -0.0001 0.4433 -0.8964
vn -0.0000 0.3669 -0.9302
vn -0.1657 0.3691 -0.9145
vn -0.1658 0.3691 -0.9145
vn -0.1611 0.4462 -0.8803
vn 0.9297 -0.0923 -0.3566
vn 0.9793 -0.0966 -0.1781
vn 0.9750 -0.1338 -0.1776
vn 0.9255 -0.1310 -0.3554
vn 0.9749 -0.1338 -0.1778
vn 0.9703 -0.1647 -0.1772
vn 0.9208 -0.1631 -0.3542
vn 0.8392 -0.0886 -0.5366
vn 0.9296 -0.0923 -0.3568
vn 0.9254 -0.1310 -0.3557
vn 0.8353 -0.1289 -0.5345
vn 0.8352 -0.1289 -0.5346
vn 0.9208 -0.1631 -0.3544
vn 0.8309 -0.1622 -0.5323
vn 0.9827 -0.0498 -0.1785
vn 0.9986 -0.0527 0.0002
vn 0.9951 -0.0987 0.0005
vn 0.9862 -0.1656 0.0008
vn 0.9703 -0.1647 -0.1771
vn 0.9813 -0.1922 0.0011
vn 0.9161 -0.1902 -0.3529
vn 0.9208 -0.1631 -0.3543
vn 0.9161 -0.1902 -0.3531
vn 0.8265 -0.1898 -0.5301
vn 0.6932 -0.1602 -0.7027
vn 0.8307 -0.1622 -0.5325
vn 0.6969 -0.1264 -0.7060
vn 0.8351 -0.1289 -0.5348
vn 0.7003 -0.0854 -0.7087
vn 0.8390 -0.0886 -0.5368
vn 0.8351 -0.1288 -0.5348
vn 0.7003 -0.0855 -0.7087
vn 0.7029 -0.0342 -0.7105
vn 0.8419 -0.0382 -0.5384
vn 0.8420 -0.0383 -0.5381
vn 0.9327 -0.0438 -0.3579
vn 0.8420 -0.0382 -0.5381
vn 0.9329 -0.0438 -0.3576
vn 0.9827 -0.0498 -0.1786
vn 0.5156 -0.2074 -0.8313
vn 0.5182 -0.1759 -0.8370
vn 0.3385 -0.2037 -0.9187
vn 0.3385 -0.2037 -0.9186
vn 0.3389 -0.2154 -0.9158
vn 0.3387 -0.2154 -0.9159
vn 0.3384 -0.2037 -0.9187
vn 0.1661 -0.2306 -0.9588
vn 0.1673 -0.2238 -0.9602
vn 0.3388 -0.2154 -0.9159
vn 0.5164 -0.2046 -0.8316
vn 0.3404 -0.2029 -0.9181
vn 0.1685 -0.2021 -0.9648
vn 0.6923 -0.1655 -0.7024
vn 0.6986 -0.1050 -0.7078
vn 0.5211 -0.1272 -0.8439
vn 0.5211 -0.1272 -0.8440
vn 0.5184 -0.1759 -0.8368
vn 0.6923 -0.1656 -0.7024
vn 0.5209 -0.1272 -0.8441
vn 0.3381 -0.1814 -0.9235
vn 0.3381 -0.1814 -0.9234
vn 0.3380 -0.1814 -0.9235
vn 0.1648 -0.2323 -0.9586
vn 0.1647 -0.2324 -0.9586
vn 0.3383 -0.2037 -0.9187
vn 0.5188 -0.1842 -0.8348
vn 0.3405 -0.2029 -0.9181
vn 0.6864 -0.2073 -0.6971
vn 0.5166 -0.2046 -0.8314
vn 0.6866 -0.2059 -0.6973
vn 0.5159 -0.2074 -0.8312
vn 0.5158 -0.2074 -0.8312
vn -0.8225 -0.2131 -0.5273
vn -0.8287 -0.1816 -0.5294
vn -0.9120 -0.2143 -0.3498
vn -0.9120 -0.2143 -0.3499
vn -0.9090 -0.2259 -0.3503
vn -0.9090 -0.2259 -0.3502
vn -0.9120 -0.2143 -0.3497
vn -0.9536 -0.2458 -0.1738
vn -0.9552 -0.2389 -0.1750
vn -0.9091 -0.2259 -0.3501
vn -0.8228 -0.2102 -0.5280
vn -0.8226 -0.2131 -0.5272
vn -0.9090 -0.2259 -0.3504
vn -0.9115 -0.2132 -0.3517
vn -0.9116 -0.2132 -0.3515
vn -0.9551 -0.2389 -0.1750
vn -0.9602 -0.2170 -0.1760
vn -0.9116 -0.2132 -0.3514
vn -0.6925 -0.1656 -0.7022
vn -0.6988 -0.1050 -0.7076
vn -0.8365 -0.1327 -0.5316
vn -0.8286 -0.1815 -0.5296
vn -0.8367 -0.1327 -0.5314
vn -0.9173 -0.1917 -0.3490
vn -0.9173 -0.1918 -0.3490
vn -0.9121 -0.2143 -0.3496
vn -0.9174 -0.1918 -0.3488
vn -0.9535 -0.2473 -0.1725
vn -0.9535 -0.2474 -0.1724
vn -0.9697 -0.2444 0.0013
vn -0.9161 -0.1902 -0.3528
vn -0.9654 -0.1915 -0.1767
vn -0.8264 -0.1898 -0.5301
vn -0.8229 -0.2102 -0.5280
vn -0.9160 -0.1902 -0.3531
vn -0.6866 -0.2073 -0.6969
vn -0.8227 -0.2102 -0.5282
vn -0.6868 -0.2059 -0.6971
vn -0.8224 -0.2131 -0.5275
vn -0.8286 -0.1816 -0.5296
vn -0.3472 -0.0823 -0.9342
vn -0.1720 -0.0823 -0.9817
vn -0.1710 -0.1193 -0.9780
vn -0.3454 -0.1209 -0.9307
vn -0.3455 -0.1209 -0.9306
vn -0.1702 -0.1501 -0.9739
vn -0.3437 -0.1529 -0.9266
vn -0.5268 -0.0832 -0.8459
vn -0.3474 -0.0823 -0.9341
vn -0.3456 -0.1209 -0.9306
vn -0.5241 -0.1235 -0.8427
vn -0.3456 -0.1209 -0.9305
vn -0.3439 -0.1529 -0.9265
vn -0.3440 -0.1529 -0.9265
vn -0.5214 -0.1567 -0.8388
vn -0.1728 -0.0357 -0.9843
vn -0.1709 -0.1193 -0.9780
vn -0.1694 -0.1767 -0.9696
vn -0.3438 -0.1529 -0.9265
vn -0.6930 -0.1602 -0.7029
vn -0.5216 -0.1567 -0.8387
vn -0.6967 -0.1264 -0.7062
vn -0.5243 -0.1235 -0.8425
vn -0.7001 -0.0854 -0.7089
vn -0.5270 -0.0832 -0.8458
vn -0.7027 -0.0342 -0.7107
vn -0.5293 -0.0330 -0.8478
vn -0.5291 -0.0330 -0.8479
vn -0.3492 -0.0341 -0.9364
vn -0.3475 -0.0823 -0.9341
vn -0.5290 -0.0330 -0.8480
vn -0.3489 -0.0341 -0.9366
vn -0.1729 -0.0357 -0.9843
vn -0.1720 -0.0823 -0.9816
vn -0.3489 -0.0340 -0.9365
vn -0.1740 0.1061 -0.9790
vn -0.1739 0.0267 -0.9844
vn -0.3501 0.0301 -0.9362
vn -0.3502 0.0300 -0.9362
vn -0.3496 0.1105 -0.9304
vn -0.1740 0.1062 -0.9790
vn -0.3498 0.1105 -0.9303
vn -0.3504 0.0300 -0.9361
vn -0.5301 0.0328 -0.8473
vn -0.5301 0.0329 -0.8473
vn -0.5282 0.1145 -0.8414
vn -0.1727 0.1954 -0.9654
vn -0.1740 0.1063 -0.9790
vn -0.3496 0.1106 -0.9304
vn -0.3463 0.2001 -0.9165
vn -0.3465 0.2001 -0.9164
vn -0.3498 0.1106 -0.9303
vn -0.5282 0.1146 -0.8414
vn -0.5219 0.2045 -0.8281
vn -0.1737 0.0266 -0.9844
vn -0.0001 0.0253 -0.9997
vn -0.1739 0.0266 -0.9844
vn -0.3489 -0.0340 -0.9366
vn -0.3502 0.0299 -0.9362
vn -0.3491 -0.0340 -0.9365
vn -0.5303 0.0328 -0.8472
vn -0.7033 0.0324 -0.7102
vn -0.5284 0.1144 -0.8412
vn -0.6997 0.1147 -0.7052
vn -0.5221 0.2046 -0.8280
vn -0.5284 0.1146 -0.8412
vn -0.6997 0.1148 -0.7052
vn -0.6901 0.2052 -0.6940
vn -0.5222 0.2045 -0.8280
vn -0.5111 0.2946 -0.8074
vn -0.5221 0.2047 -0.8279
vn -0.6901 0.2053 -0.6940
vn -0.6744 0.2954 -0.6767
vn -0.3401 0.2900 -0.8945
vn -0.3465 0.2003 -0.9164
vn -0.5219 0.2047 -0.8281
vn -0.5109 0.2946 -0.8076
vn -0.1699 0.2853 -0.9432
vn -0.1727 0.1956 -0.9654
vn -0.3463 0.2003 -0.9165
vn -0.3399 0.2900 -0.8946
vn -0.0001 0.2834 -0.9590
vn -0.0001 0.1937 -0.9811
vn -0.1725 0.1956 -0.9654
vn -0.1697 0.2853 -0.9433
vn -0.0001 0.1935 -0.9811
vn -0.0001 0.1045 -0.9945
vn -0.1739 0.1062 -0.9790
vn -0.1738 0.1063 -0.9790
vn -0.1725 0.1954 -0.9654
vn -0.0001 0.1043 -0.9945
vn -0.1737 0.0268 -0.9844
vn -0.1738 0.0267 -0.9844
vn -0.1738 0.1061 -0.9790
vn 0.9797 0.0931 -0.1776
vn 0.9838 0.0130 -0.1787
vn 0.9336 0.0206 -0.3578
vn 0.9336 0.0207 -0.3578
vn 0.9290 0.1015 -0.3559
vn 0.9797 0.0932 -0.1776
vn 0.9289 0.1015 -0.3562
vn 0.9335 0.0207 -0.3580
vn 0.8425 0.0278 -0.5380
vn 0.8424 0.0278 -0.5381
vn 0.8379 0.1096 -0.5348
vn 0.9289 0.1016 -0.3561
vn 0.9674 0.1831 -0.1750
vn 0.9797 0.0933 -0.1776
vn 0.9290 0.1017 -0.3559
vn 0.9166 0.1917 -0.3509
vn 0.9165 0.1917 -0.3511
vn 0.9289 0.1017 -0.3561
vn 0.8378 0.1097 -0.5348
vn 0.8378 0.1098 -0.5348
vn 0.8261 0.2001 -0.5268
vn 0.9839 0.0130 -0.1785
vn 0.9838 0.0130 -0.1786
vn 0.9827 -0.0498 -0.1787
vn 0.9336 0.0205 -0.3578
vn 0.9335 0.0206 -0.3580
vn 0.9328 -0.0438 -0.3578
vn 0.8424 0.0277 -0.5381
vn 0.8423 0.0277 -0.5383
vn 0.8419 -0.0382 -0.5383
vn 0.7035 0.0324 -0.7100
vn 0.8423 0.0278 -0.5383
vn 0.8377 0.1097 -0.5350
vn 0.8423 0.0279 -0.5383
vn 0.7035 0.0325 -0.7100
vn 0.6999 0.1146 -0.7050
vn 0.8377 0.1096 -0.5350
vn 0.8260 0.2002 -0.5270
vn 0.6999 0.1147 -0.7050
vn 0.6999 0.1148 -0.7050
vn 0.6903 0.2052 -0.6938
vn 0.8259 0.2001 -0.5270
vn 0.8069 0.2906 -0.5143
vn 0.8259 0.2003 -0.5270
vn 0.6903 0.2053 -0.6938
vn 0.6746 0.2954 -0.6765
vn 0.8959 0.2823 -0.3430
vn 0.9165 0.1919 -0.3511
vn 0.8261 0.2003 -0.5268
vn 0.8070 0.2906 -0.5141
vn 0.9465 0.2739 -0.1708
vn 0.9674 0.1833 -0.1750
vn 0.9166 0.1919 -0.3509
vn 0.8960 0.2823 -0.3428
vn 0.9629 0.2698 -0.0016
vn 0.9838 0.1790 -0.0010
vn 0.9674 0.1833 -0.1748
vn 0.9465 0.2739 -0.1706
vn 0.9839 0.1789 -0.0011
vn 0.9960 0.0892 -0.0006
vn 0.9797 0.0933 -0.1774
vn 0.9674 0.1831 -0.1748
vn 0.9960 0.0890 -0.0006
vn 0.9797 0.0931 -0.1774
vn -0.7953 0.5234 -0.3060
vn -0.7121 0.5356 -0.4539
vn -0.7503 0.4571 -0.4776
vn -0.7503 0.4570 -0.4776
vn -0.8353 0.4469 -0.3202
vn -0.8354 0.4468 -0.3202
vn -0.7504 0.4570 -0.4776
vn -0.7816 0.3762 -0.4976
vn -0.7816 0.3761 -0.4976
vn -0.8686 0.3674 -0.3325
vn -0.8459 0.5109 -0.1531
vn -0.7953 0.5233 -0.3059
vn -0.8354 0.4468 -0.3200
vn -0.8354 0.4468 -0.3201
vn -0.8855 0.4364 -0.1595
vn -0.8855 0.4364 -0.1596
vn -0.8355 0.4467 -0.3200
vn -0.8687 0.3674 -0.3323
vn -0.9188 0.3585 -0.1654
vn -0.5573 0.6195 -0.5529
vn -0.5957 0.5421 -0.5928
vn -0.5957 0.5420 -0.5928
vn -0.7119 0.5358 -0.4541
vn -0.7119 0.5356 -0.4541
vn -0.5957 0.5419 -0.5928
vn -0.6275 0.4627 -0.6263
vn -0.6275 0.4626 -0.6263
vn -0.7502 0.4571 -0.4778
vn -0.7120 0.5357 -0.4541
vn -0.7503 0.4570 -0.4778
vn -0.6275 0.4625 -0.6263
vn -0.6536 0.3812 -0.6539
vn -0.6536 0.3811 -0.6539
vn -0.7815 0.3761 -0.4978
vn -0.7502 0.4569 -0.4778
vn -0.7815 0.3760 -0.4978
vn -0.6536 0.3810 -0.6539
vn -0.6746 0.2955 -0.6765
vn -0.8068 0.2907 -0.5143
vn -0.8687 0.3672 -0.3325
vn -0.7817 0.3760 -0.4976
vn -0.8070 0.2907 -0.5141
vn -0.8959 0.2824 -0.3430
vn -0.9188 0.3585 -0.1655
vn -0.8688 0.3672 -0.3323
vn -0.8960 0.2824 -0.3428
vn -0.9464 0.2741 -0.1708
vn -0.9188 0.3584 -0.1655
vn -0.9188 0.3584 -0.1653
vn -0.9465 0.2740 -0.1706
vn -0.9629 0.2699 -0.0016
vn -0.7460 0.5999 -0.2892
vn -0.7120 0.5357 -0.4540
vn -0.7120 0.5357 -0.4539
vn -0.7952 0.5234 -0.3060
vn 0.3081 0.5295 -0.7904
vn 0.4559 0.5388 -0.7084
vn 0.4779 0.4605 -0.7480
vn 0.3206 0.4534 -0.8317
vn 0.3205 0.4534 -0.8317
vn 0.4779 0.4604 -0.7481
vn 0.4961 0.3799 -0.7808
vn 0.3313 0.3745 -0.8660
vn 0.3206 0.4533 -0.8317
vn 0.1560 0.5200 -0.8398
vn 0.3080 0.5294 -0.7905
vn 0.1612 0.4463 -0.8803
vn 0.3204 0.4533 -0.8318
vn 0.3311 0.3745 -0.8661
vn 0.3310 0.3745 -0.8661
vn 0.1658 0.3691 -0.9145
vn 0.4296 0.6159 -0.6603
vn 0.5571 0.6195 -0.5530
vn 0.5955 0.5421 -0.5930
vn 0.5955 0.5420 -0.5929
vn 0.4561 0.5389 -0.7082
vn 0.4296 0.6160 -0.6604
vn 0.4561 0.5388 -0.7082
vn 0.5955 0.5419 -0.5930
vn 0.6273 0.4627 -0.6265
vn 0.4781 0.4606 -0.7479
vn 0.4781 0.4604 -0.7479
vn 0.6273 0.4626 -0.6265
vn 0.6534 0.3812 -0.6541
vn 0.4963 0.3799 -0.7806
vn 0.4963 0.3798 -0.7807
vn 0.6534 0.3811 -0.6541
vn 0.6744 0.2956 -0.6767
vn 0.5111 0.2948 -0.8074
vn 0.4964 0.3797 -0.7807
vn 0.3313 0.3744 -0.8660
vn 0.4961 0.3798 -0.7808
vn 0.5109 0.2948 -0.8075
vn 0.5109 0.2948 -0.8076
vn 0.3401 0.2902 -0.8945
vn 0.1659 0.3691 -0.9145
vn 0.3311 0.3744 -0.8661
vn 0.3398 0.2902 -0.8946
vn 0.3399 0.2902 -0.8946
vn 0.1699 0.2855 -0.9432
vn 0.1657 0.3690 -0.9145
vn 0.1697 0.2855 -0.9433
vn 0.0001 0.2835 -0.9590
vn 0.0001 0.3669 -0.9303
vn 0.1657 0.3691 -0.9145
vn 0.2930 0.6055 -0.7400
vn 0.4294 0.6159 -0.6605
vn 0.4559 0.5389 -0.7083
vn 0.4560 0.5389 -0.7083
vn -0.4630 -0.4574 -0.7592
vn -0.5144 -0.1830 -0.8378
vn -0.3295 -0.2595 -0.9078
vn -0.3296 -0.2596 -0.9077
vn -0.2870 -0.5312 -0.7972
vn -0.2869 -0.5312 -0.7972
vn -0.3294 -0.2596 -0.9078
vn -0.1582 -0.3295 -0.9308
vn -0.1583 -0.3296 -0.9307
vn -0.1335 -0.5939 -0.7934
vn -0.2868 -0.5312 -0.7972
vn -0.3000 -0.8124 -0.4999
vn -0.4629 -0.4576 -0.7591
vn -0.2869 -0.5314 -0.7970
vn -0.1777 -0.8465 -0.5018
vn -0.1776 -0.8465 -0.5018
vn -0.2868 -0.5314 -0.7970
vn -0.1334 -0.5941 -0.7932
vn -0.0796 -0.8724 -0.4823
vn -0.6942 -0.1499 -0.7040
vn -0.6986 -0.1049 -0.7078
vn -0.5211 -0.1270 -0.8440
vn -0.5146 -0.1828 -0.8377
vn -0.5144 -0.1828 -0.8378
vn -0.3296 -0.2594 -0.9078
vn -0.5144 -0.1829 -0.8378
vn -0.3294 -0.2594 -0.9078
vn -0.1648 -0.2323 -0.9586
vn -0.1583 -0.3294 -0.9308
vn -0.1581 -0.3294 -0.9309
vn -0.0001 -0.3568 -0.9342
vn -0.1334 -0.5939 -0.7934
vn -0.1581 -0.3296 -0.9308
vn -0.0001 -0.3570 -0.9341
vn -0.0001 -0.3571 -0.9341
vn -0.0001 -0.6175 -0.7866
vn -0.1333 -0.5939 -0.7934
vn -0.0000 -0.6177 -0.7864
vn -0.0000 -0.8815 -0.4721
vn -0.0221 -0.9894 -0.1436
vn -0.0796 -0.8725 -0.4821
vn -0.0000 -0.8817 -0.4719
vn -0.0000 -0.9904 -0.1382
vn -0.0221 -0.9894 -0.1435
vn -0.0512 -0.9863 -0.1565
vn -0.1776 -0.8467 -0.5016
vn -0.0929 -0.9813 -0.1684
vn -0.2999 -0.8126 -0.4997
vn -0.0513 -0.9863 -0.1565
vn -0.1432 -0.9760 -0.1638
vn -0.4234 -0.7911 -0.4415
vn -0.3000 -0.8126 -0.4997
vn -0.0930 -0.9813 -0.1684
vn -0.1433 -0.9760 -0.1638
vn -0.4235 -0.7909 -0.4417
vn -0.6342 -0.4220 -0.6478
vn -0.4631 -0.4576 -0.7590
vn -0.4630 -0.4577 -0.7590
vn -0.3001 -0.8124 -0.4999
vn -0.6343 -0.4218 -0.6479
vn -0.6942 -0.1501 -0.7040
vn -0.5146 -0.1829 -0.8377
vn -0.5146 -0.1830 -0.8377
vn -0.4631 -0.4574 -0.7592
vn 0.1335 -0.5942 -0.7932
vn 0.1583 -0.3297 -0.9307
vn 0.3294 -0.2599 -0.9077
vn 0.2867 -0.5324 -0.7965
vn 0.2868 -0.5324 -0.7965
vn 0.3296 -0.2599 -0.9076
vn 0.5144 -0.1836 -0.8376
vn 0.5144 -0.1836 -0.8377
vn 0.4621 -0.4610 -0.7576
vn 0.2868 -0.5324 -0.7964
vn 0.0796 -0.8728 -0.4816
vn 0.1334 -0.5944 -0.7930
vn 0.2866 -0.5326 -0.7964
vn 0.2866 -0.5326 -0.7963
vn 0.1767 -0.8485 -0.4987
vn 0.0795 -0.8728 -0.4816
vn 0.1768 -0.8485 -0.4987
vn 0.2867 -0.5326 -0.7963
vn 0.4621 -0.4612 -0.7575
vn 0.4620 -0.4612 -0.7575
vn 0.2956 -0.8189 -0.4919
vn 0.0001 -0.3568 -0.9342
vn 0.1646 -0.2324 -0.9586
vn 0.1581 -0.3295 -0.9308
vn 0.1583 -0.3295 -0.9308
vn 0.3379 -0.1815 -0.9235
vn 0.3379 -0.1814 -0.9236
vn 0.3294 -0.2597 -0.9078
vn 0.3296 -0.2597 -0.9077
vn 0.5144 -0.1834 -0.8377
vn 0.5146 -0.1834 -0.8376
vn 0.6986 -0.1049 -0.7078
vn 0.6941 -0.1511 -0.7039
vn 0.4622 -0.4610 -0.7575
vn 0.5146 -0.1836 -0.8375
vn 0.6941 -0.1513 -0.7038
vn 0.6317 -0.4296 -0.6453
vn 0.2957 -0.8189 -0.4919
vn 0.6316 -0.4298 -0.6452
vn 0.4101 -0.8055 -0.4277
vn 0.0858 -0.9844 -0.1538
vn 0.2955 -0.8191 -0.4917
vn 0.4099 -0.8057 -0.4275
vn 0.1203 -0.9831 -0.1378
vn 0.0501 -0.9873 -0.1509
vn 0.1767 -0.8487 -0.4985
vn 0.0857 -0.9844 -0.1538
vn 0.0222 -0.9896 -0.1422
vn 0.0795 -0.8729 -0.4814
vn 0.1766 -0.8487 -0.4985
vn 0.0500 -0.9873 -0.1509
vn 0.0221 -0.9896 -0.1421
vn 0.0001 -0.6175 -0.7866
vn 0.0001 -0.3570 -0.9341
vn 0.1581 -0.3297 -0.9308
vn 0.1333 -0.5942 -0.7932
vn 0.7448 -0.4669 -0.4768
vn 0.8294 -0.1895 -0.5256
vn 0.9000 -0.2709 -0.3414
vn 0.9000 -0.2710 -0.3415
vn 0.7837 -0.5428 -0.3019
vn 0.7838 -0.5428 -0.3018
vn 0.9000 -0.2710 -0.3413
vn 0.9235 -0.3453 -0.1672
vn 0.9234 -0.3454 -0.1673
vn 0.7804 -0.6080 -0.1460
vn 0.4746 -0.8225 -0.3134
vn 0.7447 -0.4671 -0.4767
vn 0.7836 -0.5430 -0.3018
vn 0.4815 -0.8546 -0.1944
vn 0.4815 -0.8546 -0.1943
vn 0.7836 -0.5430 -0.3017
vn 0.7803 -0.6082 -0.1459
vn 0.4645 -0.8804 -0.0952
vn 0.6943 -0.1511 -0.7037
vn 0.8365 -0.1328 -0.5316
vn 0.8293 -0.1893 -0.5258
vn 0.6942 -0.1511 -0.7037
vn 0.8294 -0.1893 -0.5256
vn 0.9172 -0.1921 -0.3490
vn 0.9000 -0.2708 -0.3415
vn 0.8294 -0.1894 -0.5256
vn 0.9001 -0.2708 -0.3413
vn 0.9172 -0.1922 -0.3489
vn 0.9533 -0.2479 -0.1725
vn 0.9235 -0.3452 -0.1673
vn 0.9235 -0.3452 -0.1671
vn 0.9267 -0.3757 0.0020
vn 0.7805 -0.6080 -0.1459
vn 0.9234 -0.3454 -0.1671
vn 0.9267 -0.3759 0.0020
vn 0.7728 -0.6347 0.0035
vn 0.7804 -0.6080 -0.1458
vn 0.7803 -0.6082 -0.1458
vn 0.7726 -0.6349 0.0035
vn 0.4539 -0.8911 0.0049
vn 0.1251 -0.9914 -0.0384
vn 0.4643 -0.8806 -0.0951
vn 0.1252 -0.9914 -0.0384
vn 0.1337 -0.9887 -0.0672
vn 0.4813 -0.8548 -0.1942
vn 0.4643 -0.8806 -0.0952
vn 0.1252 -0.9914 -0.0385
vn 0.1364 -0.9853 -0.1031
vn 0.4744 -0.8227 -0.3133
vn 0.4813 -0.8548 -0.1943
vn 0.1336 -0.9887 -0.0673
vn 0.4100 -0.8057 -0.4275
vn 0.4744 -0.8227 -0.3134
vn 0.1364 -0.9853 -0.1032
vn 0.6317 -0.4298 -0.6451
vn 0.7446 -0.4671 -0.4768
vn 0.4746 -0.8225 -0.3135
vn 0.6318 -0.4296 -0.6452
vn 0.6942 -0.1512 -0.7037
vn 0.8292 -0.1894 -0.5258
vn 0.8292 -0.1895 -0.5258
vn 0.7447 -0.4669 -0.4769
vn -0.8011 -0.5797 -0.1491
vn -0.9259 -0.3384 -0.1677
vn -0.9013 -0.2664 -0.3417
vn -0.7968 -0.5210 -0.3061
vn -0.8011 -0.5797 -0.1490
vn -0.7968 -0.5210 -0.3062
vn -0.9012 -0.2664 -0.3419
vn -0.8297 -0.1871 -0.5259
vn -0.7512 -0.4525 -0.4805
vn -0.5334 -0.8391 -0.1069
vn -0.8009 -0.5799 -0.1490
vn -0.7967 -0.5212 -0.3060
vn -0.7966 -0.5212 -0.3060
vn -0.5310 -0.8203 -0.2125
vn -0.5310 -0.8203 -0.2126
vn -0.7966 -0.5212 -0.3061
vn -0.7511 -0.4527 -0.4805
vn -0.5039 -0.7975 -0.3318
vn -0.9300 -0.3676 0.0020
vn -0.9260 -0.3382 -0.1675
vn -0.9260 -0.3382 -0.1677
vn -0.9174 -0.1919 -0.3488
vn -0.9013 -0.2662 -0.3417
vn -0.9013 -0.2662 -0.3419
vn -0.8367 -0.1328 -0.5314
vn -0.8298 -0.1869 -0.5259
vn -0.8296 -0.1869 -0.5261
vn -0.8365 -0.1326 -0.5316
vn -0.6988 -0.1049 -0.7076
vn -0.6944 -0.1499 -0.7038
vn -0.8297 -0.1869 -0.5261
vn -0.7512 -0.4525 -0.4806
vn -0.8296 -0.1871 -0.5261
vn -0.6944 -0.1501 -0.7038
vn -0.6344 -0.4218 -0.6478
vn -0.7512 -0.4524 -0.4806
vn -0.5039 -0.7975 -0.3319
vn -0.7511 -0.4527 -0.4806
vn -0.6343 -0.4220 -0.6477
vn -0.4236 -0.7909 -0.4416
vn -0.1856 -0.9731 -0.1367
vn -0.5037 -0.7976 -0.3318
vn -0.2127 -0.9721 -0.0989
vn -0.5308 -0.8205 -0.2125
vn -0.5038 -0.7976 -0.3317
vn -0.5037 -0.7976 -0.3317
vn -0.1856 -0.9731 -0.1366
vn -0.2313 -0.9711 -0.0588
vn -0.5332 -0.8393 -0.1068
vn -0.5308 -0.8205 -0.2124
vn -0.5308 -0.8204 -0.2124
vn -0.2128 -0.9721 -0.0988
vn -0.2390 -0.9710 0.0053
vn -0.5315 -0.8470 0.0048
vn -0.5332 -0.8392 -0.1068
vn -0.2313 -0.9711 -0.0587
vn -0.5317 -0.8469 0.0047
vn -0.7972 -0.6037 0.0033
vn -0.8009 -0.5799 -0.1489
vn -0.5334 -0.8391 -0.1068
vn -0.7974 -0.6035 0.0033
vn -0.9299 -0.3678 0.0020
vn -0.9260 -0.3384 -0.1675
vn -0.8011 -0.5797 -0.1489
vt 0.388636 0.362467
vt 0.388705 0.360382
vt 0.421390 0.361520
vt 0.421303 0.363839
vt 0.388602 0.364121
vt 0.421275 0.365675
vt 0.454302 0.361051
vt 0.454490 0.364190
vt 0.454589 0.366810
vt 0.356424 0.359736
vt 0.356426 0.357064
vt 0.388750 0.357637
vt 0.356423 0.361769
vt 0.356422 0.363403
vt 0.356420 0.364884
vt 0.388562 0.365604
vt 0.421280 0.367340
vt 0.454607 0.369093
vt 0.488554 0.349392
vt 0.489160 0.350844
vt 0.487851 0.347778
vt 0.487052 0.345741
vt 0.454244 0.357183
vt 0.486072 0.343039
vt 0.421438 0.358462
vt 0.403380 0.257953
vt 0.380190 0.261103
vt 0.379074 0.247863
vt 0.401055 0.244966
vt 0.425914 0.252621
vt 0.422310 0.240214
vt 0.378613 0.232595
vt 0.399852 0.230518
vt 0.419731 0.227329
vt 0.381480 0.273139
vt 0.356612 0.274141
vt 0.356653 0.262158
vt 0.405950 0.270017
vt 0.429784 0.264705
vt 0.452755 0.256950
vt 0.447597 0.245173
vt 0.442523 0.233127
vt 0.437661 0.221883
vt 0.420341 0.213457
vt 0.433914 0.213263
vt 0.401000 0.213731
vt 0.379364 0.214246
vt 0.356750 0.233435
vt 0.356814 0.214646
vt 0.356697 0.248886
vt 0.543418 0.305530
vt 0.514623 0.323741
vt 0.512736 0.319456
vt 0.541022 0.301340
vt 0.570082 0.283913
vt 0.567102 0.280078
vt 0.510583 0.314384
vt 0.538318 0.296496
vt 0.563734 0.275779
vt 0.516362 0.327227
vt 0.484540 0.339196
vt 0.545469 0.308946
vt 0.572583 0.287084
vt 0.597872 0.261962
vt 0.594859 0.259226
vt 0.591270 0.255927
vt 0.587267 0.252189
vt 0.559993 0.271272
vt 0.583002 0.248142
vt 0.534918 0.291593
vt 0.507805 0.308971
vt 0.481441 0.329236
vt 0.479231 0.323458
vt 0.483405 0.334733
vt 0.502508 0.458510
vt 0.509732 0.491431
vt 0.502660 0.491737
vt 0.496211 0.460054
vt 0.489627 0.429893
vt 0.484250 0.432575
vt 0.491142 0.491342
vt 0.485842 0.461259
vt 0.476095 0.435780
vt 0.514002 0.490964
vt 0.514821 0.527711
vt 0.510340 0.527194
vt 0.506287 0.457206
vt 0.493056 0.427897
vt 0.474432 0.404875
vt 0.471231 0.407029
vt 0.467046 0.410320
vt 0.462235 0.416236
vt 0.462977 0.437580
vt 0.456543 0.422636
vt 0.469744 0.461298
vt 0.473831 0.490246
vt 0.491476 0.524740
vt 0.474202 0.522879
vt 0.503059 0.526270
vt 0.326854 0.166306
vt 0.331792 0.191846
vt 0.307821 0.193636
vt 0.298742 0.171468
vt 0.316169 0.138382
vt 0.284220 0.147927
vt 0.286741 0.197179
vt 0.275327 0.179383
vt 0.260475 0.160455
vt 0.356894 0.191614
vt 0.334269 0.214101
vt 0.356986 0.164905
vt 0.357091 0.135324
vt 0.357211 0.104034
vt 0.293333 0.111308
vt 0.266281 0.126752
vt 0.245022 0.143133
vt 0.241750 0.173266
vt 0.227314 0.158049
vt 0.256972 0.188975
vt 0.270369 0.202996
vt 0.293306 0.213044
vt 0.279739 0.212759
vt 0.312640 0.213445
vt 0.438565 0.179931
vt 0.427019 0.197641
vt 0.405959 0.193958
vt 0.415197 0.171856
vt 0.453559 0.161116
vt 0.429891 0.148423
vt 0.381995 0.192010
vt 0.387112 0.166506
vt 0.397998 0.138657
vt 0.443357 0.203569
vt 0.456861 0.189647
vt 0.472203 0.174055
vt 0.486755 0.158954
vt 0.469142 0.143913
vt 0.447987 0.127383
vt 0.421036 0.111749
vt 0.226021 0.221052
vt 0.207629 0.206086
vt 0.216608 0.196037
vt 0.233916 0.210365
vt 0.245463 0.234001
vt 0.251994 0.222737
vt 0.227550 0.185170
vt 0.243692 0.199536
vt 0.259683 0.211971
vt 0.199684 0.215506
vt 0.182597 0.198498
vt 0.191543 0.190179
vt 0.218909 0.231334
vt 0.239221 0.245038
vt 0.260582 0.256351
vt 0.265828 0.244596
vt 0.270990 0.232573
vt 0.275932 0.221356
vt 0.213088 0.170564
vt 0.201480 0.181055
vt 0.291568 0.354134
vt 0.259212 0.351875
vt 0.260006 0.346374
vt 0.291971 0.349393
vt 0.324140 0.353875
vt 0.324304 0.349566
vt 0.261401 0.340246
vt 0.292765 0.344056
vt 0.324632 0.344726
vt 0.258592 0.356770
vt 0.226689 0.342344
vt 0.228226 0.338510
vt 0.291414 0.358133
vt 0.324102 0.357465
vt 0.356429 0.353604
vt 0.356431 0.349499
vt 0.356433 0.344904
vt 0.324679 0.339658
vt 0.356434 0.340189
vt 0.293141 0.338181
vt 0.262608 0.333547
vt 0.231370 0.328557
vt 0.233616 0.322785
vt 0.229374 0.334052
vt 0.210010 0.458269
vt 0.222902 0.429634
vt 0.228353 0.432331
vt 0.216367 0.459833
vt 0.202792 0.491258
vt 0.209920 0.491577
vt 0.236572 0.435593
vt 0.226806 0.461088
vt 0.221513 0.491214
vt 0.219437 0.427643
vt 0.238324 0.404710
vt 0.241536 0.406872
vt 0.206223 0.456965
vt 0.198537 0.490793
vt 0.197695 0.527594
vt 0.202154 0.527082
vt 0.209506 0.526145
vt 0.221185 0.524608
vt 0.238860 0.490166
vt 0.238511 0.522763
vt 0.242935 0.461193
vt 0.249716 0.437458
vt 0.250495 0.416067
vt 0.256176 0.422504
vt 0.245718 0.410123
vt 0.323067 0.455906
vt 0.322567 0.486166
vt 0.290716 0.487203
vt 0.292058 0.457441
vt 0.323633 0.428904
vt 0.293752 0.431173
vt 0.262312 0.488691
vt 0.264958 0.459637
vt 0.268771 0.434922
vt 0.356249 0.485929
vt 0.356232 0.518890
vt 0.322525 0.519067
vt 0.356286 0.455518
vt 0.356325 0.428440
vt 0.356357 0.406518
vt 0.324011 0.406894
vt 0.294630 0.409704
vt 0.270887 0.415610
vt 0.262125 0.521048
vt 0.290716 0.519776
vt 0.447713 0.459689
vt 0.450355 0.488726
vt 0.421885 0.487210
vt 0.420577 0.457461
vt 0.443927 0.434999
vt 0.418932 0.431226
vt 0.389965 0.486163
vt 0.389526 0.455912
vt 0.389030 0.428935
vt 0.450559 0.521136
vt 0.441848 0.415719
vt 0.418107 0.409801
vt 0.388713 0.406959
vt 0.389979 0.519098
vt 0.421879 0.519834
vt 0.292780 0.378015
vt 0.324697 0.375942
vt 0.324804 0.381632
vt 0.293889 0.383845
vt 0.262674 0.384470
vt 0.266010 0.390926
vt 0.324333 0.391235
vt 0.294381 0.393796
vt 0.269218 0.401087
vt 0.324445 0.372440
vt 0.356412 0.371892
vt 0.356406 0.375454
vt 0.291957 0.374438
vt 0.260068 0.380067
vt 0.356380 0.391073
vt 0.356396 0.381335
vt 0.420108 0.378241
vt 0.450282 0.384650
vt 0.446865 0.391080
vt 0.418960 0.384030
vt 0.388129 0.376082
vt 0.388003 0.381756
vt 0.443572 0.401223
vt 0.418413 0.393937
vt 0.388439 0.391332
vt 0.453039 0.380344
vt 0.420946 0.374698
vt 0.388392 0.372589
vt 0.265778 0.320101
vt 0.267844 0.312842
vt 0.296487 0.318565
vt 0.295014 0.325612
vt 0.264057 0.326915
vt 0.293895 0.332067
vt 0.326261 0.321604
vt 0.325472 0.328364
vt 0.324908 0.334275
vt 0.240501 0.303391
vt 0.243578 0.295707
vt 0.270297 0.304865
vt 0.237903 0.310319
vt 0.235666 0.316707
vt 0.356437 0.335178
vt 0.356446 0.329338
vt 0.356462 0.322539
vt 0.327184 0.313796
vt 0.356483 0.314703
vt 0.298244 0.310650
vt 0.502040 0.297298
vt 0.498672 0.290702
vt 0.523430 0.274411
vt 0.527635 0.280664
vt 0.505027 0.303326
vt 0.531415 0.286351
vt 0.546394 0.255358
vt 0.551324 0.261157
vt 0.555833 0.266438
vt 0.472472 0.304058
vt 0.469454 0.296369
vt 0.494787 0.283361
vt 0.475020 0.310990
vt 0.477217 0.317380
vt 0.578446 0.243900
vt 0.573455 0.239335
vt 0.567934 0.234283
vt 0.540949 0.248931
vt 0.561794 0.228611
vt 0.518688 0.267459
vt 0.136768 0.289758
vt 0.138282 0.287950
vt 0.165621 0.310277
vt 0.164316 0.312213
vt 0.135535 0.291220
vt 0.163282 0.313762
vt 0.195030 0.328911
vt 0.193980 0.330913
vt 0.193160 0.332517
vt 0.112814 0.262103
vt 0.115197 0.260045
vt 0.140245 0.285545
vt 0.111004 0.263675
vt 0.109560 0.264929
vt 0.108247 0.266047
vt 0.134431 0.292529
vt 0.162394 0.315171
vt 0.192459 0.333964
vt 0.224180 0.348675
vt 0.223563 0.350112
vt 0.224888 0.347066
vt 0.225698 0.345038
vt 0.196365 0.326270
vt 0.167282 0.307707
vt 0.461596 0.223424
vt 0.453983 0.212612
vt 0.470072 0.200296
vt 0.479774 0.211188
vt 0.468046 0.234725
vt 0.487594 0.221925
vt 0.486328 0.186056
vt 0.497199 0.196998
vt 0.506110 0.207107
vt 0.474205 0.245796
vt 0.494631 0.232250
vt 0.513989 0.216580
vt 0.522327 0.191335
vt 0.531222 0.199718
vt 0.512447 0.182141
vt 0.500904 0.171569
vt 0.291149 0.239795
vt 0.293818 0.226923
vt 0.313671 0.230243
vt 0.312368 0.244685
vt 0.287457 0.252184
vt 0.309954 0.257660
vt 0.334894 0.232456
vt 0.334328 0.247722
vt 0.333123 0.260956
vt 0.283501 0.264252
vt 0.307302 0.269712
vt 0.331751 0.272984
vt 0.199966 0.258680
vt 0.178569 0.240564
vt 0.185181 0.232779
vt 0.205885 0.250209
vt 0.222867 0.274306
vt 0.227915 0.265286
vt 0.192234 0.224407
vt 0.212219 0.241073
vt 0.233383 0.255516
vt 0.172474 0.247681
vt 0.151843 0.227163
vt 0.158713 0.220832
vt 0.194555 0.266407
vt 0.218326 0.282506
vt 0.247186 0.287106
vt 0.251259 0.277637
vt 0.255732 0.267375
vt 0.174165 0.206393
vt 0.166185 0.213871
vt 0.412811 0.302029
vt 0.384824 0.305035
vt 0.383791 0.295147
vt 0.410707 0.292131
vt 0.439934 0.296456
vt 0.436852 0.286663
vt 0.382682 0.284474
vt 0.408421 0.281425
vt 0.433473 0.276064
vt 0.385786 0.313967
vt 0.356510 0.305800
vt 0.414735 0.310986
vt 0.442700 0.305363
vt 0.465914 0.287758
vt 0.461915 0.278275
vt 0.457521 0.267995
vt 0.356575 0.285407
vt 0.356541 0.295987
vt 0.145846 0.278590
vt 0.149301 0.274329
vt 0.174575 0.295306
vt 0.171804 0.300128
vt 0.142795 0.282393
vt 0.169361 0.304302
vt 0.202245 0.313461
vt 0.200044 0.318521
vt 0.198125 0.322796
vt 0.126063 0.250460
vt 0.130415 0.246476
vt 0.153130 0.269865
vt 0.121966 0.254130
vt 0.118287 0.257364
vt 0.205071 0.308062
vt 0.178036 0.290434
vt 0.291597 0.365352
vt 0.258300 0.366452
vt 0.258380 0.363814
vt 0.291561 0.363515
vt 0.324246 0.363955
vt 0.324214 0.362299
vt 0.258554 0.360654
vt 0.291468 0.361193
vt 0.324145 0.360213
vt 0.258361 0.368786
vt 0.291600 0.367019
vt 0.324284 0.365440
vt 0.549424 0.315027
vt 0.519514 0.333497
vt 0.518709 0.331886
vt 0.548404 0.313473
vt 0.577245 0.292782
vt 0.576021 0.291314
vt 0.517678 0.329876
vt 0.547112 0.311527
vt 0.574520 0.289500
vt 0.520200 0.334949
vt 0.550299 0.316442
vt 0.578335 0.294095
vt 0.604677 0.268055
vt 0.603382 0.266920
vt 0.601967 0.265652
vt 0.600196 0.264057
vt 0.388555 0.349742
vt 0.388231 0.344903
vt 0.420081 0.344395
vt 0.420873 0.349729
vt 0.388716 0.354049
vt 0.421280 0.354466
vt 0.451415 0.340717
vt 0.452800 0.346826
vt 0.453608 0.352310
vt 0.388191 0.339834
vt 0.450232 0.334033
vt 0.419715 0.338520
vt 0.418978 0.332407
vt 0.387970 0.334451
vt 0.387425 0.328539
vt 0.417884 0.325953
vt 0.448811 0.327409
vt 0.447124 0.320600
vt 0.386666 0.321777
vt 0.416446 0.318905
vt 0.445100 0.313342
vt 0.181607 0.285221
vt 0.157375 0.265076
vt 0.161963 0.259833
vt 0.185460 0.279561
vt 0.207898 0.302429
vt 0.210942 0.296415
vt 0.166964 0.254071
vt 0.189738 0.273332
vt 0.214371 0.289832
vt 0.135042 0.242293
vt 0.145660 0.232783
vt 0.140090 0.237783
vt 0.485349 0.266100
vt 0.479961 0.256304
vt 0.501246 0.242028
vt 0.507506 0.251200
vt 0.490320 0.275142
vt 0.513351 0.259703
vt 0.521376 0.225529
vt 0.528368 0.233947
vt 0.534918 0.241775
vt 0.554968 0.222227
vt 0.547540 0.215210
vt 0.539606 0.207674
vt 0.276276 0.286182
vt 0.279730 0.275595
vt 0.304752 0.281110
vt 0.302394 0.291806
vt 0.273125 0.295965
vt 0.300225 0.301697
vt 0.330474 0.284314
vt 0.329295 0.294982
vt 0.328199 0.304867
vt 0.421212 0.369057
vt 0.454492 0.371534
vt 0.454542 0.374003
vt 0.421193 0.370733
vt 0.388554 0.367118
vt 0.388552 0.368648
vt 0.455333 0.377099
vt 0.421095 0.372436
vt 0.388524 0.370321
vt 0.489787 0.352286
vt 0.356419 0.366385
vt 0.356417 0.367906
vt 0.356415 0.369594
vt 0.476837 0.403542
vt 0.490443 0.353643
vt 0.491050 0.355226
vt 0.456425 0.375248
vt 0.291682 0.368740
vt 0.324292 0.366956
vt 0.324292 0.368488
vt 0.291717 0.370419
vt 0.258417 0.371157
vt 0.258374 0.373741
vt 0.324318 0.370165
vt 0.291821 0.372129
vt 0.257955 0.376821
vt 0.222929 0.351544
vt 0.222270 0.352885
vt 0.256475 0.374951
vt 0.221680 0.354446
vt 0.235839 0.403466
vt 0.161544 0.316622
vt 0.191795 0.335453
vt 0.191185 0.336899
vt 0.160740 0.318065
vt 0.133336 0.293869
vt 0.132253 0.295226
vt 0.190210 0.338458
vt 0.159884 0.319579
vt 0.131060 0.296708
vt 0.106901 0.267165
vt 0.105534 0.268291
vt 0.104072 0.269903
vt 0.194816 0.527941
vt 0.195818 0.490529
vt 0.203834 0.456183
vt 0.217270 0.426350
vt 0.221279 0.354333
vt 0.190774 0.338645
vt 0.551139 0.317902
vt 0.579420 0.295449
vt 0.580521 0.296853
vt 0.551953 0.319380
vt 0.520851 0.336445
vt 0.521458 0.337917
vt 0.581767 0.298420
vt 0.552844 0.320961
vt 0.522437 0.339531
vt 0.606006 0.269202
vt 0.521882 0.339715
vt 0.491424 0.355123
vt 0.495242 0.426569
vt 0.508733 0.456400
vt 0.516815 0.490684
vt 0.517818 0.528076
vt 0.607391 0.270396
vt 0.608926 0.272110
vt 0.688047 0.085703
vt 0.696054 0.053217
vt 0.698473 0.053888
vt 0.690137 0.086820
vt 0.700345 0.054213
vt 0.691969 0.087348
vt 0.678063 0.117635
vt 0.679958 0.118700
vt 0.681678 0.119465
vt 0.692890 0.052444
vt 0.700458 0.021147
vt 0.703487 0.021943
vt 0.705792 0.022485
vt 0.707655 0.022901
vt 0.709341 0.023222
vt 0.702040 0.054570
vt 0.693583 0.087921
vt 0.683185 0.120205
vt 0.669931 0.149580
vt 0.671330 0.150292
vt 0.668372 0.148803
vt 0.666484 0.147817
vt 0.663977 0.146413
vt 0.675368 0.116255
vt 0.685017 0.084596
vt 0.569965 0.029141
vt 0.585495 0.028785
vt 0.580172 0.055815
vt 0.565820 0.055189
vt 0.574333 0.081936
vt 0.561239 0.079822
vt 0.552004 0.031671
vt 0.549881 0.056698
vt 0.547558 0.079322
vt 0.590047 0.001638
vt 0.604241 0.001702
vt 0.598663 0.030473
vt 0.592956 0.058374
vt 0.586845 0.084998
vt 0.579664 0.110352
vt 0.567891 0.106209
vt 0.555467 0.102646
vt 0.543430 0.099491
vt 0.533094 0.082966
vt 0.534288 0.097234
vt 0.531632 0.062052
vt 0.530731 0.037636
vt 0.530421 0.010601
vt 0.554136 0.004885
vt 0.573724 0.002233
vt 0.643828 0.172015
vt 0.648072 0.174077
vt 0.633348 0.203171
vt 0.629223 0.200845
vt 0.615528 0.231389
vt 0.611627 0.228680
vt 0.638654 0.169647
vt 0.624313 0.198330
vt 0.607279 0.225619
vt 0.660649 0.144781
vt 0.651445 0.175900
vt 0.636748 0.205166
vt 0.618777 0.233666
vt 0.602597 0.222063
vt 0.619267 0.195023
vt 0.633331 0.166830
vt 0.645405 0.137850
vt 0.650989 0.140507
vt 0.656177 0.142936
vt 0.497754 0.559359
vt 0.504467 0.561157
vt 0.493660 0.589458
vt 0.488023 0.587067
vt 0.478810 0.613080
vt 0.474519 0.610040
vt 0.486875 0.557019
vt 0.478575 0.584034
vt 0.467239 0.605995
vt 0.508650 0.562351
vt 0.497186 0.591015
vt 0.481553 0.615069
vt 0.462989 0.634135
vt 0.460794 0.631825
vt 0.457748 0.628282
vt 0.453008 0.622563
vt 0.455401 0.603257
vt 0.448129 0.616861
vt 0.463768 0.581682
vt 0.470426 0.554783
vt 0.203590 0.071630
vt 0.209151 0.047441
vt 0.237091 0.064109
vt 0.225517 0.087369
vt 0.266740 0.086571
vt 0.247660 0.106908
vt 0.196834 0.092076
vt 0.213244 0.107489
vt 0.230077 0.125626
vt 0.184108 0.036414
vt 0.184584 0.009384
vt 0.213256 0.020136
vt 0.246133 0.037268
vt 0.286122 0.065000
vt 0.214315 0.141538
vt 0.200839 0.123678
vt 0.188702 0.107457
vt 0.180187 0.095976
vt 0.181468 0.081720
vt 0.183058 0.060821
vt 0.511042 0.072720
vt 0.517668 0.093216
vt 0.501162 0.108510
vt 0.489019 0.088303
vt 0.484209 0.126520
vt 0.466748 0.107678
vt 0.505634 0.048491
vt 0.477599 0.064959
vt 0.447808 0.087203
vt 0.525704 0.108656
vt 0.513466 0.124789
vt 0.499871 0.142546
vt 0.428587 0.065491
vt 0.468736 0.038053
vt 0.501702 0.021156
vt 0.188734 0.163678
vt 0.177991 0.171731
vt 0.165402 0.150664
vt 0.176760 0.143793
vt 0.154837 0.128260
vt 0.166648 0.122940
vt 0.200654 0.153959
vt 0.188560 0.135312
vt 0.178266 0.116730
vt 0.168136 0.178876
vt 0.154861 0.156795
vt 0.143728 0.133375
vt 0.134704 0.108773
vt 0.146512 0.104710
vt 0.158966 0.101235
vt 0.171029 0.098168
vt 0.047078 0.110901
vt 0.042477 0.112733
vt 0.033358 0.081170
vt 0.038168 0.079539
vt 0.025854 0.049152
vt 0.030772 0.047829
vt 0.052319 0.108778
vt 0.043569 0.077607
vt 0.036311 0.046045
vt 0.053437 0.142957
vt 0.050070 0.144649
vt 0.038788 0.114339
vt 0.029362 0.082470
vt 0.021749 0.050166
vt 0.014458 0.018763
vt 0.018436 0.017695
vt 0.023260 0.016379
vt 0.028749 0.014927
vt 0.043225 0.044862
vt 0.034650 0.013075
vt 0.050158 0.076163
vt 0.058413 0.106658
vt 0.068744 0.135973
vt 0.063146 0.138632
vt 0.057943 0.141069
vt 0.237941 0.610032
vt 0.233627 0.613090
vt 0.218792 0.589433
vt 0.224465 0.587020
vt 0.208009 0.561085
vt 0.214773 0.559261
vt 0.245252 0.605964
vt 0.233957 0.583962
vt 0.225716 0.556896
vt 0.251641 0.631863
vt 0.249447 0.634171
vt 0.230884 0.615074
vt 0.215266 0.590981
vt 0.203834 0.562272
vt 0.242194 0.554652
vt 0.248784 0.581595
vt 0.257106 0.603212
vt 0.264355 0.616845
vt 0.259462 0.622566
vt 0.254700 0.628305
vt 0.292766 0.552265
vt 0.323733 0.552088
vt 0.325211 0.582428
vt 0.295843 0.581544
vt 0.326611 0.609612
vt 0.299001 0.607214
vt 0.264980 0.553039
vt 0.269815 0.580930
vt 0.275302 0.604315
vt 0.356210 0.552097
vt 0.356212 0.582861
vt 0.356223 0.610571
vt 0.356233 0.633469
vt 0.327395 0.631987
vt 0.300868 0.627979
vt 0.278755 0.622217
vt 0.419757 0.552362
vt 0.447611 0.553161
vt 0.442718 0.581019
vt 0.416646 0.581618
vt 0.437195 0.604363
vt 0.413475 0.607253
vt 0.388720 0.552143
vt 0.387234 0.582472
vt 0.385844 0.609634
vt 0.433723 0.622226
vt 0.411603 0.627980
vt 0.385074 0.631984
vt 0.326658 0.659255
vt 0.325755 0.665764
vt 0.297519 0.658314
vt 0.299154 0.652652
vt 0.272542 0.646922
vt 0.275062 0.642233
vt 0.327304 0.648296
vt 0.300632 0.642854
vt 0.277794 0.634333
vt 0.356250 0.668357
vt 0.356253 0.672294
vt 0.324961 0.669474
vt 0.296185 0.661560
vt 0.270731 0.649637
vt 0.356241 0.650238
vt 0.356246 0.661540
vt 0.437392 0.642189
vt 0.439907 0.646866
vt 0.414953 0.658259
vt 0.413315 0.652605
vt 0.386737 0.665729
vt 0.385827 0.659225
vt 0.434671 0.634311
vt 0.411838 0.642826
vt 0.385174 0.648276
vt 0.441719 0.649580
vt 0.416291 0.661504
vt 0.387537 0.669439
vt 0.071263 0.069985
vt 0.078724 0.099586
vt 0.071492 0.102143
vt 0.063846 0.072269
vt 0.064780 0.104477
vt 0.056908 0.074345
vt 0.064180 0.039021
vt 0.056733 0.041098
vt 0.049851 0.043059
vt 0.086696 0.096752
vt 0.095397 0.124727
vt 0.087772 0.127936
vt 0.080919 0.130807
vt 0.074639 0.133442
vt 0.040959 0.011138
vt 0.047813 0.009159
vt 0.055432 0.007156
vt 0.064083 0.005165
vt 0.072468 0.036838
vt 0.079430 0.067493
vt 0.601766 0.184408
vt 0.615214 0.157558
vt 0.621763 0.160881
vt 0.608107 0.188222
vt 0.627742 0.163929
vt 0.613898 0.191709
vt 0.585796 0.210039
vt 0.591881 0.214389
vt 0.597462 0.218348
vt 0.607917 0.153827
vt 0.618850 0.126542
vt 0.626450 0.129785
vt 0.633278 0.132676
vt 0.639533 0.135320
vt 0.579102 0.205158
vt 0.594736 0.180122
vt 0.074863 0.204487
vt 0.092499 0.232985
vt 0.090571 0.234265
vt 0.072883 0.205687
vt 0.089028 0.235299
vt 0.071309 0.206604
vt 0.060333 0.175435
vt 0.058379 0.176531
vt 0.056802 0.177356
vt 0.095024 0.231305
vt 0.087633 0.236170
vt 0.069872 0.207378
vt 0.055375 0.178055
vt 0.044095 0.147919
vt 0.042698 0.148665
vt 0.045655 0.147110
vt 0.047544 0.146085
vt 0.062933 0.173968
vt 0.077481 0.202934
vt 0.525676 0.136514
vt 0.536083 0.118007
vt 0.547665 0.124305
vt 0.537429 0.145083
vt 0.559448 0.129712
vt 0.548753 0.152040
vt 0.513458 0.155065
vt 0.525322 0.164871
vt 0.536020 0.173004
vt 0.570529 0.134913
vt 0.559265 0.158255
vt 0.545836 0.180223
vt 0.164829 0.055344
vt 0.167017 0.077977
vt 0.153323 0.078386
vt 0.148884 0.053732
vt 0.140201 0.080414
vt 0.134511 0.054271
vt 0.162857 0.030309
vt 0.144897 0.027664
vt 0.129356 0.027211
vt 0.127655 0.083396
vt 0.121700 0.056750
vt 0.116170 0.028816
vt 0.124984 0.000030
vt 0.110784 0.000001
vt 0.141309 0.000733
vt 0.160891 0.003511
vt 0.150255 0.192091
vt 0.142189 0.198089
vt 0.127175 0.173572
vt 0.135755 0.168303
vt 0.114468 0.147837
vt 0.123495 0.143258
vt 0.158907 0.185649
vt 0.144993 0.162673
vt 0.133268 0.138393
vt 0.134775 0.203530
vt 0.119341 0.178355
vt 0.106278 0.152001
vt 0.103955 0.121114
vt 0.113399 0.117166
vt 0.123657 0.113001
vt 0.622503 0.034233
vt 0.632937 0.036460
vt 0.626000 0.066617
vt 0.615924 0.063785
vt 0.618800 0.095395
vt 0.609027 0.091981
vt 0.611037 0.032230
vt 0.604907 0.060999
vt 0.598386 0.088459
vt 0.640978 0.005212
vt 0.650896 0.007178
vt 0.642284 0.038762
vt 0.635110 0.069353
vt 0.627669 0.098573
vt 0.610320 0.122885
vt 0.600906 0.118882
vt 0.590679 0.114653
vt 0.617511 0.002284
vt 0.629808 0.003511
vt 0.089882 0.196240
vt 0.106600 0.223582
vt 0.102231 0.226534
vt 0.085003 0.198701
vt 0.098303 0.229131
vt 0.080886 0.200978
vt 0.075612 0.167654
vt 0.070491 0.170022
vt 0.066295 0.172112
vt 0.111287 0.220128
vt 0.080913 0.164847
vt 0.094896 0.192993
vt 0.034200 0.116761
vt 0.032476 0.117519
vt 0.022390 0.085154
vt 0.024226 0.084642
vt 0.014274 0.051869
vt 0.016149 0.051560
vt 0.036094 0.115713
vt 0.026324 0.083548
vt 0.018576 0.050909
vt 0.030965 0.118250
vt 0.020772 0.085709
vt 0.012575 0.052210
vt 0.005563 0.020758
vt 0.007251 0.020454
vt 0.009117 0.020054
vt 0.011425 0.019534
vt 0.655996 0.178444
vt 0.657572 0.179248
vt 0.642895 0.208906
vt 0.641338 0.207969
vt 0.624696 0.237849
vt 0.623175 0.236772
vt 0.654045 0.177359
vt 0.639360 0.206750
vt 0.621273 0.235428
vt 0.658993 0.179931
vt 0.644314 0.209695
vt 0.626077 0.238750
vt 0.670855 0.079637
vt 0.678360 0.048200
vt 0.683888 0.050028
vt 0.676237 0.081600
vt 0.688794 0.051393
vt 0.681032 0.083264
vt 0.661899 0.110687
vt 0.667115 0.112815
vt 0.671691 0.114648
vt 0.671455 0.046971
vt 0.680288 0.015301
vt 0.686181 0.017198
vt 0.691665 0.018693
vt 0.696484 0.020046
vt 0.655834 0.108562
vt 0.664286 0.078164
vt 0.657982 0.043119
vt 0.664846 0.045123
vt 0.657559 0.076316
vt 0.650644 0.074206
vt 0.649496 0.106371
vt 0.642813 0.104020
vt 0.650552 0.040996
vt 0.643251 0.071886
vt 0.635611 0.101439
vt 0.673988 0.013317
vt 0.659536 0.009230
vt 0.667144 0.011288
vt 0.121990 0.212620
vt 0.116415 0.216501
vt 0.100234 0.189741
vt 0.105999 0.186318
vt 0.086480 0.161969
vt 0.092443 0.158955
vt 0.128075 0.208342
vt 0.112320 0.182571
vt 0.098983 0.155677
vt 0.569110 0.164214
vt 0.580965 0.140012
vt 0.590719 0.144952
vt 0.578332 0.169922
vt 0.599733 0.149600
vt 0.586903 0.175267
vt 0.555033 0.187068
vt 0.563658 0.193582
vt 0.571703 0.199649
vt 0.109720 0.059304
vt 0.116079 0.086789
vt 0.105404 0.090252
vt 0.098673 0.062027
vt 0.095597 0.093615
vt 0.088568 0.064804
vt 0.103776 0.030496
vt 0.092290 0.032429
vt 0.081835 0.034592
vt 0.074013 0.003268
vt 0.085196 0.001642
vt 0.097505 0.000496
vt 0.686130 0.121767
vt 0.684687 0.120991
vt 0.695170 0.088590
vt 0.696693 0.089300
vt 0.703775 0.055016
vt 0.705513 0.055580
vt 0.687894 0.122390
vt 0.698286 0.090045
vt 0.707255 0.056313
vt 0.672760 0.151011
vt 0.711071 0.023516
vt 0.712852 0.023804
vt 0.714894 0.024109
vt 0.388012 0.671879
vt 0.356255 0.674827
vt 0.417057 0.663627
vt 0.442727 0.651376
vt 0.464212 0.635641
vt 0.675795 0.152330
vt 0.674136 0.151699
vt 0.687590 0.122748
vt 0.009086 0.053181
vt 0.010835 0.052638
vt 0.019178 0.086358
vt 0.017646 0.087048
vt 0.029461 0.119025
vt 0.028020 0.119786
vt 0.007320 0.053894
vt 0.016044 0.087770
vt 0.026247 0.120372
vt 0.003830 0.021036
vt 0.041284 0.149423
vt 0.039940 0.150141
vt 0.026567 0.120771
vt 0.038305 0.150739
vt 0.269726 0.651425
vt 0.248235 0.635659
vt 0.295421 0.663681
vt 0.324489 0.671915
vt 0.000001 0.021590
vt 0.002046 0.021306
vt 0.052481 0.179330
vt 0.053912 0.178720
vt 0.068399 0.208119
vt 0.066937 0.208799
vt 0.086193 0.237008
vt 0.084718 0.237812
vt 0.050944 0.180081
vt 0.065018 0.209315
vt 0.065268 0.209724
vt 0.083093 0.238714
vt 0.103378 0.269373
vt 0.201114 0.563017
vt 0.213070 0.591909
vt 0.229265 0.616300
vt 0.038478 0.151026
vt 0.050759 0.179881
vt 0.629012 0.240491
vt 0.627511 0.239623
vt 0.645774 0.210445
vt 0.647248 0.211165
vt 0.660440 0.180583
vt 0.661902 0.181146
vt 0.630706 0.241486
vt 0.648827 0.211963
vt 0.663521 0.181908
vt 0.663725 0.181598
vt 0.675632 0.152478
vt 0.483202 0.616328
vt 0.499444 0.591981
vt 0.511462 0.563137
vt 0.609542 0.271660
s 0
usemtl pain_(matériau_001)
f 4/1/1 1/2/2 2/3/3
f 2/3/3 3/4/4 4/1/1
f 6/5/5 4/1/6 3/4/7
f 3/4/7 5/6/8 6/5/5
f 3/4/9 2/3/3 7/7/10
f 7/7/10 8/8/11 3/4/12
f 5/6/13 3/4/12 8/8/11
f 8/8/11 9/9/14 5/6/15
f 12/10/16 10/11/17 11/12/18
f 11/12/18 1/2/2 12/10/16
f 13/13/19 12/10/16 1/2/20
f 1/2/2 4/1/1 13/13/19
f 14/14/21 13/13/19 4/1/1
f 4/1/1 6/5/5 14/14/21
f 16/15/22 14/14/21 6/5/5
f 6/5/5 15/16/23 16/15/22
f 15/16/23 6/5/5 5/6/8
f 5/6/24 17/17/25 15/16/26
f 17/17/27 5/6/13 9/9/28
f 9/9/14 18/18/29 17/17/30
f 18/18/31 9/9/32 19/19/33
f 19/19/34 20/20/35 18/18/31
f 9/9/36 8/8/37 21/21/38
f 21/21/38 19/19/33 9/9/36
f 8/8/39 7/7/40 22/22/41
f 22/22/42 21/21/38 8/8/37
f 7/7/40 23/23/43 24/24/44
f 24/24/44 22/22/42 7/7/40
f 2/3/45 25/25/46 23/23/47
f 23/23/48 7/7/10 2/3/3
f 1/2/2 11/12/18 25/25/49
f 25/25/49 2/3/3 1/2/2
f 29/26/50 26/27/51 27/28/52
f 27/28/52 28/29/53 29/26/50
f 31/30/54 29/26/55 28/29/53
f 28/29/53 30/31/56 31/30/54
f 28/29/53 27/28/57 32/32/58
f 32/32/58 33/33/59 28/29/60
f 30/31/56 28/29/53 33/33/59
f 33/33/59 34/34/61 30/31/56
f 37/35/62 35/36/63 36/37/64
f 36/37/64 26/27/65 37/35/62
f 38/38/66 37/35/62 26/27/67
f 26/27/68 29/26/50 38/38/66
f 39/39/69 38/38/70 29/26/50
f 29/26/50 31/30/54 39/39/69
f 41/40/71 39/39/69 31/30/54
f 31/30/54 40/41/72 41/40/71
f 40/41/72 31/30/54 30/31/56
f 30/31/56 42/42/73 40/41/72
f 42/42/73 30/31/56 34/34/61
f 34/34/61 43/43/74 42/42/73
f 43/43/74 34/34/61 44/44/75
f 44/44/75 45/45/76 43/43/74
f 34/34/61 33/33/59 46/46/77
f 46/46/77 44/44/75 34/34/61
f 33/33/59 32/32/58 47/47/78
f 47/47/78 46/46/77 33/33/59
f 32/32/58 48/48/79 49/49/80
f 49/49/80 47/47/78 32/32/58
f 27/28/81 50/50/82 48/48/79
f 48/48/83 32/32/58 27/28/81
f 26/27/68 36/37/84 50/50/85
f 50/50/86 27/28/87 26/27/88
f 54/51/89 51/52/90 52/53/91
f 52/53/92 53/54/93 54/51/89
f 56/55/94 54/51/95 53/54/96
f 53/54/96 55/56/97 56/55/98
f 53/54/99 52/53/100 57/57/101
f 57/57/101 58/58/102 53/54/99
f 55/56/97 53/54/96 58/58/103
f 58/58/103 59/59/104 55/56/105
f 61/60/106 24/24/107 60/61/108
f 60/61/108 51/52/109 61/60/110
f 62/62/111 61/60/112 51/52/90
f 51/52/90 54/51/89 62/62/113
f 63/63/114 62/62/115 54/51/116
f 54/51/116 56/55/94 63/63/114
f 65/64/117 63/63/114 56/55/94
f 56/55/94 64/65/118 65/64/117
f 64/65/118 56/55/94 55/56/119
f 55/56/119 66/66/120 64/65/118
f 66/66/121 55/56/97 59/59/122
f 59/59/122 67/67/123 66/66/120
f 67/67/124 59/59/125 68/68/126
f 68/68/126 69/69/127 67/67/124
f 59/59/104 58/58/103 70/70/128
f 70/70/129 68/68/130 59/59/125
f 58/58/102 57/57/101 71/71/131
f 71/71/131 70/70/132 58/58/102
f 57/57/133 72/72/134 73/73/135
f 73/73/135 71/71/136 57/57/133
f 52/53/137 74/74/138 72/72/139
f 72/72/134 57/57/133 52/53/140
f 51/52/109 60/61/108 74/74/138
f 74/74/138 52/53/137 51/52/109
f 78/75/141 75/76/142 76/77/143
f 76/77/143 77/78/144 78/75/141
f 80/79/145 78/75/141 77/78/144
f 77/78/144 79/80/146 80/79/145
f 77/78/144 76/77/143 81/81/147
f 81/81/147 82/82/148 77/78/144
f 79/80/146 77/78/144 82/82/148
f 82/82/148 83/83/149 79/80/146
f 86/84/150 84/85/151 85/86/152
f 85/86/153 75/76/142 86/84/150
f 87/87/154 86/84/155 75/76/142
f 75/76/142 78/75/141 87/87/156
f 88/88/157 87/87/156 78/75/141
f 78/75/141 80/79/145 88/88/157
f 90/89/158 88/88/157 80/79/145
f 80/79/145 89/90/159 90/89/158
f 89/90/159 80/79/145 79/80/146
f 79/80/146 91/91/160 89/90/159
f 91/91/160 79/80/146 83/83/149
f 83/83/149 92/92/161 91/91/160
f 92/92/161 83/83/149 93/93/162
f 93/93/163 94/94/164 92/92/161
f 83/83/149 82/82/148 95/95/165
f 95/95/165 93/93/162 83/83/149
f 82/82/148 81/81/147 96/96/166
f 96/96/166 95/95/165 82/82/148
f 81/81/147 97/97/167 98/98/168
f 98/98/168 96/96/166 81/81/147
f 76/77/143 99/99/169 97/97/170
f 97/97/170 81/81/147 76/77/143
f 75/76/142 85/86/153 99/99/169
f 99/99/169 76/77/143 75/76/142
f 103/100/171 100/101/172 101/102/173
f 101/102/173 102/103/174 103/100/171
f 105/104/175 103/100/171 102/103/174
f 102/103/174 104/105/176 105/104/175
f 102/103/174 101/102/173 106/106/177
f 106/106/177 107/107/178 102/103/174
f 104/105/176 102/103/174 107/107/178
f 107/107/178 108/108/179 104/105/176
f 110/109/180 49/49/80 109/110/181
f 109/110/181 100/101/172 110/109/180
f 111/111/182 110/109/180 100/101/172
f 100/101/172 103/100/171 111/111/182
f 112/112/183 111/111/182 103/100/171
f 103/100/171 105/104/175 112/112/183
f 114/113/184 112/112/183 105/104/175
f 105/104/175 113/114/185 114/113/184
f 113/114/185 105/104/175 104/105/176
f 104/105/176 115/115/186 113/114/185
f 115/115/186 104/105/176 108/108/179
f 108/108/179 116/116/187 115/115/186
f 116/116/187 108/108/179 117/117/188
f 117/117/188 118/118/189 116/116/187
f 108/108/179 107/107/178 119/119/190
f 119/119/190 117/117/188 108/108/179
f 107/107/178 106/106/177 120/120/191
f 120/120/191 119/119/190 107/107/178
f 106/106/177 121/121/192 122/122/193
f 122/122/193 120/120/191 106/106/177
f 101/102/173 123/123/194 121/121/192
f 121/121/192 106/106/177 101/102/173
f 100/101/172 109/110/181 123/123/194
f 123/123/194 101/102/173 100/101/172
f 127/124/195 124/125/196 125/126/197
f 125/126/197 126/127/198 127/124/195
f 129/128/199 127/124/195 126/127/198
f 126/127/198 128/129/200 129/128/199
f 126/127/198 125/126/197 130/130/201
f 130/130/201 131/131/202 126/127/198
f 128/129/200 126/127/198 131/131/202
f 131/131/202 132/132/203 128/129/200
f 133/133/204 45/45/205 44/44/75
f 44/44/75 124/125/196 133/133/206
f 134/134/207 133/133/208 124/125/196
f 124/125/196 127/124/195 134/134/207
f 135/135/209 134/134/207 127/124/195
f 127/124/195 129/128/199 135/135/210
f 137/136/211 135/135/210 129/128/199
f 129/128/199 136/137/212 137/136/211
f 136/137/212 129/128/199 128/129/200
f 128/129/200 138/138/213 136/137/212
f 138/138/213 128/129/200 132/132/203
f 132/132/203 139/139/214 138/138/213
f 139/139/214 132/132/203 112/112/183
f 112/112/183 114/113/184 139/139/214
f 132/132/203 131/131/202 111/111/182
f 111/111/182 112/112/183 132/132/203
f 131/131/202 130/130/201 110/109/180
f 110/109/180 111/111/182 131/131/202
f 130/130/201 47/47/78 49/49/80
f 49/49/80 110/109/180 130/130/201
f 125/126/197 46/46/77 47/47/78
f 47/47/78 130/130/201 125/126/197
f 124/125/196 44/44/75 46/46/77
f 46/46/77 125/126/197 124/125/196
f 143/140/215 140/141/216 141/142/217
f 141/142/217 142/143/218 143/140/215
f 145/144/219 143/140/220 142/143/218
f 142/143/218 144/145/221 145/144/219
f 142/143/218 141/142/217 146/146/222
f 146/146/223 147/147/224 142/143/218
f 144/145/221 142/143/218 147/147/224
f 147/147/224 148/148/225 144/145/221
f 151/149/226 149/150/227 150/151/228
f 150/151/229 140/141/230 151/149/226
f 152/152/231 151/149/226 140/141/216
f 140/141/232 143/140/233 152/152/231
f 153/153/234 152/152/231 143/140/215
f 143/140/215 145/144/219 153/153/234
f 155/154/235 153/153/234 145/144/219
f 145/144/219 154/155/236 155/154/235
f 154/155/236 145/144/219 144/145/221
f 144/145/221 156/156/237 154/155/236
f 156/156/237 144/145/221 148/148/225
f 148/148/225 157/157/238 156/156/237
f 157/157/238 148/148/225 120/120/191
f 120/120/191 122/122/193 157/157/238
f 148/148/225 147/147/224 119/119/190
f 119/119/190 120/120/191 148/148/225
f 147/147/224 146/146/223 117/117/239
f 117/117/188 119/119/190 147/147/224
f 146/146/223 158/158/240 118/118/189
f 118/118/189 117/117/188 146/146/223
f 141/142/241 159/159/242 158/158/240
f 158/158/240 146/146/223 141/142/217
f 140/141/216 150/151/229 159/159/242
f 159/159/242 141/142/217 140/141/216
f 163/160/243 160/161/244 161/162/245
f 161/162/245 162/163/246 163/160/247
f 165/164/248 163/160/243 162/163/249
f 162/163/249 164/165/250 165/164/248
f 162/163/246 161/162/245 166/166/251
f 166/166/251 167/167/252 162/163/246
f 164/165/250 162/163/253 167/167/254
f 167/167/254 168/168/255 164/165/250
f 171/169/256 169/170/257 170/171/258
f 170/171/258 160/161/259 171/169/256
f 172/172/260 171/169/261 160/161/244
f 160/161/244 163/160/247 172/172/260
f 173/173/262 172/172/260 163/160/243
f 163/160/263 165/164/248 173/173/262
f 10/11/17 173/173/262 165/164/248
f 165/164/248 174/174/264 10/11/17
f 174/174/264 165/164/248 164/165/250
f 164/165/250 175/175/265 174/174/264
f 175/175/265 164/165/250 168/168/255
f 168/168/255 176/176/266 175/175/265
f 176/176/266 168/168/255 177/177/267
f 177/177/267 178/178/268 176/176/266
f 168/168/255 167/167/269 179/179/270
f 179/179/270 177/177/271 168/168/255
f 167/167/252 166/166/251 180/180/272
f 180/180/272 179/179/273 167/167/274
f 166/166/275 181/181/276 182/182/277
f 182/182/277 180/180/278 166/166/279
f 161/162/280 183/183/281 181/181/276
f 181/181/276 166/166/275 161/162/280
f 160/161/282 170/171/258 183/183/281
f 183/183/281 161/162/283 160/161/282
f 187/184/284 184/185/285 185/186/286
f 185/186/286 186/187/287 187/184/284
f 189/188/288 187/184/284 186/187/287
f 186/187/287 188/189/289 189/188/288
f 186/187/287 185/186/286 190/190/290
f 190/190/290 191/191/291 186/187/287
f 188/189/289 186/187/287 191/191/291
f 191/191/291 192/192/292 188/189/289
f 195/193/293 193/194/294 194/195/295
f 194/195/295 184/185/285 195/193/293
f 196/196/296 195/193/293 184/185/285
f 184/185/285 187/184/284 196/196/297
f 197/197/298 196/196/296 187/184/284
f 187/184/284 189/188/288 197/197/299
f 199/198/300 197/197/299 189/188/288
f 189/188/288 198/199/301 199/198/300
f 198/199/301 189/188/288 188/189/289
f 188/189/289 200/200/302 198/199/301
f 200/200/302 188/189/289 192/192/292
f 192/192/292 201/201/303 200/200/302
f 201/201/303 192/192/292 202/202/304
f 202/202/304 203/203/305 201/201/303
f 192/192/292 191/191/291 204/204/306
f 204/204/306 202/202/304 192/192/292
f 191/191/291 190/190/290 205/205/307
f 205/205/307 204/204/306 191/191/291
f 190/190/290 206/206/308 207/207/309
f 207/207/309 205/205/307 190/190/290
f 185/186/286 208/208/310 206/206/308
f 206/206/308 190/190/290 185/186/286
f 184/185/285 194/195/295 208/208/310
f 208/208/310 185/186/286 184/185/285
f 212/209/311 209/210/312 210/211/313
f 210/211/313 211/212/314 212/209/311
f 214/213/315 212/209/311 211/212/314
f 211/212/314 213/214/316 214/213/315
f 211/212/314 210/211/313 215/215/317
f 215/215/317 216/216/318 211/212/314
f 213/214/316 211/212/314 216/216/318
f 216/216/318 217/217/319 213/214/316
f 220/218/320 218/219/321 219/220/322
f 219/220/322 209/210/312 220/218/320
f 221/221/323 220/218/320 209/210/312
f 209/210/312 212/209/311 221/221/323
f 222/222/324 221/221/323 212/209/311
f 212/209/311 214/213/315 222/222/324
f 224/223/325 222/222/324 214/213/315
f 214/213/315 223/224/326 224/223/325
f 223/224/326 214/213/315 213/214/316
f 213/214/316 225/225/327 223/224/326
f 225/225/327 213/214/316 217/217/319
f 217/217/319 226/226/328 225/225/327
f 226/226/328 217/217/319 205/205/307
f 205/205/307 207/207/309 226/226/328
f 217/217/319 216/216/318 204/204/306
f 204/204/306 205/205/307 217/217/319
f 216/216/318 215/215/317 202/202/304
f 202/202/304 204/204/306 216/216/318
f 215/215/317 227/227/329 203/203/330
f 203/203/305 202/202/304 215/215/317
f 210/211/313 228/228/331 227/227/329
f 227/227/329 215/215/317 210/211/313
f 209/210/312 219/220/322 228/228/331
f 228/228/331 210/211/313 209/210/332
f 232/229/333 229/230/334 230/231/335
f 230/231/335 231/232/336 232/229/333
f 234/233/337 232/229/333 231/232/336
f 231/232/336 233/234/338 234/233/337
f 231/232/336 230/231/335 235/235/339
f 235/235/339 236/236/340 231/232/336
f 233/234/338 231/232/336 236/236/340
f 236/236/340 237/237/341 233/234/338
f 96/96/166 98/98/168 238/238/342
f 238/238/342 229/230/334 96/96/166
f 95/95/165 96/96/166 229/230/334
f 229/230/334 232/229/333 95/95/343
f 93/93/163 95/95/165 232/229/333
f 232/229/333 234/233/337 93/93/162
f 94/94/164 93/93/162 234/233/337
f 234/233/337 239/239/344 94/94/164
f 239/239/344 234/233/337 233/234/338
f 233/234/338 240/240/345 239/239/344
f 240/240/345 233/234/338 237/237/341
f 237/237/341 241/241/346 240/240/345
f 241/241/346 237/237/341 222/222/324
f 222/222/324 224/223/325 241/241/346
f 237/237/341 236/236/340 221/221/323
f 221/221/323 222/222/324 237/237/341
f 236/236/340 235/235/339 220/218/320
f 220/218/320 221/221/323 236/236/340
f 235/235/339 242/242/347 218/219/321
f 218/219/321 220/218/320 235/235/339
f 230/231/335 243/243/348 242/242/349
f 242/242/349 235/235/339 230/231/350
f 229/230/334 238/238/342 243/243/348
f 243/243/348 230/231/335 229/230/334
f 247/244/351 244/245/352 245/246/353
f 245/246/353 246/247/354 247/244/351
f 249/248/355 247/244/351 246/247/354
f 246/247/354 248/249/356 249/248/355
f 246/247/354 245/246/353 250/250/357
f 250/250/357 251/251/358 246/247/354
f 248/249/356 246/247/354 251/251/358
f 251/251/358 252/252/359 248/249/356
f 255/253/360 253/254/361 254/255/362
f 254/255/362 244/245/352 255/253/360
f 256/256/363 255/253/360 244/245/352
f 244/245/352 247/244/351 256/256/363
f 257/257/364 256/256/365 247/244/351
f 247/244/351 249/248/355 257/257/364
f 193/194/294 257/257/364 249/248/355
f 249/248/355 194/195/295 193/194/294
f 194/195/295 249/248/355 248/249/356
f 248/249/356 208/208/310 194/195/295
f 208/208/310 248/249/356 252/252/359
f 252/252/359 206/206/308 208/208/310
f 206/206/308 252/252/359 226/226/328
f 226/226/328 207/207/309 206/206/308
f 252/252/359 251/251/358 225/225/327
f 225/225/327 226/226/328 252/252/359
f 251/251/358 250/250/357 223/224/326
f 223/224/326 225/225/327 251/251/358
f 250/250/357 258/258/366 224/223/367
f 224/223/325 223/224/326 250/250/357
f 245/246/353 259/259/368 258/258/366
f 258/258/366 250/250/357 245/246/353
f 244/245/352 254/255/362 259/259/368
f 259/259/368 245/246/353 244/245/352
f 263/260/369 260/261/370 261/262/371
f 261/262/371 262/263/372 263/260/369
f 265/264/373 263/260/369 262/263/372
f 262/263/372 264/265/374 265/264/373
f 262/263/372 261/262/371 266/266/375
f 266/266/375 267/267/376 262/263/372
f 264/265/374 262/263/372 267/267/376
f 267/267/376 268/268/377 264/265/374
f 269/269/378 90/89/158 89/90/159
f 89/90/159 260/261/370 269/269/378
f 270/270/379 269/269/378 260/261/370
f 260/261/370 263/260/369 270/270/379
f 271/271/380 270/270/379 263/260/369
f 263/260/369 265/264/373 271/271/380
f 253/254/361 271/271/381 265/264/373
f 265/264/373 254/255/362 253/254/382
f 254/255/362 265/264/373 264/265/374
f 264/265/374 259/259/368 254/255/362
f 259/259/368 264/265/374 268/268/377
f 268/268/377 258/258/366 259/259/368
f 258/258/366 268/268/377 241/241/346
f 241/241/346 224/223/325 258/258/366
f 268/268/377 267/267/376 240/240/345
f 240/240/345 241/241/346 268/268/377
f 267/267/376 266/266/375 239/239/344
f 239/239/344 240/240/345 267/267/376
f 266/266/375 92/92/161 94/94/164
f 94/94/164 239/239/344 266/266/375
f 261/262/371 91/91/160 92/92/161
f 92/92/161 266/266/375 261/262/371
f 260/261/370 89/90/159 91/91/160
f 91/91/160 261/262/371 260/261/370
f 275/272/383 272/273/384 273/274/385
f 273/274/385 274/275/386 275/272/387
f 277/276/388 275/272/389 274/275/390
f 274/275/391 276/277/392 277/276/393
f 274/275/394 273/274/395 278/278/396
f 278/278/396 279/279/397 274/275/398
f 276/277/399 274/275/400 279/279/401
f 279/279/401 280/280/402 276/277/399
f 283/281/403 281/282/404 282/283/405
f 282/283/405 272/273/406 283/281/407
f 284/284/408 283/281/409 272/273/410
f 272/273/410 275/272/411 284/284/412
f 285/285/413 284/284/414 275/272/415
f 275/272/416 277/276/417 285/285/413
f 182/182/277 285/285/413 277/276/417
f 277/276/418 180/180/278 182/182/277
f 180/180/419 277/276/393 276/277/392
f 276/277/392 179/179/273 180/180/272
f 179/179/270 276/277/399 280/280/420
f 280/280/421 177/177/267 179/179/270
f 177/177/267 280/280/421 286/286/422
f 286/286/423 178/178/424 177/177/267
f 280/280/425 279/279/426 287/287/427
f 287/287/427 286/286/422 280/280/428
f 279/279/429 278/278/430 288/288/431
f 288/288/431 287/287/432 279/279/433
f 278/278/434 289/289/435 290/290/436
f 290/290/437 288/288/438 278/278/434
f 273/274/439 291/291/440 289/289/441
f 289/289/442 278/278/443 273/274/444
f 272/273/445 282/283/446 291/291/447
f 291/291/447 273/274/448 272/273/449
f 295/292/450 292/293/451 293/294/452
f 293/294/452 294/295/453 295/292/454
f 297/296/455 295/292/456 294/295/457
f 294/295/458 296/297/459 297/296/460
f 294/295/461 293/294/462 298/298/463
f 298/298/463 299/299/464 294/295/461
f 296/297/465 294/295/466 299/299/467
f 299/299/467 300/300/468 296/297/469
f 303/301/470 301/302/471 302/303/472
f 302/303/473 292/293/474 303/301/475
f 304/304/476 303/301/475 292/293/477
f 292/293/478 295/292/479 304/304/476
f 305/305/480 304/304/481 295/292/482
f 295/292/482 297/296/483 305/305/480
f 73/73/135 305/305/480 297/296/484
f 297/296/484 71/71/136 73/73/135
f 71/71/131 297/296/460 296/297/485
f 296/297/486 70/70/487 71/71/131
f 70/70/488 296/297/489 300/300/490
f 300/300/491 68/68/492 70/70/488
f 68/68/493 300/300/494 306/306/495
f 306/306/496 69/69/127 68/68/493
f 300/300/494 299/299/497 307/307/498
f 307/307/498 306/306/499 300/300/500
f 299/299/501 298/298/502 308/308/503
f 308/308/504 307/307/505 299/299/506
f 298/298/507 309/309/508 310/310/509
f 310/310/510 308/308/511 298/298/507
f 293/294/512 311/311/513 309/309/514
f 309/309/515 298/298/516 293/294/517
f 292/293/518 302/303/519 311/311/520
f 311/311/520 293/294/521 292/293/518
f 315/312/522 312/313/523 313/314/524
f 313/314/525 314/315/526 315/312/522
f 317/316/527 315/312/522 314/315/528
f 314/315/528 316/317/529 317/316/527
f 314/315/530 313/314/531 318/318/532
f 318/318/532 319/319/533 314/315/528
f 316/317/534 314/315/535 319/319/533
f 319/319/533 320/320/536 316/317/534
f 323/321/537 321/322/538 322/323/539
f 322/323/539 312/313/540 323/321/541
f 324/324/542 323/321/541 312/313/540
f 312/313/540 315/312/522 324/324/542
f 325/325/543 324/324/542 315/312/522
f 315/312/522 317/316/527 325/325/543
f 327/326/544 325/325/543 317/316/527
f 317/316/527 326/327/545 327/326/544
f 326/327/545 317/316/527 316/317/546
f 316/317/529 328/328/547 326/327/548
f 328/328/549 316/317/534 320/320/536
f 320/320/550 329/329/551 328/328/549
f 329/329/552 320/320/553 330/330/554
f 330/330/555 331/331/556 329/329/552
f 320/320/557 319/319/558 332/332/559
f 332/332/559 330/330/554 320/320/557
f 319/319/558 318/318/560 333/333/561
f 333/333/561 332/332/559 319/319/558
f 318/318/560 334/334/562 169/170/563
f 169/170/563 333/333/561 318/318/560
f 313/314/531 335/335/564 334/334/565
f 334/334/565 318/318/532 313/314/531
f 312/313/540 322/323/539 335/335/566
f 335/335/566 313/314/524 312/313/523
f 339/336/567 336/337/568 337/338/569
f 337/338/569 338/339/570 339/336/567
f 341/340/571 339/336/567 338/339/570
f 338/339/572 340/341/573 341/340/571
f 338/339/570 337/338/569 342/342/574
f 342/342/574 343/343/575 338/339/576
f 340/341/573 338/339/570 343/343/577
f 343/343/578 344/344/579 340/341/573
f 43/43/74 45/45/76 133/133/206
f 133/133/206 336/337/568 43/43/74
f 42/42/73 43/43/74 336/337/568
f 336/337/568 339/336/567 42/42/73
f 40/41/72 42/42/73 339/336/567
f 339/336/567 341/340/571 40/41/72
f 41/40/580 40/41/72 341/340/571
f 341/340/571 345/345/581 41/40/582
f 345/345/583 341/340/584 340/341/573
f 340/341/573 346/346/585 345/345/586
f 346/346/585 340/341/587 344/344/588
f 344/344/589 347/347/590 346/346/585
f 347/347/590 344/344/591 348/348/592
f 348/348/592 349/349/593 347/347/590
f 344/344/594 343/343/577 350/350/595
f 350/350/595 348/348/592 344/344/588
f 343/343/577 342/342/574 351/351/596
f 351/351/596 350/350/595 343/343/577
f 342/342/574 135/135/209 137/136/211
f 137/136/211 351/351/596 342/342/574
f 337/338/569 134/134/207 135/135/210
f 135/135/210 342/342/574 337/338/597
f 336/337/568 133/133/206 134/134/207
f 134/134/207 337/338/569 336/337/568
f 355/352/598 352/353/599 353/354/600
f 353/354/600 354/355/601 355/352/598
f 357/356/602 355/352/598 354/355/601
f 354/355/601 356/357/603 357/356/602
f 354/355/601 353/354/600 358/358/604
f 358/358/604 359/359/605 354/355/601
f 356/357/603 354/355/601 359/359/606
f 359/359/605 360/360/607 356/357/603
f 157/157/238 122/122/193 121/121/192
f 121/121/192 352/353/599 157/157/238
f 156/156/237 157/157/238 352/353/599
f 352/353/599 355/352/598 156/156/237
f 154/155/236 156/156/237 355/352/598
f 355/352/608 357/356/602 154/155/236
f 155/154/609 154/155/236 357/356/602
f 357/356/602 361/361/610 155/154/235
f 361/361/610 357/356/602 356/357/603
f 356/357/603 362/362/611 361/361/610
f 362/362/611 356/357/612 360/360/607
f 360/360/607 363/363/613 362/362/611
f 363/363/613 360/360/614 36/37/615
f 36/37/615 35/36/63 363/363/613
f 360/360/607 359/359/616 50/50/617
f 50/50/617 36/37/84 360/360/607
f 359/359/618 358/358/604 48/48/79
f 48/48/79 50/50/619 359/359/618
f 358/358/604 109/110/181 49/49/80
f 49/49/80 48/48/79 358/358/604
f 353/354/600 123/123/194 109/110/181
f 109/110/181 358/358/604 353/354/600
f 352/353/599 121/121/192 123/123/194
f 123/123/194 353/354/600 352/353/599
f 367/364/620 364/365/621 365/366/622
f 365/366/623 366/367/624 367/364/620
f 369/368/625 367/364/626 366/367/627
f 366/367/627 368/369/628 369/368/625
f 366/367/629 365/366/623 370/370/630
f 370/370/630 371/371/631 366/367/629
f 368/369/632 366/367/633 371/371/634
f 371/371/634 372/372/635 368/369/636
f 375/373/637 373/374/638 374/375/639
f 374/375/639 364/365/640 375/373/641
f 376/376/642 375/373/643 364/365/644
f 364/365/645 367/364/646 376/376/642
f 377/377/647 376/376/648 367/364/649
f 367/364/649 369/368/650 377/377/647
f 281/282/651 377/377/652 369/368/653
f 369/368/653 378/378/654 281/282/651
f 378/378/655 369/368/656 368/369/657
f 368/369/658 379/379/659 378/378/660
f 379/379/661 368/369/662 372/372/663
f 372/372/664 380/380/665 379/379/661
f 380/380/666 372/372/667 153/153/668
f 153/153/234 155/154/669 380/380/670
f 372/372/671 371/371/672 152/152/231
f 152/152/231 153/153/673 372/372/674
f 371/371/634 370/370/630 151/149/226
f 151/149/226 152/152/231 371/371/634
f 370/370/630 381/381/675 149/150/227
f 149/150/227 151/149/226 370/370/630
f 365/366/623 382/382/676 381/381/675
f 381/381/675 370/370/630 365/366/623
f 364/365/621 374/375/639 382/382/676
f 382/382/676 365/366/677 364/365/678
f 386/383/679 383/384/680 384/385/681
f 384/385/681 385/386/682 386/383/679
f 388/387/683 386/383/684 385/386/685
f 385/386/685 387/388/686 388/387/683
f 385/386/687 384/385/688 389/389/689
f 389/389/689 390/390/690 385/386/691
f 387/388/692 385/386/693 390/390/694
f 390/390/694 391/391/695 387/388/696
f 393/392/697 290/290/698 392/393/699
f 392/393/700 383/384/701 393/392/702
f 394/394/703 393/392/702 383/384/704
f 383/384/704 386/383/705 394/394/706
f 395/395/707 394/394/708 386/383/709
f 386/383/709 388/387/710 395/395/711
f 301/302/712 395/395/713 388/387/714
f 388/387/714 396/396/715 301/302/712
f 396/396/716 388/387/717 387/388/718
f 387/388/719 397/397/720 396/396/716
f 397/397/721 387/388/722 391/391/723
f 391/391/723 398/398/724 397/397/721
f 398/398/725 391/391/726 39/39/69
f 39/39/69 41/40/727 398/398/728
f 391/391/729 390/390/694 38/38/66
f 38/38/66 39/39/730 391/391/731
f 390/390/694 389/389/689 37/35/62
f 37/35/62 38/38/66 390/390/694
f 389/389/689 399/399/732 35/36/63
f 35/36/63 37/35/62 389/389/689
f 384/385/688 400/400/733 399/399/732
f 399/399/732 389/389/689 384/385/688
f 383/384/704 392/393/700 400/400/733
f 400/400/733 384/385/688 383/384/701
f 404/401/734 401/402/735 402/403/736
f 402/403/736 403/404/737 404/401/734
f 406/405/738 404/401/734 403/404/737
f 403/404/737 405/406/739 406/405/738
f 403/404/740 402/403/741 407/407/742
f 407/407/742 408/408/743 403/404/740
f 405/406/744 403/404/745 408/408/746
f 408/408/746 409/409/747 405/406/744
f 412/410/748 410/411/749 411/412/750
f 411/412/750 401/402/751 412/410/748
f 413/413/752 412/410/753 401/402/754
f 401/402/754 404/401/755 413/413/752
f 414/414/756 413/413/757 404/401/734
f 404/401/755 406/405/738 414/414/756
f 321/322/538 414/414/756 406/405/738
f 406/405/758 322/323/759 321/322/538
f 322/323/539 406/405/738 405/406/760
f 405/406/761 335/335/566 322/323/539
f 335/335/762 405/406/744 409/409/747
f 409/409/747 334/334/565 335/335/762
f 334/334/763 409/409/764 170/171/765
f 170/171/765 169/170/563 334/334/766
f 409/409/764 408/408/767 183/183/768
f 183/183/768 170/171/765 409/409/764
f 408/408/767 407/407/769 181/181/770
f 181/181/770 183/183/768 408/408/767
f 407/407/769 415/415/771 182/182/772
f 182/182/772 181/181/770 407/407/769
f 402/403/741 416/416/773 415/415/774
f 415/415/774 407/407/742 402/403/741
f 401/402/751 411/412/775 416/416/776
f 416/416/777 402/403/736 401/402/751
f 420/417/778 417/418/779 418/419/780
f 418/419/780 419/420/781 420/417/782
f 422/421/783 420/417/784 419/420/785
f 419/420/786 421/422/787 422/421/783
f 419/420/785 418/419/780 423/423/788
f 423/423/788 424/424/789 419/420/785
f 421/422/787 419/420/785 424/424/789
f 424/424/789 425/425/790 421/422/787
f 426/426/791 331/331/792 330/330/793
f 330/330/794 417/418/795 426/426/791
f 427/427/796 426/426/797 417/418/798
f 417/418/799 420/417/782 427/427/800
f 428/428/801 427/427/802 420/417/784
f 420/417/803 422/421/783 428/428/801
f 16/15/22 428/428/801 422/421/783
f 422/421/783 14/14/21 16/15/22
f 14/14/21 422/421/783 421/422/787
f 421/422/787 13/13/19 14/14/21
f 13/13/19 421/422/787 425/425/790
f 425/425/790 12/10/16 13/13/19
f 12/10/16 425/425/790 173/173/262
f 173/173/262 10/11/17 12/10/16
f 425/425/790 424/424/789 172/172/260
f 172/172/260 173/173/262 425/425/790
f 424/424/804 423/423/788 171/169/805
f 171/169/261 172/172/806 424/424/804
f 423/423/807 333/333/808 169/170/257
f 169/170/257 171/169/256 423/423/807
f 418/419/809 332/332/810 333/333/808
f 333/333/811 423/423/807 418/419/809
f 417/418/812 330/330/794 332/332/810
f 332/332/810 418/419/809 417/418/812
f 432/429/813 429/430/814 430/431/815
f 430/431/815 431/432/816 432/429/817
f 434/433/818 432/429/813 431/432/816
f 431/432/819 433/434/820 434/433/818
f 431/432/821 430/431/815 435/435/822
f 435/435/822 436/436/823 431/432/821
f 433/434/824 431/432/825 436/436/826
f 436/436/826 437/437/827 433/434/820
f 438/438/828 20/20/829 19/19/830
f 19/19/831 429/430/832 438/438/828
f 439/439/833 438/438/834 429/430/814
f 429/430/814 432/429/835 439/439/836
f 440/440/837 439/439/838 432/429/839
f 432/429/840 434/433/818 440/440/841
f 442/441/842 440/440/841 434/433/818
f 434/433/818 441/442/843 442/441/842
f 441/442/843 434/433/818 433/434/820
f 433/434/844 443/443/845 441/442/846
f 443/443/845 433/434/820 437/437/847
f 437/437/847 444/444/848 443/443/849
f 444/444/848 437/437/847 63/63/114
f 63/63/114 65/64/117 444/444/848
f 437/437/827 436/436/826 62/62/115
f 62/62/115 63/63/850 437/437/827
f 436/436/823 435/435/822 61/60/112
f 61/60/112 62/62/111 436/436/823
f 435/435/851 22/22/852 24/24/107
f 24/24/107 61/60/853 435/435/851
f 430/431/854 21/21/855 22/22/852
f 22/22/852 435/435/851 430/431/854
f 429/430/856 19/19/831 21/21/855
f 21/21/855 430/431/854 429/430/856
f 448/445/857 445/446/858 446/447/859
f 446/447/859 447/448/860 448/445/857
f 450/449/861 448/445/857 447/448/860
f 447/448/862 449/450/863 450/449/861
f 447/448/864 446/447/865 451/451/866
f 451/451/866 452/452/867 447/448/868
f 449/450/869 447/448/868 452/452/867
f 452/452/867 453/453/870 449/450/869
f 176/176/266 178/178/268 454/454/871
f 454/454/872 445/446/873 176/176/266
f 175/175/265 176/176/266 445/446/873
f 445/446/873 448/445/857 175/175/265
f 174/174/264 175/175/265 448/445/857
f 448/445/857 450/449/861 174/174/264
f 10/11/17 174/174/264 450/449/861
f 450/449/861 11/12/18 10/11/17
f 11/12/18 450/449/861 449/450/874
f 449/450/875 25/25/49 11/12/18
f 25/25/876 449/450/869 453/453/870
f 453/453/870 23/23/47 25/25/46
f 23/23/43 453/453/877 60/61/878
f 60/61/878 24/24/44 23/23/43
f 453/453/879 452/452/880 74/74/881
f 74/74/881 60/61/878 453/453/879
f 452/452/882 451/451/883 72/72/884
f 72/72/884 74/74/881 452/452/882
f 451/451/883 455/455/885 73/73/886
f 73/73/886 72/72/884 451/451/883
f 446/447/865 456/456/887 455/455/888
f 455/455/888 451/451/866 446/447/865
f 445/446/873 454/454/871 456/456/889
f 456/456/889 446/447/890 445/446/858
f 460/457/891 457/458/892 458/459/893
f 458/459/893 459/460/894 460/457/891
f 462/461/895 460/457/896 459/460/897
f 459/460/897 461/462/898 462/461/899
f 459/460/900 458/459/901 463/463/902
f 463/463/902 464/464/903 459/460/904
f 461/462/905 459/460/906 464/464/907
f 464/464/907 465/465/908 461/462/909
f 454/454/872 178/178/268 286/286/422
f 286/286/422 457/458/910 454/454/871
f 456/456/889 454/454/871 457/458/911
f 457/458/912 460/457/891 456/456/889
f 455/455/888 456/456/913 460/457/896
f 460/457/914 462/461/895 455/455/915
f 73/73/886 455/455/885 462/461/916
f 462/461/917 305/305/918 73/73/886
f 305/305/918 462/461/917 461/462/919
f 461/462/919 304/304/920 305/305/918
f 304/304/921 461/462/922 465/465/923
f 465/465/923 303/301/924 304/304/921
f 303/301/925 465/465/926 395/395/927
f 395/395/927 301/302/928 303/301/925
f 465/465/929 464/464/930 394/394/931
f 394/394/931 395/395/932 465/465/933
f 464/464/934 463/463/935 393/392/936
f 393/392/936 394/394/937 464/464/934
f 463/463/938 288/288/939 290/290/940
f 290/290/941 393/392/942 463/463/938
f 458/459/943 287/287/944 288/288/945
f 288/288/945 463/463/946 458/459/947
f 457/458/948 286/286/422 287/287/949
f 287/287/949 458/459/950 457/458/948
f 469/466/951 466/467/952 467/468/953
f 467/468/953 468/469/954 469/466/951
f 471/470/955 469/466/956 468/469/957
f 468/469/958 470/471/959 471/470/955
f 468/469/960 467/468/961 472/472/962
f 472/472/962 473/473/963 468/469/960
f 470/471/964 468/469/965 473/473/966
f 473/473/966 474/474/967 470/471/968
f 411/412/750 410/411/749 475/475/969
f 475/475/970 466/467/971 411/412/750
f 416/416/776 411/412/775 466/467/972
f 466/467/973 469/466/974 416/416/776
f 415/415/774 416/416/975 469/466/976
f 469/466/977 471/470/978 415/415/774
f 182/182/772 415/415/771 471/470/979
f 471/470/979 285/285/980 182/182/772
f 285/285/980 471/470/979 470/471/981
f 470/471/982 284/284/983 285/285/980
f 284/284/984 470/471/985 474/474/986
f 474/474/987 283/281/988 284/284/989
f 283/281/988 474/474/990 377/377/991
f 377/377/991 281/282/992 283/281/993
f 474/474/994 473/473/995 376/376/996
f 376/376/997 377/377/998 474/474/994
f 473/473/999 472/472/1000 375/373/1001
f 375/373/1001 376/376/1002 473/473/999
f 472/472/1003 476/476/1004 373/374/1005
f 373/374/1005 375/373/1006 472/472/1003
f 467/468/1007 477/477/1008 476/476/1009
f 476/476/1010 472/472/1011 467/468/1007
f 466/467/1012 475/475/1013 477/477/1014
f 477/477/1015 467/468/1016 466/467/1012
f 481/478/1017 478/479/1018 479/480/1019
f 479/480/1019 480/481/1020 481/478/1021
f 483/482/1022 481/478/1023 480/481/1024
f 480/481/1024 482/483/1025 483/482/1026
f 480/481/1027 479/480/1028 484/484/1029
f 484/484/1029 485/485/1030 480/481/1027
f 482/483/1031 480/481/1032 485/485/1033
f 485/485/1033 486/486/1034 482/483/1031
f 398/398/1035 41/40/1036 345/345/586
f 345/345/586 478/479/1037 398/398/1035
f 397/397/1038 398/398/1039 478/479/1040
f 478/479/1040 481/478/1041 397/397/1038
f 396/396/1042 397/397/1043 481/478/1041
f 481/478/1044 483/482/1045 396/396/1042
f 301/302/1046 396/396/1047 483/482/1048
f 483/482/1048 302/303/1049 301/302/1046
f 302/303/1050 483/482/1026 482/483/1051
f 482/483/1052 311/311/1053 302/303/1050
f 311/311/1054 482/483/1055 486/486/1056
f 486/486/1056 309/309/1057 311/311/1054
f 309/309/1058 486/486/1059 487/487/1060
f 487/487/1060 310/310/1061 309/309/1062
f 486/486/1063 485/485/1033 488/488/1064
f 488/488/1064 487/487/1060 486/486/1065
f 485/485/1033 484/484/1029 489/489/1066
f 489/489/1066 488/488/1064 485/485/1033
f 484/484/1029 347/347/590 349/349/593
f 349/349/593 489/489/1066 484/484/1029
f 479/480/1019 346/346/585 347/347/590
f 347/347/590 484/484/1029 479/480/1019
f 478/479/1067 345/345/586 346/346/585
f 346/346/585 479/480/1068 478/479/1069
f 493/490/1070 490/491/1071 491/492/1072
f 491/492/1072 492/493/1073 493/490/1074
f 495/494/1075 493/490/1076 492/493/1077
f 492/493/1078 494/495/1079 495/494/1080
f 492/493/1081 491/492/1082 496/496/1083
f 496/496/1083 497/497/1084 492/493/1081
f 494/495/1085 492/493/1086 497/497/1087
f 497/497/1084 498/498/1088 494/495/1089
f 380/380/1090 155/154/1091 361/361/610
f 361/361/610 490/491/1092 380/380/1093
f 379/379/1094 380/380/1095 490/491/1096
f 490/491/1097 493/490/1098 379/379/1094
f 378/378/1099 379/379/1100 493/490/1101
f 493/490/1101 495/494/1102 378/378/1099
f 281/282/1103 378/378/1104 495/494/1105
f 495/494/1105 282/283/1106 281/282/1103
f 282/283/1107 495/494/1108 494/495/1109
f 494/495/1109 291/291/1110 282/283/1111
f 291/291/1112 494/495/1113 498/498/1088
f 498/498/1088 289/289/441 291/291/1112
f 289/289/1114 498/498/1115 392/393/700
f 392/393/700 290/290/1116 289/289/1114
f 498/498/1117 497/497/1118 400/400/1119
f 400/400/733 392/393/700 498/498/1088
f 497/497/1084 496/496/1083 399/399/732
f 399/399/732 400/400/733 497/497/1084
f 496/496/1083 363/363/613 35/36/63
f 35/36/1120 399/399/732 496/496/1083
f 491/492/1072 362/362/1121 363/363/613
f 363/363/613 496/496/1122 491/492/1072
f 490/491/1123 361/361/1124 362/362/611
f 362/362/611 491/492/1125 490/491/1097
f 502/499/1126 499/500/1127 500/501/1128
f 500/501/1128 501/502/1129 502/499/1130
f 504/503/1131 502/499/1132 501/502/1133
f 501/502/1134 503/504/1135 504/503/1136
f 501/502/1137 500/501/1138 505/505/1139
f 505/505/1139 506/506/1140 501/502/1141
f 503/504/1142 501/502/1143 506/506/1144
f 506/506/1144 507/507/1145 503/504/1142
f 18/18/1146 20/20/1147 508/508/1148
f 508/508/1148 499/500/1149 18/18/31
f 17/17/1150 18/18/29 499/500/1151
f 499/500/1152 502/499/1153 17/17/25
f 15/16/1154 17/17/1155 502/499/1156
f 502/499/1157 504/503/1158 15/16/23
f 16/15/22 15/16/23 504/503/1159
f 504/503/1159 509/509/1160 16/15/22
f 509/509/1161 504/503/1162 503/504/1163
f 503/504/1163 510/510/1164 509/509/1165
f 510/510/1166 503/504/1142 507/507/1167
f 507/507/1167 511/511/1168 510/510/1166
f 511/511/1169 507/507/1170 271/271/1171
f 271/271/1171 253/254/1172 511/511/1169
f 507/507/1170 506/506/1173 270/270/1174
f 270/270/1174 271/271/1175 507/507/1170
f 506/506/1176 505/505/1177 269/269/1178
f 269/269/1178 270/270/1179 506/506/1176
f 505/505/1180 512/512/1181 90/89/1182
f 90/89/1182 269/269/1183 505/505/1177
f 500/501/1184 513/513/1185 512/514/1186
f 512/514/1186 505/515/1187 500/501/1184
f 499/500/1188 508/508/1189 513/513/1190
f 513/513/1190 500/501/1191 499/500/1192
f 517/516/1193 514/517/1194 515/518/1195
f 515/518/1196 516/519/1197 517/516/1193
f 519/520/1198 517/516/1199 516/519/1200
f 516/519/1201 518/521/1202 519/520/1198
f 516/519/1203 515/518/1204 520/522/1205
f 520/522/1206 521/523/1207 516/519/1203
f 518/521/1208 516/519/1209 521/523/1207
f 521/523/1210 522/524/1211 518/521/1212
f 428/428/1213 16/15/22 509/509/1214
f 509/509/1214 514/517/1215 428/428/801
f 427/427/1216 428/428/801 514/517/1217
f 514/517/1217 517/516/1218 427/427/1219
f 426/426/797 427/427/802 517/516/1220
f 517/516/1220 519/520/1221 426/426/797
f 331/331/792 426/426/791 519/520/1222
f 519/520/1222 523/525/1223 331/331/1224
f 523/525/1225 519/520/1226 518/521/1227
f 518/521/1228 524/526/1229 523/525/1230
f 524/526/1231 518/521/1208 522/527/1232
f 522/527/1232 525/528/1233 524/526/1231
f 525/529/1234 522/524/1235 257/257/1236
f 257/257/1236 193/194/1237 525/529/1234
f 522/524/1235 521/523/1238 256/256/1239
f 256/256/1239 257/257/1240 522/524/1235
f 521/523/1241 520/522/1242 255/253/1243
f 255/253/1243 256/256/1244 521/523/1241
f 520/522/1242 511/511/1169 253/254/1172
f 253/254/1245 255/253/1243 520/522/1242
f 515/518/1204 510/510/1166 511/511/1168
f 511/511/1246 520/522/1205 515/518/1247
f 514/517/1248 509/509/1249 510/510/1250
f 510/510/1250 515/518/1195 514/517/1248
f 529/530/1251 526/531/1252 527/532/1253
f 527/532/1253 528/533/1254 529/530/1255
f 531/534/1256 529/530/1257 528/533/1258
f 528/533/1258 530/535/1259 531/534/1260
f 528/533/1261 527/532/1262 532/536/1263
f 532/536/1263 533/537/1264 528/533/1261
f 530/535/1265 528/533/1266 533/537/1267
f 533/537/1267 534/538/1268 530/535/1265
f 329/329/1269 331/331/556 523/525/1270
f 523/525/1270 526/531/1271 329/329/1269
f 328/328/1272 329/329/1273 526/531/1274
f 526/531/1275 529/530/1276 328/328/547
f 326/327/1277 328/328/1278 529/530/1279
f 529/530/1251 531/534/1280 326/327/545
f 327/326/544 326/327/545 531/534/1281
f 531/534/1281 535/539/1282 327/326/544
f 535/539/1283 531/534/1284 530/535/1285
f 530/535/1285 536/540/1286 535/539/1283
f 536/540/1287 530/535/1288 534/538/1268
f 534/538/1268 537/541/1289 536/540/1290
f 537/542/1291 534/543/1292 197/197/1293
f 197/197/1294 199/198/1295 537/542/1291
f 534/543/1292 533/544/1296 196/196/1297
f 196/196/1297 197/197/1298 534/543/1292
f 533/544/1296 532/545/1299 195/193/1300
f 195/193/1301 196/196/1302 533/544/1303
f 532/545/1304 525/529/1234 193/194/1237
f 193/194/1237 195/193/1305 532/545/1304
f 527/532/1306 524/526/1307 525/546/1233
f 525/546/1308 532/547/1309 527/532/1306
f 526/531/1310 523/525/1311 524/526/1312
f 524/526/1312 527/532/1313 526/531/1314
f 541/548/1315 538/549/1316 539/550/1317
f 539/550/1318 540/551/1319 541/548/1315
f 543/552/1320 541/548/1321 540/551/1322
f 540/551/1323 542/553/1324 543/552/1325
f 540/551/1326 539/550/1327 544/554/1328
f 544/554/1329 545/555/1330 540/551/1331
f 542/553/1332 540/551/1326 545/555/1333
f 545/555/1334 546/556/1335 542/553/1332
f 440/440/1336 442/441/842 547/557/1337
f 547/557/1337 538/549/1338 440/440/841
f 439/439/1339 440/440/841 538/549/1340
f 538/549/1340 541/548/1341 439/439/838
f 438/438/834 439/439/1342 541/548/1343
f 541/548/1344 543/552/1345 438/438/1346
f 20/20/829 438/438/1347 543/552/1348
f 543/552/1348 508/508/1349 20/20/1350
f 508/508/1351 543/552/1352 542/553/1353
f 542/553/1354 513/513/1355 508/508/1351
f 513/513/1356 542/553/1357 546/558/1358
f 546/558/1359 512/559/1360 513/513/1356
f 512/512/1181 546/560/1361 88/88/1362
f 88/88/1362 90/89/1182 512/512/1181
f 546/560/1363 545/561/1364 87/87/1365
f 87/87/1365 88/88/1366 546/560/1363
f 545/561/1367 544/562/1368 86/84/1369
f 86/84/1369 87/87/1370 545/561/1367
f 544/562/1368 548/563/1371 84/85/1372
f 84/85/1373 86/84/1374 544/562/1368
f 539/550/1375 549/564/1376 548/565/1377
f 548/565/1377 544/554/1329 539/550/1375
f 538/549/1378 547/557/1379 549/564/1380
f 549/564/1381 539/550/1318 538/549/1378
f 553/566/1382 550/567/1383 551/568/1384
f 551/568/1384 552/569/1385 553/566/1386
f 552/569/1385 551/568/1384 554/570/1387
f 554/570/1387 555/571/1388 552/569/1385
f 557/572/1389 553/566/1386 552/569/1385
f 552/569/1390 556/573/1391 557/572/1389
f 556/573/1391 552/569/1390 555/571/1392
f 555/571/1393 558/574/1394 556/573/1391
f 561/575/1395 559/576/1396 560/577/1397
f 560/577/1397 550/567/1383 561/575/1395
f 550/567/1383 560/577/1397 562/578/1398
f 562/578/1398 551/568/1384 550/567/1383
f 551/568/1384 562/578/1398 563/579/1399
f 563/579/1399 554/570/1387 551/568/1384
f 554/570/1387 563/579/1399 564/580/1400
f 564/580/1400 565/581/1401 554/570/1387
f 555/571/1402 554/570/1387 565/581/1401
f 565/581/1401 566/582/1403 555/571/1402
f 558/574/1394 555/571/1388 566/582/1404
f 566/582/1405 567/583/1406 558/574/1394
f 569/584/1407 558/574/1408 567/583/1409
f 567/583/1409 568/585/1410 569/584/1411
f 570/586/1412 556/573/1413 558/574/1408
f 558/574/1408 569/584/1407 570/586/1412
f 571/587/1414 557/572/1415 556/573/1416
f 556/573/1416 570/586/1412 571/587/1414
f 573/588/1417 572/589/1418 557/572/1415
f 557/572/1415 571/587/1414 573/588/1417
f 572/589/1419 574/590/1420 553/566/1386
f 553/566/1386 557/572/1389 572/589/1421
f 574/590/1422 561/575/1395 550/567/1383
f 550/567/1383 553/566/1386 574/590/1423
f 578/591/1424 575/592/1425 576/593/1426
f 576/593/1426 577/594/1427 578/591/1428
f 577/594/1427 576/593/1426 579/595/1429
f 579/595/1429 580/596/1430 577/594/1427
f 582/597/1431 578/591/1428 577/594/1427
f 577/594/1432 581/598/1433 582/597/1434
f 581/598/1433 577/594/1427 580/596/1430
f 580/596/1430 583/599/1435 581/598/1433
f 586/600/1436 584/601/1437 585/602/1438
f 585/602/1438 575/592/1439 586/600/1436
f 575/592/1439 585/602/1438 587/603/1440
f 587/603/1440 576/593/1426 575/592/1439
f 576/593/1426 587/603/1440 588/604/1441
f 588/604/1441 579/595/1429 576/593/1426
f 579/595/1429 588/604/1442 589/605/1443
f 589/605/1443 590/606/1444 579/595/1429
f 580/596/1430 579/595/1429 590/606/1444
f 590/606/1444 591/607/1445 580/596/1430
f 583/599/1435 580/596/1430 591/607/1446
f 591/607/1446 592/608/1447 583/599/1435
f 594/609/1448 583/599/1435 592/608/1447
f 592/608/1447 593/610/1449 594/609/1448
f 595/611/1450 581/598/1433 583/599/1435
f 583/599/1435 594/609/1448 595/611/1451
f 596/612/1452 582/597/1431 581/598/1433
f 581/598/1433 595/611/1450 596/612/1453
f 598/613/1454 597/614/1455 582/597/1456
f 582/597/1431 596/612/1452 598/613/1454
f 597/614/1457 599/615/1458 578/591/1428
f 578/591/1459 582/597/1431 597/614/1455
f 599/615/1460 586/600/1461 575/592/1439
f 575/592/1439 578/591/1428 599/615/1460
f 603/616/1462 600/617/1463 601/618/1464
f 601/618/1464 602/619/1465 603/616/1462
f 602/619/1466 601/618/1467 604/620/1468
f 604/620/1469 605/621/1470 602/619/1466
f 607/622/1471 603/616/1472 602/619/1465
f 602/619/1465 606/623/1473 607/622/1471
f 606/623/1474 602/619/1466 605/621/1470
f 605/621/1470 608/624/1475 606/623/1474
f 610/625/1476 573/588/1477 609/626/1478
f 609/626/1478 600/617/1479 610/625/1476
f 600/617/1463 609/626/1480 611/627/1481
f 611/627/1482 601/618/1483 600/617/1463
f 601/618/1484 611/627/1485 612/628/1486
f 612/628/1487 604/620/1468 601/618/1467
f 604/620/1468 612/628/1486 65/64/117
f 65/64/117 64/65/118 604/620/1468
f 605/621/1470 604/620/1468 64/65/1488
f 64/65/118 66/66/120 605/621/1470
f 608/624/1489 605/621/1470 66/66/120
f 66/66/120 67/67/124 608/624/1489
f 613/629/1490 608/624/1489 67/67/124
f 67/67/1491 69/69/1492 613/629/1490
f 614/630/1493 606/623/1474 608/624/1489
f 608/624/1475 613/629/1494 614/630/1493
f 615/631/1495 607/622/1471 606/623/1473
f 606/623/1473 614/630/1496 615/631/1497
f 617/632/1498 616/633/1499 607/622/1500
f 607/622/1500 615/631/1501 617/632/1498
f 616/633/1499 618/634/1502 603/616/1503
f 603/616/1503 607/622/1500 616/633/1499
f 618/634/1502 610/625/1476 600/617/1479
f 600/617/1479 603/616/1503 618/634/1502
f 622/635/1504 619/636/1505 620/637/1506
f 620/637/1506 621/638/1507 622/635/1504
f 621/638/1507 620/637/1506 623/639/1508
f 623/639/1508 624/640/1509 621/638/1507
f 626/641/1510 622/635/1504 621/638/1507
f 621/638/1507 625/642/1511 626/641/1510
f 625/642/1511 621/638/1507 624/640/1509
f 624/640/1509 627/643/1512 625/642/1511
f 85/86/153 84/85/151 628/644/1513
f 628/644/1513 619/636/1505 85/86/153
f 619/636/1505 628/644/1514 629/645/1515
f 629/645/1516 620/637/1506 619/636/1505
f 620/637/1506 629/645/1515 630/646/1517
f 630/646/1517 623/639/1508 620/637/1506
f 623/639/1508 630/646/1517 631/647/1518
f 631/647/1518 632/648/1519 623/639/1508
f 624/640/1509 623/639/1508 632/648/1519
f 632/648/1519 633/649/1520 624/640/1509
f 627/643/1512 624/640/1509 633/649/1520
f 633/649/1520 634/650/1521 627/643/1512
f 636/651/1522 627/643/1512 634/650/1521
f 634/650/1521 635/652/1523 636/651/1522
f 637/653/1524 625/642/1511 627/643/1512
f 627/643/1512 636/651/1522 637/653/1524
f 638/654/1525 626/641/1510 625/642/1511
f 625/642/1526 637/653/1524 638/654/1527
f 98/98/168 97/97/170 626/641/1510
f 626/641/1510 638/654/1527 98/98/168
f 97/97/170 99/99/169 622/635/1504
f 622/635/1504 626/641/1510 97/97/170
f 99/99/169 85/86/153 619/636/1505
f 619/636/1505 622/635/1504 99/99/169
f 642/655/1528 639/656/1529 640/657/1530
f 640/657/1530 641/658/1531 642/655/1528
f 641/658/1531 640/657/1530 643/659/1532
f 643/659/1532 644/660/1533 641/658/1531
f 646/661/1534 642/655/1528 641/658/1531
f 641/658/1531 645/662/1535 646/661/1534
f 645/662/1535 641/658/1531 644/660/1533
f 644/660/1533 647/663/1536 645/662/1535
f 649/664/1537 598/665/1454 648/666/1538
f 648/666/1538 639/656/1529 649/664/1537
f 639/656/1529 648/666/1538 650/667/1539
f 650/667/1539 640/657/1530 639/656/1529
f 640/657/1530 650/667/1539 651/668/1540
f 651/668/1540 643/659/1532 640/657/1530
f 643/659/1532 651/668/1540 114/113/184
f 114/113/184 113/114/185 643/659/1532
f 644/660/1533 643/659/1532 113/114/185
f 113/114/185 115/115/186 644/660/1533
f 647/663/1536 644/660/1533 115/115/186
f 115/115/186 116/116/187 647/663/1536
f 652/669/1541 647/663/1536 116/116/187
f 116/116/187 118/118/189 652/669/1541
f 653/670/1542 645/662/1535 647/663/1536
f 647/663/1536 652/669/1541 653/670/1542
f 654/671/1543 646/661/1534 645/662/1535
f 645/662/1535 653/670/1542 654/671/1543
f 656/672/1544 655/673/1545 646/661/1534
f 646/661/1534 654/671/1543 656/672/1546
f 655/673/1545 657/674/1547 642/655/1528
f 642/655/1528 646/661/1534 655/673/1545
f 657/674/1547 649/664/1537 639/656/1529
f 639/656/1529 642/655/1528 657/674/1547
f 661/675/1548 658/676/1549 659/677/1550
f 659/677/1550 660/678/1551 661/675/1548
f 660/678/1551 659/677/1550 662/679/1552
f 662/679/1552 663/680/1553 660/678/1551
f 665/681/1554 661/675/1548 660/678/1551
f 660/678/1551 664/682/1555 665/681/1554
f 664/682/1555 660/678/1551 663/680/1553
f 663/680/1553 666/683/1556 664/682/1555
f 594/609/1557 593/610/1558 667/684/1559
f 667/684/1560 658/676/1549 594/609/1448
f 658/676/1549 667/684/1560 668/685/1561
f 668/685/1561 659/677/1550 658/676/1549
f 659/677/1550 668/685/1561 669/686/1562
f 669/686/1562 662/679/1552 659/677/1550
f 662/679/1552 669/686/1562 137/136/211
f 137/136/211 136/137/212 662/679/1552
f 663/680/1553 662/679/1552 136/137/212
f 136/137/212 138/138/213 663/680/1553
f 666/683/1556 663/680/1553 138/138/213
f 138/138/213 139/139/214 666/683/1556
f 651/687/1540 666/683/1556 139/139/214
f 139/139/214 114/113/184 651/687/1540
f 650/688/1539 664/682/1555 666/683/1556
f 666/683/1556 651/687/1540 650/688/1539
f 648/689/1538 665/681/1554 664/682/1555
f 664/682/1555 650/688/1539 648/689/1538
f 598/613/1454 596/612/1452 665/681/1554
f 665/681/1554 648/689/1538 598/613/1454
f 596/612/1452 595/611/1450 661/675/1548
f 661/675/1548 665/681/1554 596/612/1452
f 595/611/1451 594/609/1448 658/676/1549
f 658/676/1549 661/675/1548 595/611/1451
f 673/690/1563 670/691/1564 671/692/1565
f 671/692/1565 672/693/1566 673/690/1567
f 672/693/1568 671/692/1569 674/694/1570
f 674/694/1570 675/695/1571 672/693/1566
f 677/696/1572 673/690/1567 672/693/1566
f 672/693/1573 676/697/1574 677/696/1572
f 676/697/1574 672/693/1566 675/695/1571
f 675/695/1571 678/698/1575 676/697/1574
f 150/151/229 149/150/227 679/699/1576
f 679/699/1576 670/691/1577 150/151/229
f 670/691/1577 679/699/1576 680/700/1578
f 680/700/1578 671/692/1579 670/691/1577
f 671/692/1565 680/700/1580 681/701/1581
f 681/701/1581 674/694/1570 671/692/1565
f 674/694/1570 681/701/1581 682/702/1582
f 682/702/1583 683/703/1584 674/694/1570
f 675/695/1571 674/694/1570 683/703/1584
f 683/703/1584 684/704/1585 675/695/1571
f 678/698/1575 675/695/1571 684/704/1585
f 684/704/1585 685/705/1586 678/698/1575
f 654/671/1543 678/698/1575 685/705/1586
f 685/705/1586 656/672/1546 654/671/1543
f 653/670/1542 676/697/1574 678/698/1575
f 678/698/1575 654/671/1543 653/670/1542
f 652/669/1541 677/696/1587 676/697/1574
f 676/697/1574 653/670/1542 652/669/1541
f 118/118/189 158/158/240 677/696/1572
f 677/696/1587 652/669/1541 118/118/189
f 158/158/240 159/159/242 673/690/1567
f 673/690/1567 677/696/1572 158/158/240
f 159/159/1588 150/151/229 670/691/1577
f 670/691/1589 673/690/1567 159/159/242
f 689/706/1590 686/707/1591 687/708/1592
f 687/708/1592 688/709/1593 689/706/1590
f 688/709/1594 687/708/1595 690/710/1596
f 690/710/1596 691/711/1597 688/709/1594
f 693/712/1598 689/706/1590 688/709/1599
f 688/709/1600 692/713/1601 693/712/1598
f 692/713/1602 688/709/1603 691/711/1597
f 691/711/1597 694/714/1604 692/713/1602
f 697/715/1605 695/716/1606 696/717/1607
f 696/717/1607 686/707/1608 697/715/1605
f 686/707/1591 696/717/1609 698/718/1610
f 698/718/1610 687/708/1611 686/707/1591
f 687/708/1612 698/718/1613 699/719/1614
f 699/719/1614 690/710/1596 687/708/1615
f 690/710/1596 699/719/1614 559/720/1396
f 559/720/1396 700/721/1616 690/710/1596
f 691/711/1597 690/710/1596 700/721/1616
f 700/721/1616 701/722/1617 691/711/1618
f 694/714/1604 691/711/1597 701/722/1617
f 701/722/1617 702/723/1619 694/714/1604
f 704/724/1620 694/714/1604 702/723/1619
f 702/723/1619 703/725/1621 704/724/1620
f 705/726/1622 692/713/1602 694/714/1623
f 694/714/1623 704/724/1620 705/726/1624
f 706/727/1625 693/712/1598 692/713/1601
f 692/713/1626 705/726/1627 706/727/1628
f 708/728/1629 707/729/1630 693/712/1631
f 693/712/1631 706/727/1632 708/728/1629
f 707/729/1630 709/730/1633 689/706/1634
f 689/706/1634 693/712/1631 707/729/1630
f 709/730/1633 697/715/1605 686/707/1608
f 686/707/1608 689/706/1634 709/730/1633
f 713/731/1635 710/732/1636 711/733/1637
f 711/733/1637 712/734/1638 713/731/1635
f 712/734/1638 711/733/1637 714/735/1639
f 714/735/1639 715/736/1640 712/734/1638
f 717/737/1641 713/731/1635 712/734/1638
f 712/734/1638 716/738/1642 717/737/1641
f 716/738/1642 712/734/1638 715/736/1640
f 715/736/1640 718/739/1643 716/738/1642
f 721/740/1644 719/741/1645 720/742/1646
f 720/742/1646 710/732/1636 721/740/1644
f 710/732/1636 720/742/1646 722/743/1647
f 722/743/1648 711/733/1637 710/732/1636
f 711/733/1637 722/743/1649 723/744/1650
f 723/744/1650 714/735/1639 711/733/1637
f 714/735/1639 723/744/1650 199/198/300
f 199/198/300 198/199/301 714/735/1639
f 715/736/1640 714/735/1639 198/199/301
f 198/199/301 200/200/302 715/736/1640
f 718/739/1643 715/736/1640 200/200/302
f 200/200/302 201/201/303 718/739/1643
f 724/745/1651 718/739/1643 201/201/303
f 201/201/303 203/203/305 724/745/1651
f 725/746/1652 716/738/1642 718/739/1643
f 718/739/1643 724/745/1651 725/746/1652
f 726/747/1653 717/737/1641 716/738/1642
f 716/738/1642 725/746/1652 726/747/1653
f 728/748/1654 727/749/1655 717/737/1641
f 717/737/1641 726/747/1653 728/748/1654
f 727/749/1655 729/750/1656 713/731/1635
f 713/731/1635 717/737/1657 727/749/1655
f 729/750/1656 721/740/1644 710/732/1636
f 710/732/1636 713/731/1635 729/750/1656
f 733/751/1658 730/752/1659 731/753/1660
f 731/753/1660 732/754/1661 733/751/1658
f 732/754/1661 731/753/1660 734/755/1662
f 734/755/1662 735/756/1663 732/754/1661
f 737/757/1664 733/751/1658 732/754/1661
f 732/754/1661 736/758/1665 737/757/1664
f 736/758/1665 732/754/1661 735/756/1663
f 735/756/1663 738/759/1666 736/758/1665
f 219/220/322 218/219/321 739/760/1667
f 739/760/1667 730/752/1659 219/220/322
f 730/752/1659 739/760/1667 740/761/1668
f 740/761/1668 731/753/1660 730/752/1669
f 731/753/1660 740/761/1668 741/762/1670
f 741/762/1670 734/755/1662 731/753/1660
f 734/755/1662 741/762/1670 742/763/1671
f 742/763/1671 743/764/1672 734/755/1662
f 735/756/1663 734/755/1662 743/764/1672
f 743/764/1672 744/765/1673 735/756/1663
f 738/759/1666 735/756/1663 744/765/1673
f 744/765/1673 745/766/1674 738/759/1666
f 726/747/1653 738/759/1666 745/766/1674
f 745/766/1674 728/748/1654 726/747/1653
f 725/746/1652 736/758/1665 738/759/1666
f 738/759/1666 726/747/1653 725/746/1652
f 724/745/1651 737/757/1664 736/758/1665
f 736/758/1665 725/746/1652 724/745/1651
f 203/203/305 227/227/329 737/757/1664
f 737/757/1664 724/745/1651 203/203/305
f 227/227/329 228/228/331 733/751/1658
f 733/751/1658 737/757/1664 227/227/329
f 228/228/331 219/220/322 730/752/1659
f 730/752/1659 733/751/1658 228/228/331
f 749/767/1675 746/768/1676 747/769/1677
f 747/769/1677 748/770/1678 749/767/1675
f 748/770/1678 747/769/1677 750/771/1679
f 750/771/1679 751/772/1680 748/770/1678
f 753/773/1681 749/767/1675 748/770/1678
f 748/770/1678 752/774/1682 753/773/1681
f 752/774/1682 748/770/1678 751/772/1680
f 751/772/1680 754/775/1683 752/774/1682
f 238/238/342 98/98/168 638/654/1527
f 638/654/1527 746/768/1676 238/238/342
f 746/768/1676 638/654/1527 637/653/1524
f 637/653/1684 747/769/1677 746/768/1676
f 747/769/1677 637/653/1524 636/651/1522
f 636/651/1522 750/771/1679 747/769/1677
f 750/771/1679 636/651/1522 635/652/1523
f 635/652/1523 755/776/1685 750/771/1679
f 751/772/1680 750/771/1679 755/776/1685
f 755/776/1685 756/777/1686 751/772/1680
f 754/775/1683 751/772/1680 756/777/1686
f 756/777/1686 757/778/1687 754/775/1683
f 741/762/1670 754/775/1683 757/778/1687
f 757/778/1687 742/763/1671 741/762/1670
f 740/761/1668 752/774/1682 754/775/1683
f 754/775/1688 741/762/1670 740/761/1668
f 739/760/1667 753/773/1681 752/774/1682
f 752/774/1682 740/761/1668 739/760/1667
f 218/219/1689 242/242/349 753/773/1681
f 753/773/1681 739/760/1667 218/219/321
f 242/242/349 243/243/348 749/767/1675
f 749/767/1675 753/773/1681 242/242/349
f 243/243/348 238/238/342 746/768/1676
f 746/768/1676 749/767/1675 243/243/348
f 761/779/1690 758/780/1691 759/781/1692
f 759/781/1692 760/782/1693 761/779/1690
f 760/782/1693 759/781/1692 762/783/1694
f 762/783/1694 763/784/1695 760/782/1693
f 765/785/1696 761/779/1690 760/782/1693
f 760/782/1693 764/786/1697 765/785/1696
f 764/786/1697 760/782/1693 763/784/1695
f 763/784/1695 766/787/1698 764/786/1697
f 769/788/1699 767/789/1700 768/790/1701
f 768/790/1701 758/780/1691 769/788/1699
f 758/780/1691 768/790/1701 770/791/1702
f 770/791/1703 759/781/1692 758/780/1691
f 759/781/1692 770/791/1703 771/792/1704
f 771/792/1704 762/783/1694 759/781/1692
f 762/783/1694 771/792/1704 719/741/1645
f 719/741/1645 721/740/1644 762/783/1694
f 763/784/1695 762/783/1694 721/740/1644
f 721/740/1644 729/750/1656 763/784/1695
f 766/787/1698 763/784/1695 729/750/1656
f 729/750/1656 727/749/1655 766/787/1698
f 745/766/1674 766/787/1698 727/749/1655
f 727/749/1655 728/748/1654 745/766/1674
f 744/765/1673 764/786/1697 766/787/1698
f 766/787/1698 745/766/1674 744/765/1673
f 743/764/1672 765/785/1696 764/786/1697
f 764/786/1697 744/765/1673 743/764/1672
f 742/763/1671 772/793/1705 765/785/1696
f 765/785/1696 743/764/1672 742/763/1671
f 772/793/1705 773/794/1706 761/779/1690
f 761/779/1690 765/785/1696 772/793/1705
f 773/794/1706 769/788/1699 758/780/1691
f 758/780/1691 761/779/1690 773/794/1706
f 777/795/1707 774/796/1708 775/797/1709
f 775/797/1709 776/798/1710 777/795/1707
f 776/798/1710 775/797/1709 778/799/1711
f 778/799/1711 779/800/1712 776/798/1710
f 781/801/1713 777/795/1707 776/798/1710
f 776/798/1710 780/802/1714 781/801/1713
f 780/802/1714 776/798/1710 779/800/1712
f 779/800/1712 782/803/1715 780/802/1714
f 632/648/1519 631/647/1518 783/804/1716
f 783/804/1716 774/796/1708 632/648/1519
f 774/796/1708 783/804/1716 784/805/1717
f 784/805/1718 775/797/1709 774/796/1708
f 775/797/1709 784/805/1718 785/806/1719
f 785/806/1720 778/799/1711 775/797/1709
f 778/799/1711 785/806/1720 767/789/1721
f 767/789/1722 769/788/1699 778/799/1711
f 779/800/1712 778/799/1711 769/788/1699
f 769/788/1699 773/794/1706 779/800/1712
f 782/803/1715 779/800/1712 773/794/1706
f 773/794/1706 772/793/1705 782/803/1715
f 757/778/1687 782/803/1715 772/793/1705
f 772/793/1705 742/763/1671 757/778/1687
f 756/777/1686 780/802/1714 782/803/1715
f 782/803/1715 757/778/1687 756/777/1686
f 755/776/1685 781/801/1713 780/802/1714
f 780/802/1714 756/777/1686 755/776/1685
f 635/652/1523 634/650/1521 781/801/1713
f 781/801/1713 755/776/1685 635/652/1523
f 634/650/1521 633/649/1520 777/795/1707
f 777/795/1707 781/801/1713 634/650/1521
f 633/649/1520 632/648/1519 774/796/1708
f 774/796/1708 777/795/1707 633/649/1520
f 789/807/1723 786/808/1724 787/809/1725
f 787/809/1725 788/810/1726 789/807/1723
f 788/810/1727 787/809/1728 790/811/1729
f 790/811/1729 791/812/1730 788/810/1731
f 793/813/1732 789/807/1733 788/810/1734
f 788/810/1734 792/814/1735 793/813/1732
f 792/814/1736 788/810/1737 791/812/1738
f 791/812/1739 794/815/1740 792/814/1736
f 797/816/1741 795/817/1742 796/818/1743
f 796/818/1743 786/808/1744 797/816/1741
f 786/808/1745 796/818/1746 798/819/1747
f 798/819/1747 787/809/1748 786/808/1749
f 787/809/1750 798/819/1751 799/820/1752
f 799/820/1752 790/811/1753 787/809/1750
f 790/811/1754 799/820/1755 708/728/1629
f 708/728/1629 706/727/1632 790/811/1753
f 791/812/1730 790/811/1756 706/727/1628
f 706/727/1628 705/726/1757 791/812/1730
f 794/815/1740 791/812/1738 705/726/1758
f 705/726/1758 704/724/1620 794/815/1759
f 800/821/1760 794/815/1761 704/724/1620
f 704/724/1620 703/725/1621 800/821/1760
f 801/822/1762 792/814/1763 794/815/1764
f 794/815/1765 800/821/1760 801/822/1766
f 802/823/1767 793/813/1768 792/814/1769
f 792/814/1769 801/822/1770 802/823/1767
f 804/824/1771 803/825/1772 793/813/1773
f 793/813/1773 802/823/1774 804/824/1771
f 803/825/1775 805/826/1776 789/807/1777
f 789/807/1777 793/813/1778 803/825/1775
f 805/826/1779 797/816/1780 786/808/1781
f 786/808/1781 789/807/1782 805/826/1779
f 809/827/1783 806/828/1784 807/829/1785
f 807/829/1786 808/830/1787 809/827/1788
f 808/830/1789 807/829/1790 810/831/1791
f 810/831/1792 811/832/1793 808/830/1794
f 813/833/1795 809/827/1796 808/830/1797
f 808/830/1797 812/834/1798 813/833/1795
f 812/834/1799 808/830/1800 811/832/1801
f 811/832/1802 814/835/1803 812/834/1804
f 817/836/1805 815/837/1806 816/838/1807
f 816/838/1807 806/828/1808 817/836/1805
f 806/828/1809 816/838/1810 818/839/1811
f 818/839/1812 807/829/1813 806/828/1814
f 807/829/1815 818/839/1816 819/840/1817
f 819/840/1818 810/831/1819 807/829/1813
f 810/831/1820 819/840/1817 617/632/1498
f 617/632/1498 615/631/1821 810/831/1822
f 811/832/1823 810/831/1824 615/631/1495
f 615/631/1495 614/630/1496 811/832/1823
f 814/835/1825 811/832/1826 614/630/1493
f 614/630/1493 613/629/1494 814/835/1827
f 306/306/1828 814/835/1829 613/629/1490
f 613/629/1494 69/69/127 306/306/1830
f 307/307/1831 812/834/1832 814/835/1833
f 814/835/1834 306/306/1835 307/307/1831
f 308/308/1836 813/833/1837 812/834/1838
f 812/834/1838 307/307/1839 308/308/1836
f 310/310/1840 820/841/1841 813/833/1842
f 813/833/1842 308/308/1843 310/310/1840
f 820/841/1844 821/842/1845 809/827/1846
f 809/827/1846 813/833/1847 820/841/1844
f 821/842/1848 817/836/1849 806/828/1850
f 806/828/1850 809/827/1851 821/842/1848
f 825/843/1852 822/844/1853 823/845/1854
f 823/845/1855 824/846/1856 825/843/1857
f 824/846/1856 823/845/1854 826/847/1858
f 826/847/1858 827/848/1859 824/846/1860
f 829/849/1861 825/843/1862 824/846/1863
f 824/846/1863 828/850/1864 829/849/1861
f 828/850/1865 824/846/1860 827/848/1866
f 827/848/1859 830/851/1867 828/850/1868
f 831/852/1869 321/322/538 323/321/541
f 323/321/541 822/844/1870 831/852/1869
f 822/844/1853 323/321/1871 324/324/542
f 324/324/542 823/845/1855 822/844/1853
f 823/845/1855 324/324/542 325/325/543
f 325/325/543 826/847/1858 823/845/1854
f 826/847/1858 325/325/543 327/326/544
f 327/326/544 832/853/1872 826/847/1858
f 827/848/1873 826/847/1858 832/853/1874
f 832/853/1875 833/854/1876 827/848/1873
f 830/851/1867 827/848/1877 833/854/1878
f 833/854/1879 834/855/1880 830/851/1867
f 836/856/1881 830/851/1882 834/855/1883
f 834/855/1883 835/857/1884 836/856/1881
f 837/858/1885 828/850/1886 830/851/1882
f 830/851/1882 836/856/1881 837/858/1885
f 838/859/1887 829/849/1888 828/850/1886
f 828/850/1886 837/858/1885 838/859/1887
f 695/716/1889 839/860/1890 829/849/1888
f 829/849/1888 838/859/1887 695/716/1889
f 839/860/1891 840/861/1892 825/843/1893
f 825/843/1893 829/849/1894 839/860/1895
f 840/861/1896 831/852/1869 822/844/1853
f 822/844/1853 825/843/1857 840/861/1896
f 844/862/1897 841/863/1898 842/864/1899
f 842/864/1899 843/865/1900 844/862/1897
f 843/865/1900 842/864/1899 845/866/1901
f 845/866/1901 846/867/1902 843/865/1903
f 848/868/1904 844/862/1897 843/865/1900
f 843/865/1900 847/869/1905 848/868/1904
f 847/869/1905 843/865/1900 846/867/1906
f 846/867/1906 849/870/1907 847/869/1908
f 667/684/1560 593/610/1909 592/608/1447
f 592/608/1447 841/863/1898 667/684/1560
f 841/863/1898 592/608/1447 591/607/1446
f 591/607/1446 842/864/1899 841/863/1898
f 842/864/1899 591/607/1446 590/606/1444
f 590/606/1444 845/866/1901 842/864/1899
f 845/866/1901 590/606/1910 589/605/1911
f 589/605/1912 850/871/1913 845/866/1901
f 846/867/1906 845/866/1901 850/871/1913
f 850/871/1913 851/872/1914 846/867/1906
f 849/870/1907 846/867/1906 851/872/1914
f 851/872/1914 852/873/1915 849/870/1907
f 348/348/592 849/870/1916 852/873/1915
f 852/873/1915 349/349/593 348/348/592
f 350/350/595 847/869/1917 849/870/1907
f 849/870/1907 348/348/592 350/350/1918
f 351/351/596 848/868/1904 847/869/1919
f 847/869/1905 350/350/595 351/351/596
f 137/136/211 669/686/1562 848/868/1920
f 848/868/1904 351/351/596 137/136/211
f 669/686/1562 668/685/1561 844/862/1897
f 844/862/1897 848/868/1920 669/686/1562
f 668/685/1561 667/684/1560 841/863/1898
f 841/863/1898 844/862/1897 668/685/1561
f 856/874/1921 853/875/1922 854/876/1923
f 854/876/1923 855/877/1924 856/874/1921
f 855/877/1924 854/876/1923 857/878/1925
f 857/878/1925 858/879/1926 855/877/1924
f 860/880/1927 856/874/1921 855/877/1928
f 855/877/1924 859/881/1929 860/880/1927
f 859/881/1929 855/877/1924 858/879/1926
f 858/879/1926 861/882/1930 859/881/1931
f 655/673/1545 656/672/1544 685/705/1586
f 685/705/1586 853/875/1922 655/673/1545
f 853/875/1922 685/705/1586 684/704/1585
f 684/704/1585 854/876/1923 853/875/1922
f 854/876/1923 684/704/1585 683/703/1584
f 683/703/1584 857/878/1925 854/876/1923
f 857/878/1925 683/703/1584 682/702/1932
f 682/702/1582 862/883/1933 857/878/1925
f 858/879/1926 857/878/1925 862/883/1934
f 862/883/1934 863/884/1935 858/879/1926
f 861/882/1936 858/879/1937 863/884/1935
f 863/884/1935 864/885/1938 861/882/1936
f 586/886/1461 861/882/1939 864/885/1938
f 864/885/1938 584/887/1437 586/886/1940
f 599/888/1941 859/881/1929 861/882/1936
f 861/882/1936 586/886/1461 599/888/1941
f 597/889/1455 860/880/1927 859/881/1929
f 859/881/1942 599/888/1943 597/889/1944
f 598/665/1454 649/664/1537 860/880/1945
f 860/880/1946 597/889/1455 598/665/1454
f 649/664/1947 657/674/1948 856/874/1921
f 856/874/1921 860/880/1927 649/664/1537
f 657/674/1547 655/673/1545 853/875/1922
f 853/875/1922 856/874/1921 657/674/1948
f 868/890/1949 865/891/1950 866/892/1951
f 866/892/1952 867/893/1953 868/890/1949
f 867/893/1954 866/892/1955 869/894/1956
f 869/894/1956 870/895/1957 867/893/1958
f 872/896/1959 868/890/1960 867/893/1961
f 867/893/1962 871/897/1963 872/896/1959
f 871/897/1963 867/893/1964 870/895/1965
f 870/895/1966 873/898/1967 871/897/1963
f 374/375/639 373/374/1005 874/899/1968
f 874/899/1968 865/891/1969 374/375/639
f 865/891/1970 874/899/1971 875/900/1972
f 875/900/1972 866/892/1973 865/891/1970
f 866/892/1974 875/900/1975 876/901/1976
f 876/901/1976 869/894/1977 866/892/1978
f 869/894/1979 876/901/1980 795/817/1981
f 795/817/1981 877/902/1982 869/894/1983
f 870/895/1984 869/894/1983 877/902/1985
f 877/902/1985 878/903/1986 870/895/1987
f 873/898/1988 870/895/1989 878/903/1990
f 878/903/1991 879/904/1992 873/898/1993
f 681/701/1994 873/898/1995 879/904/1996
f 879/904/1996 682/702/1997 681/701/1994
f 680/700/1998 871/897/1999 873/898/2000
f 873/898/2001 681/701/2002 680/700/1578
f 679/699/1576 872/896/2003 871/897/1963
f 871/897/1963 680/700/1578 679/699/1576
f 149/150/227 381/381/675 872/896/1959
f 872/896/1959 679/699/1576 149/150/227
f 381/381/675 382/382/676 868/890/1949
f 868/890/1949 872/896/1959 381/381/675
f 382/382/676 374/375/639 865/891/2004
f 865/891/2004 868/890/2005 382/382/676
f 883/905/2006 880/906/2007 881/907/2008
f 881/907/2009 882/908/2010 883/905/2006
f 882/908/2011 881/907/2012 884/909/2013
f 884/909/2014 885/910/2015 882/908/2011
f 887/911/2016 883/905/2017 882/908/2011
f 882/908/2011 886/912/2018 887/911/2016
f 886/912/2019 882/908/2020 885/910/2021
f 885/910/2021 888/913/2022 886/912/2018
f 890/914/2023 804/915/2024 889/916/2025
f 889/916/2026 880/906/2027 890/914/2028
f 880/906/2029 889/916/2030 891/917/2031
f 891/917/2032 881/907/2033 880/906/2029
f 881/907/2034 891/917/2035 892/918/2036
f 892/918/2037 884/909/2038 881/907/2034
f 884/909/2039 892/918/2040 815/837/2041
f 815/837/2041 893/919/2042 884/909/2043
f 885/910/2044 884/909/2045 893/919/2046
f 893/919/2046 894/920/2047 885/910/2044
f 888/913/2048 885/910/2049 894/920/2050
f 894/920/2051 895/921/2052 888/913/2048
f 588/604/2053 888/913/2054 895/921/2055
f 895/921/2056 589/605/2057 588/604/2058
f 587/603/1440 886/912/2018 888/913/2059
f 888/913/2060 588/604/2061 587/603/1440
f 585/602/1438 887/911/2016 886/912/2018
f 886/912/2018 587/603/1440 585/602/1438
f 584/601/1437 896/922/2062 887/911/2016
f 887/911/2016 585/602/1438 584/601/1437
f 896/922/2062 897/923/2063 883/905/2006
f 883/905/2064 887/911/2016 896/922/2062
f 897/923/2065 890/914/2066 880/906/2067
f 880/906/2068 883/905/2069 897/923/2063
f 901/924/2070 898/925/2071 899/926/2072
f 899/926/2072 900/927/2073 901/924/2070
f 900/927/2073 899/926/2074 902/928/2075
f 902/928/2075 903/929/2076 900/927/2073
f 905/930/2077 901/924/2078 900/927/2079
f 900/927/2079 904/931/2080 905/930/2077
f 904/931/2081 900/927/2079 903/929/2082
f 903/929/2082 906/932/2083 904/931/2081
f 907/933/2084 410/411/2085 412/410/2086
f 412/410/748 898/925/2071 907/933/2084
f 898/925/2071 412/410/748 413/413/757
f 413/413/757 899/926/2072 898/925/2071
f 899/926/2072 413/413/757 414/414/756
f 414/414/2087 902/928/2088 899/926/2072
f 902/928/2075 414/414/756 321/322/2089
f 321/322/538 831/852/1869 902/928/2075
f 903/929/2076 902/928/2075 831/852/1869
f 831/852/1869 840/861/2090 903/929/2076
f 906/932/2083 903/929/2091 840/861/2092
f 840/861/2092 839/860/2093 906/932/2083
f 697/715/2094 906/932/2095 839/860/1890
f 839/860/1890 695/716/1889 697/715/2094
f 709/730/2096 904/931/2097 906/932/2095
f 906/932/2095 697/715/2094 709/730/2096
f 707/729/2098 905/930/2099 904/931/2100
f 904/931/2097 709/730/2096 707/729/2101
f 708/728/2102 908/934/2103 905/930/2099
f 905/930/2099 707/729/2098 708/728/2102
f 908/934/2104 909/935/2105 901/924/2078
f 901/924/2078 905/930/2077 908/934/2106
f 909/935/2107 907/933/2108 898/925/2071
f 898/925/2071 901/924/2070 909/935/2107
f 913/936/2109 910/937/2110 911/938/2111
f 911/938/2112 912/939/2113 913/936/2109
f 912/939/2114 911/938/2115 914/940/2116
f 914/940/2116 915/941/2117 912/939/2118
f 917/942/2119 913/936/2109 912/939/2113
f 912/939/2113 916/943/2120 917/942/2119
f 916/943/2120 912/939/2118 915/941/2117
f 915/941/2117 918/944/2121 916/943/2120
f 836/856/2122 835/857/2123 919/945/2124
f 919/945/2125 910/937/2126 836/856/2127
f 910/937/2110 919/945/2128 920/946/2129
f 920/946/2130 911/938/2115 910/937/2110
f 911/938/2115 920/946/2131 921/947/2132
f 921/947/2133 914/940/2116 911/938/2134
f 914/940/2116 921/947/2133 564/948/1400
f 564/948/1400 563/949/1399 914/940/2116
f 915/941/2117 914/940/2116 563/949/1399
f 563/949/1399 562/950/1398 915/941/2117
f 918/944/2121 915/941/2117 562/950/1398
f 562/950/1398 560/951/1397 918/944/2121
f 699/719/1614 918/944/2121 560/951/1397
f 560/951/1397 559/720/1396 699/719/1614
f 698/718/1613 916/943/2120 918/944/2121
f 918/944/2121 699/719/1614 698/718/1610
f 696/717/2135 917/942/2119 916/943/2120
f 916/943/2136 698/718/1610 696/717/2135
f 695/716/1606 838/859/2137 917/942/2138
f 917/942/2138 696/717/1607 695/716/1606
f 838/859/2137 837/858/2139 913/936/2140
f 913/936/2140 917/942/2138 838/859/2137
f 837/858/2139 836/856/2127 910/937/2126
f 910/937/2126 913/936/2141 837/858/2139
f 925/952/2142 922/953/2143 923/954/2144
f 923/954/2145 924/955/2146 925/952/2142
f 924/955/2147 923/954/2148 926/956/2149
f 926/956/2149 927/957/2150 924/955/2151
f 929/958/2152 925/952/2153 924/955/2154
f 924/955/2147 928/959/2155 929/958/2152
f 928/959/2156 924/955/2147 927/957/2150
f 927/957/2157 930/960/2158 928/959/2159
f 569/584/2160 568/585/2161 931/961/2162
f 931/961/2162 922/953/2163 569/584/2160
f 922/953/2143 931/961/2164 932/962/2165
f 932/962/2166 923/954/2144 922/953/2143
f 923/954/2167 932/962/2168 933/963/2169
f 933/963/2170 926/956/2149 923/954/2167
f 926/956/2149 933/963/2170 442/441/842
f 442/441/842 441/442/843 926/956/2149
f 927/957/2157 926/956/2149 441/442/843
f 441/442/843 443/443/845 927/957/2150
f 930/960/2158 927/957/2150 443/443/845
f 443/443/2171 444/444/848 930/960/2158
f 612/628/1486 930/960/2158 444/444/848
f 444/444/848 65/64/117 612/628/1486
f 611/627/2172 928/959/2156 930/960/2158
f 930/960/2158 612/628/2173 611/627/1485
f 609/626/2174 929/958/2175 928/959/2155
f 928/959/2155 611/627/2176 609/626/2174
f 573/588/1477 571/587/2177 929/958/2178
f 929/958/2178 609/626/1478 573/588/1477
f 571/587/2177 570/586/2179 925/952/2180
f 925/952/2180 929/958/2178 571/587/2177
f 570/586/2179 569/584/2160 922/953/2181
f 922/953/2181 925/952/2180 570/586/2179
f 937/964/2182 934/965/2183 935/966/2184
f 935/966/2184 936/967/2185 937/964/2182
f 936/967/2186 935/966/2184 938/968/2187
f 938/968/2187 939/969/2188 936/967/2186
f 941/970/2189 937/964/2190 936/967/2191
f 936/967/2191 940/971/2192 941/970/2189
f 940/971/2192 936/967/2193 939/969/2194
f 939/969/2195 942/972/2196 940/971/2192
f 943/973/2197 703/974/1621 702/975/1619
f 702/975/1619 934/965/2183 943/973/2197
f 934/965/2183 702/975/1619 701/976/1617
f 701/976/1617 935/966/2184 934/965/2183
f 935/966/2198 701/976/1617 700/977/1616
f 700/977/1616 938/968/2187 935/966/2184
f 938/968/2187 700/977/1616 559/576/1396
f 559/576/1396 561/575/2199 938/968/2187
f 939/969/2188 938/968/2187 561/575/1395
f 561/575/1395 574/590/1422 939/969/2200
f 942/972/2196 939/969/2200 574/590/1422
f 574/590/1420 572/589/1421 942/972/2196
f 610/625/2201 942/972/2202 572/589/1418
f 572/589/1418 573/588/1417 610/625/2201
f 618/634/2203 940/971/2204 942/972/2202
f 942/972/2202 610/625/2201 618/634/2203
f 616/633/2205 941/970/2206 940/971/2204
f 940/971/2204 618/634/2203 616/633/2205
f 617/632/2207 944/978/2208 941/970/2206
f 941/970/2206 616/633/2205 617/632/2207
f 944/978/2209 945/979/2210 937/964/2211
f 937/964/2211 941/970/2189 944/978/2212
f 945/979/2213 943/973/2214 934/965/2215
f 934/965/2183 937/964/2182 945/979/2216
f 949/980/2217 946/981/2218 947/982/2219
f 947/982/2220 948/983/2221 949/980/2222
f 948/983/2223 947/982/2224 950/984/2225
f 950/984/2226 951/985/2227 948/983/2223
f 953/986/2228 949/980/2229 948/983/2221
f 948/983/2230 952/987/2231 953/986/2228
f 952/987/2232 948/983/2233 951/985/2234
f 951/985/2234 954/988/2235 952/987/2232
f 800/989/1760 703/974/1621 943/973/2214
f 943/973/2197 946/981/2236 800/989/2237
f 946/981/2238 943/973/2214 945/979/2239
f 945/979/2239 947/982/2240 946/981/2218
f 947/982/2224 945/979/2241 944/978/2209
f 944/978/2209 950/984/2225 947/982/2224
f 950/984/2242 944/978/2208 617/632/2207
f 617/632/2207 819/840/2243 950/984/2242
f 951/985/2244 950/984/2242 819/840/2243
f 819/840/2243 818/839/2245 951/985/2244
f 954/988/2246 951/985/2247 818/839/2245
f 818/839/2248 816/838/2249 954/988/2250
f 892/918/2251 954/988/2252 816/838/2253
f 816/838/2253 815/837/2254 892/918/2251
f 891/917/2255 952/987/2256 954/988/2257
f 954/988/2257 892/918/2258 891/917/2255
f 889/916/2259 953/986/2260 952/987/2261
f 952/987/2261 891/917/2262 889/916/2259
f 804/915/2263 802/990/2264 953/986/2265
f 953/986/2265 889/916/2266 804/915/2263
f 802/990/2267 801/991/2268 949/980/2269
f 949/980/2270 953/986/2271 802/990/2267
f 801/991/2272 800/989/1760 946/981/2273
f 946/981/2274 949/980/2275 801/991/2272
f 958/992/2276 955/993/2277 956/994/2278
f 956/994/2279 957/995/2280 958/992/2281
f 957/995/2282 956/994/2283 959/996/2284
f 959/996/2285 960/997/2286 957/995/2287
f 962/998/2288 958/992/2289 957/995/2290
f 957/995/2290 961/999/2291 962/998/2288
f 961/999/2292 957/995/2293 960/997/2294
f 960/997/2295 963/1000/2296 961/999/2292
f 475/475/970 410/411/749 907/933/2108
f 907/933/2084 955/993/2297 475/475/970
f 955/993/2298 907/933/2299 909/935/2107
f 909/935/2107 956/994/2300 955/993/2298
f 956/994/2301 909/935/2302 908/934/2106
f 908/934/2106 959/996/2303 956/994/2301
f 959/996/2304 908/934/2305 708/728/2102
f 708/728/2102 799/820/2306 959/996/2307
f 960/997/2308 959/996/2309 799/820/2310
f 799/820/2306 798/819/2311 960/997/2312
f 963/1000/2313 960/997/2308 798/819/2314
f 798/819/2315 796/818/2316 963/1000/2317
f 876/901/2318 963/1000/2319 796/818/2316
f 796/818/2320 795/817/2321 876/901/2318
f 875/900/2322 961/999/2323 963/1000/2324
f 963/1000/2324 876/901/2325 875/900/2322
f 874/899/2326 962/998/2327 961/999/2328
f 961/999/2328 875/900/2329 874/899/2326
f 373/374/2330 476/476/2331 962/998/2332
f 962/998/2332 874/899/2333 373/374/2330
f 476/476/2334 477/477/2335 958/992/2336
f 958/992/2336 962/998/2337 476/476/2334
f 477/477/2338 475/475/970 955/993/2298
f 955/993/2298 958/992/2339 477/477/2338
f 967/1001/2340 964/1002/2341 965/1003/2342
f 965/1003/2343 966/1004/2344 967/1001/2340
f 966/1004/2345 965/1003/2346 968/1005/2347
f 968/1005/2348 969/1006/2349 966/1004/2345
f 971/1007/2350 967/1001/2351 966/1004/2352
f 966/1004/2353 970/1008/2354 971/1007/2350
f 970/1008/2355 966/1004/2356 969/1006/2357
f 969/1006/2357 972/1009/2358 970/1008/2354
f 850/871/1913 589/605/2359 895/921/2360
f 895/921/2361 964/1002/2362 850/871/1913
f 964/1002/2363 895/921/2364 894/920/2365
f 894/920/2366 965/1003/2367 964/1002/2368
f 965/1003/2369 894/920/2370 893/919/2371
f 893/919/2372 968/1005/2373 965/1003/2374
f 968/1005/2375 893/919/2376 815/837/2377
f 815/837/2377 817/836/2378 968/1005/2375
f 969/1006/2379 968/1005/2380 817/836/2381
f 817/836/2381 821/842/2382 969/1006/2379
f 972/1009/2383 969/1006/2384 821/842/2385
f 821/842/2385 820/841/2386 972/1009/2387
f 487/487/1060 972/1009/2388 820/841/2389
f 820/841/2389 310/310/2390 487/487/1060
f 488/488/1064 970/1008/2354 972/1009/2358
f 972/1009/2358 487/487/1060 488/488/1064
f 489/489/1066 971/1007/2350 970/1008/2354
f 970/1008/2354 488/488/1064 489/489/1066
f 349/349/593 852/873/1915 971/1007/2350
f 971/1007/2350 489/489/1066 349/349/593
f 852/873/1915 851/872/2391 967/1001/2340
f 967/1001/2340 971/1007/2350 852/873/1915
f 851/872/1914 850/871/1913 964/1002/2392
f 964/1002/2393 967/1001/2394 851/872/1914
f 976/1010/2395 973/1011/2396 974/1012/2397
f 974/1012/2397 975/1013/2398 976/1010/2395
f 975/1013/2399 974/1012/2400 977/1014/2401
f 977/1014/2401 978/1015/2402 975/1013/2403
f 980/1016/2404 976/1010/2405 975/1013/2399
f 975/1013/2399 979/1017/2406 980/1016/2404
f 979/1017/2406 975/1013/2407 978/1015/2408
f 978/1015/2409 981/1018/2410 979/1017/2406
f 862/883/2411 682/702/2412 879/904/2413
f 879/904/2414 973/1011/2415 862/883/2416
f 973/1011/2417 879/904/2418 878/903/2419
f 878/903/2419 974/1012/2420 973/1011/2417
f 974/1012/2421 878/903/2422 877/902/2423
f 877/902/2423 977/1014/2424 974/1012/2421
f 977/1014/2425 877/902/2426 795/817/2427
f 795/817/2427 797/816/2428 977/1014/2429
f 978/1015/2430 977/1014/2431 797/816/2432
f 797/816/2433 805/826/2434 978/1015/2430
f 981/1018/2435 978/1015/2436 805/826/2437
f 805/826/2438 803/825/2439 981/1018/2410
f 890/1019/2028 981/1018/2440 803/825/2441
f 803/825/2441 804/824/2442 890/1019/2443
f 897/1020/2063 979/1017/2406 981/1018/2444
f 981/1018/2444 890/1019/2028 897/1020/2063
f 896/1021/2062 980/1016/2404 979/1017/2406
f 979/1017/2406 897/1020/2063 896/1021/2062
f 584/887/1437 864/885/1938 980/1016/2404
f 980/1016/2404 896/1021/2062 584/887/1437
f 864/885/1938 863/884/2445 976/1010/2395
f 976/1010/2395 980/1016/2404 864/885/1938
f 863/884/1935 862/883/2446 973/1011/2447
f 973/1011/2448 976/1010/2395 863/884/1935
f 985/1022/2449 982/1023/2450 983/1024/2451
f 983/1024/2452 984/1025/2453 985/1022/2449
f 984/1025/2454 983/1024/2455 986/1026/2456
f 986/1026/2457 987/1027/2458 984/1025/2459
f 989/1028/2460 985/1022/2461 984/1025/2462
f 984/1025/2462 988/1029/2463 989/1028/2460
f 988/1029/2464 984/1025/2465 987/1027/2466
f 987/1027/2466 990/1030/2467 988/1029/2464
f 991/1031/2468 568/585/2469 567/583/2470
f 567/583/1409 982/1023/2471 991/1031/2468
f 982/1023/2472 567/583/1406 566/582/1405
f 566/582/1403 983/1024/2473 982/1023/2474
f 983/1024/2475 566/582/1403 565/581/2476
f 565/581/1401 986/1026/2477 983/1024/2451
f 986/1026/2478 565/581/1401 564/580/1400
f 564/580/1400 992/1032/2479 986/1026/2478
f 987/1027/2480 986/1026/2481 992/1032/2482
f 992/1032/2483 993/1033/2484 987/1027/2485
f 990/1030/2467 987/1027/2466 993/1033/2486
f 993/1033/2486 994/1034/2487 990/1030/2467
f 785/806/2488 990/1035/2489 994/1036/2490
f 994/1036/2490 767/789/2491 785/806/2492
f 784/805/2493 988/1037/2494 990/1035/2489
f 990/1035/2489 785/806/2492 784/805/2493
f 783/804/2495 989/1038/2496 988/1037/2494
f 988/1037/2494 784/805/2497 783/804/2495
f 631/647/2498 995/1039/2499 989/1038/2500
f 989/1038/2500 783/804/2501 631/647/2502
f 995/1040/2503 996/1041/2504 985/1022/2505
f 985/1022/2506 989/1042/2507 995/1040/2503
f 996/1041/2508 991/1031/2509 982/1023/2510
f 982/1023/2511 985/1022/2512 996/1041/2508
f 1000/1043/2513 997/1044/2514 998/1045/2515
f 998/1045/2515 999/1046/2516 1000/1043/2513
f 999/1046/2517 998/1045/2518 1001/1047/2519
f 1001/1047/2520 1002/1048/2521 999/1046/2522
f 1004/1049/2523 1000/1043/2524 999/1046/2525
f 999/1046/2526 1003/1050/2527 1004/1049/2528
f 1003/1050/2529 999/1046/2530 1002/1048/2531
f 1002/1048/2532 1005/1051/2533 1003/1050/2529
f 992/1052/2534 564/948/1400 921/947/2535
f 921/947/2133 997/1044/2536 992/1052/2534
f 997/1044/2537 921/947/2133 920/946/2538
f 920/946/2539 998/1045/2540 997/1044/2537
f 998/1045/2541 920/946/2129 919/945/2128
f 919/945/2128 1001/1047/2542 998/1045/2541
f 1001/1047/2543 919/945/2124 835/857/2123
f 835/857/2544 1006/1053/2545 1001/1047/2543
f 1002/1048/2546 1001/1047/2547 1006/1053/2548
f 1006/1053/2548 1007/1054/2549 1002/1048/2546
f 1005/1055/2550 1002/1048/2531 1007/1054/2551
f 1007/1054/2551 1008/1056/2552 1005/1055/2550
f 771/792/2553 1005/1057/2554 1008/1058/2555
f 1008/1058/2555 719/741/2556 771/792/2553
f 770/791/2557 1003/1059/2558 1005/1057/2554
f 1005/1057/2554 771/792/2559 770/791/2557
f 768/790/2560 1004/1060/2561 1003/1059/2562
f 1003/1059/2562 770/791/2563 768/790/2564
f 767/789/2491 994/1036/2490 1004/1060/2561
f 1004/1060/2561 768/790/2564 767/789/2491
f 994/1061/2487 993/1062/2486 1000/1043/2524
f 1000/1043/2524 1004/1049/2528 994/1061/2487
f 993/1062/2565 992/1052/2566 997/1044/2567
f 997/1044/2567 1000/1043/2568 993/1062/2565
f 1012/1063/2569 1009/1064/2570 1010/1065/2571
f 1010/1065/2572 1011/1066/2573 1012/1063/2569
f 1011/1066/2574 1010/1065/2575 1013/1067/2576
f 1013/1067/2577 1014/1068/2578 1011/1066/2574
f 1016/1069/2579 1012/1063/2580 1011/1066/2581
f 1011/1066/2581 1015/1070/2582 1016/1069/2579
f 1015/1071/2583 1011/1066/2584 1014/1068/2585
f 1014/1068/2585 1017/1072/2586 1015/1071/2583
f 1006/1053/2587 835/857/1884 834/855/2588
f 834/855/2588 1009/1064/2589 1006/1053/2590
f 1009/1064/2591 834/855/1880 833/854/2592
f 833/854/1878 1010/1065/2593 1009/1064/2594
f 1010/1065/2595 833/854/2596 832/853/2597
f 832/853/1872 1013/1067/2598 1010/1065/2571
f 1013/1067/2599 832/853/1872 327/326/544
f 327/326/544 535/539/2600 1013/1067/2599
f 1014/1068/2601 1013/1067/2602 535/539/2603
f 535/539/2603 536/540/2604 1014/1068/2605
f 1017/1072/2586 1014/1068/2606 536/540/2607
f 536/540/1290 537/1073/2608 1017/1072/2586
f 723/744/2609 1017/1074/2610 537/542/1291
f 537/542/1291 199/198/1295 723/744/2611
f 722/743/2612 1015/1075/2613 1017/1074/2614
f 1017/1074/2614 723/744/2615 722/743/2612
f 720/742/2616 1016/1076/2617 1015/1075/2618
f 1015/1075/2618 722/743/2619 720/742/2616
f 719/741/2556 1008/1058/2620 1016/1076/2621
f 1016/1076/2617 720/742/2622 719/741/2556
f 1008/1077/2552 1007/1054/2623 1012/1063/2624
f 1012/1063/2624 1016/1078/2625 1008/1077/2552
f 1007/1054/2626 1006/1053/2627 1009/1064/2628
f 1009/1064/2629 1012/1063/2630 1007/1054/2626
f 1021/1079/2631 1018/1080/2632 1019/1081/2633
f 1019/1081/2633 1020/1082/2634 1021/1079/2635
f 1020/1082/2636 1019/1081/2637 1022/1083/2638
f 1022/1083/2638 1023/1084/2639 1020/1082/2636
f 1025/1085/2640 1021/1079/2641 1020/1082/2642
f 1020/1082/2643 1024/1086/2644 1025/1085/2640
f 1024/1086/2645 1020/1082/2646 1023/1084/2647
f 1023/1084/2647 1026/1087/2648 1024/1086/2645
f 547/557/2649 442/441/842 933/963/2170
f 933/963/2170 1018/1080/2650 547/557/2649
f 1018/1080/2651 933/963/2170 932/962/2652
f 932/962/2168 1019/1081/2653 1018/1080/2651
f 1019/1081/2654 932/962/2166 931/961/2655
f 931/961/2164 1022/1083/2656 1019/1081/2654
f 1022/1083/2657 931/961/2658 568/585/2161
f 568/585/2659 991/1031/2660 1022/1083/2661
f 1023/1084/2662 1022/1083/2663 991/1031/2664
f 991/1031/2664 996/1041/2665 1023/1084/2666
f 1026/1088/2667 1023/1084/2668 996/1041/2669
f 996/1041/2669 995/1089/2670 1026/1088/2667
f 630/646/2671 1026/1090/2672 995/1039/2499
f 995/1039/2499 631/647/2502 630/646/2671
f 629/645/2673 1024/1091/2674 1026/1090/2675
f 1026/1090/2676 630/646/2677 629/645/2673
f 628/644/2678 1025/1092/2679 1024/1091/2680
f 1024/1091/2681 629/645/2682 628/644/2678
f 84/85/2683 548/563/2684 1025/1092/2679
f 1025/1092/2685 628/644/2686 84/85/2683
f 548/1093/2687 549/564/2688 1021/1079/2689
f 1021/1079/2641 1025/1085/2690 548/1093/1377
f 549/564/2691 547/557/2692 1018/1080/2693
f 1018/1080/2693 1021/1079/2694 549/564/2691
