# Blender 4.2.0
# www.blender.org
mtllib patty.mtl
o cutlet
v -0.047792 0.736346 -0.516154
v 0.000911 1.183671 -0.516154
v 0.052313 0.725447 -0.506236
v 0.101016 1.172772 -0.506236
v 0.148571 0.714967 -0.476864
v 0.197274 1.162292 -0.476864
v 0.237283 0.705308 -0.429166
v 0.283820 1.151876 -0.427118
v 0.315040 0.696842 -0.364976
v 0.354801 1.141057 -0.356606
v 0.378853 0.689895 -0.286760
v 0.424269 1.136143 -0.284005
v 0.426271 0.684732 -0.197524
v 0.471665 1.131287 -0.196763
v 0.455470 0.681553 -0.100697
v 0.492060 1.126115 -0.098361
v 0.465330 0.680480 -0.000000
v 0.511004 1.127114 0.000584
v 0.455470 0.681553 0.100697
v 0.504173 1.128879 0.100697
v 0.426271 0.684732 0.197524
v 0.474973 1.132058 0.197524
v 0.378853 0.689895 0.286760
v 0.425586 1.136467 0.284655
v 0.315040 0.696842 0.364976
v 0.353443 1.139965 0.352971
v 0.237283 0.705308 0.429166
v 0.272647 1.146023 0.409330
v 0.148571 0.714967 0.476864
v 0.188089 1.156728 0.459712
v 0.052313 0.725447 0.506236
v 0.099324 1.171679 0.502845
v -0.047792 0.736346 0.516154
v 0.000910 1.183671 0.516154
v -0.147897 0.747245 0.506236
v -0.099195 1.194570 0.506236
v -0.244155 0.757725 0.476864
v -0.195453 1.205050 0.476864
v -0.332868 0.767383 0.429166
v -0.284165 1.214709 0.429166
v -0.410624 0.775849 0.364976
v -0.361922 1.223174 0.364976
v -0.474437 0.782797 0.286759
v -0.425735 1.230122 0.286759
v -0.521855 0.787959 0.197523
v -0.470344 1.233958 0.196939
v -0.551054 0.791138 0.100696
v -0.491120 1.233159 0.098361
v -0.560914 0.792212 -0.000001
v -0.509403 1.238211 -0.000584
v -0.551054 0.791138 -0.100697
v -0.502352 1.238464 -0.100697
v -0.521854 0.787959 -0.197524
v -0.473152 1.235285 -0.197524
v -0.474437 0.782796 -0.286760
v -0.425734 1.230122 -0.286760
v -0.410623 0.775849 -0.364976
v -0.361921 1.223174 -0.364976
v -0.332867 0.767383 -0.429167
v -0.284164 1.214709 -0.429167
v -0.244154 0.757724 -0.476864
v -0.195452 1.205050 -0.476865
v -0.147896 0.747244 -0.506236
v -0.099194 1.194570 -0.506236
v -0.031445 0.886490 -1.000483
v -0.014760 1.039740 -1.000483
v 0.179278 1.018614 -0.981259
v 0.162593 0.865364 -0.981259
v 0.365859 0.998300 -0.924326
v 0.349174 0.845050 -0.924326
v 0.536370 0.979073 -0.830506
v 0.521128 0.826329 -0.831871
v 0.682571 0.961095 -0.701868
v 0.671847 0.809919 -0.707448
v 0.810033 0.948984 -0.554002
v 0.795539 0.796452 -0.555839
v 0.901930 0.939181 -0.382361
v 0.887451 0.786445 -0.382868
v 0.952660 0.931691 -0.193628
v 0.944049 0.780283 -0.195185
v 0.977827 0.930992 0.000389
v 0.963161 0.778203 -0.000000
v 0.960735 0.933533 0.195184
v 0.944050 0.780283 0.195184
v 0.904136 0.939695 0.382868
v 0.887451 0.786445 0.382868
v 0.810911 0.949200 0.554435
v 0.795539 0.796452 0.555839
v 0.681666 0.960367 0.699445
v 0.671847 0.809919 0.707448
v 0.528921 0.975171 0.818648
v 0.521128 0.826329 0.831871
v 0.359736 0.994590 0.912892
v 0.349174 0.845050 0.924326
v 0.178150 1.017885 0.978998
v 0.162593 0.865364 0.981259
v -0.014760 1.039740 1.000483
v -0.031445 0.886490 1.000483
v -0.208798 1.060866 0.981259
v -0.225483 0.907616 0.981259
v -0.395380 1.081180 0.924326
v -0.412065 0.927930 0.924326
v -0.567334 1.099901 0.831871
v -0.584019 0.946651 0.831871
v -0.718053 1.116311 0.707448
v -0.734738 0.963061 0.707448
v -0.841745 1.129777 0.555838
v -0.858430 0.976528 0.555838
v -0.931784 1.138900 0.382478
v -0.950341 0.986535 0.382868
v -0.982767 1.142410 0.193627
v -1.006940 0.992697 0.195184
v -1.003426 1.145777 0.000444
v -1.025034 0.994436 0.000208
v -0.973983 1.140481 -0.191850
v -1.002872 0.991330 -0.194352
v -0.929588 1.138418 -0.382036
v -0.949324 0.986193 -0.382661
v -0.841744 1.129777 -0.555840
v -0.858429 0.976528 -0.555840
v -0.718052 1.116310 -0.707449
v -0.734737 0.963061 -0.707449
v -0.567332 1.099901 -0.831872
v -0.584017 0.946651 -0.831872
v -0.395378 1.081179 -0.924327
v -0.412063 0.927930 -0.924327
v -0.208797 1.060865 -0.981260
v -0.225482 0.907616 -0.981260
v -0.045094 0.761128 -0.885021
v 0.126551 0.742440 -0.868016
v 0.169992 1.141444 -0.868016
v -0.001652 1.160131 -0.885021
v 0.291599 0.724471 -0.817653
v 0.335041 1.123474 -0.817653
v 0.443709 0.707910 -0.735868
v 0.481376 1.104892 -0.730406
v 0.577034 0.693394 -0.625804
v 0.596631 1.084100 -0.603484
v 0.686451 0.681481 -0.491691
v 0.721127 1.077613 -0.484345
v 0.767756 0.672629 -0.338683
v 0.802374 1.069578 -0.336655
v 0.817823 0.667178 -0.172659
v 0.828964 1.058812 -0.166431
v 0.834728 0.665338 -0.000000
v 0.870094 1.062499 0.001557
v 0.817823 0.667178 0.172659
v 0.861264 1.066182 0.172659
v 0.767756 0.672629 0.338683
v 0.811197 1.071633 0.338683
v 0.686451 0.681481 0.491691
v 0.724640 1.078477 0.486078
v 0.577034 0.693394 0.625804
v 0.593011 1.081189 0.593791
v 0.443709 0.707910 0.735868
v 0.451580 1.089283 0.682972
v 0.291599 0.724471 0.817653
v 0.310549 1.108635 0.771915
v 0.126551 0.742440 0.868016
v 0.165482 1.138528 0.858971
v -0.045094 0.761128 0.885021
v -0.001653 1.160131 0.885021
v -0.216739 0.779816 0.868016
v -0.173297 1.178819 0.868015
v -0.381787 0.797786 0.817653
v -0.338346 1.196789 0.817653
v -0.533897 0.814346 0.735868
v -0.490456 1.213350 0.735868
v -0.667222 0.828862 0.625804
v -0.623781 1.227865 0.625804
v -0.776639 0.840775 0.491691
v -0.733198 1.239778 0.491691
v -0.857944 0.849627 0.338682
v -0.807014 1.245093 0.337126
v -0.908010 0.855078 0.172658
v -0.834617 1.239934 0.166431
v -0.924916 0.856918 -0.000001
v -0.872969 1.252043 -0.001349
v -0.908010 0.855078 -0.172660
v -0.860501 1.252715 -0.171826
v -0.857943 0.849627 -0.338684
v -0.813484 1.248288 -0.338475
v -0.776638 0.840775 -0.491692
v -0.733197 1.239778 -0.491692
v -0.667221 0.828862 -0.625805
v -0.623780 1.227865 -0.625805
v -0.533896 0.814346 -0.735869
v -0.490454 1.213350 -0.735869
v -0.381786 0.797785 -0.817653
v -0.338345 1.196789 -0.817653
v -0.216737 0.779816 -0.868016
v -0.173296 1.178819 -0.868016
v -0.001923 0.756428 -0.883953
v 0.041143 0.751739 -0.880756
v 0.084003 0.747073 -0.875440
v 0.127444 1.146076 -0.875440
v 0.084585 1.150742 -0.880756
v 0.041518 1.155431 -0.883953
v -0.010786 1.076238 -0.991210
v -0.007135 1.109772 -0.972772
v -0.004019 1.138388 -0.939324
v 0.156698 0.827936 -0.972164
v 0.149323 0.793431 -0.954081
v 0.139573 0.764163 -0.921275
v 0.168685 0.737853 -0.858496
v 0.210304 0.733322 -0.846909
v 0.251309 0.728857 -0.833284
v 0.294750 1.127861 -0.833284
v 0.253745 1.132325 -0.846909
v 0.212126 1.136856 -0.858496
v 0.341550 0.807810 -0.915759
v 0.330737 0.773680 -0.898724
v 0.314748 0.745091 -0.867822
v 0.331077 0.720173 -0.800048
v 0.369650 0.715973 -0.780516
v 0.407224 0.711882 -0.759106
v 0.448230 1.110033 -0.756802
v 0.412369 1.114724 -0.779833
v 0.374429 1.119144 -0.799963
v 0.511910 0.789262 -0.824161
v 0.497928 0.755477 -0.808830
v 0.476191 0.727513 -0.781020
v 0.479014 0.704066 -0.710854
v 0.513057 0.700360 -0.684128
v 0.545757 0.696799 -0.655756
v 0.567681 1.088291 -0.635500
v 0.539804 1.093525 -0.668365
v 0.511527 1.099245 -0.700520
v 0.661232 0.773005 -0.700891
v 0.644472 0.739522 -0.687854
v 0.617697 0.712107 -0.664203
v 0.606809 0.690152 -0.594343
v 0.635015 0.687081 -0.561449
v 0.661584 0.684189 -0.527205
v 0.691363 1.078590 -0.515148
v 0.659706 1.079662 -0.544391
v 0.627635 1.081332 -0.573395
v 0.783778 0.759662 -0.550687
v 0.764738 0.726428 -0.540443
v 0.733827 0.699463 -0.521860
v 0.709553 0.678966 -0.454991
v 0.730837 0.676649 -0.417194
v 0.750254 0.674535 -0.378394
v 0.788785 1.072327 -0.376761
v 0.770397 1.074558 -0.414963
v 0.747686 1.076307 -0.450933
v 0.874838 0.749748 -0.379320
v 0.854104 0.716699 -0.372264
v 0.820120 0.690068 -0.359464
v 0.783295 0.670937 -0.298154
v 0.796840 0.669463 -0.256907
v 0.808359 0.668209 -0.215042
v 0.822138 1.060444 -0.209317
v 0.816972 1.063143 -0.252371
v 0.811154 1.066368 -0.295012
v 0.930912 0.743643 -0.193376
v 0.909135 0.710707 -0.189778
v 0.873259 0.684283 -0.183253
v 0.825203 0.666375 -0.129860
v 0.830488 0.665799 -0.086747
v 0.833666 0.665453 -0.043426
v 0.861841 1.060974 -0.040482
v 0.850714 1.059506 -0.082270
v 0.838994 1.058613 -0.124142
v 0.949846 0.741582 -0.000000
v 0.927717 0.708684 -0.000000
v 0.891202 0.682329 -0.000000
v 0.833666 0.665453 0.043426
v 0.830488 0.665799 0.086747
v 0.825203 0.666375 0.129859
v 0.868519 1.065349 0.129884
v 0.872920 1.064572 0.086941
v 0.873701 1.063679 0.044082
v 0.930912 0.743643 0.193375
v 0.909135 0.710707 0.189778
v 0.873259 0.684283 0.183253
v 0.808359 0.668209 0.215042
v 0.796840 0.669463 0.256907
v 0.783295 0.670937 0.298154
v 0.826737 1.069941 0.298154
v 0.840281 1.068466 0.256907
v 0.851800 1.067212 0.215042
v 0.874838 0.749748 0.379320
v 0.854104 0.716699 0.372264
v 0.820120 0.690068 0.359464
v 0.750254 0.674535 0.378394
v 0.730837 0.676649 0.417194
v 0.709553 0.678966 0.454991
v 0.750778 1.077122 0.452623
v 0.773621 1.075401 0.416493
v 0.793613 1.073507 0.378306
v 0.783778 0.759662 0.550687
v 0.764739 0.726428 0.540443
v 0.733827 0.699463 0.521861
v 0.661584 0.684189 0.527205
v 0.635015 0.687081 0.561449
v 0.606809 0.690152 0.594343
v 0.628240 1.080442 0.569698
v 0.662547 1.079915 0.544116
v 0.694993 1.079346 0.516443
v 0.661232 0.773005 0.700891
v 0.644472 0.739522 0.687854
v 0.617697 0.712107 0.664203
v 0.545757 0.696799 0.655756
v 0.513057 0.700360 0.684128
v 0.479014 0.704066 0.710854
v 0.486931 1.086379 0.661324
v 0.522283 1.084093 0.639375
v 0.557641 1.082378 0.616929
v 0.511910 0.789262 0.824161
v 0.497928 0.755477 0.808831
v 0.476191 0.727514 0.781020
v 0.407224 0.711882 0.759106
v 0.369650 0.715973 0.780516
v 0.331077 0.720173 0.800048
v 0.345678 1.102433 0.748676
v 0.380919 1.097210 0.726327
v 0.416232 1.092862 0.704537
v 0.341550 0.807810 0.915759
v 0.330736 0.773680 0.898724
v 0.314748 0.745091 0.867822
v 0.251309 0.728857 0.833284
v 0.210304 0.733322 0.846909
v 0.168685 0.737853 0.858496
v 0.203498 1.131294 0.841247
v 0.239972 1.123545 0.819711
v 0.275468 1.115814 0.796041
v 0.156698 0.827936 0.972164
v 0.149323 0.793432 0.954081
v 0.139572 0.764163 0.921275
v 0.084003 0.747073 0.875440
v 0.041143 0.751739 0.880756
v -0.001924 0.756428 0.883953
v 0.041447 1.155386 0.883812
v 0.084021 1.150378 0.879625
v 0.125541 1.144846 0.871624
v -0.035542 0.848866 0.991210
v -0.039341 0.813972 0.972772
v -0.042604 0.783997 0.939324
v -0.088265 0.765828 0.883953
v -0.131331 0.770517 0.880756
v -0.174191 0.775183 0.875440
v -0.130749 1.174187 0.875440
v -0.087890 1.169520 0.880756
v -0.044823 1.164832 0.883953
v -0.227781 0.869796 0.972164
v -0.228004 0.834513 0.954081
v -0.224781 0.803832 0.921275
v -0.258873 0.784403 0.858496
v -0.300492 0.788935 0.846909
v -0.341497 0.793399 0.833284
v -0.298055 1.192402 0.833284
v -0.257051 1.187938 0.846909
v -0.215431 1.183406 0.858496
v -0.412633 0.889921 0.915759
v -0.409418 0.854264 0.898724
v -0.399956 0.822904 0.867822
v -0.421265 0.802084 0.800048
v -0.459838 0.806283 0.780516
v -0.497412 0.810374 0.759106
v -0.453971 1.209377 0.759106
v -0.416396 1.205287 0.780516
v -0.377824 1.201087 0.800048
v -0.582994 0.908469 0.824161
v -0.576609 0.872467 0.808830
v -0.561399 0.840481 0.781019
v -0.569202 0.818190 0.710854
v -0.603245 0.821897 0.684128
v -0.635945 0.825457 0.655755
v -0.592504 1.224460 0.655755
v -0.559804 1.220900 0.684128
v -0.525761 1.217193 0.710854
v -0.732316 0.924727 0.700891
v -0.723154 0.888422 0.687853
v -0.702905 0.855887 0.664202
v -0.696998 0.832104 0.594342
v -0.725203 0.835175 0.561449
v -0.751772 0.838068 0.527205
v -0.708331 1.237071 0.527205
v -0.681762 1.234178 0.561449
v -0.653556 1.231107 0.594342
v -0.854861 0.938069 0.550686
v -0.843420 0.901516 0.540443
v -0.819036 0.868531 0.521860
v -0.799741 0.843290 0.454990
v -0.821025 0.845607 0.417194
v -0.840442 0.847721 0.378394
v -0.793842 1.245233 0.377737
v -0.776647 1.244169 0.416999
v -0.756182 1.242238 0.454966
v -0.945921 0.947983 0.379319
v -0.932785 0.911246 0.372263
v -0.905329 0.877926 0.359463
v -0.873483 0.851319 0.298153
v -0.887028 0.852793 0.256906
v -0.898547 0.854048 0.215041
v -0.827610 1.240065 0.209325
v -0.822058 1.241629 0.252431
v -0.815885 1.243635 0.295210
v -1.001995 0.954088 0.193375
v -0.987816 0.917237 0.189778
v -0.958467 0.883711 0.183252
v -0.915391 0.855881 0.129859
v -0.920676 0.856457 0.086746
v -0.923854 0.856803 0.043425
v -0.865826 1.248976 0.040570
v -0.855579 1.245249 0.082297
v -0.844438 1.241893 0.124146
v -1.020499 0.956005 0.000087
v -1.006271 0.919218 0.000025
v -0.976394 0.885660 0.000002
v -0.923854 0.856803 -0.043426
v -0.920676 0.856457 -0.086748
v -0.915391 0.855881 -0.129860
v -0.868098 1.253575 -0.129119
v -0.873374 1.254036 -0.086343
v -0.875331 1.253668 -0.043689
v -1.000278 0.953511 -0.193025
v -0.987307 0.917066 -0.189675
v -0.958403 0.883690 -0.183241
v -0.898547 0.854048 -0.215043
v -0.887027 0.852793 -0.256908
v -0.873483 0.851319 -0.298155
v -0.828119 1.249676 -0.297761
v -0.840662 1.250815 -0.256309
v -0.851371 1.251796 -0.214277
v -0.945491 0.947839 -0.379233
v -0.932657 0.911203 -0.372239
v -0.905312 0.877921 -0.359462
v -0.840441 0.847721 -0.378395
v -0.821024 0.845607 -0.417195
v -0.799740 0.843290 -0.454992
v -0.756283 1.242288 -0.454989
v -0.777456 1.244568 -0.417169
v -0.796571 1.246580 -0.378307
v -0.854860 0.938069 -0.550688
v -0.843419 0.901516 -0.540444
v -0.819035 0.868531 -0.521861
v -0.751771 0.838067 -0.527206
v -0.725202 0.835175 -0.561450
v -0.696996 0.832104 -0.594343
v -0.653555 1.231107 -0.594343
v -0.681761 1.234178 -0.561450
v -0.708330 1.237071 -0.527206
v -0.732314 0.924727 -0.700892
v -0.723152 0.888422 -0.687855
v -0.702904 0.855887 -0.664203
v -0.635944 0.825457 -0.655757
v -0.603244 0.821897 -0.684129
v -0.569201 0.818190 -0.710855
v -0.525759 1.217193 -0.710855
v -0.559802 1.220900 -0.684129
v -0.592503 1.224460 -0.655756
v -0.582992 0.908469 -0.824162
v -0.576608 0.872467 -0.808831
v -0.561398 0.840481 -0.781020
v -0.497411 0.810374 -0.759107
v -0.459836 0.806283 -0.780516
v -0.421264 0.802083 -0.800048
v -0.377823 1.201087 -0.800048
v -0.416395 1.205286 -0.780516
v -0.453969 1.209377 -0.759107
v -0.412631 0.889921 -0.915759
v -0.409416 0.854264 -0.898725
v -0.399955 0.822904 -0.867823
v -0.341495 0.793399 -0.833285
v -0.300490 0.788934 -0.846910
v -0.258871 0.784403 -0.858497
v -0.215430 1.183406 -0.858497
v -0.257049 1.187938 -0.846909
v -0.298054 1.192402 -0.833285
v -0.227780 0.869796 -0.972165
v -0.228003 0.834513 -0.954081
v -0.224779 0.803831 -0.921276
v -0.174190 0.775183 -0.875440
v -0.131330 0.770517 -0.880756
v -0.088264 0.765828 -0.883953
v -0.044823 1.164832 -0.883953
v -0.087889 1.169520 -0.880756
v -0.130748 1.174187 -0.875440
v -0.042604 0.783997 -0.939324
v -0.039340 0.813972 -0.972772
v -0.035541 0.848866 -0.991210
v -0.027257 0.924958 -1.005463
v -0.023052 0.963581 -1.007123
v -0.018872 1.001971 -1.005463
v 0.178157 1.118554 -0.921275
v 0.181528 1.089232 -0.954081
v 0.181453 1.055308 -0.972164
v 0.176132 0.980740 -0.986143
v 0.172274 0.942315 -0.987771
v 0.167747 0.903727 -0.986143
v 0.353332 1.099482 -0.867822
v 0.362942 1.069480 -0.898724
v 0.366305 1.035182 -0.915759
v 0.363641 0.960325 -0.928926
v 0.360093 0.921866 -0.930460
v 0.355257 0.883312 -0.928926
v 0.509475 1.080049 -0.776005
v 0.525983 1.049825 -0.804904
v 0.533936 1.015679 -0.821579
v 0.535842 0.941297 -0.835436
v 0.533008 0.902957 -0.837221
v 0.528044 0.864489 -0.835990
v 0.634393 1.058882 -0.643713
v 0.659540 1.029359 -0.671811
v 0.674717 0.996455 -0.690341
v 0.685406 0.924144 -0.708615
v 0.684163 0.886243 -0.711446
v 0.679443 0.847974 -0.710882
v 0.764365 1.051218 -0.515117
v 0.790643 1.020164 -0.535163
v 0.804390 0.985678 -0.547215
v 0.811304 0.911182 -0.557830
v 0.809147 0.872856 -0.559298
v 0.803809 0.834461 -0.558576
v 0.850605 1.042573 -0.357602
v 0.879968 1.011022 -0.370806
v 0.895422 0.976150 -0.378361
v 0.903666 0.901212 -0.384560
v 0.901666 0.862808 -0.385346
v 0.896178 0.824407 -0.384766
v 0.882193 1.031909 -0.177536
v 0.918125 1.001211 -0.185302
v 0.940400 0.967533 -0.190432
v 0.958071 0.894458 -0.195499
v 0.957907 0.856439 -0.196285
v 0.952967 0.818194 -0.196132
v 0.922374 1.035029 0.001429
v 0.954118 1.003160 0.001119
v 0.970784 0.968084 0.000736
v 0.979832 0.892950 0.000164
v 0.977902 0.854517 0.000049
v 0.972267 0.816124 0.000006
v 0.911843 1.038674 0.183253
v 0.941340 1.006508 0.189778
v 0.955667 0.971016 0.193375
v 0.961477 0.895236 0.196156
v 0.958916 0.856669 0.196480
v 0.953093 0.818223 0.196156
v 0.858705 1.044460 0.359464
v 0.886309 1.012499 0.372264
v 0.899593 0.977121 0.379320
v 0.904597 0.901428 0.384774
v 0.901942 0.862872 0.385409
v 0.896212 0.824415 0.384774
v 0.767589 1.052011 0.516708
v 0.793168 1.020785 0.536409
v 0.806050 0.986086 0.548034
v 0.811674 0.911273 0.558013
v 0.809256 0.872883 0.559352
v 0.803823 0.834464 0.558583
v 0.631069 1.056209 0.634815
v 0.656938 1.027266 0.664844
v 0.673006 0.995079 0.685760
v 0.685024 0.923837 0.707593
v 0.684049 0.886152 0.711143
v 0.679429 0.847962 0.710844
v 0.482123 1.065721 0.732463
v 0.504567 1.038606 0.770812
v 0.519853 1.008301 0.799159
v 0.532700 0.939651 0.830433
v 0.532077 0.902469 0.835739
v 0.527928 0.864428 0.835805
v 0.330849 1.085860 0.825836
v 0.345338 1.058815 0.865850
v 0.354729 1.028168 0.894140
v 0.361058 0.958760 0.924102
v 0.359328 0.921402 0.929031
v 0.355161 0.883254 0.928748
v 0.174017 1.115878 0.912973
v 0.178286 1.087136 0.947580
v 0.179321 1.053930 0.967889
v 0.175656 0.980432 0.985189
v 0.172133 0.942224 0.987488
v 0.167729 0.903715 0.986108
v -0.004020 1.138388 0.939324
v -0.007136 1.109772 0.972772
v -0.010787 1.076238 0.991210
v -0.018872 1.001971 1.005463
v -0.023052 0.963581 1.007123
v -0.027257 0.924958 1.005463
v -0.186197 1.158223 0.921275
v -0.195799 1.130313 0.954081
v -0.203026 1.097168 0.972164
v -0.213876 1.023202 0.986143
v -0.218378 0.984847 0.987771
v -0.222261 0.946189 0.986143
v -0.361372 1.177295 0.867822
v -0.377213 1.150064 0.898724
v -0.387878 1.117294 0.915759
v -0.401386 1.043617 0.928926
v -0.406197 1.005296 0.930460
v -0.409771 0.966604 0.928926
v -0.522815 1.194872 0.781019
v -0.544404 1.168267 0.808830
v -0.558239 1.135842 0.824161
v -0.574196 1.062432 0.836011
v -0.579293 1.024141 0.837391
v -0.582581 0.985419 0.836011
v -0.664321 1.210279 0.664202
v -0.690949 1.184222 0.687853
v -0.707561 1.152099 0.700891
v -0.725665 1.078923 0.710969
v -0.731012 1.040660 0.712143
v -0.734050 1.001910 0.710969
v -0.780451 1.222922 0.521860
v -0.811215 1.197316 0.540443
v -0.830106 1.165441 0.550686
v -0.849973 1.092457 0.558605
v -0.855525 1.054216 0.559527
v -0.858358 1.015444 0.558605
v -0.859870 1.229071 0.358034
v -0.895198 1.204504 0.371144
v -0.917626 1.173684 0.378583
v -0.941552 1.102140 0.384609
v -0.947812 1.064179 0.385360
v -0.950697 1.025486 0.384767
v -0.892388 1.225116 0.177536
v -0.934083 1.202870 0.185302
v -0.963082 1.174774 0.190431
v -0.996063 1.107214 0.195498
v -1.004084 1.070050 0.196284
v -1.007490 1.031638 0.196131
v -0.929029 1.236164 -0.001036
v -0.965887 1.211536 -0.000521
v -0.988900 1.180596 0.000029
v -1.013904 1.109170 0.000600
v -1.021100 1.071494 0.000550
v -1.024861 1.033125 0.000387
v -0.912192 1.235519 -0.181678
v -0.943916 1.209109 -0.187382
v -0.962303 1.176443 -0.190315
v -0.984285 1.103689 -0.193095
v -0.993325 1.066564 -0.194084
v -0.999916 1.029110 -0.194581
v -0.864821 1.231671 -0.359071
v -0.897656 1.206064 -0.371666
v -0.917431 1.174101 -0.378555
v -0.938607 1.101259 -0.384010
v -0.945121 1.063307 -0.384811
v -0.948803 1.024854 -0.384381
v -0.780450 1.222922 -0.521861
v -0.811213 1.197316 -0.540444
v -0.830105 1.165441 -0.550688
v -0.849972 1.092457 -0.558606
v -0.855523 1.054216 -0.559528
v -0.858357 1.015444 -0.558606
v -0.664319 1.210278 -0.664203
v -0.690947 1.184222 -0.687855
v -0.707559 1.152099 -0.700892
v -0.725664 1.078923 -0.710970
v -0.731010 1.040660 -0.712144
v -0.734049 1.001910 -0.710970
v -0.522813 1.194872 -0.781020
v -0.544402 1.168267 -0.808831
v -0.558237 1.135842 -0.824162
v -0.574194 1.062431 -0.836012
v -0.579291 1.024141 -0.837392
v -0.582579 0.985418 -0.836012
v -0.361371 1.177295 -0.867823
v -0.377211 1.150064 -0.898725
v -0.387876 1.117294 -0.915759
v -0.401384 1.043617 -0.928927
v -0.406195 1.005296 -0.930460
v -0.409769 0.966604 -0.928927
v -0.186195 1.158223 -0.921276
v -0.195798 1.130313 -0.954081
v -0.203025 1.097168 -0.972165
v -0.213875 1.023202 -0.986143
v -0.218376 0.984847 -0.987771
v -0.222259 0.946189 -0.986143
v -0.177383 0.902379 -0.989652
v -0.128932 0.897104 -0.995662
v -0.080247 0.891803 -0.999276
v -0.160698 1.055629 -0.989653
v -0.112247 1.050354 -0.995662
v -0.063562 1.045053 -0.999276
v -0.366516 0.922971 -0.941997
v -0.320161 0.917924 -0.957400
v -0.273112 0.912802 -0.970498
v -0.349831 1.076221 -0.941997
v -0.303476 1.071174 -0.957400
v -0.256427 1.066051 -0.970498
v -0.542773 0.942161 -0.858142
v -0.500296 0.937536 -0.882345
v -0.456691 0.932789 -0.904425
v -0.526088 1.095410 -0.858142
v -0.483611 1.090786 -0.882345
v -0.440006 1.086038 -0.904425
v -0.699379 0.959211 -0.741308
v -0.662413 0.955186 -0.773382
v -0.623928 0.950997 -0.803595
v -0.682694 1.112461 -0.741308
v -0.645728 1.108436 -0.773382
v -0.607243 1.104246 -0.803595
v -0.830318 0.973467 -0.595987
v -0.800282 0.970197 -0.634698
v -0.768397 0.966725 -0.671883
v -0.813633 1.126717 -0.595987
v -0.783597 1.123447 -0.634698
v -0.751712 1.119975 -0.671883
v -0.930127 0.984236 -0.427674
v -0.908478 0.981948 -0.471598
v -0.884528 0.979366 -0.514348
v -0.912154 1.137054 -0.427410
v -0.891412 1.135069 -0.471520
v -0.867796 1.132599 -0.514338
v -0.992507 0.990278 -0.242332
v -0.980296 0.989132 -0.289826
v -0.965985 0.987801 -0.336659
v -0.964620 1.139764 -0.240036
v -0.954839 1.139436 -0.288028
v -0.943532 1.139113 -0.335477
v -1.022928 0.994001 -0.048698
v -1.018334 0.993273 -0.097466
v -1.011549 0.992351 -0.146037
v -0.999685 1.144940 -0.047680
v -0.992644 1.143466 -0.095717
v -0.983632 1.141824 -0.143747
v -1.015268 0.993600 0.146804
v -1.021131 0.994213 0.098089
v -1.024422 0.994503 0.049178
v -0.991661 1.143587 0.145384
v -0.998682 1.144793 0.097049
v -1.002910 1.145648 0.048706
v -0.967908 0.988447 0.337051
v -0.983220 0.990114 0.290423
v -0.996242 0.991532 0.243096
v -0.947684 1.140025 0.336316
v -0.961153 1.140822 0.289304
v -0.972683 1.141535 0.241667
v -0.884545 0.979371 0.514350
v -0.908606 0.981991 0.471622
v -0.930556 0.984381 0.427760
v -0.867831 1.132607 0.514344
v -0.891687 1.135130 0.471573
v -0.913082 1.137257 0.427596
v -0.768398 0.966726 0.671882
v -0.800283 0.970197 0.634697
v -0.830319 0.973467 0.595985
v -0.751713 1.119975 0.671882
v -0.783598 1.123447 0.634697
v -0.813634 1.126717 0.595985
v -0.623930 0.950997 0.803594
v -0.662414 0.955187 0.773381
v -0.699381 0.959211 0.741307
v -0.607245 1.104246 0.803594
v -0.645729 1.108436 0.773381
v -0.682696 1.112461 0.741307
v -0.456693 0.932789 0.904424
v -0.500298 0.937536 0.882344
v -0.542774 0.942161 0.858141
v -0.440008 1.086038 0.904424
v -0.483613 1.090786 0.882344
v -0.526089 1.095411 0.858141
v -0.273114 0.912802 0.970498
v -0.320163 0.917924 0.957399
v -0.366518 0.922971 0.941997
v -0.256429 1.066051 0.970498
v -0.303478 1.071174 0.957399
v -0.349833 1.076221 0.941997
v -0.080248 0.891803 0.999276
v -0.128933 0.897104 0.995662
v -0.177384 0.902379 0.989652
v -0.063563 1.045053 0.999276
v -0.112248 1.050354 0.995662
v -0.160699 1.055629 0.989652
v 0.114494 0.870601 0.989652
v 0.066043 0.875876 0.995662
v 0.017357 0.881177 0.999276
v 0.130703 1.023543 0.988698
v 0.082587 1.029035 0.995379
v 0.034025 1.034415 0.999241
v 0.303627 0.850009 0.941997
v 0.257272 0.855056 0.957399
v 0.210223 0.860178 0.970498
v 0.315491 1.000247 0.932686
v 0.270514 1.006111 0.950600
v 0.224752 1.012038 0.966186
v 0.479883 0.830819 0.858141
v 0.437407 0.835444 0.882344
v 0.393802 0.840191 0.904424
v 0.487960 0.979563 0.844499
v 0.446049 0.984252 0.868797
v 0.403277 0.989255 0.891581
v 0.636490 0.813769 0.741307
v 0.599524 0.817793 0.773381
v 0.561039 0.821983 0.803594
v 0.645286 0.963662 0.731601
v 0.607655 0.967226 0.762193
v 0.568843 0.971061 0.791212
v 0.767428 0.799513 0.595986
v 0.737393 0.802783 0.634697
v 0.705507 0.806255 0.671882
v 0.781605 0.951801 0.593295
v 0.750100 0.954490 0.630364
v 0.716690 0.957326 0.665721
v 0.867666 0.788600 0.427760
v 0.845715 0.790989 0.471623
v 0.821655 0.793609 0.514350
v 0.884331 0.941841 0.427739
v 0.862236 0.944176 0.471447
v 0.837786 0.946647 0.513758
v 0.933352 0.781448 0.243097
v 0.920330 0.782866 0.290424
v 0.905018 0.784533 0.337052
v 0.950036 0.934698 0.243097
v 0.937015 0.936116 0.290424
v 0.921703 0.937783 0.337052
v 0.961960 0.778333 0.049091
v 0.958368 0.778724 0.098064
v 0.952393 0.779375 0.146801
v 0.977794 0.931389 0.049255
v 0.974800 0.931917 0.098113
v 0.969047 0.932617 0.146807
v 0.952393 0.779375 -0.146801
v 0.958367 0.778724 -0.098064
v 0.961960 0.778333 -0.049091
v 0.961666 0.930933 -0.145372
v 0.969248 0.930650 -0.096945
v 0.974829 0.930712 -0.048355
v 0.905018 0.784533 -0.337052
v 0.920330 0.782866 -0.290424
v 0.933351 0.781448 -0.243097
v 0.917807 0.936889 -0.336266
v 0.931187 0.934785 -0.289290
v 0.942621 0.933006 -0.241666
v 0.821655 0.793609 -0.514350
v 0.845715 0.790989 -0.471623
v 0.867666 0.788600 -0.427761
v 0.837013 0.946443 -0.513336
v 0.861430 0.943966 -0.471065
v 0.883123 0.941547 -0.427352
v 0.705507 0.806255 -0.671882
v 0.737393 0.802783 -0.634697
v 0.767428 0.799513 -0.595986
v 0.716538 0.957548 -0.666645
v 0.749390 0.954427 -0.630433
v 0.780697 0.951612 -0.592972
v 0.561039 0.821983 -0.803594
v 0.599524 0.817793 -0.773381
v 0.636490 0.813769 -0.741307
v 0.574992 0.974277 -0.801010
v 0.612035 0.969584 -0.769440
v 0.647796 0.965141 -0.736244
v 0.393803 0.840191 -0.904424
v 0.437407 0.835444 -0.882344
v 0.479884 0.830819 -0.858141
v 0.410465 0.993433 -0.904403
v 0.453912 0.988630 -0.882173
v 0.495960 0.983856 -0.857565
v 0.210224 0.860178 -0.970498
v 0.257273 0.855056 -0.957399
v 0.303627 0.850009 -0.941997
v 0.226909 1.013428 -0.970498
v 0.273958 1.008306 -0.957399
v 0.320312 1.003259 -0.941997
v 0.017358 0.881177 -0.999276
v 0.066043 0.875876 -0.995662
v 0.114494 0.870601 -0.989652
v 0.034043 1.034426 -0.999276
v 0.082728 1.029126 -0.995662
v 0.131179 1.023851 -0.989652
v -0.030568 0.734470 -0.472035
v -0.004447 0.731626 -0.442693
v 0.026863 0.728217 -0.466345
v 0.075566 1.175543 -0.466345
v 0.044256 1.178952 -0.442693
v 0.018135 1.181796 -0.472035
v 0.060650 0.724539 -0.459585
v 0.080578 0.722369 -0.425681
v 0.115874 0.718526 -0.442734
v 0.164576 1.165852 -0.442734
v 0.129281 1.169695 -0.425681
v 0.109352 1.171865 -0.459585
v 0.147700 0.715061 -0.429473
v 0.160670 0.713649 -0.392310
v 0.198595 0.709520 -0.402109
v 0.246191 1.156459 -0.401063
v 0.209032 1.160856 -0.391987
v 0.196360 1.162372 -0.429433
v 0.227238 0.706402 -0.382857
v 0.232751 0.705801 -0.343862
v 0.271847 0.701545 -0.346031
v 0.313505 1.146414 -0.339412
v 0.276677 1.151459 -0.339358
v 0.272887 1.152659 -0.379971
v 0.296206 0.698893 -0.321528
v 0.294050 0.699128 -0.282200
v 0.332816 0.694907 -0.276655
v 0.377577 1.140912 -0.273209
v 0.337408 1.144623 -0.277338
v 0.337612 1.143691 -0.314751
v 0.351955 0.692823 -0.247843
v 0.342213 0.693884 -0.209694
v 0.379158 0.689862 -0.196647
v 0.425877 1.136707 -0.196060
v 0.389485 1.140807 -0.208894
v 0.398598 1.139494 -0.246222
v 0.392341 0.688426 -0.164633
v 0.375388 0.690272 -0.129129
v 0.409093 0.686602 -0.109083
v 0.448139 1.131725 -0.107218
v 0.417429 1.136075 -0.127825
v 0.436639 1.134739 -0.163721
v 0.415814 0.685871 -0.075096
v 0.392300 0.688431 -0.043602
v 0.421470 0.685255 -0.017326
v 0.465911 1.131608 -0.016504
v 0.434386 1.134247 -0.042326
v 0.454865 1.130994 -0.073235
v 0.421470 0.685255 0.017326
v 0.392300 0.688431 0.043601
v 0.415814 0.685871 0.075096
v 0.464457 1.133183 0.075108
v 0.440526 1.135648 0.043693
v 0.468626 1.132228 0.017624
v 0.409093 0.686602 0.109083
v 0.375388 0.690272 0.129129
v 0.392341 0.688426 0.164633
v 0.441044 1.135752 0.164633
v 0.424090 1.137598 0.129129
v 0.457796 1.133928 0.109083
v 0.379158 0.689861 0.196647
v 0.342213 0.693884 0.209694
v 0.351955 0.692823 0.247843
v 0.399651 1.139765 0.246768
v 0.390605 1.141091 0.209362
v 0.427822 1.137172 0.196606
v 0.332816 0.694907 0.276655
v 0.294050 0.699128 0.282200
v 0.296206 0.698893 0.321528
v 0.337394 1.143210 0.312988
v 0.338067 1.144620 0.277036
v 0.378698 1.141150 0.273622
v 0.271847 0.701545 0.346031
v 0.232751 0.705802 0.343862
v 0.227238 0.706402 0.382857
v 0.264593 1.148313 0.366737
v 0.271595 1.148707 0.330895
v 0.310833 1.144773 0.334210
v 0.198595 0.709520 0.402109
v 0.160670 0.713649 0.392310
v 0.147700 0.715061 0.429473
v 0.187568 1.157211 0.413577
v 0.200080 1.155864 0.376733
v 0.236200 1.151126 0.384835
v 0.115874 0.718526 0.442734
v 0.080578 0.722369 0.425681
v 0.060650 0.724539 0.459585
v 0.106924 1.170303 0.454741
v 0.125204 1.167118 0.417705
v 0.157950 1.161759 0.430093
v 0.026863 0.728217 0.466345
v -0.004447 0.731626 0.442693
v -0.030568 0.734470 0.472035
v 0.018101 1.181774 0.471968
v 0.043989 1.178780 0.442159
v 0.074702 1.174985 0.464613
v -0.065016 0.738221 0.472035
v -0.091137 0.741065 0.442693
v -0.122447 0.744474 0.466345
v -0.073745 1.191799 0.466345
v -0.042435 1.188391 0.442693
v -0.016314 1.185547 0.472035
v -0.156234 0.748152 0.459585
v -0.176162 0.750322 0.425681
v -0.211458 0.754165 0.442734
v -0.162755 1.201490 0.442734
v -0.127460 1.197648 0.425681
v -0.107532 1.195478 0.459585
v -0.243284 0.757630 0.429473
v -0.256254 0.759042 0.392309
v -0.294179 0.763171 0.402109
v -0.245476 1.210497 0.402109
v -0.207552 1.206368 0.392309
v -0.194582 1.204955 0.429473
v -0.322822 0.766289 0.382857
v -0.328335 0.766890 0.343862
v -0.367431 0.771146 0.346030
v -0.318729 1.218472 0.346030
v -0.279632 1.214215 0.343862
v -0.274119 1.213615 0.382857
v -0.391790 0.773798 0.321528
v -0.389634 0.773564 0.282200
v -0.428400 0.777784 0.276655
v -0.379698 1.225110 0.276655
v -0.340932 1.220889 0.282200
v -0.343088 1.221124 0.321528
v -0.447539 0.779868 0.247842
v -0.437797 0.778807 0.209694
v -0.474742 0.782830 0.196647
v -0.424606 1.229478 0.196349
v -0.388653 1.225924 0.209602
v -0.398781 1.227167 0.247831
v -0.487925 0.784265 0.164632
v -0.470972 0.782419 0.129128
v -0.504677 0.786089 0.109082
v -0.447025 1.229187 0.107222
v -0.416133 1.226847 0.127853
v -0.435271 1.229724 0.163811
v -0.511398 0.786821 0.075096
v -0.487884 0.784260 0.043601
v -0.517054 0.787436 0.017326
v -0.464400 1.232896 0.016504
v -0.433046 1.228688 0.042325
v -0.453745 1.229919 0.073235
v -0.517054 0.787436 -0.017327
v -0.487884 0.784261 -0.043602
v -0.511398 0.786821 -0.075097
v -0.462640 1.234120 -0.075108
v -0.438740 1.231378 -0.043694
v -0.466918 1.234085 -0.017625
v -0.504677 0.786089 -0.109083
v -0.470972 0.782419 -0.129129
v -0.487925 0.784265 -0.164633
v -0.439222 1.231591 -0.164633
v -0.422269 1.229745 -0.129129
v -0.455974 1.233415 -0.109083
v -0.474742 0.782830 -0.196648
v -0.437797 0.778807 -0.209694
v -0.447538 0.779868 -0.247843
v -0.398836 1.227194 -0.247843
v -0.389094 1.226133 -0.209694
v -0.426039 1.230155 -0.196648
v -0.428400 0.777784 -0.276655
v -0.389634 0.773563 -0.282201
v -0.391789 0.773798 -0.321528
v -0.343087 1.221124 -0.321528
v -0.340931 1.220889 -0.282201
v -0.379697 1.225110 -0.276655
v -0.367431 0.771146 -0.346031
v -0.328334 0.766890 -0.343863
v -0.322821 0.766289 -0.382857
v -0.274119 1.213615 -0.382857
v -0.279632 1.214215 -0.343863
v -0.318728 1.218472 -0.346031
v -0.294178 0.763171 -0.402109
v -0.256253 0.759042 -0.392310
v -0.243283 0.757630 -0.429474
v -0.194581 1.204955 -0.429474
v -0.207551 1.206367 -0.392310
v -0.245476 1.210497 -0.402109
v -0.211457 0.754165 -0.442734
v -0.176162 0.750322 -0.425681
v -0.156233 0.748152 -0.459585
v -0.107531 1.195478 -0.459585
v -0.127459 1.197648 -0.425681
v -0.162755 1.201490 -0.442734
v -0.122447 0.744474 -0.466345
v -0.091137 0.741065 -0.442693
v -0.065016 0.738221 -0.472035
v -0.016314 1.185547 -0.472035
v -0.042435 1.188390 -0.442693
v -0.073744 1.191799 -0.466345
v 0.109749 0.729772 -0.790936
v 0.090203 0.724456 -0.696141
v 0.069551 0.723962 -0.593195
v -0.047750 0.736733 -0.604817
v -0.047455 0.739443 -0.709779
v -0.046654 0.746801 -0.806431
v -0.000171 1.173740 -0.806431
v 0.000590 1.180729 -0.709779
v 0.000871 1.183303 -0.604817
v 0.118171 1.170532 -0.593195
v 0.138248 1.165741 -0.696141
v 0.156232 1.156712 -0.790936
v 0.260141 0.713398 -0.745045
v 0.222570 0.710045 -0.655750
v 0.182344 0.711681 -0.558778
v 0.230964 1.158252 -0.558778
v 0.270615 1.151330 -0.655750
v 0.306624 1.140338 -0.745045
v 0.398744 0.698308 -0.670523
v 0.344561 0.696763 -0.590160
v 0.286294 0.700364 -0.502887
v 0.331931 1.145890 -0.500064
v 0.388385 1.136571 -0.586167
v 0.439917 1.123389 -0.665501
v 0.520229 0.685081 -0.570233
v 0.451486 0.685121 -0.501890
v 0.377408 0.690444 -0.427670
v 0.413398 1.132619 -0.415844
v 0.481963 1.120293 -0.485443
v 0.544770 1.104386 -0.549693
v 0.619931 0.674227 -0.448029
v 0.539238 0.675567 -0.394332
v 0.452183 0.682303 -0.336018
v 0.496234 1.127378 -0.332197
v 0.580858 1.114749 -0.388951
v 0.658351 1.098525 -0.441273
v 0.694015 0.666161 -0.308608
v 0.604443 0.668468 -0.271621
v 0.507745 0.676253 -0.231453
v 0.551807 1.121762 -0.230405
v 0.646039 1.108252 -0.270138
v 0.732385 1.091211 -0.306743
v 0.739636 0.661194 -0.157327
v 0.644596 0.664097 -0.138471
v 0.541960 0.672528 -0.117994
v 0.573458 1.115192 -0.114692
v 0.668837 1.099951 -0.133881
v 0.756395 1.081352 -0.151595
v 0.755040 0.659517 -0.000000
v 0.658155 0.662620 -0.000000
v 0.553514 0.671270 -0.000000
v 0.597962 1.116889 0.000804
v 0.700297 1.102559 0.001138
v 0.794098 1.084762 0.001432
v 0.739636 0.661194 0.157327
v 0.644597 0.664097 0.138471
v 0.541960 0.672528 0.117994
v 0.590581 1.119099 0.117994
v 0.692641 1.105382 0.138471
v 0.786119 1.088133 0.157327
v 0.694015 0.666161 0.308608
v 0.604443 0.668468 0.271621
v 0.507745 0.676253 0.231453
v 0.556365 1.122824 0.231453
v 0.652488 1.109754 0.271621
v 0.740498 1.093100 0.308608
v 0.619930 0.674227 0.448029
v 0.539238 0.675567 0.394332
v 0.452182 0.682303 0.336018
v 0.498089 1.127836 0.333118
v 0.583443 1.115385 0.390229
v 0.661583 1.099320 0.442868
v 0.520229 0.685081 0.570233
v 0.451486 0.685121 0.501890
v 0.377408 0.690444 0.427670
v 0.411555 1.131116 0.410828
v 0.479330 1.118166 0.478355
v 0.541443 1.101709 0.540780
v 0.398743 0.698308 0.670523
v 0.344561 0.696763 0.590160
v 0.286294 0.700364 0.502887
v 0.316189 1.137655 0.475043
v 0.366450 1.125085 0.551265
v 0.412500 1.109028 0.621857
v 0.260141 0.713398 0.745046
v 0.222570 0.710045 0.655750
v 0.182344 0.711681 0.558778
v 0.218067 1.150428 0.534660
v 0.252604 1.140413 0.622100
v 0.284090 1.126685 0.702963
v 0.109749 0.729772 0.790936
v 0.090203 0.724456 0.696141
v 0.069551 0.723962 0.593195
v 0.115841 1.169026 0.588522
v 0.134951 1.163610 0.689530
v 0.152085 1.154031 0.782620
v -0.046654 0.746801 0.806431
v -0.047455 0.739443 0.709779
v -0.047750 0.736733 0.604817
v 0.000870 1.183303 0.604817
v 0.000590 1.180729 0.709779
v -0.000171 1.173741 0.806431
v -0.203057 0.763829 0.790936
v -0.185113 0.754431 0.696141
v -0.165051 0.749504 0.593195
v -0.116430 1.196075 0.593195
v -0.137068 1.195716 0.696141
v -0.156574 1.190769 0.790936
v -0.353449 0.780203 0.745045
v -0.317480 0.768842 0.655750
v -0.277844 0.761784 0.558778
v -0.229223 1.208355 0.558778
v -0.269435 1.210128 0.655750
v -0.306966 1.207143 0.745045
v -0.492051 0.795293 0.670523
v -0.439471 0.782124 0.590159
v -0.381794 0.773102 0.502886
v -0.333174 1.219672 0.502886
v -0.391426 1.223409 0.590159
v -0.445568 1.222233 0.670523
v -0.613537 0.808520 0.570233
v -0.546396 0.793765 0.501889
v -0.472908 0.783022 0.427670
v -0.424287 1.229592 0.427670
v -0.498351 1.235051 0.501889
v -0.567054 1.235460 0.570233
v -0.713238 0.819375 0.448029
v -0.634148 0.803319 0.394332
v -0.547682 0.791163 0.336018
v -0.499062 1.237733 0.336018
v -0.586103 1.244605 0.394332
v -0.666755 1.246315 0.448029
v -0.787322 0.827441 0.308607
v -0.699353 0.810419 0.271620
v -0.603245 0.797212 0.231453
v -0.550756 1.241956 0.230649
v -0.645835 1.249119 0.270482
v -0.733954 1.251129 0.307176
v -0.832943 0.832408 0.157326
v -0.739506 0.814790 0.138470
v -0.637460 0.800937 0.117993
v -0.572962 1.240009 0.114692
v -0.669387 1.245650 0.133881
v -0.758897 1.246329 0.151596
v -0.848348 0.834085 -0.000001
v -0.753064 0.816266 -0.000001
v -0.649013 0.802195 -0.000001
v -0.596508 1.246933 -0.000802
v -0.699419 1.254924 -0.001112
v -0.794550 1.257629 -0.001344
v -0.832943 0.832408 -0.157328
v -0.739506 0.814790 -0.138472
v -0.637460 0.800937 -0.117994
v -0.588776 1.247487 -0.117981
v -0.690952 1.255905 -0.138367
v -0.784744 1.258771 -0.156976
v -0.787322 0.827441 -0.308609
v -0.699352 0.810419 -0.271621
v -0.603244 0.797212 -0.231454
v -0.554608 1.243778 -0.231451
v -0.651180 1.251661 -0.271595
v -0.740410 1.254236 -0.308521
v -0.713237 0.819375 -0.448030
v -0.634147 0.803319 -0.394333
v -0.547682 0.791163 -0.336019
v -0.499061 1.237733 -0.336019
v -0.586102 1.244605 -0.394333
v -0.666754 1.246315 -0.448030
v -0.613536 0.808520 -0.570234
v -0.546395 0.793765 -0.501890
v -0.472907 0.783022 -0.427670
v -0.424286 1.229592 -0.427670
v -0.498350 1.235051 -0.501890
v -0.567053 1.235460 -0.570234
v -0.492050 0.795293 -0.670524
v -0.439469 0.782124 -0.590160
v -0.381793 0.773102 -0.502887
v -0.333173 1.219672 -0.502887
v -0.391425 1.223409 -0.590160
v -0.445567 1.222233 -0.670524
v -0.353448 0.780203 -0.745046
v -0.317479 0.768842 -0.655751
v -0.277843 0.761784 -0.558778
v -0.229222 1.208355 -0.558778
v -0.269434 1.210128 -0.655751
v -0.306965 1.207143 -0.745046
v -0.203055 0.763829 -0.790936
v -0.185111 0.754431 -0.696141
v -0.165050 0.749504 -0.593195
v -0.116429 1.196074 -0.593195
v -0.137067 1.195716 -0.696141
v -0.156572 1.190769 -0.790936
v 0.037564 1.070974 -0.990014
v 0.040316 1.104606 -0.971598
v 0.041800 1.133400 -0.938191
v 0.085798 1.065722 -0.986433
v 0.087653 1.099452 -0.968084
v 0.087509 1.128423 -0.934797
v 0.133800 1.060496 -0.980480
v 0.134761 1.094324 -0.962241
v 0.132998 1.123471 -0.929155
v 0.228642 1.050170 -0.961503
v 0.227840 1.084190 -0.943617
v 0.222876 1.113685 -0.911172
v 0.275255 1.045095 -0.948525
v 0.273586 1.079209 -0.930881
v 0.267049 1.108876 -0.898874
v 0.321180 1.040095 -0.933266
v 0.318656 1.074302 -0.915906
v 0.310570 1.104138 -0.884413
v 0.410477 1.030354 -0.896001
v 0.406269 1.064733 -0.879312
v 0.395150 1.094891 -0.849059
v 0.453379 1.025546 -0.873843
v 0.448212 1.059959 -0.857414
v 0.435509 1.090231 -0.827780
v 0.494652 1.020680 -0.849098
v 0.488280 1.055031 -0.832716
v 0.473816 1.085338 -0.803568
v 0.571041 1.010522 -0.791261
v 0.561084 1.044304 -0.773908
v 0.542215 1.074314 -0.744984
v 0.606444 1.005419 -0.758762
v 0.594358 1.038783 -0.740630
v 0.573054 1.068533 -0.711635
v 0.640788 1.000641 -0.724862
v 0.626834 1.033667 -0.706216
v 0.603333 1.063218 -0.677397
v 0.708646 0.993048 -0.655754
v 0.693150 1.026136 -0.638217
v 0.667123 1.055876 -0.611581
v 0.742063 0.990271 -0.620752
v 0.726930 1.023768 -0.604857
v 0.700607 1.053903 -0.580240
v 0.774225 0.987892 -0.584763
v 0.759791 1.021897 -0.570812
v 0.733477 1.052504 -0.548486
v 0.831898 0.983432 -0.507665
v 0.818520 1.018269 -0.497187
v 0.792058 1.049659 -0.479183
v 0.856410 0.981105 -0.466197
v 0.842940 1.016130 -0.456956
v 0.815958 1.047721 -0.440744
v 0.877670 0.978683 -0.423024
v 0.863543 1.013723 -0.414739
v 0.835621 1.045370 -0.400113
v 0.909632 0.973537 -0.332443
v 0.892190 1.008071 -0.325458
v 0.860894 1.039384 -0.313563
v 0.921149 0.971058 -0.285588
v 0.901524 1.005192 -0.279120
v 0.868176 1.036212 -0.268507
v 0.931048 0.968971 -0.238138
v 0.909619 1.002775 -0.232249
v 0.874570 1.033555 -0.222981
v 0.949919 0.966918 -0.142738
v 0.928142 1.000762 -0.138626
v 0.892459 1.031611 -0.132579
v 0.958879 0.966968 -0.095039
v 0.938576 1.001185 -0.092130
v 0.903975 1.032348 -0.087960
v 0.966196 0.967438 -0.047245
v 0.947782 1.002108 -0.045615
v 0.914645 1.033646 -0.043388
v 0.971801 0.968716 0.048946
v 0.956307 1.004053 0.048203
v 0.925532 1.036130 0.046693
v 0.969375 0.969363 0.097247
v 0.954536 1.004826 0.095488
v 0.924360 1.036999 0.092248
v 0.963874 0.970102 0.145452
v 0.949362 1.005603 0.142753
v 0.919561 1.037795 0.137850
v 0.945068 0.972170 0.240844
v 0.930939 1.007640 0.236364
v 0.901799 1.039768 0.228236
v 0.932167 0.973574 0.287732
v 0.918277 1.009018 0.282380
v 0.889573 1.041099 0.272670
v 0.916997 0.975226 0.333928
v 0.903390 1.010639 0.327716
v 0.875198 1.042664 0.316448
v 0.879952 0.979240 0.423754
v 0.867014 1.014571 0.415849
v 0.840054 1.046453 0.401531
v 0.857934 0.981504 0.466920
v 0.845258 1.016737 0.458055
v 0.818918 1.048495 0.442148
v 0.833359 0.983818 0.508464
v 0.820743 1.018855 0.498402
v 0.794896 1.050408 0.480734
v 0.775940 0.988249 0.585375
v 0.762400 1.022440 0.571743
v 0.736809 1.053198 0.549674
v 0.743406 0.990391 0.620622
v 0.728972 1.023949 0.604659
v 0.703215 1.054134 0.579987
v 0.708932 0.992628 0.654006
v 0.693585 1.025497 0.635559
v 0.667678 1.055059 0.608187
v 0.636042 0.997846 0.716085
v 0.619618 1.029417 0.692868
v 0.594116 1.057789 0.660350
v 0.598162 1.000961 0.745060
v 0.581765 1.032003 0.719794
v 0.556970 1.059874 0.685023
v 0.559416 1.004441 0.772735
v 0.543405 1.035056 0.745737
v 0.519636 1.062504 0.709004
v 0.479528 1.012564 0.824395
v 0.465282 1.042689 0.795151
v 0.444443 1.069576 0.755590
v 0.438514 1.017268 0.848553
v 0.425607 1.047371 0.818957
v 0.406639 1.074154 0.778663
v 0.396888 1.022455 0.871760
v 0.385605 1.052722 0.842450
v 0.368758 1.079550 0.801979
v 0.312066 1.034402 0.915663
v 0.304797 1.065644 0.889137
v 0.292869 1.093080 0.850225
v 0.268745 1.040946 0.935670
v 0.263686 1.072899 0.911333
v 0.254406 1.100816 0.873907
v 0.224564 1.047541 0.953350
v 0.221638 1.080192 0.931219
v 0.214956 1.108579 0.895338
v 0.132900 1.059915 0.978676
v 0.133394 1.093439 0.959499
v 0.131251 1.122342 0.925653
v 0.085531 1.065550 0.985899
v 0.087247 1.099191 0.967272
v 0.086991 1.128089 0.933760
v 0.037530 1.070952 0.989947
v 0.040265 1.104574 0.971497
v 0.041735 1.133358 0.938061
v -0.059137 1.081502 0.990014
v -0.054586 1.114939 0.971598
v -0.049839 1.143377 0.938191
v -0.107371 1.086754 0.986433
v -0.101923 1.120093 0.968084
v -0.095549 1.148354 0.934797
v -0.155373 1.091980 0.980480
v -0.149032 1.125221 0.962241
v -0.141038 1.153306 0.929155
v -0.250215 1.102306 0.961503
v -0.242111 1.135355 0.943617
v -0.230916 1.163092 0.911172
v -0.296828 1.107381 0.948525
v -0.287857 1.140336 0.930881
v -0.275089 1.167901 0.898874
v -0.342753 1.112381 0.933266
v -0.332927 1.145243 0.915905
v -0.318609 1.172639 0.884413
v -0.432093 1.122108 0.896041
v -0.420605 1.154789 0.879373
v -0.403273 1.181857 0.849137
v -0.475293 1.126811 0.874166
v -0.463002 1.159405 0.857905
v -0.444212 1.186314 0.828407
v -0.517376 1.131393 0.850187
v -0.504302 1.163901 0.834372
v -0.484091 1.190656 0.805683
v -0.597780 1.140147 0.796145
v -0.583210 1.172492 0.781336
v -0.560286 1.198952 0.754470
v -0.635907 1.144298 0.766212
v -0.620628 1.176566 0.751960
v -0.596418 1.202886 0.726104
v -0.672531 1.148285 0.734436
v -0.656571 1.180480 0.720775
v -0.631125 1.206664 0.695991
v -0.740909 1.155730 0.665654
v -0.723676 1.187786 0.653272
v -0.695923 1.213719 0.630810
v -0.772498 1.159169 0.628814
v -0.754678 1.191161 0.617117
v -0.725859 1.216978 0.595898
v -0.802255 1.162409 0.590461
v -0.783882 1.194340 0.579478
v -0.754059 1.220049 0.559553
v -0.855924 1.168232 0.509571
v -0.836522 1.200041 0.500086
v -0.804863 1.225541 0.482885
v -0.879375 1.170645 0.467159
v -0.859328 1.202310 0.458419
v -0.826701 1.227645 0.442613
v -0.900071 1.172516 0.423485
v -0.879073 1.203879 0.415440
v -0.845269 1.228925 0.401008
v -0.931878 1.174090 0.332536
v -0.907485 1.204100 0.325600
v -0.870242 1.227975 0.313746
v -0.943564 1.174096 0.285616
v -0.917075 1.203218 0.279162
v -0.877851 1.226344 0.268561
v -0.953645 1.174168 0.238141
v -0.925447 1.202571 0.232254
v -0.884599 1.225088 0.222988
v -0.972452 1.176203 0.142750
v -0.943916 1.204572 0.138635
v -0.902447 1.227025 0.132585
v -0.980782 1.178042 0.095135
v -0.953693 1.207122 0.092205
v -0.913323 1.230152 0.088009
v -0.986718 1.179703 0.047567
v -0.961617 1.209713 0.045868
v -0.922892 1.233523 0.043554
v -0.986431 1.180316 -0.047500
v -0.965227 1.212004 -0.047071
v -0.930164 1.237343 -0.045949
v -0.980246 1.179190 -0.095048
v -0.960454 1.211412 -0.093766
v -0.926939 1.237304 -0.091116
v -0.971739 1.177729 -0.142643
v -0.952904 1.210275 -0.140553
v -0.920549 1.236533 -0.136404
v -0.952929 1.175701 -0.238034
v -0.934473 1.208299 -0.234164
v -0.902779 1.234638 -0.226790
v -0.943003 1.175296 -0.285532
v -0.924142 1.207703 -0.280658
v -0.892085 1.233821 -0.271538
v -0.931509 1.174879 -0.332482
v -0.912132 1.207049 -0.326584
v -0.879602 1.232892 -0.315704
v -0.899988 1.172692 -0.423474
v -0.880109 1.204537 -0.415661
v -0.847357 1.230022 -0.401447
v -0.879349 1.170697 -0.467157
v -0.859635 1.202505 -0.458486
v -0.827319 1.227970 -0.442744
v -0.855920 1.168239 -0.509572
v -0.836560 1.200065 -0.500096
v -0.804939 1.225581 -0.482903
v -0.802254 1.162409 -0.590463
v -0.783881 1.194340 -0.579479
v -0.754058 1.220049 -0.559554
v -0.772497 1.159169 -0.628816
v -0.754677 1.191161 -0.617119
v -0.725858 1.216978 -0.595899
v -0.740907 1.155730 -0.665656
v -0.723675 1.187786 -0.653274
v -0.695922 1.213719 -0.630811
v -0.672530 1.148285 -0.734437
v -0.656569 1.180479 -0.720776
v -0.631123 1.206664 -0.695993
v -0.635906 1.144298 -0.766214
v -0.620627 1.176566 -0.751961
v -0.596417 1.202885 -0.726105
v -0.597778 1.140147 -0.796147
v -0.583208 1.172492 -0.781337
v -0.560285 1.198952 -0.754472
v -0.517374 1.131393 -0.850188
v -0.504300 1.163901 -0.834373
v -0.484090 1.190656 -0.805684
v -0.475292 1.126811 -0.874166
v -0.463000 1.159405 -0.857906
v -0.444210 1.186314 -0.828407
v -0.432091 1.122108 -0.896042
v -0.420603 1.154789 -0.879375
v -0.403271 1.181857 -0.849138
v 0.000782 1.183585 -0.000101
v 0.069693 1.176182 -0.347844
v 0.028804 1.180630 -0.284944
v 0.000909 1.183670 -0.354659
v -0.026994 1.186705 -0.284944
v -0.067874 1.191159 -0.347844
v -0.081720 1.192663 -0.273994
v -0.134015 1.198360 -0.327662
v -0.133271 1.198276 -0.252515
v -0.194970 1.204997 -0.294888
v -0.179666 1.203327 -0.221332
v -0.248398 1.210814 -0.250782
v -0.219122 1.207623 -0.181643
v -0.292245 1.215587 -0.197039
v -0.250122 1.210998 -0.134974
v -0.324827 1.219135 -0.135723
v -0.271465 1.213318 -0.083121
v -0.344840 1.221295 -0.069202
v -0.281881 1.214281 -0.028169
v -0.349874 1.221211 -0.000374
v -0.279403 1.213111 0.027445
v -0.339556 1.218799 0.068080
v -0.268518 1.211926 0.082494
v -0.323036 1.218289 0.135348
v -0.249642 1.210771 0.134865
v -0.292195 1.215564 0.197025
v -0.219112 1.207618 0.181632
v -0.248399 1.210814 0.250780
v -0.179667 1.203327 0.221323
v -0.194971 1.204997 0.294886
v -0.133272 1.198276 0.252506
v -0.134015 1.198360 0.327660
v -0.081721 1.192663 0.273985
v -0.067875 1.191159 0.347842
v -0.027001 1.186701 0.284923
v 0.000878 1.183651 0.354595
v 0.028506 1.180439 0.284342
v 0.068570 1.175463 0.345614
v 0.081328 1.173314 0.269792
v 0.131041 1.166130 0.318891
v 0.130415 1.166524 0.244798
v 0.189857 1.158903 0.284569
v 0.176564 1.161773 0.214750
v 0.244900 1.154317 0.244433
v 0.218437 1.158711 0.178791
v 0.292764 1.151251 0.195629
v 0.251586 1.156204 0.134592
v 0.326610 1.148192 0.135682
v 0.273266 1.154007 0.083104
v 0.346654 1.146009 0.069200
v 0.283653 1.152709 0.028160
v 0.351552 1.144843 0.000371
v 0.280980 1.152099 -0.027453
v 0.340950 1.144708 -0.068079
v 0.270040 1.153268 -0.082465
v 0.324496 1.147701 -0.135201
v 0.250748 1.156005 -0.134338
v 0.292095 1.151106 -0.195386
v 0.218345 1.158827 -0.179297
v 0.245924 1.155036 -0.246778
v 0.179148 1.163196 -0.219144
v 0.195403 1.161859 -0.293579
v 0.134710 1.168929 -0.252164
v 0.135794 1.168967 -0.327625
v 0.083522 1.174669 -0.273986
v -0.342751 1.112381 -0.933266
v -0.332925 1.145243 -0.915906
v -0.318608 1.172639 -0.884414
v -0.296827 1.107381 -0.948526
v -0.287855 1.140336 -0.930882
v -0.275087 1.167901 -0.898874
v -0.250214 1.102306 -0.961503
v -0.242109 1.135355 -0.943618
v -0.230914 1.163091 -0.911172
v -0.155372 1.091980 -0.980480
v -0.149031 1.125221 -0.962241
v -0.141036 1.153306 -0.929156
v -0.107370 1.086754 -0.986434
v -0.101922 1.120092 -0.968084
v -0.095548 1.148353 -0.934797
v -0.059136 1.081502 -0.990014
v -0.054586 1.114939 -0.971598
v -0.049839 1.143377 -0.938191
v -0.047792 0.736346 -0.000000
v -0.047792 0.736346 -0.354658
v -0.019893 0.733308 -0.284940
v 0.020992 0.728857 -0.347843
v 0.034834 0.727350 -0.273990
v 0.087132 0.721656 -0.327661
v 0.086385 0.721737 -0.252510
v 0.148088 0.715019 -0.294887
v 0.132779 0.716686 -0.221327
v 0.201516 0.709202 -0.250781
v 0.172235 0.712390 -0.181639
v 0.245363 0.704428 -0.197037
v 0.203235 0.709015 -0.134970
v 0.277944 0.700881 -0.135722
v 0.224588 0.706690 -0.083114
v 0.298007 0.698697 -0.069190
v 0.235474 0.705505 -0.028064
v 0.304782 0.697959 -0.000000
v 0.235474 0.705505 0.028064
v 0.298007 0.698697 0.069190
v 0.224588 0.706690 0.083114
v 0.277944 0.700881 0.135722
v 0.203235 0.709015 0.134970
v 0.245363 0.704428 0.197037
v 0.172235 0.712390 0.181638
v 0.201516 0.709202 0.250781
v 0.132779 0.716686 0.221327
v 0.148088 0.715019 0.294887
v 0.086385 0.721737 0.252510
v 0.087132 0.721656 0.327661
v 0.034834 0.727350 0.273990
v 0.020992 0.728857 0.347843
v -0.019893 0.733308 0.284940
v -0.047792 0.736346 0.354658
v -0.075691 0.739383 0.284940
v -0.116576 0.743834 0.347843
v -0.130418 0.745341 0.273990
v -0.182716 0.751035 0.327661
v -0.181969 0.750954 0.252510
v -0.243672 0.757672 0.294887
v -0.228364 0.756005 0.221327
v -0.297100 0.763489 0.250781
v -0.267819 0.760301 0.181638
v -0.340947 0.768263 0.197037
v -0.298819 0.763676 0.134969
v -0.373528 0.771810 0.135721
v -0.320172 0.766001 0.083114
v -0.393592 0.773994 0.069190
v -0.331058 0.767186 0.028064
v -0.400366 0.774732 -0.000000
v -0.331058 0.767186 -0.028064
v -0.393591 0.773994 -0.069191
v -0.320172 0.766001 -0.083114
v -0.373528 0.771810 -0.135722
v -0.298819 0.763676 -0.134970
v -0.340946 0.768263 -0.197038
v -0.267819 0.760301 -0.181639
v -0.297099 0.763489 -0.250781
v -0.228363 0.756005 -0.221327
v -0.243671 0.757672 -0.294887
v -0.181968 0.750954 -0.252511
v -0.182716 0.751035 -0.327661
v -0.130417 0.745341 -0.273990
v -0.116575 0.743834 -0.347843
v -0.075691 0.739383 -0.284940
v -0.179621 0.798915 -0.929156
v -0.181236 0.829421 -0.962241
v -0.180127 0.864607 -0.980480
v -0.134132 0.793962 -0.934798
v -0.134128 0.824292 -0.968084
v -0.132125 0.859381 -0.986434
v -0.088423 0.788986 -0.938191
v -0.086791 0.819138 -0.971598
v -0.083891 0.854130 -0.990014
v -0.173921 0.940926 -0.994578
v -0.169958 0.979575 -0.996220
v -0.165536 1.017939 -0.994578
v -0.125229 0.935625 -1.000617
v -0.121186 0.974265 -1.002269
v -0.116845 1.012638 -1.000617
v -0.076302 0.930298 -1.004249
v -0.072178 0.968929 -1.005907
v -0.067917 1.007311 -1.004250
v -0.357192 0.818248 -0.884414
v -0.365130 0.849442 -0.915906
v -0.367506 0.885008 -0.933266
v -0.313671 0.813509 -0.898874
v -0.320060 0.844535 -0.930882
v -0.321582 0.880008 -0.948526
v -0.269498 0.808700 -0.911172
v -0.274314 0.839555 -0.943618
v -0.274969 0.874933 -0.961503
v -0.363995 0.961620 -0.946686
v -0.360346 1.000304 -0.948249
v -0.355611 1.038633 -0.946686
v -0.317410 0.956548 -0.962164
v -0.313684 0.995223 -0.963753
v -0.309025 1.033561 -0.962164
v -0.270127 0.951400 -0.975328
v -0.266323 0.990067 -0.976939
v -0.261742 1.028413 -0.975329
v -0.522674 0.836265 -0.805684
v -0.536505 0.868101 -0.834373
v -0.542130 0.904020 -0.850188
v -0.482794 0.831923 -0.828407
v -0.495205 0.863604 -0.857906
v -0.500047 0.899439 -0.874166
v -0.441855 0.827466 -0.849138
v -0.452808 0.858988 -0.879374
v -0.456846 0.894735 -0.896042
v -0.541129 0.980906 -0.862413
v -0.537773 1.019621 -0.863836
v -0.532744 1.057919 -0.862413
v -0.498441 0.976258 -0.886736
v -0.495014 1.014966 -0.888200
v -0.490056 1.053271 -0.886736
v -0.454620 0.971487 -0.908926
v -0.451120 1.010187 -0.910427
v -0.446235 1.048500 -0.908926
v -0.669708 0.852273 -0.695993
v -0.688774 0.884679 -0.720776
v -0.697285 0.920913 -0.734437
v -0.635001 0.848494 -0.726105
v -0.652832 0.880766 -0.751961
v -0.660661 0.916925 -0.766214
v -0.598869 0.844560 -0.754471
v -0.615413 0.876692 -0.781337
v -0.622533 0.912774 -0.796147
v -0.698515 0.998041 -0.744998
v -0.695418 1.036785 -0.746228
v -0.690131 1.075054 -0.744998
v -0.661365 0.993996 -0.777231
v -0.658207 1.032733 -0.778514
v -0.652980 1.071009 -0.777231
v -0.622689 0.989785 -0.807594
v -0.619467 1.028515 -0.808927
v -0.614304 1.066798 -0.807594
v -0.792642 0.865657 -0.559554
v -0.816086 0.898540 -0.579479
v -0.827009 0.935036 -0.590463
v -0.764442 0.862587 -0.595900
v -0.786882 0.895361 -0.617119
v -0.797252 0.931797 -0.628816
v -0.734506 0.859328 -0.630811
v -0.755880 0.891985 -0.653273
v -0.765662 0.928357 -0.665656
v -0.830105 1.012368 -0.598953
v -0.827226 1.051135 -0.599942
v -0.821721 1.089381 -0.598953
v -0.799920 1.009081 -0.637857
v -0.796991 1.047843 -0.638910
v -0.791535 1.086094 -0.637857
v -0.767876 1.005593 -0.675227
v -0.764894 1.044349 -0.676342
v -0.759491 1.082606 -0.675227
v -0.886746 0.875901 -0.401611
v -0.913494 0.909133 -0.415903
v -0.926138 0.945788 -0.423760
v -0.866142 0.873659 -0.442793
v -0.892189 0.906822 -0.458558
v -0.904518 0.943463 -0.467241
v -0.843553 0.871200 -0.482909
v -0.868809 0.904280 -0.500104
v -0.880727 0.940883 -0.509583
v -0.930031 1.023063 -0.429724
v -0.926895 1.061707 -0.430347
v -0.920882 1.099819 -0.429568
v -0.908542 1.020853 -0.473922
v -0.905667 1.059592 -0.474678
v -0.899931 1.097790 -0.473875
v -0.884572 1.018291 -0.516905
v -0.881766 1.057063 -0.517755
v -0.876159 1.095294 -0.516899
v -0.948364 0.882598 -0.228225
v -0.976947 0.915948 -0.236269
v -0.989820 0.952405 -0.240522
v -0.936151 0.881271 -0.272662
v -0.964387 0.914603 -0.282306
v -0.977261 0.951115 -0.287480
v -0.921791 0.879712 -0.316443
v -0.949625 0.913025 -0.327668
v -0.962513 0.949605 -0.333763
v -0.989795 1.028151 -0.242861
v -0.983515 1.065714 -0.242510
v -0.974759 1.102930 -0.241497
v -0.978241 1.027241 -0.290737
v -0.972736 1.065069 -0.290629
v -0.964648 1.102505 -0.289670
v -0.964745 1.026201 -0.337986
v -0.960201 1.064358 -0.338157
v -0.952936 1.102064 -0.337284
v -0.975253 0.885532 -0.046085
v -1.004991 0.919052 -0.047683
v -1.018928 0.955747 -0.048471
v -0.971864 0.885160 -0.092061
v -1.001372 0.918630 -0.095274
v -1.014946 0.955218 -0.096903
v -0.966242 0.884545 -0.137816
v -0.995462 0.917964 -0.142641
v -1.008685 0.954459 -0.145119
v -1.021959 1.032426 -0.048594
v -1.017423 1.070552 -0.048305
v -1.009829 1.108137 -0.047958
v -1.016464 1.031401 -0.097421
v -1.010998 1.069224 -0.096999
v -1.002777 1.106620 -0.096373
v -1.008931 1.030234 -0.146086
v -1.002679 1.067799 -0.145577
v -0.993883 1.105008 -0.144725
v -0.966301 0.884564 0.137827
v -0.995927 0.918120 0.142735
v -1.010254 0.954986 0.145441
v -0.971908 0.885174 0.092069
v -1.001722 0.918748 0.095350
v -1.016126 0.955614 0.097165
v -0.975276 0.885540 0.046091
v -1.005177 0.919115 0.047741
v -1.019559 0.955959 0.048672
v -1.015854 1.032545 0.147515
v -1.012514 1.070986 0.147605
v -1.004649 1.108230 0.146940
v -1.021672 1.033139 0.098583
v -1.018395 1.071621 0.098649
v -1.010874 1.109044 0.098175
v -1.024740 1.033354 0.049489
v -1.021374 1.071832 0.049577
v -1.014153 1.109432 0.049347
v -0.921822 0.879722 0.316448
v -0.949866 0.913105 0.327716
v -0.963325 0.949878 0.333927
v -0.936197 0.881287 0.272670
v -0.964753 0.914726 0.282379
v -0.978495 0.951529 0.287731
v -0.948423 0.882618 0.228236
v -0.977414 0.916105 0.236363
v -0.991396 0.952934 0.240843
v -0.968326 1.027396 0.338717
v -0.965287 1.066006 0.339196
v -0.958503 1.103730 0.338418
v -0.983685 1.029058 0.291851
v -0.980470 1.067575 0.292210
v -0.973113 1.105038 0.291396
v -0.996748 1.030472 0.244284
v -0.993392 1.068914 0.244531
v -0.985571 1.106166 0.243703
v -0.843555 0.871200 0.482908
v -0.868812 0.904281 0.500103
v -0.880735 0.940886 0.509582
v -0.866144 0.873660 0.442792
v -0.892206 0.906828 0.458559
v -0.904572 0.943481 0.467251
v -0.886753 0.875904 0.401611
v -0.913549 0.909151 0.415912
v -0.926319 0.945849 0.423795
v -0.884603 1.018301 0.516909
v -0.881810 1.057076 0.517762
v -0.876206 1.095308 0.516907
v -0.908780 1.020932 0.473969
v -0.906004 1.059701 0.474746
v -0.900300 1.097900 0.473949
v -0.930831 1.023330 0.429886
v -0.928031 1.062074 0.430578
v -0.922125 1.100191 0.429820
v -0.734507 0.859328 0.630810
v -0.755881 0.891985 0.653272
v -0.765664 0.928357 0.665654
v -0.764443 0.862587 0.595898
v -0.786883 0.895361 0.617117
v -0.797253 0.931797 0.628814
v -0.792643 0.865657 0.559553
v -0.816087 0.898540 0.579478
v -0.827011 0.935037 0.590461
v -0.767878 1.005593 0.675226
v -0.764895 1.044349 0.676340
v -0.759493 1.082606 0.675226
v -0.799921 1.009081 0.637856
v -0.796992 1.047843 0.638909
v -0.791537 1.086094 0.637856
v -0.830106 1.012368 0.598951
v -0.827227 1.051135 0.599940
v -0.821722 1.089381 0.598951
v -0.598871 0.844561 0.754471
v -0.615415 0.876692 0.781336
v -0.622535 0.912774 0.796146
v -0.635002 0.848494 0.726104
v -0.652833 0.880766 0.751960
v -0.660662 0.916925 0.766212
v -0.669709 0.852273 0.695991
v -0.688776 0.884679 0.720775
v -0.697286 0.920913 0.734436
v -0.622691 0.989785 0.807593
v -0.619469 1.028516 0.808926
v -0.614306 1.066799 0.807593
v -0.661366 0.993996 0.777230
v -0.658208 1.032733 0.778513
v -0.652982 1.071009 0.777230
v -0.698517 0.998041 0.744996
v -0.695420 1.036785 0.746226
v -0.690132 1.075054 0.744997
v -0.441857 0.827466 0.849137
v -0.452810 0.858989 0.879373
v -0.456848 0.894735 0.896041
v -0.482796 0.831923 0.828407
v -0.495207 0.863604 0.857905
v -0.500048 0.899439 0.874166
v -0.522676 0.836265 0.805683
v -0.536507 0.868101 0.834372
v -0.542131 0.904020 0.850187
v -0.454621 0.971487 0.908925
v -0.451122 1.010187 0.910426
v -0.446237 1.048500 0.908925
v -0.498443 0.976258 0.886735
v -0.495016 1.014966 0.888199
v -0.490058 1.053271 0.886735
v -0.541131 0.980906 0.862412
v -0.537774 1.019621 0.863835
v -0.532746 1.057919 0.862412
v -0.269500 0.808700 0.911172
v -0.274316 0.839555 0.943617
v -0.274971 0.874933 0.961503
v -0.313673 0.813510 0.898874
v -0.320062 0.844536 0.930881
v -0.321584 0.880008 0.948525
v -0.357194 0.818248 0.884413
v -0.365132 0.849443 0.915906
v -0.367508 0.885008 0.933266
v -0.270129 0.951400 0.975328
v -0.266325 0.990067 0.976938
v -0.261744 1.028414 0.975328
v -0.317412 0.956548 0.962164
v -0.313686 0.995224 0.963752
v -0.309027 1.033561 0.962164
v -0.363997 0.961620 0.946685
v -0.360348 1.000304 0.948248
v -0.355612 1.038633 0.946685
v -0.088424 0.788986 0.938191
v -0.086792 0.819138 0.971598
v -0.083892 0.854130 0.990014
v -0.134133 0.793962 0.934797
v -0.134129 0.824292 0.968084
v -0.132126 0.859381 0.986433
v -0.179622 0.798915 0.929155
v -0.181237 0.829421 0.962241
v -0.180128 0.864607 0.980479
v -0.076303 0.930298 1.004249
v -0.072179 0.968930 1.005907
v -0.067918 1.007311 1.004249
v -0.125230 0.935625 1.000617
v -0.121187 0.974265 1.002269
v -0.116846 1.012638 1.000617
v -0.173922 0.940926 0.994578
v -0.169959 0.979575 0.996220
v -0.165538 1.017939 0.994578
v 0.094414 0.769079 0.929155
v 0.102556 0.798523 0.962241
v 0.109045 0.833124 0.980480
v 0.048924 0.774032 0.934797
v 0.055447 0.803652 0.968084
v 0.061043 0.838350 0.986433
v 0.003215 0.779009 0.938191
v 0.008110 0.808806 0.971598
v 0.012809 0.843601 0.990014
v 0.119401 0.908985 0.994563
v 0.123796 0.947548 0.996100
v 0.127592 0.985873 0.994175
v 0.070714 0.914290 1.000613
v 0.075065 0.952885 1.002234
v 0.079041 0.991266 1.000498
v 0.021788 0.919618 1.004249
v 0.026072 0.958231 1.005903
v 0.030166 0.996626 1.004235
v 0.271985 0.749746 0.884413
v 0.286451 0.778502 0.915906
v 0.296425 0.812723 0.933266
v 0.228464 0.754485 0.898874
v 0.241380 0.783409 0.930881
v 0.250500 0.817723 0.948525
v 0.184291 0.759294 0.911172
v 0.195634 0.788389 0.943617
v 0.203887 0.822798 0.961503
v 0.309407 0.888248 0.946540
v 0.313641 0.926481 0.947084
v 0.315834 0.964038 0.942757
v 0.262844 0.893333 0.962058
v 0.267151 0.931664 0.962902
v 0.269830 0.969454 0.959296
v 0.215581 0.898494 0.975261
v 0.219951 0.936921 0.976399
v 0.223089 0.974942 0.973509
v 0.437467 0.731730 0.805684
v 0.457825 0.759843 0.834373
v 0.471048 0.793711 0.850187
v 0.397587 0.736071 0.828407
v 0.416525 0.764340 0.857905
v 0.428965 0.798293 0.874166
v 0.356648 0.740529 0.849137
v 0.374129 0.768956 0.879374
v 0.385765 0.802996 0.896042
v 0.486482 0.868940 0.862199
v 0.490594 0.906977 0.862131
v 0.491370 0.944122 0.856657
v 0.443803 0.873588 0.886524
v 0.447906 0.911641 0.886506
v 0.448920 0.948797 0.881020
v 0.399994 0.878363 0.908725
v 0.404116 0.916452 0.908821
v 0.405450 0.953676 0.903508
v 0.584501 0.715721 0.695992
v 0.610094 0.743265 0.720775
v 0.626203 0.776818 0.734437
v 0.549794 0.719500 0.726105
v 0.574152 0.747178 0.751960
v 0.589579 0.780806 0.766213
v 0.513662 0.723434 0.754471
v 0.536734 0.751252 0.781336
v 0.551451 0.784957 0.796146
v 0.643879 0.851822 0.744845
v 0.648330 0.889957 0.745013
v 0.649059 0.927472 0.740902
v 0.606719 0.855860 0.777055
v 0.611035 0.893951 0.777115
v 0.611628 0.931322 0.772510
v 0.568038 0.860065 0.807400
v 0.572254 0.898125 0.807379
v 0.572814 0.935383 0.802370
v 0.707435 0.702337 0.559553
v 0.737406 0.729404 0.579478
v 0.755927 0.762695 0.590462
v 0.679235 0.705407 0.595899
v 0.708202 0.732584 0.617118
v 0.726170 0.765934 0.628815
v 0.649299 0.708666 0.630810
v 0.677200 0.735959 0.653273
v 0.694580 0.769374 0.665655
v 0.775553 0.837533 0.598910
v 0.780809 0.875906 0.599604
v 0.782919 0.914155 0.597817
v 0.745345 0.840810 0.637788
v 0.750391 0.879126 0.638368
v 0.752114 0.917197 0.636028
v 0.713277 0.844289 0.675130
v 0.718103 0.882541 0.675571
v 0.719427 0.920417 0.672627
v 0.801545 0.692091 0.401612
v 0.834867 0.718793 0.415913
v 0.855236 0.751882 0.423796
v 0.780936 0.694334 0.442793
v 0.813525 0.721117 0.458560
v 0.833489 0.754250 0.467251
v 0.758346 0.696794 0.482908
v 0.790130 0.723664 0.500104
v 0.809651 0.756845 0.509583
v 0.876329 0.826580 0.429889
v 0.882023 0.865040 0.430596
v 0.884705 0.903590 0.429880
v 0.854267 0.828981 0.473967
v 0.859909 0.867439 0.474730
v 0.862585 0.905968 0.473896
v 0.830080 0.831611 0.516901
v 0.835640 0.870057 0.517689
v 0.838240 0.908538 0.516660
v 0.863215 0.685376 0.228236
v 0.898734 0.711840 0.236364
v 0.920313 0.744797 0.240844
v 0.850989 0.686707 0.272670
v 0.886072 0.713218 0.282380
v 0.907411 0.746202 0.287732
v 0.836613 0.688273 0.316448
v 0.871185 0.714839 0.327716
v 0.892242 0.747853 0.333928
v 0.942341 0.819393 0.244307
v 0.948147 0.857842 0.244710
v 0.950726 0.896406 0.244307
v 0.929255 0.820818 0.291869
v 0.935039 0.859269 0.292351
v 0.937639 0.897831 0.291869
v 0.913867 0.822493 0.338730
v 0.919625 0.860947 0.339289
v 0.922252 0.899506 0.338730
v 0.890075 0.682452 0.046090
v 0.926550 0.708811 0.047731
v 0.948656 0.741711 0.048636
v 0.886702 0.682819 0.092069
v 0.923057 0.709191 0.095348
v 0.945097 0.742099 0.097155
v 0.881093 0.683430 0.137827
v 0.917248 0.709824 0.142735
v 0.939178 0.742743 0.145441
v 0.971079 0.816260 0.049338
v 0.976839 0.854682 0.049437
v 0.979118 0.893194 0.049405
v 0.967478 0.816655 0.098553
v 0.973297 0.855093 0.098721
v 0.975760 0.893645 0.098573
v 0.961477 0.817309 0.147532
v 0.967311 0.855754 0.147776
v 0.969850 0.894320 0.147534
v 0.881093 0.683430 -0.137827
v 0.917248 0.709824 -0.142735
v 0.939178 0.742743 -0.145441
v 0.886702 0.682819 -0.092070
v 0.923056 0.709191 -0.095348
v 0.945097 0.742099 -0.097155
v 0.890075 0.682452 -0.046090
v 0.926550 0.708811 -0.047731
v 0.948656 0.741711 -0.048636
v 0.961362 0.817283 -0.147510
v 0.966389 0.855543 -0.147597
v 0.966736 0.893609 -0.146929
v 0.967391 0.816635 -0.098535
v 0.972603 0.854935 -0.098575
v 0.973418 0.893110 -0.098080
v 0.971033 0.816249 -0.049324
v 0.976469 0.854598 -0.049325
v 0.977867 0.892909 -0.049025
v 0.836614 0.688273 -0.316448
v 0.871185 0.714839 -0.327717
v 0.892242 0.747853 -0.333928
v 0.850989 0.686707 -0.272670
v 0.886072 0.713218 -0.282380
v 0.907411 0.746202 -0.287732
v 0.863215 0.685376 -0.228236
v 0.898733 0.711840 -0.236364
v 0.920313 0.744797 -0.240844
v 0.913806 0.822479 -0.338717
v 0.919139 0.860835 -0.339191
v 0.920608 0.899130 -0.338398
v 0.929164 0.820797 -0.291852
v 0.934310 0.859103 -0.292209
v 0.935181 0.897270 -0.291391
v 0.942226 0.819367 -0.244284
v 0.947220 0.857630 -0.244531
v 0.947598 0.895692 -0.243703
v 0.758346 0.696794 -0.482908
v 0.790130 0.723664 -0.500104
v 0.809651 0.756845 -0.509583
v 0.780936 0.694334 -0.442793
v 0.813525 0.721117 -0.458560
v 0.833489 0.754250 -0.467251
v 0.801545 0.692091 -0.401612
v 0.834867 0.718793 -0.415913
v 0.855236 0.751882 -0.423796
v 0.830068 0.831608 -0.516894
v 0.835543 0.870032 -0.517637
v 0.837914 0.908452 -0.516482
v 0.854254 0.828978 -0.473961
v 0.859808 0.867412 -0.474683
v 0.862245 0.905880 -0.473735
v 0.876310 0.826575 -0.429883
v 0.881872 0.865003 -0.430548
v 0.884196 0.903466 -0.429717
v 0.649299 0.708666 -0.630810
v 0.677200 0.735959 -0.653273
v 0.694580 0.769374 -0.665655
v 0.679235 0.705407 -0.595899
v 0.708202 0.732584 -0.617118
v 0.726170 0.765934 -0.628815
v 0.707435 0.702337 -0.559553
v 0.737406 0.729404 -0.579478
v 0.755927 0.762695 -0.590462
v 0.713275 0.844292 -0.675144
v 0.718084 0.882568 -0.675686
v 0.719363 0.920511 -0.673017
v 0.745334 0.840809 -0.637790
v 0.750302 0.879118 -0.638376
v 0.751814 0.917170 -0.636057
v 0.775539 0.837530 -0.598905
v 0.780696 0.875883 -0.599564
v 0.782536 0.914076 -0.597680
v 0.513662 0.723434 -0.754471
v 0.536734 0.751252 -0.781336
v 0.551452 0.784957 -0.796146
v 0.549794 0.719500 -0.726105
v 0.574152 0.747178 -0.751960
v 0.589579 0.780806 -0.766213
v 0.584501 0.715721 -0.695992
v 0.610094 0.743265 -0.720775
v 0.626203 0.776818 -0.734437
v 0.568134 0.860115 -0.807553
v 0.573023 0.898527 -0.808604
v 0.575409 0.936740 -0.806504
v 0.606787 0.855897 -0.777169
v 0.611582 0.894246 -0.778021
v 0.613476 0.932317 -0.775568
v 0.643919 0.851845 -0.744918
v 0.648643 0.890142 -0.745594
v 0.650118 0.928096 -0.742861
v 0.356648 0.740529 -0.849137
v 0.374129 0.768956 -0.879374
v 0.385765 0.802996 -0.896041
v 0.397587 0.736071 -0.828407
v 0.416525 0.764340 -0.857905
v 0.428965 0.798293 -0.874166
v 0.437467 0.731730 -0.805683
v 0.457826 0.759843 -0.834373
v 0.471048 0.793711 -0.850187
v 0.400107 0.878429 -0.908925
v 0.405015 0.916974 -0.910423
v 0.408482 0.955438 -0.908917
v 0.443926 0.873657 -0.886733
v 0.448889 0.912188 -0.888178
v 0.452237 0.950644 -0.886663
v 0.486607 0.869007 -0.862403
v 0.491594 0.907514 -0.863764
v 0.494744 0.945933 -0.862169
v 0.184292 0.759294 -0.911172
v 0.195635 0.788389 -0.943617
v 0.203887 0.822798 -0.961503
v 0.228465 0.754485 -0.898874
v 0.241380 0.783409 -0.930881
v 0.250500 0.817723 -0.948525
v 0.271985 0.749746 -0.884413
v 0.286451 0.778502 -0.915906
v 0.296425 0.812723 -0.933266
v 0.215615 0.898515 -0.975328
v 0.220221 0.937095 -0.976938
v 0.223999 0.975528 -0.975328
v 0.262898 0.893367 -0.962164
v 0.267582 0.931938 -0.963752
v 0.271282 0.970380 -0.962164
v 0.309483 0.888295 -0.946685
v 0.314244 0.926858 -0.948248
v 0.317868 0.965308 -0.946685
v 0.003215 0.779009 -0.938191
v 0.008111 0.808806 -0.971598
v 0.012809 0.843601 -0.990014
v 0.048925 0.774032 -0.934797
v 0.055447 0.803652 -0.968084
v 0.061043 0.838350 -0.986433
v 0.094414 0.769079 -0.929155
v 0.102556 0.798523 -0.962241
v 0.109045 0.833124 -0.980480
v 0.021789 0.919618 -1.004249
v 0.026075 0.958232 -1.005907
v 0.030174 0.996631 -1.004249
v 0.070716 0.914291 -1.000617
v 0.075083 0.952896 -1.002269
v 0.079101 0.991304 -1.000617
v 0.119408 0.908990 -0.994578
v 0.123855 0.947586 -0.996220
v 0.127793 0.986003 -0.994578
v 0.040330 0.727143 -0.586540
v 0.008996 0.730555 -0.579552
v -0.020381 0.733753 -0.592555
v 0.055999 0.728180 -0.698948
v 0.021098 0.731980 -0.700139
v -0.013364 0.735732 -0.705820
v 0.070969 0.733995 -0.797308
v 0.031850 0.738254 -0.801768
v -0.007383 0.742525 -0.805071
v 0.028239 1.180324 -0.592555
v 0.057616 1.177125 -0.579552
v 0.088950 1.173714 -0.586540
v 0.034681 1.177017 -0.705820
v 0.069143 1.173265 -0.700139
v 0.104044 1.169465 -0.698948
v 0.039100 1.169465 -0.805070
v 0.078333 1.165193 -0.801768
v 0.117452 1.160934 -0.797308
v 0.152393 0.714942 -0.557985
v 0.120306 0.718436 -0.557280
v 0.094016 0.721298 -0.575798
v 0.189568 0.713638 -0.665216
v 0.155569 0.717339 -0.673233
v 0.122871 0.720899 -0.685568
v 0.223342 0.717405 -0.758905
v 0.185839 0.721488 -0.770956
v 0.148001 0.725608 -0.781895
v 0.142636 1.167869 -0.575798
v 0.168926 1.165007 -0.557280
v 0.201014 1.161513 -0.557985
v 0.170916 1.162185 -0.685568
v 0.203613 1.158625 -0.673233
v 0.237613 1.154923 -0.665216
v 0.194484 1.152547 -0.781895
v 0.232322 1.148428 -0.770956
v 0.269825 1.144345 -0.758905
v 0.256766 0.703579 -0.507986
v 0.225158 0.707020 -0.513592
v 0.202965 0.709436 -0.536914
v 0.314029 0.700087 -0.605920
v 0.282237 0.703548 -0.620455
v 0.252560 0.706779 -0.638970
v 0.365340 0.701945 -0.691338
v 0.330895 0.705695 -0.710517
v 0.295905 0.709505 -0.728671
v 0.251534 1.155989 -0.536866
v 0.273376 1.153450 -0.513211
v 0.304054 1.149683 -0.506726
v 0.300538 1.148041 -0.638906
v 0.329746 1.144646 -0.619948
v 0.360272 1.140742 -0.604216
v 0.342305 1.136415 -0.728593
v 0.376713 1.132402 -0.709888
v 0.409580 1.128100 -0.689217
v 0.349435 0.693489 -0.438467
v 0.319523 0.696746 -0.450168
v 0.302278 0.698623 -0.477396
v 0.424598 0.688049 -0.523339
v 0.396236 0.691137 -0.543833
v 0.370720 0.693915 -0.567816
v 0.491504 0.688209 -0.597203
v 0.461441 0.691482 -0.622774
v 0.430644 0.694835 -0.647445
v 0.345536 1.143318 -0.472325
v 0.359880 1.140428 -0.442367
v 0.386935 1.136179 -0.428001
v 0.410846 1.132429 -0.560328
v 0.432157 1.128183 -0.532386
v 0.456865 1.123827 -0.508487
v 0.467087 1.118261 -0.637951
v 0.492584 1.113058 -0.608289
v 0.518196 1.108240 -0.578573
v 0.426842 0.685062 -0.352097
v 0.399773 0.688009 -0.369443
v 0.388141 0.689275 -0.399532
v 0.517026 0.677986 -0.420646
v 0.493184 0.680582 -0.446313
v 0.472809 0.682800 -0.474842
v 0.596988 0.676724 -0.480118
v 0.572461 0.679395 -0.511097
v 0.547041 0.682162 -0.541338
v 0.425120 1.131817 -0.388739
v 0.439119 1.131403 -0.361006
v 0.468688 1.129355 -0.346137
v 0.504286 1.118353 -0.459492
v 0.527613 1.117203 -0.433926
v 0.555147 1.115930 -0.411895
v 0.572725 1.101907 -0.522072
v 0.601714 1.100433 -0.495422
v 0.630916 1.099435 -0.469040
v 0.486010 0.678620 -0.252196
v 0.462825 0.681144 -0.274521
v 0.457252 0.681751 -0.306315
v 0.587761 0.670284 -0.301788
v 0.569355 0.672288 -0.331640
v 0.554906 0.673862 -0.363620
v 0.677737 0.667933 -0.344583
v 0.659690 0.669898 -0.379779
v 0.640623 0.671974 -0.414428
v 0.503052 1.127436 -0.304148
v 0.509416 1.127143 -0.273361
v 0.532023 1.124551 -0.251352
v 0.599042 1.113923 -0.360629
v 0.614553 1.112771 -0.330005
v 0.632195 1.110680 -0.300593
v 0.682222 1.097384 -0.410693
v 0.702603 1.095831 -0.377727
v 0.719702 1.093759 -0.343081
v 0.524665 0.674411 -0.142603
v 0.506257 0.676415 -0.169049
v 0.506957 0.676339 -0.201326
v 0.634086 0.665241 -0.171332
v 0.621823 0.666576 -0.204223
v 0.613853 0.667444 -0.238424
v 0.730648 0.662172 -0.195805
v 0.719773 0.663356 -0.233867
v 0.707793 0.664661 -0.271591
v 0.547915 1.121152 -0.199773
v 0.543342 1.120352 -0.166802
v 0.557969 1.117487 -0.139647
v 0.650603 1.106139 -0.236144
v 0.652941 1.103996 -0.200929
v 0.660384 1.101565 -0.167135
v 0.739960 1.088318 -0.268704
v 0.744837 1.085404 -0.229699
v 0.749848 1.082887 -0.190539
v 0.541324 0.672598 -0.027531
v 0.528398 0.674005 -0.057081
v 0.535344 0.673249 -0.088600
v 0.654219 0.663049 -0.034292
v 0.648571 0.663664 -0.068958
v 0.647387 0.663793 -0.104065
v 0.753687 0.659664 -0.039503
v 0.750404 0.660021 -0.078967
v 0.745970 0.660504 -0.118318
v 0.568654 1.116326 -0.085648
v 0.565535 1.117956 -0.054867
v 0.582454 1.117460 -0.026086
v 0.673695 1.100119 -0.099874
v 0.679758 1.101103 -0.065707
v 0.691202 1.101811 -0.032159
v 0.765182 1.081222 -0.113059
v 0.775554 1.082094 -0.074854
v 0.786145 1.083404 -0.036798
v 0.535344 0.673249 0.088600
v 0.528398 0.674005 0.057081
v 0.541324 0.672597 0.027531
v 0.647387 0.663793 0.104065
v 0.648571 0.663664 0.068958
v 0.654219 0.663049 0.034292
v 0.745970 0.660504 0.118318
v 0.750404 0.660021 0.078967
v 0.753687 0.659664 0.039503
v 0.588081 1.118743 0.027890
v 0.576455 1.120447 0.057189
v 0.583894 1.119803 0.088614
v 0.699745 1.103760 0.034778
v 0.695866 1.104778 0.069102
v 0.695338 1.105057 0.104083
v 0.797034 1.085888 0.040107
v 0.795957 1.086749 0.079146
v 0.792337 1.087417 0.118340
v 0.506957 0.676339 0.201326
v 0.506257 0.676415 0.169049
v 0.524665 0.674411 0.142603
v 0.613853 0.667444 0.238423
v 0.621823 0.666576 0.204223
v 0.634086 0.665241 0.171332
v 0.707793 0.664661 0.271591
v 0.719773 0.663356 0.233867
v 0.730648 0.662172 0.195805
v 0.573286 1.120982 0.142603
v 0.554877 1.122986 0.169049
v 0.555577 1.122910 0.201326
v 0.682131 1.106526 0.171332
v 0.669868 1.107861 0.204223
v 0.661898 1.108729 0.238423
v 0.777130 1.089112 0.195805
v 0.766256 1.090296 0.233867
v 0.754276 1.091600 0.271591
v 0.457252 0.681751 0.306315
v 0.462825 0.681144 0.274521
v 0.486010 0.678620 0.252196
v 0.554906 0.673862 0.363620
v 0.569355 0.672288 0.331640
v 0.587761 0.670284 0.301788
v 0.640623 0.671974 0.414428
v 0.659690 0.669898 0.379779
v 0.677737 0.667933 0.344583
v 0.534584 1.125173 0.252147
v 0.511079 1.127575 0.274129
v 0.504661 1.127858 0.305020
v 0.635745 1.111547 0.301723
v 0.616912 1.113387 0.331119
v 0.601312 1.114521 0.361868
v 0.724144 1.094844 0.344502
v 0.705568 1.096606 0.379133
v 0.685066 1.098134 0.412248
v 0.388141 0.689275 0.399532
v 0.399773 0.688009 0.369443
v 0.426842 0.685062 0.352097
v 0.472809 0.682800 0.474842
v 0.493184 0.680582 0.446313
v 0.517026 0.677986 0.420646
v 0.547041 0.682162 0.541338
v 0.572461 0.679395 0.511097
v 0.596988 0.676724 0.480118
v 0.470533 1.129742 0.346807
v 0.440473 1.131503 0.360794
v 0.425313 1.131306 0.386684
v 0.557799 1.116484 0.412845
v 0.529663 1.117380 0.433706
v 0.504700 1.117689 0.456749
v 0.634254 1.100131 0.470231
v 0.604324 1.100664 0.495167
v 0.573277 1.101087 0.518668
v 0.302278 0.698624 0.477396
v 0.319523 0.696746 0.450168
v 0.349435 0.693489 0.438467
v 0.370720 0.693915 0.567816
v 0.396236 0.691137 0.543833
v 0.424597 0.688049 0.523339
v 0.430644 0.694835 0.647445
v 0.461441 0.691482 0.622774
v 0.491504 0.688209 0.597203
v 0.382072 1.133281 0.418878
v 0.351184 1.135741 0.427961
v 0.332753 1.136636 0.451978
v 0.449610 1.119543 0.495027
v 0.419426 1.121328 0.511317
v 0.392794 1.122989 0.531571
v 0.508975 1.102808 0.561511
v 0.476482 1.104389 0.581648
v 0.444462 1.106426 0.601898
v 0.202964 0.709436 0.536914
v 0.225158 0.707020 0.513593
v 0.256765 0.703579 0.507986
v 0.252560 0.706779 0.638970
v 0.282237 0.703548 0.620455
v 0.314029 0.700087 0.605920
v 0.295905 0.709505 0.728671
v 0.330894 0.705695 0.710517
v 0.365340 0.701945 0.691338
v 0.287758 1.140959 0.480177
v 0.257825 1.144788 0.486746
v 0.237003 1.147515 0.510849
v 0.336889 1.128201 0.566045
v 0.306909 1.131928 0.581094
v 0.279565 1.135841 0.601461
v 0.380159 1.112312 0.641163
v 0.347814 1.116309 0.660722
v 0.315874 1.121051 0.681440
v 0.094016 0.721298 0.575798
v 0.120306 0.718436 0.557280
v 0.152393 0.714942 0.557985
v 0.122871 0.720899 0.685568
v 0.155568 0.717339 0.673233
v 0.189568 0.713638 0.665216
v 0.148001 0.725608 0.781895
v 0.185839 0.721488 0.770956
v 0.223342 0.717405 0.758905
v 0.190974 1.155252 0.538631
v 0.162063 1.160639 0.543752
v 0.138396 1.165137 0.567325
v 0.223459 1.146083 0.637886
v 0.193598 1.152243 0.653463
v 0.164662 1.158154 0.673067
v 0.252088 1.133264 0.724647
v 0.219665 1.140359 0.745961
v 0.186557 1.147437 0.766047
v -0.020381 0.733753 0.592555
v 0.008996 0.730555 0.579552
v 0.040330 0.727143 0.586540
v -0.013364 0.735732 0.705820
v 0.021098 0.731980 0.700139
v 0.055999 0.728180 0.698948
v -0.007383 0.742525 0.805070
v 0.031849 0.738254 0.801768
v 0.070969 0.733995 0.797308
v 0.087909 1.173041 0.584453
v 0.057301 1.176922 0.578921
v 0.028200 1.180298 0.592476
v 0.102637 1.168556 0.696127
v 0.068724 1.172994 0.699299
v 0.034629 1.176983 0.705715
v 0.115700 1.159802 0.793795
v 0.077813 1.164858 0.800726
v 0.039035 1.169423 0.804940
v -0.135830 0.746322 0.586540
v -0.104496 0.742911 0.579552
v -0.075119 0.739713 0.592555
v -0.150909 0.750707 0.698948
v -0.116008 0.746907 0.700139
v -0.081546 0.743155 0.705820
v -0.164277 0.759607 0.797308
v -0.125157 0.755348 0.801768
v -0.085925 0.751076 0.805070
v -0.026499 1.186283 0.592555
v -0.055875 1.189482 0.579552
v -0.087209 1.192893 0.586540
v -0.033501 1.184440 0.705820
v -0.067963 1.188192 0.700139
v -0.102864 1.191992 0.698948
v -0.039442 1.178016 0.805070
v -0.078674 1.182287 0.801768
v -0.117794 1.186547 0.797308
v -0.247893 0.758523 0.557985
v -0.215806 0.755030 0.557280
v -0.189516 0.752167 0.575798
v -0.284478 0.765249 0.665216
v -0.250478 0.761548 0.673233
v -0.217781 0.757988 0.685568
v -0.316650 0.776196 0.758905
v -0.279147 0.772113 0.770956
v -0.241309 0.767994 0.781895
v -0.140895 1.198738 0.575798
v -0.167186 1.201601 0.557280
v -0.199273 1.205094 0.557985
v -0.169736 1.199273 0.685568
v -0.202433 1.202833 0.673233
v -0.236433 1.206535 0.665216
v -0.194826 1.194933 0.781895
v -0.232664 1.199053 0.770956
v -0.270167 1.203136 0.758905
v -0.352266 0.769887 0.507986
v -0.320658 0.766446 0.513592
v -0.298464 0.764029 0.536913
v -0.408939 0.778800 0.605920
v -0.377147 0.775339 0.620455
v -0.347470 0.772107 0.638969
v -0.458647 0.791656 0.691338
v -0.424202 0.787906 0.710517
v -0.389213 0.784097 0.728671
v -0.249844 1.210600 0.536914
v -0.272038 1.213016 0.513592
v -0.303645 1.216458 0.507986
v -0.299425 1.213393 0.638969
v -0.329102 1.216624 0.620455
v -0.360894 1.220085 0.605920
v -0.342730 1.211036 0.728671
v -0.377719 1.214846 0.710517
v -0.412165 1.218596 0.691338
v -0.444935 0.779976 0.438466
v -0.415023 0.776719 0.450167
v -0.397778 0.774842 0.477396
v -0.519507 0.790838 0.523338
v -0.491146 0.787750 0.543833
v -0.465630 0.784972 0.567816
v -0.584812 0.805393 0.597203
v -0.554749 0.802119 0.622773
v -0.523952 0.798766 0.647445
v -0.349158 1.221413 0.477396
v -0.366403 1.223290 0.450167
v -0.396315 1.226547 0.438466
v -0.417585 1.226258 0.567816
v -0.443101 1.229036 0.543833
v -0.471462 1.232123 0.523338
v -0.477469 1.225706 0.647445
v -0.508266 1.229059 0.622773
v -0.538329 1.232332 0.597203
v -0.522342 0.788404 0.352096
v -0.495273 0.785457 0.369443
v -0.483641 0.784190 0.399532
v -0.611935 0.800901 0.420645
v -0.588094 0.798305 0.446312
v -0.567719 0.796087 0.474841
v -0.690296 0.816877 0.480118
v -0.665769 0.814207 0.511097
v -0.640349 0.811439 0.541338
v -0.435021 1.230761 0.399532
v -0.446653 1.232028 0.369443
v -0.473721 1.234975 0.352096
v -0.519674 1.237373 0.474841
v -0.540049 1.239591 0.446312
v -0.563891 1.242187 0.420645
v -0.593866 1.238379 0.541338
v -0.619286 1.241146 0.511097
v -0.643813 1.243817 0.480118
v -0.581509 0.794846 0.252195
v -0.558325 0.792321 0.274521
v -0.552752 0.791715 0.306314
v -0.682671 0.808602 0.301787
v -0.664265 0.806598 0.331640
v -0.649815 0.805025 0.363619
v -0.771044 0.825669 0.344582
v -0.752997 0.823704 0.379779
v -0.733931 0.821628 0.414427
v -0.504067 1.238255 0.306301
v -0.509183 1.238646 0.274412
v -0.531162 1.240601 0.251836
v -0.601683 1.246270 0.363601
v -0.615525 1.247555 0.331495
v -0.632290 1.248785 0.301302
v -0.687340 1.248517 0.414405
v -0.705652 1.250236 0.379600
v -0.721653 1.251235 0.343978
v -0.620165 0.799054 0.142603
v -0.601756 0.797050 0.169049
v -0.602457 0.797126 0.201325
v -0.728995 0.813646 0.171332
v -0.716733 0.812311 0.204222
v -0.708763 0.811443 0.238423
v -0.823955 0.831429 0.195804
v -0.813081 0.830245 0.233866
v -0.801101 0.828941 0.271591
v -0.546891 1.240417 0.199881
v -0.542488 1.238592 0.166835
v -0.557347 1.238919 0.139651
v -0.650460 1.247884 0.236290
v -0.653055 1.246213 0.200972
v -0.660793 1.245411 0.167141
v -0.741612 1.249738 0.268887
v -0.746816 1.247842 0.229754
v -0.752183 1.246425 0.190547
v -0.636823 0.800868 0.027530
v -0.623897 0.799461 0.057080
v -0.630844 0.800217 0.088600
v -0.749128 0.815838 0.034292
v -0.743481 0.815223 0.068957
v -0.742297 0.815094 0.104065
v -0.846995 0.833938 0.039502
v -0.843711 0.833580 0.078966
v -0.839278 0.833097 0.118317
v -0.568026 1.240082 0.085648
v -0.564627 1.241002 0.054867
v -0.581251 1.244156 0.026087
v -0.674092 1.246858 0.099874
v -0.679787 1.249120 0.065710
v -0.690772 1.252260 0.032170
v -0.767499 1.248091 0.113061
v -0.777393 1.251158 0.074865
v -0.787325 1.254674 0.036835
v -0.630844 0.800217 -0.088601
v -0.623897 0.799461 -0.057082
v -0.636823 0.800868 -0.027531
v -0.742297 0.815094 -0.104066
v -0.743480 0.815223 -0.068958
v -0.749128 0.815838 -0.034293
v -0.839278 0.833097 -0.118319
v -0.843711 0.833580 -0.078968
v -0.846995 0.833938 -0.039503
v -0.586446 1.246613 -0.027884
v -0.574709 1.245769 -0.057181
v -0.582100 1.246737 -0.088602
v -0.698507 1.255939 -0.034729
v -0.694375 1.256057 -0.069028
v -0.693698 1.256182 -0.103988
v -0.796792 1.259231 -0.039942
v -0.795133 1.259698 -0.078894
v -0.791111 1.259457 -0.118018
v -0.602456 0.797126 -0.201327
v -0.601756 0.797050 -0.169050
v -0.620165 0.799054 -0.142604
v -0.708763 0.811443 -0.238424
v -0.716732 0.812311 -0.204224
v -0.728995 0.813646 -0.171333
v -0.801100 0.828941 -0.271592
v -0.813080 0.830245 -0.233868
v -0.823955 0.831429 -0.195806
v -0.571486 1.245605 -0.142592
v -0.553090 1.243605 -0.169040
v -0.553806 1.243687 -0.201320
v -0.680483 1.254775 -0.171237
v -0.668322 1.253474 -0.204149
v -0.660477 1.252648 -0.238375
v -0.775897 1.257840 -0.195483
v -0.765364 1.256771 -0.233615
v -0.753806 1.255608 -0.271426
v -0.552752 0.791715 -0.306316
v -0.558325 0.792321 -0.274522
v -0.581509 0.794846 -0.252197
v -0.649815 0.805025 -0.363620
v -0.664264 0.806598 -0.331641
v -0.682670 0.808602 -0.301788
v -0.733930 0.821628 -0.414429
v -0.752997 0.823704 -0.379780
v -0.771044 0.825668 -0.344584
v -0.532882 1.241414 -0.252195
v -0.509703 1.238892 -0.274521
v -0.504131 1.238285 -0.306315
v -0.634572 1.249870 -0.301778
v -0.616204 1.247878 -0.331638
v -0.601768 1.246310 -0.363620
v -0.724380 1.252547 -0.344547
v -0.706460 1.250625 -0.379769
v -0.687440 1.248565 -0.414427
v -0.483640 0.784190 -0.399533
v -0.495272 0.785457 -0.369444
v -0.522341 0.788404 -0.352097
v -0.567718 0.796087 -0.474842
v -0.588093 0.798305 -0.446313
v -0.611935 0.800901 -0.420646
v -0.640348 0.811439 -0.541339
v -0.665768 0.814207 -0.511098
v -0.690295 0.816877 -0.480119
v -0.473721 1.234975 -0.352097
v -0.446652 1.232028 -0.369444
v -0.435020 1.230761 -0.399533
v -0.563890 1.242186 -0.420646
v -0.540048 1.239591 -0.446313
v -0.519674 1.237372 -0.474842
v -0.643812 1.243817 -0.480119
v -0.619285 1.241146 -0.511098
v -0.593865 1.238379 -0.541339
v -0.397777 0.774842 -0.477397
v -0.415022 0.776719 -0.450168
v -0.444934 0.779976 -0.438467
v -0.465629 0.784972 -0.567817
v -0.491145 0.787750 -0.543834
v -0.519506 0.790838 -0.523339
v -0.523951 0.798766 -0.647446
v -0.554747 0.802119 -0.622774
v -0.584811 0.805392 -0.597204
v -0.396314 1.226547 -0.438467
v -0.366402 1.223290 -0.450168
v -0.349157 1.221413 -0.477397
v -0.471461 1.232123 -0.523339
v -0.443100 1.229035 -0.543834
v -0.417584 1.226257 -0.567817
v -0.538328 1.232332 -0.597204
v -0.508264 1.229059 -0.622774
v -0.477468 1.225706 -0.647446
v -0.298463 0.764029 -0.536914
v -0.320657 0.766445 -0.513593
v -0.352264 0.769887 -0.507987
v -0.347469 0.772107 -0.638970
v -0.377146 0.775338 -0.620456
v -0.408937 0.778800 -0.605920
v -0.389211 0.784097 -0.728672
v -0.424201 0.787906 -0.710518
v -0.458646 0.791656 -0.691339
v -0.303644 1.216457 -0.507987
v -0.272037 1.213016 -0.513593
v -0.249843 1.210600 -0.536914
v -0.360892 1.220085 -0.605920
v -0.329101 1.216624 -0.620456
v -0.299424 1.213393 -0.638970
v -0.412163 1.218596 -0.691339
v -0.377718 1.214846 -0.710518
v -0.342728 1.211036 -0.728672
v -0.189515 0.752167 -0.575798
v -0.215805 0.755030 -0.557281
v -0.247892 0.758523 -0.557985
v -0.217779 0.757987 -0.685568
v -0.250477 0.761547 -0.673233
v -0.284477 0.765249 -0.665216
v -0.241307 0.767994 -0.781895
v -0.279146 0.772113 -0.770957
v -0.316649 0.776196 -0.758906
v -0.199272 1.205094 -0.557985
v -0.167185 1.201601 -0.557281
v -0.140894 1.198738 -0.575798
v -0.236432 1.206535 -0.665216
v -0.202432 1.202833 -0.673233
v -0.169735 1.199273 -0.685568
v -0.270166 1.203136 -0.758906
v -0.232663 1.199053 -0.770957
v -0.194824 1.194933 -0.781895
v -0.075118 0.739713 -0.592555
v -0.104495 0.742911 -0.579552
v -0.135829 0.746322 -0.586540
v -0.081545 0.743155 -0.705820
v -0.116007 0.746907 -0.700139
v -0.150908 0.750707 -0.698948
v -0.085924 0.751076 -0.805071
v -0.125156 0.755348 -0.801768
v -0.164276 0.759607 -0.797308
v -0.087209 1.192893 -0.586540
v -0.055875 1.189482 -0.579552
v -0.026498 1.186283 -0.592555
v -0.102863 1.191992 -0.698948
v -0.067962 1.188192 -0.700139
v -0.033501 1.184440 -0.705820
v -0.117793 1.186546 -0.797308
v -0.078673 1.182287 -0.801768
v -0.039441 1.178016 -0.805071
vn -0.1082 -0.9941 -0.0031
vn 0.1082 0.9941 -0.0029
vn -0.1076 -0.9942 -0.0030
vn 0.1088 0.9941 -0.0029
vn -0.1071 -0.9942 -0.0029
vn 0.1098 0.9940 -0.0025
vn -0.1065 -0.9943 -0.0026
vn 0.1385 0.9903 0.0119
vn -0.1061 -0.9944 -0.0022
vn 0.1255 0.9920 -0.0123
vn -0.1057 -0.9944 -0.0017
vn 0.0981 0.9947 -0.0312
vn -0.1054 -0.9944 -0.0012
vn 0.1261 0.9917 0.0238
vn -0.1052 -0.9944 -0.0006
vn 0.1287 0.9917 -0.0041
vn -0.1052 -0.9945 -0.0000
vn 0.1153 0.9928 -0.0328
vn -0.1052 -0.9944 0.0006
vn 0.1112 0.9938 0.0001
vn -0.1054 -0.9944 0.0012
vn 0.1107 0.9938 0.0015
vn -0.1057 -0.9944 0.0017
vn 0.0962 0.9949 0.0304
vn -0.1061 -0.9944 0.0022
vn 0.0915 0.9943 0.0546
vn -0.1065 -0.9943 0.0026
vn 0.1211 0.9919 0.0393
vn -0.1071 -0.9942 0.0029
vn 0.1670 0.9859 0.0109
vn -0.1076 -0.9942 0.0030
vn 0.1510 0.9885 -0.0002
vn -0.1082 -0.9941 0.0031
vn 0.1088 0.9941 0.0029
vn -0.1088 -0.9941 0.0030
vn 0.1077 0.9942 0.0029
vn -0.1094 -0.9940 0.0029
vn 0.1071 0.9942 0.0027
vn -0.1099 -0.9939 0.0026
vn 0.1066 0.9943 0.0024
vn -0.1104 -0.9939 0.0022
vn 0.1062 0.9943 0.0021
vn -0.1108 -0.9938 0.0017
vn 0.1056 0.9944 0.0012
vn -0.1111 -0.9938 0.0012
vn 0.0891 0.9956 -0.0275
vn -0.1112 -0.9938 0.0006
vn 0.0877 0.9961 0.0041
vn -0.1113 -0.9938 -0.0000
vn 0.1010 0.9943 0.0327
vn -0.1112 -0.9938 -0.0006
vn 0.1052 0.9945 -0.0001
vn -0.1111 -0.9938 -0.0012
vn 0.1055 0.9944 -0.0011
vn -0.1108 -0.9938 -0.0017
vn 0.1058 0.9944 -0.0016
vn -0.1104 -0.9939 -0.0022
vn 0.1062 0.9943 -0.0021
vn -0.1099 -0.9939 -0.0026
vn 0.1066 0.9943 -0.0024
vn -0.1094 -0.9940 -0.0029
vn 0.1071 0.9942 -0.0027
vn -0.1088 -0.9941 -0.0030
vn 0.1077 0.9942 -0.0029
vn -0.0198 -0.1819 -0.9831
vn 0.0203 0.1865 -0.9823
vn 0.2108 0.1657 -0.9634
vn 0.1709 -0.2026 -0.9642
vn 0.3943 0.1459 -0.9073
vn 0.3542 -0.2226 -0.9083
vn 0.5891 0.1658 -0.7909
vn 0.5234 -0.2406 -0.8174
vn 0.7007 0.2637 -0.6630
vn 0.6716 -0.2557 -0.6954
vn 0.8096 0.1583 -0.5652
vn 0.7929 -0.2698 -0.5463
vn 0.9291 0.1346 -0.3445
vn 0.8833 -0.2797 -0.3762
vn 0.9543 0.2356 -0.1837
vn 0.9392 -0.2848 -0.1918
vn 0.9918 0.1231 -0.0335
vn 0.9577 -0.2879 -0.0001
vn 0.9781 0.0823 0.1913
vn 0.9388 -0.2862 0.1918
vn 0.9223 0.0884 0.3762
vn 0.8832 -0.2802 0.3762
vn 0.8116 0.1401 0.5672
vn 0.7929 -0.2700 0.5463
vn 0.6558 0.3172 0.6851
vn 0.6716 -0.2552 0.6955
vn 0.5280 0.4264 0.7345
vn 0.5238 -0.2381 0.8179
vn 0.4332 0.3846 0.8151
vn 0.3548 -0.2203 0.9086
vn 0.2552 0.2137 0.9430
vn 0.1711 -0.2021 0.9643
vn 0.0207 0.1866 0.9822
vn -0.0198 -0.1819 0.9831
vn -0.1702 0.2072 0.9634
vn -0.2105 -0.1611 0.9642
vn -0.3534 0.2272 0.9075
vn -0.3938 -0.1411 0.9083
vn -0.5222 0.2455 0.8167
vn -0.5628 -0.1227 0.8174
vn -0.6702 0.2616 0.6946
vn -0.7109 -0.1066 0.6952
vn -0.7918 0.2750 0.5454
vn -0.8324 -0.0934 0.5462
vn -0.8812 0.3270 0.3413
vn -0.9228 -0.0831 0.3762
vn -0.8814 0.4355 0.1830
vn -0.9785 -0.0760 0.1917
vn -0.9423 0.3334 -0.0287
vn -0.9984 -0.0546 -0.0162
vn -0.9375 0.2906 -0.1913
vn -0.9810 -0.0025 -0.1939
vn -0.9038 0.2867 -0.3178
vn -0.9299 -0.0625 -0.3624
vn -0.7920 0.2749 -0.5452
vn -0.8325 -0.0933 -0.5461
vn -0.6702 0.2616 -0.6946
vn -0.7109 -0.1066 -0.6952
vn -0.5222 0.2455 -0.8167
vn -0.5628 -0.1227 -0.8174
vn -0.3534 0.2272 -0.9075
vn -0.3938 -0.1411 -0.9083
vn -0.1702 0.2072 -0.9634
vn -0.2105 -0.1611 -0.9642
vn -0.1036 -0.9519 -0.2883
vn -0.0477 -0.9580 -0.2828
vn 0.1575 0.9499 -0.2701
vn 0.1040 0.9557 -0.2754
vn 0.0060 -0.9639 -0.2664
vn 0.2096 0.9442 -0.2542
vn 0.0556 -0.9693 -0.2397
vn 0.3186 0.9297 -0.1847
vn 0.0990 -0.9740 -0.2039
vn 0.2980 0.9368 -0.1831
vn 0.1347 -0.9779 -0.1602
vn 0.2873 0.9335 -0.2147
vn 0.1611 -0.9807 -0.1103
vn 0.3819 0.9233 -0.0401
vn 0.1775 -0.9825 -0.0562
vn 0.3648 0.9296 -0.0522
vn 0.1830 -0.9831 -0.0000
vn 0.3757 0.9234 -0.0790
vn 0.1775 -0.9825 0.0562
vn 0.3728 0.9264 0.0530
vn 0.1611 -0.9807 0.1103
vn 0.3568 0.9281 0.1061
vn 0.1347 -0.9779 0.1602
vn 0.2881 0.9331 0.2153
vn 0.0990 -0.9740 0.2039
vn 0.2099 0.9404 0.2674
vn 0.0556 -0.9693 0.2397
vn 0.2298 0.9451 0.2325
vn 0.0060 -0.9639 0.2664
vn 0.3070 0.9305 0.1998
vn -0.0477 -0.9580 0.2828
vn 0.2547 0.9347 0.2478
vn -0.1036 -0.9519 0.2883
vn 0.1050 0.9555 0.2755
vn -0.1596 -0.9458 0.2828
vn 0.0506 0.9615 0.2701
vn -0.2133 -0.9400 0.2664
vn -0.0007 0.9671 0.2545
vn -0.2629 -0.9346 0.2397
vn -0.0481 0.9722 0.2290
vn -0.3063 -0.9299 0.2039
vn -0.0896 0.9768 0.1948
vn -0.3419 -0.9260 0.1602
vn -0.1241 0.9805 0.1524
vn -0.3684 -0.9231 0.1103
vn -0.1776 0.9836 0.0317
vn -0.3847 -0.9213 0.0562
vn -0.1562 0.9864 0.0520
vn -0.3903 -0.9207 -0.0000
vn -0.1749 0.9821 0.0698
vn -0.3848 -0.9213 -0.0563
vn -0.1883 0.9804 -0.0575
vn -0.3685 -0.9231 -0.1103
vn -0.1591 0.9823 -0.0986
vn -0.3419 -0.9260 -0.1602
vn -0.1237 0.9805 -0.1530
vn -0.3063 -0.9299 -0.2039
vn -0.0896 0.9768 -0.1948
vn -0.2629 -0.9346 -0.2397
vn -0.0481 0.9722 -0.2290
vn -0.2133 -0.9400 -0.2664
vn -0.0007 0.9671 -0.2545
vn -0.1596 -0.9458 -0.2828
vn 0.0506 0.9615 -0.2701
vn -0.0892 -0.9536 -0.2877
vn -0.0756 -0.9551 -0.2865
vn -0.0620 -0.9565 -0.2850
vn 0.1438 0.9514 -0.2723
vn 0.1309 0.9529 -0.2737
vn 0.1179 0.9542 -0.2749
vn 0.0395 0.3624 -0.9312
vn 0.0679 0.6239 -0.7785
vn 0.0923 0.8481 -0.5218
vn 0.1432 -0.3712 -0.9175
vn 0.0871 -0.6252 -0.7756
vn 0.0134 -0.8487 -0.5287
vn -0.0336 -0.9596 -0.2794
vn -0.0206 -0.9611 -0.2755
vn -0.0076 -0.9624 -0.2714
vn 0.1959 0.9457 -0.2593
vn 0.1834 0.9471 -0.2632
vn 0.1709 0.9484 -0.2669
vn 0.3176 -0.3902 -0.8642
vn 0.2346 -0.6413 -0.7306
vn 0.1139 -0.8596 -0.4980
vn 0.0192 -0.9653 -0.2603
vn 0.0313 -0.9667 -0.2539
vn 0.0432 -0.9680 -0.2473
vn 0.2830 0.9352 -0.2127
vn 0.2514 0.9394 -0.2330
vn 0.2272 0.9422 -0.2462
vn 0.4784 -0.4077 -0.7778
vn 0.3705 -0.6561 -0.6575
vn 0.2066 -0.8697 -0.4482
vn 0.0673 -0.9706 -0.2312
vn 0.0779 -0.9718 -0.2225
vn 0.0884 -0.9729 -0.2138
vn 0.3287 0.9314 -0.1561
vn 0.3458 0.9267 -0.1473
vn 0.3431 0.9259 -0.1583
vn 0.6193 -0.4230 -0.6615
vn 0.4896 -0.6691 -0.5592
vn 0.2878 -0.8786 -0.3812
vn 0.1089 -0.9751 -0.1932
vn 0.1176 -0.9761 -0.1826
vn 0.1261 -0.9770 -0.1720
vn 0.2650 0.9353 -0.2346
vn 0.2581 0.9374 -0.2337
vn 0.2698 0.9387 -0.2144
vn 0.7350 -0.4356 -0.5197
vn 0.5874 -0.6797 -0.4393
vn 0.3544 -0.8858 -0.2995
vn 0.1422 -0.9787 -0.1477
vn 0.1488 -0.9795 -0.1357
vn 0.1551 -0.9801 -0.1236
vn 0.3637 0.9270 -0.0913
vn 0.3407 0.9299 -0.1384
vn 0.3149 0.9319 -0.1798
vn 0.8209 -0.4450 -0.3580
vn 0.6600 -0.6876 -0.3026
vn 0.4040 -0.8912 -0.2063
vn 0.1662 -0.9814 -0.0967
vn 0.1702 -0.9819 -0.0836
vn 0.1741 -0.9822 -0.0704
vn 0.3760 0.9266 -0.0083
vn 0.3857 0.9226 0.0108
vn 0.3892 0.9211 -0.0006
vn 0.8738 -0.4507 -0.1825
vn 0.7048 -0.6925 -0.1543
vn 0.4345 -0.8945 -0.1052
vn 0.1797 -0.9828 -0.0419
vn 0.1812 -0.9830 -0.0282
vn 0.1824 -0.9831 -0.0146
vn 0.3673 0.9231 -0.1142
vn 0.3598 0.9252 -0.1207
vn 0.3583 0.9285 -0.0976
vn 0.8917 -0.4527 -0.0000
vn 0.7199 -0.6941 -0.0000
vn 0.4448 -0.8957 -0.0000
vn 0.1824 -0.9831 0.0146
vn 0.1812 -0.9830 0.0282
vn 0.1797 -0.9828 0.0419
vn 0.3760 0.9260 0.0336
vn 0.3786 0.9256 0.0056
vn 0.3793 0.9247 -0.0328
vn 0.8738 -0.4507 0.1825
vn 0.7048 -0.6925 0.1543
vn 0.4345 -0.8945 0.1052
vn 0.1741 -0.9822 0.0704
vn 0.1702 -0.9819 0.0836
vn 0.1662 -0.9814 0.0967
vn 0.3618 0.9277 0.0923
vn 0.3657 0.9273 0.0798
vn 0.3694 0.9268 0.0673
vn 0.8209 -0.4450 0.3580
vn 0.6600 -0.6876 0.3026
vn 0.4040 -0.8912 0.2063
vn 0.1551 -0.9801 0.1236
vn 0.1488 -0.9795 0.1357
vn 0.1422 -0.9787 0.1477
vn 0.3162 0.9317 0.1789
vn 0.3360 0.9302 0.1476
vn 0.3488 0.9290 0.1237
vn 0.7350 -0.4356 0.5197
vn 0.5874 -0.6797 0.4393
vn 0.3544 -0.8858 0.2995
vn 0.1261 -0.9770 0.1720
vn 0.1176 -0.9761 0.1826
vn 0.1088 -0.9751 0.1932
vn 0.2166 0.9381 0.2703
vn 0.2322 0.9361 0.2643
vn 0.2571 0.9344 0.2464
vn 0.6193 -0.4230 0.6615
vn 0.4896 -0.6691 0.5592
vn 0.2878 -0.8786 0.3812
vn 0.0884 -0.9729 0.2138
vn 0.0779 -0.9718 0.2226
vn 0.0673 -0.9706 0.2312
vn 0.2207 0.9451 0.2410
vn 0.2137 0.9443 0.2501
vn 0.2098 0.9427 0.2595
vn 0.4784 -0.4077 0.7778
vn 0.3705 -0.6561 0.6575
vn 0.2066 -0.8697 0.4482
vn 0.0432 -0.9680 0.2473
vn 0.0313 -0.9667 0.2539
vn 0.0192 -0.9653 0.2603
vn 0.2826 0.9369 0.2059
vn 0.2601 0.9415 0.2143
vn 0.2424 0.9441 0.2236
vn 0.3176 -0.3902 0.8642
vn 0.2346 -0.6413 0.7306
vn 0.1139 -0.8596 0.4980
vn -0.0076 -0.9624 0.2714
vn -0.0206 -0.9611 0.2755
vn -0.0336 -0.9596 0.2794
vn 0.3003 0.9264 0.2272
vn 0.3233 0.9228 0.2097
vn 0.3239 0.9247 0.2001
vn 0.1432 -0.3712 0.9175
vn 0.0871 -0.6252 0.7756
vn 0.0134 -0.8487 0.5287
vn -0.0620 -0.9565 0.2850
vn -0.0756 -0.9551 0.2865
vn -0.0892 -0.9536 0.2877
vn 0.1259 0.9532 0.2748
vn 0.1574 0.9495 0.2715
vn 0.2013 0.9435 0.2633
vn -0.0383 -0.3514 0.9354
vn -0.0663 -0.6085 0.7908
vn -0.0912 -0.8373 0.5391
vn -0.1181 -0.9504 0.2877
vn -0.1317 -0.9490 0.2865
vn -0.1453 -0.9474 0.2850
vn 0.0643 0.9601 0.2723
vn 0.0773 0.9587 0.2737
vn 0.0902 0.9572 0.2749
vn -0.2197 -0.3317 0.9175
vn -0.2196 -0.5918 0.7756
vn -0.1957 -0.8259 0.5287
vn -0.1736 -0.9444 0.2794
vn -0.1867 -0.9430 0.2755
vn -0.1997 -0.9415 0.2714
vn 0.0123 0.9657 0.2593
vn 0.0247 0.9644 0.2632
vn 0.0372 0.9630 0.2669
vn -0.3941 -0.3127 0.8642
vn -0.3671 -0.5758 0.7306
vn -0.2962 -0.8150 0.4980
vn -0.2265 -0.9386 0.2603
vn -0.2386 -0.9373 0.2539
vn -0.2505 -0.9360 0.2473
vn -0.0363 0.9710 0.2363
vn -0.0248 0.9698 0.2426
vn -0.0133 0.9685 0.2486
vn -0.5549 -0.2952 0.7778
vn -0.5030 -0.5610 0.6575
vn -0.3889 -0.8049 0.4482
vn -0.2746 -0.9334 0.2312
vn -0.2852 -0.9323 0.2225
vn -0.2957 -0.9311 0.2138
vn -0.0794 0.9757 0.2042
vn -0.0694 0.9747 0.2126
vn -0.0593 0.9735 0.2208
vn -0.6958 -0.2798 0.6614
vn -0.6221 -0.5480 0.5592
vn -0.4701 -0.7960 0.3812
vn -0.3161 -0.9288 0.1932
vn -0.3249 -0.9279 0.1826
vn -0.3334 -0.9270 0.1720
vn -0.1155 0.9796 0.1643
vn -0.1073 0.9788 0.1745
vn -0.0990 0.9778 0.1845
vn -0.8115 -0.2672 0.5197
vn -0.7199 -0.5374 0.4393
vn -0.5368 -0.7888 0.2995
vn -0.3495 -0.9252 0.1477
vn -0.3561 -0.9246 0.1357
vn -0.3624 -0.9238 0.1236
vn -0.1629 0.9837 0.0757
vn -0.1475 0.9828 0.1109
vn -0.1344 0.9816 0.1357
vn -0.8974 -0.2579 0.3580
vn -0.7925 -0.5295 0.3026
vn -0.5863 -0.7834 0.2063
vn -0.3735 -0.9226 0.0967
vn -0.3775 -0.9222 0.0836
vn -0.3814 -0.9217 0.0704
vn -0.1679 0.9858 0.0077
vn -0.1787 0.9838 -0.0129
vn -0.1834 0.9830 -0.0040
vn -0.9504 -0.2521 0.1824
vn -0.8373 -0.5246 0.1543
vn -0.6168 -0.7801 0.1052
vn -0.3870 -0.9211 0.0419
vn -0.3885 -0.9210 0.0282
vn -0.3897 -0.9208 0.0146
vn -0.1633 0.9805 0.1092
vn -0.1535 0.9810 0.1185
vn -0.1505 0.9838 0.0970
vn -0.9709 -0.2393 -0.0070
vn -0.8545 -0.5194 -0.0021
vn -0.6277 -0.7785 -0.0003
vn -0.3897 -0.9208 -0.0146
vn -0.3886 -0.9210 -0.0282
vn -0.3871 -0.9211 -0.0419
vn -0.1888 0.9810 -0.0445
vn -0.1869 0.9822 -0.0195
vn -0.1827 0.9830 0.0198
vn -0.9595 -0.2123 -0.1852
vn -0.8448 -0.5119 -0.1560
vn -0.6188 -0.7784 -0.1056
vn -0.3815 -0.9217 -0.0704
vn -0.3776 -0.9222 -0.0836
vn -0.3735 -0.9226 -0.0967
vn -0.1694 0.9820 -0.0839
vn -0.1782 0.9813 -0.0728
vn -0.1848 0.9806 -0.0648
vn -0.9025 -0.2468 -0.3530
vn -0.7953 -0.5259 -0.3016
vn -0.5869 -0.7829 -0.2062
vn -0.3624 -0.9238 -0.1236
vn -0.3561 -0.9246 -0.1357
vn -0.3495 -0.9252 -0.1477
vn -0.1315 0.9813 -0.1406
vn -0.1394 0.9820 -0.1278
vn -0.1485 0.9823 -0.1140
vn -0.8115 -0.2672 -0.5196
vn -0.7199 -0.5374 -0.4393
vn -0.5368 -0.7888 -0.2995
vn -0.3334 -0.9270 -0.1720
vn -0.3249 -0.9279 -0.1826
vn -0.3161 -0.9288 -0.1932
vn -0.0990 0.9778 -0.1845
vn -0.1073 0.9788 -0.1745
vn -0.1155 0.9796 -0.1643
vn -0.6958 -0.2798 -0.6615
vn -0.6221 -0.5480 -0.5592
vn -0.4701 -0.7960 -0.3812
vn -0.2957 -0.9311 -0.2138
vn -0.2852 -0.9323 -0.2226
vn -0.2746 -0.9334 -0.2312
vn -0.0593 0.9735 -0.2208
vn -0.0694 0.9747 -0.2126
vn -0.0794 0.9757 -0.2042
vn -0.5549 -0.2952 -0.7778
vn -0.5030 -0.5610 -0.6575
vn -0.3889 -0.8049 -0.4482
vn -0.2505 -0.9360 -0.2473
vn -0.2386 -0.9373 -0.2539
vn -0.2265 -0.9386 -0.2603
vn -0.0133 0.9685 -0.2486
vn -0.0248 0.9698 -0.2426
vn -0.0363 0.9710 -0.2363
vn -0.3941 -0.3127 -0.8642
vn -0.3671 -0.5758 -0.7306
vn -0.2962 -0.8150 -0.4980
vn -0.1997 -0.9415 -0.2714
vn -0.1867 -0.9430 -0.2755
vn -0.1736 -0.9444 -0.2794
vn 0.0372 0.9630 -0.2669
vn 0.0247 0.9644 -0.2632
vn 0.0123 0.9657 -0.2593
vn -0.2197 -0.3317 -0.9175
vn -0.2196 -0.5918 -0.7756
vn -0.1957 -0.8259 -0.5287
vn -0.1453 -0.9474 -0.2850
vn -0.1317 -0.9490 -0.2865
vn -0.1181 -0.9504 -0.2877
vn 0.0902 0.9572 -0.2749
vn 0.0773 0.9587 -0.2737
vn 0.0643 0.9601 -0.2723
vn -0.0912 -0.8373 -0.5391
vn -0.0663 -0.6085 -0.7908
vn -0.0383 -0.3514 -0.9354
vn -0.0092 -0.0847 -0.9964
vn -0.0000 0.0001 -1.0000
vn 0.0094 0.0860 -0.9963
vn 0.1935 0.8371 -0.5117
vn 0.2189 0.6075 -0.7636
vn 0.2201 0.3427 -0.9133
vn 0.2026 0.0649 -0.9771
vn 0.1940 -0.0210 -0.9808
vn 0.1840 -0.1057 -0.9772
vn 0.2917 0.8264 -0.4817
vn 0.3649 0.5917 -0.7189
vn 0.3942 0.3239 -0.8600
vn 0.3885 0.0448 -0.9204
vn 0.3805 -0.0413 -0.9239
vn 0.3698 -0.1259 -0.9205
vn 0.4428 0.8170 -0.3695
vn 0.5513 0.6027 -0.5769
vn 0.5948 0.3503 -0.7235
vn 0.5729 0.0489 -0.8182
vn 0.5576 -0.0496 -0.8287
vn 0.5425 -0.1415 -0.8281
vn 0.4234 0.8490 -0.3161
vn 0.5577 0.6854 -0.4683
vn 0.6558 0.4678 -0.5925
vn 0.7121 0.1005 -0.6948
vn 0.7072 -0.0356 -0.7061
vn 0.6933 -0.1490 -0.7051
vn 0.4558 0.8198 -0.3465
vn 0.6375 0.6064 -0.4753
vn 0.7591 0.3517 -0.5478
vn 0.8255 0.0313 -0.5635
vn 0.8254 -0.0743 -0.5596
vn 0.8146 -0.1698 -0.5547
vn 0.5833 0.8036 -0.1187
vn 0.7834 0.5823 -0.2172
vn 0.8978 0.3242 -0.2981
vn 0.9297 0.0135 -0.3680
vn 0.9214 -0.0876 -0.3785
vn 0.9070 -0.1807 -0.3805
vn 0.5411 0.8362 -0.0891
vn 0.7344 0.6659 -0.1310
vn 0.8813 0.4428 -0.1648
vn 0.9788 0.0712 -0.1920
vn 0.9786 -0.0653 -0.1949
vn 0.9645 -0.1785 -0.1946
vn 0.5922 0.8008 -0.0895
vn 0.8140 0.5749 -0.0830
vn 0.9478 0.3132 -0.0597
vn 0.9999 0.0031 -0.0149
vn 0.9953 -0.0969 -0.0051
vn 0.9819 -0.1892 -0.0011
vn 0.6012 0.7927 0.1009
vn 0.8271 0.5414 0.1510
vn 0.9475 0.2637 0.1811
vn 0.9808 -0.0197 0.1942
vn 0.9751 -0.1060 0.1950
vn 0.9623 -0.1904 0.1944
vn 0.5712 0.7959 0.2005
vn 0.7826 0.5462 0.2986
vn 0.8945 0.2694 0.3568
vn 0.9243 -0.0136 0.3814
vn 0.9185 -0.0998 0.3827
vn 0.9059 -0.1843 0.3813
vn 0.4617 0.8147 0.3509
vn 0.6465 0.5914 0.4820
vn 0.7652 0.3302 0.5527
vn 0.8256 0.0205 0.5639
vn 0.8250 -0.0791 0.5595
vn 0.8143 -0.1712 0.5546
vn 0.3157 0.8640 0.3921
vn 0.4483 0.7242 0.5240
vn 0.5728 0.5264 0.6284
vn 0.6947 0.1329 0.7069
vn 0.7026 -0.0212 0.7112
vn 0.6927 -0.1448 0.7066
vn 0.2986 0.8897 0.3452
vn 0.3817 0.7897 0.4803
vn 0.4651 0.6320 0.6198
vn 0.5572 0.2109 0.8032
vn 0.5581 0.0238 0.8294
vn 0.5445 -0.1201 0.8301
vn 0.3650 0.8673 0.3384
vn 0.4128 0.7538 0.5112
vn 0.4365 0.5843 0.6842
vn 0.4151 0.1914 0.8894
vn 0.3937 0.0254 0.9189
vn 0.3741 -0.1063 0.9213
vn 0.2995 0.8332 0.4648
vn 0.3170 0.6360 0.7036
vn 0.2942 0.3963 0.8697
vn 0.2236 0.0938 0.9702
vn 0.2017 -0.0078 0.9794
vn 0.1859 -0.1018 0.9773
vn 0.0935 0.8480 0.5218
vn 0.0690 0.6239 0.7784
vn 0.0402 0.3625 0.9311
vn 0.0096 0.0860 0.9962
vn 0.0001 0.0002 1.0000
vn -0.0092 -0.0847 0.9964
vn -0.0089 0.8591 0.5117
vn -0.0831 0.6403 0.7636
vn -0.1412 0.3820 0.9133
vn -0.1839 0.1070 0.9771
vn -0.1939 0.0212 0.9808
vn -0.2025 -0.0636 0.9772
vn -0.1062 0.8697 0.4821
vn -0.2283 0.6561 0.7193
vn -0.3148 0.4009 0.8603
vn -0.3697 0.1272 0.9204
vn -0.3804 0.0415 0.9239
vn -0.3883 -0.0434 0.9205
vn -0.1958 0.8795 0.4338
vn -0.3621 0.6707 0.6473
vn -0.4749 0.4184 0.7743
vn -0.5409 0.1459 0.8284
vn -0.5523 0.0603 0.8315
vn -0.5595 -0.0248 0.8284
vn -0.2744 0.8880 0.3689
vn -0.4794 0.6835 0.5505
vn -0.6151 0.4336 0.6585
vn -0.6910 0.1622 0.7045
vn -0.7029 0.0767 0.7071
vn -0.7096 -0.0084 0.7045
vn -0.3395 0.8951 0.2891
vn -0.5760 0.6941 0.4318
vn -0.7305 0.4464 0.5168
vn -0.8142 0.1757 0.5534
vn -0.8266 0.0902 0.5555
vn -0.8328 0.0050 0.5535
vn -0.4021 0.9090 0.1095
vn -0.6463 0.7339 0.2092
vn -0.8122 0.5048 0.2924
vn -0.9063 0.2107 0.3665
vn -0.9191 0.1115 0.3780
vn -0.9247 0.0183 0.3804
vn -0.3486 0.9330 0.0888
vn -0.5741 0.8083 0.1305
vn -0.7656 0.6220 0.1642
vn -0.9407 0.2802 0.1915
vn -0.9698 0.1469 0.1945
vn -0.9804 0.0333 0.1943
vn -0.4209 0.9046 0.0669
vn -0.6890 0.7235 0.0415
vn -0.8681 0.4964 0.0027
vn -0.9712 0.2344 -0.0421
vn -0.9886 0.1455 -0.0397
vn -0.9982 0.0535 -0.0286
vn -0.4669 0.8774 -0.1102
vn -0.7454 0.6470 -0.1604
vn -0.8946 0.4068 -0.1850
vn -0.9485 0.2513 -0.1928
vn -0.9602 0.2007 -0.1941
vn -0.9735 0.1197 -0.1951
vn -0.4095 0.8939 -0.1823
vn -0.6777 0.6867 -0.2629
vn -0.8435 0.4422 -0.3048
vn -0.9225 0.2042 -0.3274
vn -0.9314 0.1280 -0.3409
vn -0.9341 0.0432 -0.3544
vn -0.3391 0.8950 -0.2897
vn -0.5759 0.6939 -0.4322
vn -0.7306 0.4461 -0.5169
vn -0.8144 0.1757 -0.5530
vn -0.8268 0.0902 -0.5552
vn -0.8330 0.0051 -0.5533
vn -0.2744 0.8880 -0.3689
vn -0.4794 0.6835 -0.5505
vn -0.6151 0.4336 -0.6585
vn -0.6910 0.1622 -0.7045
vn -0.7029 0.0767 -0.7071
vn -0.7096 -0.0084 -0.7045
vn -0.1958 0.8794 -0.4338
vn -0.3621 0.6707 -0.6473
vn -0.4749 0.4184 -0.7743
vn -0.5409 0.1459 -0.8284
vn -0.5523 0.0603 -0.8315
vn -0.5595 -0.0248 -0.8284
vn -0.1062 0.8697 -0.4821
vn -0.2283 0.6561 -0.7193
vn -0.3148 0.4009 -0.8603
vn -0.3696 0.1272 -0.9204
vn -0.3804 0.0415 -0.9239
vn -0.3883 -0.0434 -0.9205
vn -0.0089 0.8591 -0.5117
vn -0.0831 0.6403 -0.7636
vn -0.1411 0.3820 -0.9133
vn -0.1839 0.1070 -0.9771
vn -0.1939 0.0212 -0.9808
vn -0.2025 -0.0636 -0.9772
vn -0.1632 -0.1663 -0.9725
vn -0.1156 -0.1714 -0.9784
vn -0.0678 -0.1766 -0.9819
vn -0.1229 0.2021 -0.9716
vn -0.0754 0.1969 -0.9775
vn -0.0276 0.1917 -0.9811
vn -0.3490 -0.1460 -0.9257
vn -0.3035 -0.1510 -0.9408
vn -0.2573 -0.1560 -0.9537
vn -0.3086 0.2223 -0.9248
vn -0.2632 0.2173 -0.9400
vn -0.2170 0.2123 -0.9528
vn -0.5222 -0.1272 -0.8433
vn -0.4805 -0.1317 -0.8670
vn -0.4377 -0.1364 -0.8887
vn -0.4817 0.2411 -0.8425
vn -0.4400 0.2366 -0.8663
vn -0.3972 0.2319 -0.8879
vn -0.6761 -0.1104 -0.7285
vn -0.6398 -0.1144 -0.7600
vn -0.6020 -0.1185 -0.7896
vn -0.6354 0.2579 -0.7278
vn -0.5992 0.2539 -0.7593
vn -0.5614 0.2498 -0.7889
vn -0.8048 -0.0964 -0.5857
vn -0.7753 -0.0996 -0.6237
vn -0.7440 -0.1030 -0.6602
vn -0.7640 0.2719 -0.5852
vn -0.7345 0.2687 -0.6231
vn -0.7032 0.2652 -0.6596
vn -0.9078 -0.0761 -0.4124
vn -0.8840 -0.0846 -0.4599
vn -0.8588 -0.0898 -0.5043
vn -0.8774 0.2841 -0.3866
vn -0.8486 0.2811 -0.4482
vn -0.8199 0.2780 -0.5006
vn -0.9734 -0.0090 -0.2289
vn -0.9630 -0.0246 -0.2684
vn -0.9486 -0.0442 -0.3133
vn -0.9375 0.2903 -0.1918
vn -0.9335 0.2896 -0.2116
vn -0.9230 0.2885 -0.2547
vn -0.9968 -0.0388 -0.0696
vn -0.9929 -0.0213 -0.1173
vn -0.9873 -0.0074 -0.1584
vn -0.9445 0.3101 -0.1083
vn -0.9409 0.2971 -0.1628
vn -0.9377 0.2918 -0.1888
vn -0.9869 -0.0745 0.1430
vn -0.9932 -0.0717 0.0922
vn -0.9971 -0.0656 0.0389
vn -0.8908 0.4256 0.1593
vn -0.9092 0.3993 0.1178
vn -0.9293 0.3654 0.0540
vn -0.9401 -0.0809 0.3311
vn -0.9552 -0.0790 0.2853
vn -0.9680 -0.0773 0.2389
vn -0.8883 0.3609 0.2842
vn -0.8867 0.3967 0.2376
vn -0.8820 0.4246 0.2045
vn -0.8581 -0.0906 0.5054
vn -0.8818 -0.0880 0.4634
vn -0.9033 -0.0855 0.4203
vn -0.8183 0.2793 0.5025
vn -0.8432 0.2871 0.4545
vn -0.8651 0.3021 0.4005
vn -0.7440 -0.1030 0.6602
vn -0.7753 -0.0996 0.6237
vn -0.8048 -0.0964 0.5857
vn -0.7032 0.2652 0.6596
vn -0.7345 0.2687 0.6231
vn -0.7640 0.2719 0.5852
vn -0.6020 -0.1185 0.7896
vn -0.6398 -0.1144 0.7600
vn -0.6761 -0.1104 0.7285
vn -0.5614 0.2498 0.7889
vn -0.5992 0.2539 0.7593
vn -0.6354 0.2579 0.7278
vn -0.4377 -0.1364 0.8887
vn -0.4805 -0.1317 0.8670
vn -0.5222 -0.1272 0.8433
vn -0.3972 0.2319 0.8879
vn -0.4400 0.2366 0.8663
vn -0.4817 0.2411 0.8425
vn -0.2573 -0.1560 0.9537
vn -0.3035 -0.1510 0.9408
vn -0.3490 -0.1460 0.9257
vn -0.2170 0.2123 0.9528
vn -0.2632 0.2173 0.9400
vn -0.3086 0.2223 0.9248
vn -0.0678 -0.1766 0.9819
vn -0.1156 -0.1714 0.9784
vn -0.1632 -0.1663 0.9725
vn -0.0277 0.1917 0.9811
vn -0.0754 0.1969 0.9775
vn -0.1229 0.2021 0.9716
vn 0.1237 -0.1973 0.9725
vn 0.0760 -0.1922 0.9784
vn 0.0282 -0.1871 0.9819
vn 0.1894 0.1918 0.9630
vn 0.1278 0.1830 0.9748
vn 0.0718 0.1827 0.9805
vn 0.3099 -0.2158 0.9259
vn 0.2643 -0.2114 0.9410
vn 0.2180 -0.2069 0.9538
vn 0.4066 0.3438 0.8465
vn 0.3686 0.2963 0.8811
vn 0.3175 0.2500 0.9147
vn 0.4832 -0.2337 0.8437
vn 0.4415 -0.2292 0.8675
vn 0.3987 -0.2247 0.8891
vn 0.5011 0.4325 0.7495
vn 0.4768 0.4286 0.7674
vn 0.4548 0.4131 0.7890
vn 0.6369 -0.2511 0.7289
vn 0.6007 -0.2468 0.7604
vn 0.5630 -0.2425 0.7901
vn 0.6213 0.3564 0.6979
vn 0.5883 0.3879 0.7095
vn 0.5572 0.4113 0.7214
vn 0.7653 -0.2667 0.5859
vn 0.7359 -0.2631 0.6239
vn 0.7046 -0.2592 0.6605
vn 0.7721 0.1775 0.6102
vn 0.7318 0.2232 0.6439
vn 0.6926 0.2715 0.6682
vn 0.8637 -0.2780 0.4204
vn 0.8421 -0.2756 0.4635
vn 0.8185 -0.2730 0.5055
vn 0.9018 0.0919 0.4222
vn 0.8772 0.0993 0.4698
vn 0.8473 0.1143 0.5187
vn 0.9283 -0.2851 0.2389
vn 0.9155 -0.2837 0.2854
vn 0.9004 -0.2821 0.3312
vn 0.9675 0.0833 0.2387
vn 0.9547 0.0847 0.2851
vn 0.9397 0.0864 0.3309
vn 0.9564 -0.2880 0.0482
vn 0.9529 -0.2877 0.0963
vn 0.9470 -0.2871 0.1442
vn 0.9946 0.0996 0.0284
vn 0.9924 0.0873 0.0872
vn 0.9865 0.0828 0.1413
vn 0.9473 -0.2858 -0.1443
vn 0.9531 -0.2867 -0.0965
vn 0.9566 -0.2875 -0.0484
vn 0.9607 0.2240 -0.1642
vn 0.9717 0.1944 -0.1343
vn 0.9834 0.1571 -0.0903
vn 0.9007 -0.2813 -0.3311
vn 0.9158 -0.2827 -0.2853
vn 0.9287 -0.2838 -0.2389
vn 0.9442 0.1634 -0.2860
vn 0.9509 0.1974 -0.2384
vn 0.9526 0.2251 -0.2047
vn 0.8186 -0.2728 -0.5055
vn 0.8422 -0.2755 -0.4635
vn 0.8638 -0.2778 -0.4204
vn 0.8454 0.1321 -0.5176
vn 0.8777 0.1183 -0.4643
vn 0.9060 0.1188 -0.4062
vn 0.7047 -0.2594 -0.6604
vn 0.7359 -0.2630 -0.6239
vn 0.7653 -0.2665 -0.5859
vn 0.7170 0.2547 -0.6488
vn 0.7416 0.2283 -0.6307
vn 0.7736 0.1930 -0.6036
vn 0.5627 -0.2446 -0.7897
vn 0.6006 -0.2484 -0.7600
vn 0.6369 -0.2520 -0.7286
vn 0.6331 0.1933 -0.7495
vn 0.6653 0.2255 -0.7117
vn 0.6864 0.2522 -0.6821
vn 0.3981 -0.2273 -0.8887
vn 0.4410 -0.2320 -0.8670
vn 0.4827 -0.2364 -0.8433
vn 0.4403 0.1422 -0.8865
vn 0.4884 0.1420 -0.8610
vn 0.5386 0.1487 -0.8293
vn 0.2177 -0.2077 -0.9537
vn 0.2639 -0.2127 -0.9408
vn 0.3094 -0.2177 -0.9257
vn 0.2576 0.1606 -0.9528
vn 0.3038 0.1556 -0.9400
vn 0.3492 0.1507 -0.9248
vn 0.0282 -0.1871 -0.9819
vn 0.0760 -0.1923 -0.9784
vn 0.1236 -0.1975 -0.9725
vn 0.0683 0.1813 -0.9811
vn 0.1160 0.1761 -0.9775
vn 0.1635 0.1709 -0.9716
vn -0.1071 -0.9942 -0.0013
vn -0.1082 -0.9941 -0.0008
vn -0.1091 -0.9940 -0.0015
vn 0.1074 0.9942 -0.0014
vn 0.1083 0.9941 -0.0007
vn 0.1093 0.9940 -0.0012
vn -0.1069 -0.9943 -0.0011
vn -0.1080 -0.9942 -0.0008
vn -0.1088 -0.9941 -0.0016
vn 0.1080 0.9942 -0.0014
vn 0.1086 0.9941 -0.0006
vn 0.1095 0.9940 -0.0010
vn -0.1067 -0.9943 -0.0008
vn -0.1079 -0.9942 -0.0007
vn -0.1084 -0.9941 -0.0017
vn 0.1250 0.9921 0.0074
vn 0.1163 0.9932 0.0036
vn 0.1122 0.9937 0.0006
vn -0.1066 -0.9943 -0.0005
vn -0.1077 -0.9942 -0.0006
vn -0.1081 -0.9941 -0.0017
vn 0.1299 0.9915 -0.0008
vn 0.1352 0.9908 0.0097
vn 0.1408 0.9899 0.0153
vn -0.1065 -0.9943 -0.0001
vn -0.1076 -0.9942 -0.0005
vn -0.1078 -0.9942 -0.0017
vn 0.0954 0.9949 -0.0320
vn 0.1019 0.9945 -0.0247
vn 0.1134 0.9934 -0.0178
vn -0.1065 -0.9943 0.0002
vn -0.1075 -0.9942 -0.0004
vn -0.1075 -0.9942 -0.0015
vn 0.1160 0.9932 0.0099
vn 0.1084 0.9941 -0.0031
vn 0.1027 0.9946 -0.0165
vn -0.1066 -0.9943 0.0005
vn -0.1075 -0.9942 -0.0002
vn -0.1072 -0.9942 -0.0013
vn 0.1265 0.9919 0.0093
vn 0.1251 0.9919 0.0217
vn 0.1265 0.9915 0.0292
vn -0.1067 -0.9943 0.0008
vn -0.1074 -0.9942 -0.0001
vn 0.1138 0.9928 -0.0364
vn 0.1155 0.9929 -0.0277
vn 0.1215 0.9925 -0.0160
vn -0.1069 -0.9943 0.0011
vn -0.1074 -0.9942 0.0001
vn 0.1099 0.9939 -0.0037
vn 0.1098 0.9939 -0.0089
vn 0.1115 0.9936 -0.0187
vn -0.1072 -0.9942 0.0013
vn -0.1075 -0.9942 0.0002
vn 0.1096 0.9940 -0.0003
vn 0.1089 0.9941 0.0002
vn 0.1092 0.9940 0.0010
vn -0.1075 -0.9942 0.0015
vn -0.1075 -0.9942 0.0004
vn -0.1065 -0.9943 -0.0002
vn 0.1008 0.9948 0.0168
vn 0.1047 0.9945 0.0081
vn 0.1077 0.9942 0.0039
vn -0.1078 -0.9942 0.0017
vn -0.1076 -0.9942 0.0005
vn -0.1065 -0.9943 0.0001
vn 0.0913 0.9949 0.0432
vn 0.0906 0.9952 0.0365
vn 0.0908 0.9952 0.0354
vn -0.1081 -0.9941 0.0017
vn -0.1077 -0.9942 0.0006
vn 0.1156 0.9928 0.0319
vn 0.1032 0.9941 0.0345
vn 0.0927 0.9946 0.0469
vn -0.1084 -0.9941 0.0017
vn -0.1079 -0.9942 0.0007
vn 0.1540 0.9880 0.0103
vn 0.1331 0.9910 0.0168
vn 0.1202 0.9923 0.0298
vn -0.1088 -0.9941 0.0016
vn -0.1080 -0.9942 0.0008
vn 0.1586 0.9873 -0.0034
vn 0.1574 0.9875 -0.0020
vn 0.1604 0.9870 0.0036
vn -0.1091 -0.9940 0.0015
vn -0.1082 -0.9941 0.0008
vn -0.1071 -0.9942 0.0013
vn 0.1129 0.9936 0.0009
vn 0.1197 0.9928 -0.0005
vn 0.1326 0.9912 -0.0011
vn -0.1093 -0.9940 0.0013
vn -0.1083 -0.9941 0.0008
vn -0.1074 -0.9942 0.0015
vn 0.1090 0.9940 0.0014
vn 0.1083 0.9941 0.0007
vn 0.1075 0.9942 0.0012
vn -0.1096 -0.9940 0.0011
vn -0.1085 -0.9941 0.0008
vn -0.1077 -0.9942 0.0016
vn 0.1087 0.9941 0.0015
vn 0.1080 0.9941 0.0007
vn 0.1070 0.9943 0.0010
vn -0.1098 -0.9940 0.0008
vn -0.1086 -0.9941 0.0007
vn -0.1080 -0.9941 0.0017
vn 0.1084 0.9941 0.0016
vn 0.1079 0.9942 0.0007
vn 0.1068 0.9943 0.0007
vn -0.1099 -0.9939 0.0005
vn -0.1087 -0.9941 0.0006
vn 0.1081 0.9941 0.0016
vn 0.1078 0.9942 0.0006
vn 0.1067 0.9943 0.0004
vn -0.1099 -0.9939 0.0001
vn -0.1088 -0.9941 0.0005
vn -0.1087 -0.9941 0.0017
vn 0.1077 0.9942 0.0013
vn 0.1076 0.9942 0.0003
vn 0.1066 0.9943 0.0001
vn -0.1099 -0.9939 -0.0002
vn -0.1089 -0.9940 0.0004
vn -0.1090 -0.9940 0.0015
vn 0.0981 0.9950 -0.0160
vn 0.1034 0.9946 -0.0077
vn 0.1053 0.9944 -0.0027
vn -0.1099 -0.9939 -0.0005
vn -0.1090 -0.9940 0.0002
vn 0.0899 0.9959 -0.0096
vn 0.0909 0.9956 -0.0228
vn 0.0891 0.9955 -0.0314
vn -0.1097 -0.9940 -0.0008
vn -0.1090 -0.9940 0.0001
vn -0.1095 -0.9940 0.0011
vn 0.1025 0.9941 0.0364
vn 0.1009 0.9945 0.0277
vn 0.0949 0.9954 0.0160
vn -0.1095 -0.9940 -0.0011
vn -0.1090 -0.9940 -0.0001
vn -0.1097 -0.9940 0.0008
vn 0.1065 0.9943 0.0037
vn 0.1066 0.9943 0.0089
vn 0.1049 0.9943 0.0186
vn -0.1093 -0.9940 -0.0013
vn -0.1090 -0.9940 -0.0002
vn 0.1067 0.9943 0.0006
vn 0.1075 0.9942 -0.0001
vn 0.1072 0.9942 -0.0010
vn -0.1090 -0.9940 -0.0015
vn -0.1089 -0.9940 -0.0004
vn -0.1099 -0.9939 0.0002
vn 0.1066 0.9943 0.0002
vn 0.1076 0.9942 -0.0003
vn 0.1075 0.9942 -0.0015
vn -0.1087 -0.9941 -0.0017
vn -0.1088 -0.9941 -0.0005
vn -0.1099 -0.9939 -0.0001
vn 0.1066 0.9943 -0.0001
vn 0.1077 0.9942 -0.0005
vn 0.1078 0.9942 -0.0016
vn -0.1087 -0.9941 -0.0006
vn 0.1067 0.9943 -0.0004
vn 0.1078 0.9942 -0.0006
vn 0.1081 0.9941 -0.0016
vn -0.1080 -0.9941 -0.0017
vn -0.1086 -0.9941 -0.0007
vn -0.1098 -0.9940 -0.0008
vn 0.1068 0.9943 -0.0007
vn 0.1079 0.9942 -0.0007
vn 0.1084 0.9941 -0.0016
vn -0.1077 -0.9942 -0.0016
vn -0.1085 -0.9941 -0.0008
vn -0.1096 -0.9940 -0.0011
vn 0.1070 0.9943 -0.0010
vn 0.1080 0.9941 -0.0007
vn 0.1087 0.9941 -0.0015
vn -0.1074 -0.9942 -0.0015
vn -0.1083 -0.9941 -0.0008
vn 0.1072 0.9942 -0.0012
vn 0.1082 0.9941 -0.0007
vn 0.1090 0.9940 -0.0014
vn -0.0823 -0.9886 -0.1264
vn -0.0980 -0.9939 -0.0509
vn -0.1049 -0.9943 -0.0167
vn -0.1082 -0.9940 -0.0170
vn -0.1081 -0.9928 -0.0518
vn -0.1073 -0.9858 -0.1289
vn 0.1074 0.9866 -0.1225
vn 0.1081 0.9929 -0.0493
vn 0.1082 0.9940 -0.0161
vn 0.1113 0.9937 -0.0158
vn 0.1177 0.9919 -0.0483
vn 0.1312 0.9840 -0.1202
vn -0.0583 -0.9912 -0.1191
vn -0.0884 -0.9949 -0.0479
vn -0.1018 -0.9947 -0.0157
vn 0.1148 0.9933 -0.0147
vn 0.1273 0.9908 -0.0453
vn 0.1546 0.9815 -0.1130
vn -0.0362 -0.9936 -0.1072
vn -0.0795 -0.9959 -0.0431
vn -0.0988 -0.9950 -0.0141
vn 0.1521 0.9884 0.0034
vn 0.1790 0.9837 -0.0195
vn 0.2290 0.9707 -0.0724
vn -0.0167 -0.9957 -0.0911
vn -0.0716 -0.9968 -0.0367
vn -0.0963 -0.9953 -0.0120
vn 0.1375 0.9902 -0.0234
vn 0.1631 0.9854 -0.0478
vn 0.2117 0.9726 -0.0956
vn -0.0008 -0.9974 -0.0716
vn -0.0652 -0.9975 -0.0288
vn -0.0942 -0.9955 -0.0094
vn 0.1068 0.9933 -0.0451
vn 0.1296 0.9889 -0.0725
vn 0.1811 0.9757 -0.1233
vn 0.0110 -0.9987 -0.0493
vn -0.0605 -0.9980 -0.0198
vn -0.0926 -0.9957 -0.0065
vn 0.1421 0.9896 0.0238
vn 0.1770 0.9840 0.0191
vn 0.2472 0.9690 0.0024
vn 0.0183 -0.9995 -0.0251
vn -0.0575 -0.9983 -0.0101
vn -0.0917 -0.9958 -0.0033
vn 0.1446 0.9895 -0.0073
vn 0.1791 0.9837 -0.0143
vn 0.2454 0.9690 -0.0277
vn 0.0208 -0.9998 -0.0000
vn -0.0565 -0.9984 -0.0000
vn -0.0913 -0.9958 -0.0000
vn 0.1298 0.9907 -0.0397
vn 0.1637 0.9852 -0.0498
vn 0.2348 0.9700 -0.0633
vn 0.0183 -0.9995 0.0251
vn -0.0575 -0.9983 0.0101
vn -0.0917 -0.9958 0.0033
vn 0.1240 0.9923 0.0027
vn 0.1563 0.9877 0.0091
vn 0.2271 0.9736 0.0233
vn 0.0110 -0.9987 0.0493
vn -0.0605 -0.9980 0.0198
vn -0.0926 -0.9957 0.0065
vn 0.1229 0.9924 0.0066
vn 0.1532 0.9880 0.0193
vn 0.2198 0.9744 0.0475
vn -0.0008 -0.9974 0.0716
vn -0.0652 -0.9975 0.0288
vn -0.0942 -0.9955 0.0094
vn 0.1047 0.9935 0.0440
vn 0.1274 0.9893 0.0711
vn 0.1794 0.9762 0.1220
vn -0.0167 -0.9957 0.0911
vn -0.0716 -0.9968 0.0367
vn -0.0963 -0.9953 0.0120
vn 0.0971 0.9924 0.0754
vn 0.1118 0.9873 0.1128
vn 0.1446 0.9741 0.1736
vn -0.0362 -0.9936 0.1072
vn -0.0795 -0.9959 0.0431
vn -0.0988 -0.9950 0.0141
vn 0.1312 0.9896 0.0591
vn 0.1499 0.9842 0.0941
vn 0.1809 0.9721 0.1495
vn -0.0583 -0.9912 0.1191
vn -0.0884 -0.9949 0.0479
vn -0.1018 -0.9947 0.0157
vn 0.1843 0.9825 0.0253
vn 0.2129 0.9756 0.0544
vn 0.2539 0.9612 0.1077
vn -0.0823 -0.9886 0.1264
vn -0.0980 -0.9939 0.0508
vn -0.1049 -0.9943 0.0167
vn 0.1625 0.9866 0.0130
vn 0.1817 0.9823 0.0443
vn 0.2115 0.9710 0.1116
vn -0.1073 -0.9858 0.1289
vn -0.1081 -0.9928 0.0518
vn -0.1082 -0.9940 0.0170
vn 0.1088 0.9939 0.0161
vn 0.1088 0.9928 0.0493
vn 0.1082 0.9865 0.1226
vn -0.1323 -0.9831 0.1264
vn -0.1181 -0.9917 0.0508
vn -0.1115 -0.9936 0.0167
vn 0.1051 0.9943 0.0158
vn 0.0985 0.9940 0.0483
vn 0.0837 0.9892 0.1202
vn -0.1564 -0.9805 0.1191
vn -0.1278 -0.9906 0.0479
vn -0.1147 -0.9933 0.0157
vn 0.1021 0.9947 0.0149
vn 0.0894 0.9950 0.0455
vn 0.0608 0.9917 0.1132
vn -0.1785 -0.9781 0.1072
vn -0.1367 -0.9897 0.0431
vn -0.1176 -0.9930 0.0141
vn 0.0993 0.9950 0.0134
vn 0.0809 0.9959 0.0410
vn 0.0397 0.9940 0.1019
vn -0.1979 -0.9760 0.0911
vn -0.1445 -0.9888 0.0367
vn -0.1202 -0.9927 0.0120
vn 0.0969 0.9952 0.0114
vn 0.0735 0.9967 0.0348
vn 0.0213 0.9960 0.0867
vn -0.2139 -0.9742 0.0716
vn -0.1509 -0.9881 0.0288
vn -0.1223 -0.9925 0.0094
vn 0.0946 0.9955 0.0086
vn 0.0671 0.9974 0.0269
vn 0.0057 0.9977 0.0676
vn -0.2257 -0.9729 0.0493
vn -0.1557 -0.9876 0.0198
vn -0.1238 -0.9923 0.0065
vn 0.0730 0.9969 -0.0283
vn 0.0374 0.9990 -0.0246
vn -0.0350 0.9993 -0.0093
vn -0.2330 -0.9722 0.0251
vn -0.1586 -0.9873 0.0101
vn -0.1248 -0.9922 0.0033
vn 0.0717 0.9974 0.0073
vn 0.0368 0.9992 0.0142
vn -0.0311 0.9991 0.0276
vn -0.2355 -0.9719 -0.0000
vn -0.1596 -0.9872 -0.0000
vn -0.1251 -0.9921 -0.0000
vn 0.0862 0.9955 0.0394
vn 0.0515 0.9975 0.0488
vn -0.0227 0.9979 0.0601
vn -0.2330 -0.9722 -0.0251
vn -0.1586 -0.9873 -0.0101
vn -0.1248 -0.9922 -0.0033
vn 0.0917 0.9958 -0.0028
vn 0.0576 0.9983 -0.0096
vn -0.0197 0.9995 -0.0248
vn -0.2257 -0.9729 -0.0493
vn -0.1557 -0.9876 -0.0198
vn -0.1238 -0.9923 -0.0065
vn 0.0931 0.9956 -0.0060
vn 0.0618 0.9979 -0.0181
vn -0.0085 0.9990 -0.0445
vn -0.2139 -0.9742 -0.0716
vn -0.1509 -0.9881 -0.0288
vn -0.1223 -0.9925 -0.0094
vn 0.0949 0.9954 -0.0090
vn 0.0674 0.9974 -0.0274
vn 0.0061 0.9977 -0.0681
vn -0.1979 -0.9760 -0.0911
vn -0.1445 -0.9888 -0.0367
vn -0.1202 -0.9927 -0.0120
vn 0.0969 0.9952 -0.0114
vn 0.0735 0.9967 -0.0348
vn 0.0213 0.9960 -0.0867
vn -0.1785 -0.9781 -0.1072
vn -0.1367 -0.9897 -0.0431
vn -0.1176 -0.9930 -0.0141
vn 0.0993 0.9950 -0.0134
vn 0.0809 0.9959 -0.0410
vn 0.0397 0.9940 -0.1019
vn -0.1564 -0.9805 -0.1191
vn -0.1278 -0.9906 -0.0479
vn -0.1147 -0.9933 -0.0157
vn 0.1021 0.9947 -0.0149
vn 0.0894 0.9950 -0.0455
vn 0.0608 0.9917 -0.1132
vn -0.1323 -0.9831 -0.1264
vn -0.1181 -0.9917 -0.0508
vn -0.1115 -0.9936 -0.0167
vn 0.1051 0.9943 -0.0158
vn 0.0986 0.9940 -0.0483
vn 0.0837 0.9892 -0.1202
vn 0.0849 0.3574 -0.9301
vn 0.1059 0.6198 -0.7776
vn 0.1178 0.8453 -0.5211
vn 0.1302 0.3525 -0.9267
vn 0.1438 0.6156 -0.7748
vn 0.1432 0.8425 -0.5193
vn 0.1752 0.3476 -0.9211
vn 0.1815 0.6115 -0.7701
vn 0.1684 0.8398 -0.5161
vn 0.2644 0.3379 -0.9033
vn 0.2560 0.6034 -0.7552
vn 0.2184 0.8344 -0.5061
vn 0.3082 0.3331 -0.8911
vn 0.2926 0.5994 -0.7450
vn 0.2429 0.8317 -0.4993
vn 0.3513 0.3284 -0.8768
vn 0.3286 0.5955 -0.7330
vn 0.2671 0.8291 -0.4913
vn 0.4395 0.3206 -0.8391
vn 0.4047 0.5883 -0.7001
vn 0.3205 0.8234 -0.4682
vn 0.4890 0.3212 -0.8110
vn 0.4507 0.5873 -0.6723
vn 0.3568 0.8204 -0.4468
vn 0.5422 0.3298 -0.7728
vn 0.5016 0.5912 -0.6315
vn 0.3995 0.8179 -0.4140
vn 0.6355 0.3829 -0.6705
vn 0.5846 0.6231 -0.5196
vn 0.4707 0.8203 -0.3249
vn 0.6562 0.4209 -0.6263
vn 0.5925 0.6490 -0.4773
vn 0.4733 0.8292 -0.2974
vn 0.6603 0.4528 -0.5992
vn 0.5801 0.6726 -0.4595
vn 0.4547 0.8406 -0.2944
vn 0.6582 0.4596 -0.5963
vn 0.5445 0.6810 -0.4896
vn 0.3989 0.8488 -0.3470
vn 0.6781 0.4310 -0.5954
vn 0.5551 0.6617 -0.5040
vn 0.3968 0.8412 -0.3674
vn 0.7137 0.3915 -0.5808
vn 0.5885 0.6343 -0.5013
vn 0.4177 0.8304 -0.3687
vn 0.8050 0.3210 -0.4990
vn 0.6890 0.5844 -0.4286
vn 0.4987 0.8114 -0.3049
vn 0.8448 0.3048 -0.4398
vn 0.7330 0.5720 -0.3683
vn 0.5366 0.8056 -0.2513
vn 0.8766 0.3055 -0.3719
vn 0.7656 0.5710 -0.2963
vn 0.5658 0.8029 -0.1878
vn 0.9047 0.3581 -0.2309
vn 0.7825 0.6046 -0.1489
vn 0.5843 0.8091 -0.0623
vn 0.8987 0.3978 -0.1846
vn 0.7669 0.6322 -0.1102
vn 0.5722 0.8193 -0.0377
vn 0.8879 0.4301 -0.1635
vn 0.7475 0.6558 -0.1058
vn 0.5552 0.8303 -0.0485
vn 0.8868 0.4300 -0.1695
vn 0.7368 0.6568 -0.1601
vn 0.5385 0.8321 -0.1328
vn 0.9046 0.3963 -0.1566
vn 0.7563 0.6328 -0.1661
vn 0.5500 0.8214 -0.1514
vn 0.9279 0.3532 -0.1198
vn 0.7857 0.6025 -0.1403
vn 0.5707 0.8097 -0.1368
vn 0.9584 0.2851 0.0099
vn 0.8313 0.5557 -0.0119
vn 0.6052 0.7956 -0.0281
vn 0.9599 0.2701 0.0748
vn 0.8365 0.5454 0.0531
vn 0.6087 0.7930 0.0264
vn 0.9554 0.2644 0.1316
vn 0.8337 0.5417 0.1072
vn 0.6062 0.7923 0.0691
vn 0.9374 0.2646 0.2263
vn 0.8187 0.5422 0.1892
vn 0.5955 0.7933 0.1268
vn 0.9253 0.2659 0.2703
vn 0.8086 0.5433 0.2260
vn 0.5887 0.7940 0.1515
vn 0.9111 0.2675 0.3137
vn 0.7967 0.5446 0.2623
vn 0.5807 0.7949 0.1758
vn 0.8739 0.2732 0.4020
vn 0.7642 0.5492 0.3384
vn 0.5580 0.7976 0.2293
vn 0.8469 0.2818 0.4508
vn 0.7374 0.5559 0.3838
vn 0.5371 0.8007 0.2652
vn 0.8111 0.2996 0.5023
vn 0.6987 0.5693 0.4334
vn 0.5054 0.8063 0.3072
vn 0.7128 0.3737 0.5935
vn 0.5869 0.6220 0.5183
vn 0.4127 0.8257 0.3845
vn 0.6608 0.4254 0.6184
vn 0.5307 0.6574 0.5350
vn 0.3692 0.8385 0.4008
vn 0.6133 0.4783 0.6286
vn 0.4837 0.6927 0.5350
vn 0.3364 0.8517 0.4017
vn 0.5388 0.5661 0.6239
vn 0.4227 0.7495 0.5095
vn 0.3041 0.8742 0.3786
vn 0.5097 0.5967 0.6198
vn 0.4035 0.7686 0.4964
vn 0.2979 0.8818 0.3656
vn 0.4851 0.6186 0.6181
vn 0.3898 0.7819 0.4865
vn 0.2960 0.8870 0.3543
vn 0.4503 0.6366 0.6260
vn 0.3796 0.7918 0.4786
vn 0.3063 0.8897 0.3384
vn 0.4411 0.6315 0.6377
vn 0.3843 0.7874 0.4820
vn 0.3201 0.8865 0.3342
vn 0.4372 0.6147 0.6565
vn 0.3960 0.7753 0.4921
vn 0.3403 0.8792 0.3335
vn 0.4297 0.5406 0.7233
vn 0.4237 0.7240 0.5443
vn 0.3831 0.8530 0.3544
vn 0.4061 0.4887 0.7722
vn 0.4152 0.6904 0.5923
vn 0.3818 0.8407 0.3841
vn 0.3606 0.4373 0.8238
vn 0.3801 0.6591 0.6490
vn 0.3544 0.8337 0.4236
vn 0.2196 0.3709 0.9023
vn 0.2414 0.6233 0.7438
vn 0.2327 0.8366 0.4959
vn 0.1507 0.3601 0.9207
vn 0.1719 0.6190 0.7664
vn 0.1733 0.8406 0.5132
vn 0.0912 0.3590 0.9289
vn 0.1146 0.6202 0.7760
vn 0.1270 0.8445 0.5202
vn -0.0060 0.3673 0.9301
vn 0.0299 0.6280 0.7776
vn 0.0669 0.8508 0.5211
vn -0.0513 0.3722 0.9267
vn -0.0079 0.6322 0.7748
vn 0.0415 0.8536 0.5193
vn -0.0963 0.3771 0.9211
vn -0.0456 0.6363 0.7701
vn 0.0162 0.8564 0.5161
vn -0.1855 0.3869 0.9033
vn -0.1202 0.6444 0.7552
vn -0.0337 0.8618 0.5061
vn -0.2293 0.3916 0.8911
vn -0.1567 0.6484 0.7450
vn -0.0582 0.8645 0.4993
vn -0.2724 0.3963 0.8768
vn -0.1928 0.6523 0.7330
vn -0.0824 0.8671 0.4913
vn -0.3564 0.4055 0.8418
vn -0.2630 0.6599 0.7038
vn -0.1295 0.8722 0.4717
vn -0.3969 0.4099 0.8212
vn -0.2969 0.6636 0.6866
vn -0.1522 0.8747 0.4602
vn -0.4364 0.4142 0.7987
vn -0.3299 0.6672 0.6678
vn -0.1743 0.8771 0.4475
vn -0.5120 0.4224 0.7479
vn -0.3932 0.6741 0.6253
vn -0.2167 0.8817 0.4191
vn -0.5478 0.4263 0.7198
vn -0.4231 0.6774 0.6018
vn -0.2367 0.8839 0.4033
vn -0.5822 0.4300 0.6900
vn -0.4518 0.6805 0.5769
vn -0.2560 0.8860 0.3866
vn -0.6465 0.4370 0.6253
vn -0.5056 0.6863 0.5228
vn -0.2920 0.8899 0.3504
vn -0.6761 0.4403 0.5907
vn -0.5304 0.6890 0.4939
vn -0.3086 0.8917 0.3310
vn -0.7041 0.4433 0.5547
vn -0.5537 0.6916 0.4638
vn -0.3243 0.8934 0.3108
vn -0.7563 0.4508 0.4741
vn -0.5986 0.6976 0.3938
vn -0.3561 0.8971 0.2616
vn -0.7809 0.4596 0.4231
vn -0.6208 0.7041 0.3447
vn -0.3744 0.9000 0.2231
vn -0.8011 0.4767 0.3620
vn -0.6388 0.7158 0.2822
vn -0.3915 0.9041 0.1713
vn -0.8088 0.5423 0.2277
vn -0.6369 0.7573 0.1443
vn -0.3988 0.9152 0.0572
vn -0.7930 0.5811 0.1830
vn -0.6139 0.7819 0.1081
vn -0.3833 0.9230 0.0353
vn -0.7748 0.6109 0.1630
vn -0.5891 0.8012 0.1052
vn -0.3637 0.9303 0.0478
vn -0.7747 0.6104 0.1651
vn -0.5795 0.7997 0.1571
vn -0.3477 0.9284 0.1312
vn -0.8019 0.5803 0.1421
vn -0.6067 0.7795 0.1560
vn -0.3633 0.9202 0.1461
vn -0.8375 0.5395 0.0870
vn -0.6477 0.7528 0.1172
vn -0.3906 0.9121 0.1245
vn -0.8849 0.4580 -0.0845
vn -0.7183 0.6943 -0.0442
vn -0.4441 0.8960 -0.0034
vn -0.8911 0.4294 -0.1467
vn -0.7349 0.6692 -0.1097
vn -0.4585 0.8867 -0.0595
vn -0.8933 0.4124 -0.1787
vn -0.7431 0.6527 -0.1474
vn -0.4657 0.8799 -0.0945
vn -0.8925 0.4104 -0.1872
vn -0.7405 0.6510 -0.1669
vn -0.4617 0.8791 -0.1188
vn -0.8837 0.4201 -0.2063
vn -0.7265 0.6618 -0.1847
vn -0.4489 0.8837 -0.1326
vn -0.8675 0.4320 -0.2465
vn -0.7049 0.6752 -0.2173
vn -0.4306 0.8893 -0.1540
vn -0.8146 0.4481 -0.3684
vn -0.6490 0.6936 -0.3125
vn -0.3887 0.8964 -0.2129
vn -0.7853 0.4497 -0.4257
vn -0.6224 0.6962 -0.3578
vn -0.3703 0.8970 -0.2413
vn -0.7572 0.4485 -0.4748
vn -0.5983 0.6957 -0.3975
vn -0.3541 0.8963 -0.2668
vn -0.7041 0.4433 -0.5547
vn -0.5537 0.6916 -0.4638
vn -0.3243 0.8934 -0.3108
vn -0.6761 0.4403 -0.5908
vn -0.5304 0.6890 -0.4939
vn -0.3086 0.8917 -0.3310
vn -0.6465 0.4370 -0.6253
vn -0.5056 0.6863 -0.5228
vn -0.2920 0.8899 -0.3504
vn -0.5822 0.4300 -0.6900
vn -0.4518 0.6805 -0.5769
vn -0.2560 0.8860 -0.3866
vn -0.5478 0.4263 -0.7198
vn -0.4231 0.6774 -0.6018
vn -0.2367 0.8839 -0.4033
vn -0.5120 0.4224 -0.7479
vn -0.3932 0.6741 -0.6253
vn -0.2167 0.8817 -0.4191
vn -0.4364 0.4142 -0.7987
vn -0.3299 0.6672 -0.6678
vn -0.1743 0.8771 -0.4475
vn -0.3969 0.4099 -0.8212
vn -0.2969 0.6636 -0.6866
vn -0.1522 0.8747 -0.4602
vn -0.3564 0.4055 -0.8418
vn -0.2630 0.6599 -0.7038
vn -0.1295 0.8722 -0.4717
vn 0.1098 0.9940 0.0013
vn 0.1082 0.9941 0.0001
vn 0.1082 0.9941 0.0002
vn 0.1083 0.9941 0.0002
vn 0.1083 0.9941 -0.0000
vn 0.1084 0.9941 0.0002
vn 0.1084 0.9941 0.0001
vn 0.1082 0.9941 0.0014
vn 0.1081 0.9941 0.0024
vn 0.1073 0.9942 0.0095
vn 0.1060 0.9941 0.0211
vn 0.1045 0.9945 0.0109
vn 0.0981 0.9952 0.0020
vn 0.1007 0.9949 -0.0086
vn 0.0981 0.9950 -0.0187
vn 0.1038 0.9946 -0.0084
vn 0.1072 0.9942 -0.0021
vn 0.1077 0.9942 -0.0013
vn 0.1083 0.9941 -0.0001
vn 0.1084 0.9941 -0.0002
vn 0.1083 0.9941 -0.0002
vn 0.1100 0.9939 -0.0002
vn 0.1112 0.9938 -0.0004
vn 0.1221 0.9925 -0.0015
vn 0.1382 0.9904 -0.0035
vn 0.1372 0.9905 -0.0022
vn 0.1454 0.9894 0.0024
vn 0.1245 0.9922 0.0068
vn 0.1140 0.9933 0.0209
vn 0.1024 0.9945 0.0206
vn 0.0932 0.9951 0.0336
vn 0.0956 0.9952 0.0229
vn 0.0966 0.9951 0.0207
vn 0.1029 0.9946 0.0096
vn 0.1071 0.9942 0.0020
vn 0.1078 0.9942 -0.0002
vn 0.1084 0.9941 -0.0024
vn 0.1091 0.9940 -0.0095
vn 0.1105 0.9937 -0.0211
vn 0.1119 0.9937 -0.0111
vn 0.1183 0.9930 -0.0023
vn 0.1150 0.9933 0.0064
vn 0.1166 0.9931 0.0145
vn 0.1085 0.9941 -0.0011
vn 0.1007 0.9948 -0.0169
vn 0.1072 0.9942 -0.0092
vn 0.1172 0.9931 -0.0057
vn 0.1198 0.9928 0.0035
vn 0.1266 0.9919 0.0098
vn 0.1165 0.9932 0.0045
vn 0.1102 0.9939 0.0012
vn 0.1094 0.9940 0.0007
vn -0.2724 0.3963 -0.8768
vn -0.1928 0.6523 -0.7330
vn -0.0824 0.8671 -0.4913
vn -0.2293 0.3916 -0.8911
vn -0.1567 0.6484 -0.7450
vn -0.0582 0.8645 -0.4993
vn -0.1855 0.3869 -0.9033
vn -0.1202 0.6444 -0.7552
vn -0.0337 0.8618 -0.5061
vn -0.0963 0.3771 -0.9211
vn -0.0456 0.6363 -0.7701
vn 0.0162 0.8564 -0.5161
vn -0.0513 0.3722 -0.9267
vn -0.0079 0.6322 -0.7748
vn 0.0415 0.8536 -0.5193
vn -0.0060 0.3673 -0.9301
vn 0.0299 0.6280 -0.7776
vn 0.0669 0.8508 -0.5211
vn -0.1082 -0.9941 -0.0000
vn -0.1698 -0.8287 -0.5332
vn -0.1816 -0.5960 -0.7822
vn -0.1747 -0.3366 -0.9253
vn -0.1437 -0.8316 -0.5365
vn -0.1433 -0.6001 -0.7869
vn -0.1294 -0.3415 -0.9309
vn -0.1175 -0.8344 -0.5384
vn -0.1049 -0.6043 -0.7898
vn -0.0839 -0.3465 -0.9343
vn -0.1545 -0.0689 -0.9856
vn -0.1458 0.0160 -0.9892
vn -0.1359 0.1018 -0.9855
vn -0.1063 -0.0741 -0.9916
vn -0.0974 0.0107 -0.9952
vn -0.0877 0.0965 -0.9915
vn -0.0579 -0.0794 -0.9952
vn -0.0488 0.0054 -0.9988
vn -0.0393 0.0913 -0.9951
vn -0.2717 -0.8177 -0.5076
vn -0.3311 -0.5797 -0.7445
vn -0.3515 -0.3173 -0.8808
vn -0.2467 -0.8204 -0.5159
vn -0.2944 -0.5837 -0.7567
vn -0.3082 -0.3220 -0.8952
vn -0.2214 -0.8231 -0.5229
vn -0.2573 -0.5877 -0.7671
vn -0.2643 -0.3268 -0.9074
vn -0.3429 -0.0484 -0.9381
vn -0.3349 0.0366 -0.9416
vn -0.3243 0.1223 -0.9380
vn -0.2967 -0.0534 -0.9535
vn -0.2886 0.0315 -0.9569
vn -0.2781 0.1173 -0.9534
vn -0.2499 -0.0585 -0.9665
vn -0.2416 0.0264 -0.9700
vn -0.2313 0.1122 -0.9664
vn -0.3667 -0.8073 -0.4624
vn -0.4704 -0.5645 -0.6783
vn -0.5163 -0.2994 -0.8024
vn -0.3438 -0.8098 -0.4754
vn -0.4368 -0.5682 -0.6974
vn -0.4766 -0.3037 -0.8250
vn -0.3203 -0.8124 -0.4873
vn -0.4024 -0.5719 -0.7148
vn -0.4359 -0.3081 -0.8456
vn -0.5184 -0.0292 -0.8546
vn -0.5110 0.0558 -0.8577
vn -0.4998 0.1414 -0.8545
vn -0.4761 -0.0338 -0.8787
vn -0.4686 0.0512 -0.8819
vn -0.4575 0.1368 -0.8786
vn -0.4328 -0.0386 -0.9007
vn -0.4251 0.0464 -0.9040
vn -0.4141 0.1321 -0.9006
vn -0.4510 -0.7981 -0.3994
vn -0.5942 -0.5511 -0.5859
vn -0.6627 -0.2834 -0.6931
vn -0.4311 -0.8003 -0.4167
vn -0.5650 -0.5542 -0.6113
vn -0.6282 -0.2872 -0.7231
vn -0.4104 -0.8025 -0.4330
vn -0.5346 -0.5575 -0.6351
vn -0.5923 -0.2911 -0.7513
vn -0.6744 -0.0123 -0.7383
vn -0.6676 0.0728 -0.7410
vn -0.6557 0.1584 -0.7382
vn -0.6376 -0.0163 -0.7702
vn -0.6307 0.0688 -0.7730
vn -0.6189 0.1544 -0.7701
vn -0.5993 -0.0204 -0.8003
vn -0.5922 0.0646 -0.8032
vn -0.5807 0.1502 -0.8002
vn -0.5216 -0.7904 -0.3211
vn -0.6976 -0.5398 -0.4711
vn -0.7852 -0.2701 -0.5573
vn -0.5054 -0.7922 -0.3420
vn -0.6739 -0.5424 -0.5017
vn -0.7571 -0.2732 -0.5934
vn -0.4883 -0.7941 -0.3620
vn -0.6487 -0.5451 -0.5310
vn -0.7273 -0.2764 -0.6282
vn -0.8048 0.0019 -0.5936
vn -0.7985 0.0871 -0.5957
vn -0.7861 0.1726 -0.5935
vn -0.7749 -0.0013 -0.6321
vn -0.7685 0.0838 -0.6344
vn -0.7562 0.1693 -0.6320
vn -0.7432 -0.0048 -0.6691
vn -0.7366 0.0803 -0.6715
vn -0.7245 0.1659 -0.6690
vn -0.5759 -0.7843 -0.2305
vn -0.7783 -0.5295 -0.3375
vn -0.8817 -0.2548 -0.3970
vn -0.5639 -0.7858 -0.2541
vn -0.7601 -0.5325 -0.3725
vn -0.8596 -0.2604 -0.4396
vn -0.5509 -0.7872 -0.2771
vn -0.7407 -0.5350 -0.4064
vn -0.8363 -0.2642 -0.4805
vn -0.9114 0.0258 -0.4106
vn -0.9082 0.1109 -0.4037
vn -0.8982 0.1924 -0.3952
vn -0.8863 0.0150 -0.4628
vn -0.8818 0.1003 -0.4608
vn -0.8707 0.1844 -0.4559
vn -0.8600 0.0089 -0.5102
vn -0.8544 0.0941 -0.5109
vn -0.8424 0.1793 -0.5081
vn -0.6129 -0.7791 -0.1313
vn -0.8361 -0.5137 -0.1926
vn -0.9500 -0.2163 -0.2250
vn -0.6056 -0.7802 -0.1566
vn -0.8246 -0.5173 -0.2290
vn -0.9373 -0.2252 -0.2661
vn -0.5969 -0.7815 -0.1816
vn -0.8109 -0.5216 -0.2653
vn -0.9213 -0.2363 -0.3088
vn -0.9690 0.1118 -0.2203
vn -0.9588 0.1934 -0.2081
vn -0.9488 0.2466 -0.1974
vn -0.9626 0.0919 -0.2548
vn -0.9558 0.1747 -0.2364
vn -0.9468 0.2347 -0.2202
vn -0.9515 0.0667 -0.3002
vn -0.9476 0.1507 -0.2816
vn -0.9391 0.2192 -0.2647
vn -0.6274 -0.7782 -0.0269
vn -0.8551 -0.5168 -0.0418
vn -0.9714 -0.2309 -0.0554
vn -0.6260 -0.7780 -0.0534
vn -0.8539 -0.5141 -0.0807
vn -0.9698 -0.2217 -0.1014
vn -0.6231 -0.7780 -0.0796
vn -0.8506 -0.5121 -0.1189
vn -0.9660 -0.2146 -0.1446
vn -0.9936 0.0728 -0.0868
vn -0.9817 0.1595 -0.1036
vn -0.9658 0.2333 -0.1131
vn -0.9864 0.0950 -0.1343
vn -0.9723 0.1782 -0.1511
vn -0.9572 0.2397 -0.1625
vn -0.9790 0.1130 -0.1697
vn -0.9642 0.1944 -0.1801
vn -0.9505 0.2477 -0.1876
vn -0.6213 -0.7796 0.0791
vn -0.8440 -0.5237 0.1158
vn -0.9583 -0.2509 0.1367
vn -0.6246 -0.7792 0.0528
vn -0.8490 -0.5228 0.0770
vn -0.9643 -0.2490 0.0899
vn -0.6267 -0.7788 0.0263
vn -0.8524 -0.5215 0.0377
vn -0.9685 -0.2454 0.0419
vn -0.9889 0.0342 0.1448
vn -0.9784 0.1456 0.1469
vn -0.9494 0.2750 0.1515
vn -0.9952 0.0358 0.0912
vn -0.9856 0.1417 0.0922
vn -0.9602 0.2608 0.0999
vn -0.9986 0.0413 0.0330
vn -0.9897 0.1401 0.0293
vn -0.9690 0.2448 0.0344
vn -0.5958 -0.7824 0.1816
vn -0.8064 -0.5279 0.2664
vn -0.9139 -0.2561 0.3151
vn -0.6040 -0.7815 0.1565
vn -0.8185 -0.5266 0.2295
vn -0.9282 -0.2545 0.2715
vn -0.6110 -0.7807 0.1310
vn -0.8288 -0.5255 0.1922
vn -0.9403 -0.2532 0.2273
vn -0.9421 0.0229 0.3344
vn -0.9358 0.1223 0.3306
vn -0.9201 0.2320 0.3157
vn -0.9572 0.0275 0.2881
vn -0.9494 0.1336 0.2841
vn -0.9288 0.2547 0.2692
vn -0.9699 0.0312 0.2415
vn -0.9605 0.1428 0.2390
vn -0.9346 0.2727 0.2281
vn -0.5508 -0.7873 0.2771
vn -0.7405 -0.5351 0.4065
vn -0.8359 -0.2646 0.4809
vn -0.5638 -0.7859 0.2541
vn -0.7595 -0.5331 0.3728
vn -0.8584 -0.2621 0.4410
vn -0.5756 -0.7846 0.2305
vn -0.7769 -0.5312 0.3381
vn -0.8789 -0.2599 0.4000
vn -0.8589 0.0079 0.5121
vn -0.8529 0.0934 0.5137
vn -0.8406 0.1794 0.5111
vn -0.8829 0.0110 0.4694
vn -0.8772 0.0974 0.4702
vn -0.8653 0.1851 0.4659
vn -0.9048 0.0143 0.4255
vn -0.8994 0.1031 0.4249
vn -0.8875 0.1949 0.4176
vn -0.4883 -0.7941 0.3620
vn -0.6487 -0.5451 0.5310
vn -0.7273 -0.2764 0.6282
vn -0.5054 -0.7922 0.3420
vn -0.6739 -0.5424 0.5017
vn -0.7571 -0.2732 0.5934
vn -0.5216 -0.7904 0.3211
vn -0.6976 -0.5398 0.4711
vn -0.7852 -0.2701 0.5573
vn -0.7432 -0.0048 0.6691
vn -0.7366 0.0803 0.6715
vn -0.7245 0.1659 0.6690
vn -0.7749 -0.0013 0.6321
vn -0.7685 0.0838 0.6344
vn -0.7562 0.1693 0.6320
vn -0.8048 0.0019 0.5936
vn -0.7985 0.0871 0.5957
vn -0.7861 0.1726 0.5935
vn -0.4104 -0.8025 0.4330
vn -0.5346 -0.5575 0.6351
vn -0.5923 -0.2911 0.7513
vn -0.4311 -0.8003 0.4167
vn -0.5650 -0.5542 0.6113
vn -0.6282 -0.2872 0.7231
vn -0.4510 -0.7981 0.3994
vn -0.5942 -0.5511 0.5859
vn -0.6627 -0.2834 0.6931
vn -0.5993 -0.0204 0.8003
vn -0.5922 0.0646 0.8032
vn -0.5807 0.1502 0.8002
vn -0.6376 -0.0163 0.7702
vn -0.6307 0.0688 0.7730
vn -0.6189 0.1544 0.7701
vn -0.6744 -0.0123 0.7383
vn -0.6676 0.0728 0.7410
vn -0.6557 0.1584 0.7382
vn -0.3203 -0.8124 0.4873
vn -0.4024 -0.5719 0.7148
vn -0.4359 -0.3081 0.8456
vn -0.3438 -0.8098 0.4754
vn -0.4368 -0.5682 0.6974
vn -0.4766 -0.3037 0.8250
vn -0.3667 -0.8073 0.4624
vn -0.4704 -0.5645 0.6783
vn -0.5163 -0.2994 0.8024
vn -0.4328 -0.0386 0.9007
vn -0.4251 0.0464 0.9040
vn -0.4141 0.1321 0.9006
vn -0.4761 -0.0338 0.8787
vn -0.4686 0.0511 0.8819
vn -0.4575 0.1368 0.8786
vn -0.5184 -0.0292 0.8546
vn -0.5110 0.0558 0.8577
vn -0.4998 0.1414 0.8545
vn -0.2214 -0.8231 0.5229
vn -0.2573 -0.5877 0.7671
vn -0.2643 -0.3268 0.9074
vn -0.2467 -0.8204 0.5159
vn -0.2945 -0.5837 0.7567
vn -0.3082 -0.3220 0.8952
vn -0.2717 -0.8177 0.5076
vn -0.3311 -0.5797 0.7445
vn -0.3515 -0.3173 0.8808
vn -0.2499 -0.0585 0.9665
vn -0.2416 0.0264 0.9700
vn -0.2313 0.1122 0.9664
vn -0.2967 -0.0534 0.9535
vn -0.2886 0.0315 0.9569
vn -0.2781 0.1173 0.9534
vn -0.3429 -0.0484 0.9381
vn -0.3349 0.0366 0.9416
vn -0.3243 0.1223 0.9380
vn -0.1175 -0.8344 0.5384
vn -0.1049 -0.6043 0.7898
vn -0.0839 -0.3465 0.9343
vn -0.1437 -0.8316 0.5365
vn -0.1433 -0.6001 0.7869
vn -0.1294 -0.3415 0.9309
vn -0.1698 -0.8287 0.5332
vn -0.1816 -0.5960 0.7822
vn -0.1747 -0.3366 0.9253
vn -0.0579 -0.0794 0.9952
vn -0.0488 0.0054 0.9988
vn -0.0393 0.0913 0.9951
vn -0.1063 -0.0741 0.9916
vn -0.0974 0.0107 0.9952
vn -0.0877 0.0965 0.9915
vn -0.1545 -0.0689 0.9856
vn -0.1458 0.0160 0.9892
vn -0.1359 0.1018 0.9855
vn -0.0125 -0.8459 0.5332
vn 0.0491 -0.6211 0.7822
vn 0.0982 -0.3663 0.9253
vn -0.0386 -0.8430 0.5365
vn 0.0108 -0.6169 0.7869
vn 0.0529 -0.3614 0.9309
vn -0.0648 -0.8402 0.5384
vn -0.0277 -0.6127 0.7898
vn 0.0074 -0.3564 0.9343
vn 0.1371 -0.0987 0.9856
vn 0.1502 -0.0099 0.9886
vn 0.1666 0.0828 0.9825
vn 0.0883 -0.0947 0.9916
vn 0.0994 -0.0085 0.9950
vn 0.1118 0.0796 0.9905
vn 0.0396 -0.0898 0.9952
vn 0.0494 -0.0048 0.9988
vn 0.0596 0.0816 0.9949
vn 0.0894 -0.8570 0.5076
vn 0.1985 -0.6374 0.7445
vn 0.2750 -0.3855 0.8808
vn 0.0644 -0.8542 0.5159
vn 0.1619 -0.6334 0.7567
vn 0.2317 -0.3808 0.8952
vn 0.0391 -0.8515 0.5229
vn 0.1248 -0.6293 0.7671
vn 0.1877 -0.3760 0.9074
vn 0.3285 -0.1052 0.9386
vn 0.3490 0.0172 0.9369
vn 0.3756 0.1675 0.9115
vn 0.2819 -0.1045 0.9537
vn 0.3020 0.0074 0.9533
vn 0.3304 0.1399 0.9334
vn 0.2343 -0.1036 0.9666
vn 0.2527 -0.0016 0.9675
vn 0.2794 0.1137 0.9534
vn 0.1843 -0.8673 0.4624
vn 0.3379 -0.6525 0.6783
vn 0.4398 -0.4035 0.8024
vn 0.1615 -0.8648 0.4754
vn 0.3043 -0.6489 0.6974
vn 0.4001 -0.3992 0.8250
vn 0.1380 -0.8623 0.4873
vn 0.2699 -0.6451 0.7148
vn 0.3594 -0.3947 0.8456
vn 0.5037 -0.1153 0.8562
vn 0.5187 0.0292 0.8545
vn 0.5219 0.2170 0.8249
vn 0.4617 -0.1114 0.8800
vn 0.4781 0.0315 0.8777
vn 0.4867 0.2163 0.8463
vn 0.4185 -0.1083 0.9018
vn 0.4365 0.0303 0.8992
vn 0.4514 0.2081 0.8677
vn 0.2687 -0.8765 0.3994
vn 0.4616 -0.6660 0.5859
vn 0.5862 -0.4194 0.6931
vn 0.2488 -0.8743 0.4167
vn 0.4324 -0.6628 0.6113
vn 0.5517 -0.4157 0.7231
vn 0.2281 -0.8721 0.4330
vn 0.4021 -0.6595 0.6351
vn 0.5157 -0.4117 0.7513
vn 0.6580 -0.1379 0.7403
vn 0.6687 -0.0070 0.7435
vn 0.6612 0.1595 0.7331
vn 0.6217 -0.1315 0.7721
vn 0.6333 0.0055 0.7739
vn 0.6270 0.1817 0.7576
vn 0.5839 -0.1255 0.8021
vn 0.5964 0.0158 0.8025
vn 0.5923 0.1990 0.7808
vn 0.3393 -0.8842 0.3211
vn 0.5651 -0.6773 0.4711
vn 0.7086 -0.4327 0.5573
vn 0.3231 -0.8824 0.3420
vn 0.5414 -0.6747 0.5017
vn 0.6806 -0.4297 0.5934
vn 0.3059 -0.8805 0.3620
vn 0.5162 -0.6720 0.5310
vn 0.6508 -0.4264 0.6282
vn 0.7865 -0.1655 0.5950
vn 0.7964 -0.0671 0.6010
vn 0.7939 0.0437 0.6065
vn 0.7569 -0.1590 0.6339
vn 0.7665 -0.0526 0.6401
vn 0.7612 0.0722 0.6445
vn 0.7256 -0.1520 0.6711
vn 0.7352 -0.0368 0.6769
vn 0.7280 0.1030 0.6777
vn 0.3933 -0.8901 0.2305
vn 0.6444 -0.6859 0.3381
vn 0.8024 -0.4430 0.4000
vn 0.3815 -0.8888 0.2541
vn 0.6270 -0.6840 0.3728
vn 0.7819 -0.4407 0.4410
vn 0.3685 -0.8874 0.2771
vn 0.6080 -0.6819 0.4065
vn 0.7594 -0.4383 0.4809
vn 0.8862 -0.1821 0.4261
vn 0.8986 -0.0973 0.4279
vn 0.9042 -0.0107 0.4270
vn 0.8643 -0.1793 0.4700
vn 0.8763 -0.0937 0.4725
vn 0.8812 -0.0053 0.4728
vn 0.8403 -0.1758 0.5128
vn 0.8518 -0.0879 0.5164
vn 0.8550 0.0044 0.5186
vn 0.4287 -0.8939 0.1310
vn 0.6963 -0.6916 0.1922
vn 0.8638 -0.4496 0.2273
vn 0.4217 -0.8931 0.1565
vn 0.6860 -0.6904 0.2295
vn 0.8516 -0.4483 0.2715
vn 0.4134 -0.8922 0.1816
vn 0.6739 -0.6891 0.2664
vn 0.8373 -0.4468 0.3151
vn 0.9516 -0.1893 0.2421
vn 0.9643 -0.1049 0.2430
vn 0.9701 -0.0186 0.2421
vn 0.9386 -0.1879 0.2892
vn 0.9513 -0.1034 0.2903
vn 0.9571 -0.0172 0.2892
vn 0.9234 -0.1862 0.3356
vn 0.9360 -0.1018 0.3369
vn 0.9419 -0.0156 0.3356
vn 0.4441 -0.8956 0.0265
vn 0.7189 -0.6940 0.0388
vn 0.8906 -0.4526 0.0459
vn 0.4422 -0.8954 0.0528
vn 0.7161 -0.6937 0.0775
vn 0.8872 -0.4522 0.0917
vn 0.4390 -0.8950 0.0791
vn 0.7114 -0.6932 0.1160
vn 0.8816 -0.4516 0.1372
vn 0.9804 -0.1909 0.0483
vn 0.9936 -0.1030 0.0461
vn 0.9991 -0.0105 0.0401
vn 0.9767 -0.1915 0.0974
vn 0.9897 -0.1059 0.0967
vn 0.9955 -0.0175 0.0936
vn 0.9706 -0.1912 0.1461
vn 0.9835 -0.1066 0.1463
vn 0.9892 -0.0198 0.1449
vn 0.4390 -0.8950 -0.0791
vn 0.7114 -0.6932 -0.1160
vn 0.8816 -0.4516 -0.1372
vn 0.4422 -0.8954 -0.0528
vn 0.7161 -0.6937 -0.0775
vn 0.8872 -0.4522 -0.0917
vn 0.4441 -0.8956 -0.0265
vn 0.7189 -0.6940 -0.0388
vn 0.8906 -0.4526 -0.0459
vn 0.9725 -0.1803 -0.1472
vn 0.9862 -0.0692 -0.1505
vn 0.9857 0.0637 -0.1561
vn 0.9781 -0.1832 -0.0991
vn 0.9915 -0.0777 -0.1042
vn 0.9923 0.0456 -0.1152
vn 0.9812 -0.1865 -0.0504
vn 0.9946 -0.0879 -0.0557
vn 0.9974 0.0232 -0.0679
vn 0.4134 -0.8922 -0.1816
vn 0.6739 -0.6891 -0.2664
vn 0.8373 -0.4468 -0.3151
vn 0.4217 -0.8931 -0.1565
vn 0.6860 -0.6904 -0.2295
vn 0.8516 -0.4483 -0.2715
vn 0.4287 -0.8939 -0.1310
vn 0.6963 -0.6916 -0.1922
vn 0.8638 -0.4496 -0.2273
vn 0.9250 -0.1802 -0.3345
vn 0.9401 -0.0814 -0.3309
vn 0.9481 0.0298 -0.3166
vn 0.9407 -0.1791 -0.2881
vn 0.9559 -0.0736 -0.2843
vn 0.9617 0.0493 -0.2696
vn 0.9539 -0.1783 -0.2415
vn 0.9687 -0.0672 -0.2390
vn 0.9714 0.0653 -0.2283
vn 0.3685 -0.8874 -0.2771
vn 0.6080 -0.6819 -0.4065
vn 0.7594 -0.4383 -0.4809
vn 0.3815 -0.8888 -0.2541
vn 0.6270 -0.6840 -0.3728
vn 0.7819 -0.4407 -0.4410
vn 0.3933 -0.8901 -0.2305
vn 0.6444 -0.6859 -0.3381
vn 0.8024 -0.4430 -0.4000
vn 0.8406 -0.1744 -0.5129
vn 0.8522 -0.0832 -0.5166
vn 0.8550 0.0148 -0.5185
vn 0.8646 -0.1778 -0.4699
vn 0.8772 -0.0887 -0.4719
vn 0.8823 0.0057 -0.4706
vn 0.8868 -0.1800 -0.4257
vn 0.9003 -0.0902 -0.4259
vn 0.9074 0.0051 -0.4203
vn 0.3059 -0.8805 -0.3620
vn 0.5162 -0.6720 -0.5310
vn 0.6508 -0.4264 -0.6282
vn 0.3231 -0.8824 -0.3420
vn 0.5414 -0.6747 -0.5017
vn 0.6806 -0.4297 -0.5934
vn 0.3393 -0.8842 -0.3211
vn 0.5651 -0.6773 -0.4711
vn 0.7086 -0.4327 -0.5573
vn 0.7262 -0.1531 -0.6702
vn 0.7382 -0.0410 -0.6734
vn 0.7380 0.0932 -0.6683
vn 0.7573 -0.1585 -0.6335
vn 0.7681 -0.0509 -0.6383
vn 0.7657 0.0756 -0.6387
vn 0.7868 -0.1643 -0.5950
vn 0.7973 -0.0629 -0.6003
vn 0.7953 0.0531 -0.6039
vn 0.2281 -0.8721 -0.4330
vn 0.4021 -0.6595 -0.6351
vn 0.5157 -0.4117 -0.7513
vn 0.2488 -0.8743 -0.4167
vn 0.4325 -0.6628 -0.6113
vn 0.5517 -0.4157 -0.7231
vn 0.2687 -0.8765 -0.3994
vn 0.4616 -0.6660 -0.5859
vn 0.5862 -0.4194 -0.6931
vn 0.5829 -0.1433 -0.7998
vn 0.5994 -0.0454 -0.7992
vn 0.6162 0.0636 -0.7850
vn 0.6216 -0.1446 -0.7699
vn 0.6384 -0.0399 -0.7687
vn 0.6538 0.0810 -0.7523
vn 0.6584 -0.1462 -0.7383
vn 0.6743 -0.0357 -0.7376
vn 0.6853 0.0953 -0.7220
vn 0.1380 -0.8623 -0.4873
vn 0.2699 -0.6451 -0.7148
vn 0.3594 -0.3947 -0.8456
vn 0.1615 -0.8648 -0.4754
vn 0.3043 -0.6489 -0.6974
vn 0.4001 -0.3992 -0.8250
vn 0.1843 -0.8673 -0.4624
vn 0.3379 -0.6525 -0.6783
vn 0.4398 -0.4035 -0.8024
vn 0.4144 -0.1307 -0.9007
vn 0.4255 -0.0458 -0.9038
vn 0.4340 0.0406 -0.9000
vn 0.4580 -0.1350 -0.8786
vn 0.4700 -0.0493 -0.8813
vn 0.4799 0.0385 -0.8765
vn 0.5007 -0.1387 -0.8544
vn 0.5141 -0.0509 -0.8562
vn 0.5264 0.0406 -0.8493
vn 0.0391 -0.8515 -0.5229
vn 0.1248 -0.6293 -0.7671
vn 0.1877 -0.3760 -0.9074
vn 0.0644 -0.8542 -0.5159
vn 0.1619 -0.6334 -0.7567
vn 0.2317 -0.3808 -0.8952
vn 0.0894 -0.8570 -0.5076
vn 0.1986 -0.6374 -0.7445
vn 0.2750 -0.3855 -0.8808
vn 0.2315 -0.1109 -0.9665
vn 0.2416 -0.0262 -0.9700
vn 0.2500 0.0598 -0.9664
vn 0.2783 -0.1160 -0.9535
vn 0.2886 -0.0313 -0.9569
vn 0.2969 0.0547 -0.9534
vn 0.3244 -0.1210 -0.9381
vn 0.3349 -0.0363 -0.9416
vn 0.3430 0.0496 -0.9380
vn -0.0648 -0.8402 -0.5384
vn -0.0276 -0.6127 -0.7898
vn 0.0074 -0.3564 -0.9343
vn -0.0386 -0.8430 -0.5365
vn 0.0108 -0.6169 -0.7869
vn 0.0529 -0.3614 -0.9309
vn -0.0125 -0.8459 -0.5332
vn 0.0491 -0.6211 -0.7822
vn 0.0982 -0.3663 -0.9253
vn 0.0394 -0.0900 -0.9952
vn 0.0488 -0.0052 -0.9988
vn 0.0580 0.0807 -0.9951
vn 0.0879 -0.0952 -0.9916
vn 0.0975 -0.0105 -0.9952
vn 0.1064 0.0754 -0.9915
vn 0.1361 -0.1005 -0.9856
vn 0.1458 -0.0157 -0.9892
vn 0.1546 0.0701 -0.9855
vn -0.1105 -0.9938 -0.0141
vn -0.1071 -0.9942 -0.0111
vn -0.1032 -0.9946 -0.0134
vn -0.1053 -0.9932 -0.0497
vn -0.1035 -0.9935 -0.0471
vn -0.1012 -0.9936 -0.0493
vn -0.0908 -0.9878 -0.1268
vn -0.0950 -0.9874 -0.1263
vn -0.0990 -0.9869 -0.1276
vn 0.1130 0.9935 -0.0127
vn 0.1093 0.9940 -0.0105
vn 0.1060 0.9943 -0.0134
vn 0.1146 0.9923 -0.0468
vn 0.1125 0.9926 -0.0447
vn 0.1108 0.9927 -0.0472
vn 0.1154 0.9859 -0.1214
vn 0.1192 0.9856 -0.1201
vn 0.1232 0.9850 -0.1206
vn -0.1078 -0.9941 -0.0143
vn -0.1050 -0.9944 -0.0107
vn -0.1007 -0.9948 -0.0121
vn -0.0957 -0.9942 -0.0482
vn -0.0945 -0.9945 -0.0453
vn -0.0918 -0.9947 -0.0470
vn -0.0665 -0.9904 -0.1211
vn -0.0707 -0.9901 -0.1214
vn -0.0744 -0.9895 -0.1235
vn 0.1154 0.9933 -0.0115
vn 0.1113 0.9937 -0.0101
vn 0.1087 0.9940 -0.0136
vn 0.1236 0.9913 -0.0446
vn 0.1211 0.9917 -0.0430
vn 0.1199 0.9917 -0.0458
vn 0.1388 0.9833 -0.1175
vn 0.1423 0.9831 -0.1155
vn 0.1462 0.9825 -0.1152
vn -0.1050 -0.9944 -0.0139
vn -0.1030 -0.9946 -0.0098
vn -0.0985 -0.9951 -0.0104
vn -0.0866 -0.9952 -0.0448
vn -0.0859 -0.9954 -0.0417
vn -0.0830 -0.9956 -0.0429
vn -0.0438 -0.9929 -0.1108
vn -0.0479 -0.9926 -0.1119
vn -0.0511 -0.9921 -0.1147
vn 0.1205 0.9927 -0.0085
vn 0.1221 0.9925 -0.0051
vn 0.1303 0.9915 -0.0043
vn 0.1357 0.9900 -0.0392
vn 0.1408 0.9894 -0.0345
vn 0.1538 0.9876 -0.0308
vn 0.1656 0.9803 -0.1072
vn 0.1790 0.9788 -0.0996
vn 0.2000 0.9757 -0.0892
vn -0.1024 -0.9947 -0.0130
vn -0.1012 -0.9948 -0.0086
vn -0.0967 -0.9953 -0.0083
vn -0.0783 -0.9961 -0.0397
vn -0.0783 -0.9963 -0.0366
vn -0.0752 -0.9965 -0.0371
vn -0.0236 -0.9951 -0.0962
vn -0.0273 -0.9948 -0.0981
vn -0.0299 -0.9944 -0.1014
vn 0.1642 0.9863 0.0138
vn 0.1574 0.9875 0.0089
vn 0.1475 0.9890 -0.0069
vn 0.1963 0.9805 -0.0070
vn 0.1932 0.9811 -0.0097
vn 0.1801 0.9833 -0.0270
vn 0.2500 0.9666 -0.0566
vn 0.2511 0.9664 -0.0551
vn 0.2364 0.9691 -0.0701
vn -0.0999 -0.9949 -0.0116
vn -0.0997 -0.9950 -0.0071
vn -0.0953 -0.9954 -0.0059
vn -0.0712 -0.9969 -0.0331
vn -0.0717 -0.9970 -0.0300
vn -0.0686 -0.9972 -0.0300
vn -0.0065 -0.9969 -0.0779
vn -0.0099 -0.9967 -0.0805
vn -0.0117 -0.9964 -0.0843
vn 0.1208 0.9921 -0.0344
vn 0.1041 0.9935 -0.0461
vn 0.0978 0.9937 -0.0551
vn 0.1422 0.9877 -0.0658
vn 0.1238 0.9890 -0.0810
vn 0.1191 0.9891 -0.0870
vn 0.1859 0.9751 -0.1212
vn 0.1693 0.9758 -0.1382
vn 0.1681 0.9757 -0.1405
vn -0.0979 -0.9952 -0.0098
vn -0.0985 -0.9951 -0.0052
vn -0.0944 -0.9955 -0.0032
vn -0.0655 -0.9975 -0.0252
vn -0.0666 -0.9975 -0.0223
vn -0.0636 -0.9977 -0.0216
vn 0.0067 -0.9984 -0.0566
vn 0.0039 -0.9982 -0.0598
vn 0.0028 -0.9980 -0.0639
vn 0.1145 0.9932 -0.0229
vn 0.1177 0.9930 -0.0100
vn 0.1266 0.9920 0.0010
vn 0.1408 0.9889 -0.0473
vn 0.1480 0.9886 -0.0283
vn 0.1603 0.9870 -0.0098
vn 0.1978 0.9757 -0.0945
vn 0.2129 0.9749 -0.0656
vn 0.2297 0.9727 -0.0344
vn -0.0962 -0.9953 -0.0076
vn -0.0976 -0.9952 -0.0032
vn -0.0940 -0.9956 -0.0005
vn -0.0614 -0.9980 -0.0164
vn -0.0631 -0.9979 -0.0137
vn -0.0602 -0.9981 -0.0125
vn 0.0155 -0.9993 -0.0332
vn 0.0133 -0.9992 -0.0368
vn 0.0131 -0.9991 -0.0411
vn 0.1471 0.9883 0.0414
vn 0.1443 0.9890 0.0338
vn 0.1444 0.9894 0.0142
vn 0.1853 0.9818 0.0419
vn 0.1842 0.9821 0.0383
vn 0.1824 0.9831 0.0152
vn 0.2569 0.9659 0.0306
vn 0.2571 0.9658 0.0330
vn 0.2527 0.9675 0.0107
vn -0.0949 -0.9955 -0.0050
vn -0.0972 -0.9953 -0.0011
vn -0.0942 -0.9956 0.0023
vn -0.0591 -0.9982 -0.0069
vn -0.0613 -0.9981 -0.0046
vn -0.0587 -0.9983 -0.0029
vn 0.0195 -0.9998 -0.0084
vn 0.0182 -0.9998 -0.0124
vn 0.0187 -0.9997 -0.0166
vn 0.1362 0.9903 -0.0274
vn 0.1285 0.9906 -0.0462
vn 0.1280 0.9902 -0.0555
vn 0.1709 0.9843 -0.0432
vn 0.1636 0.9843 -0.0661
vn 0.1630 0.9840 -0.0714
vn 0.2374 0.9691 -0.0664
vn 0.2328 0.9683 -0.0901
vn 0.2333 0.9682 -0.0898
vn -0.0942 -0.9956 -0.0023
vn -0.0972 -0.9953 0.0011
vn -0.0949 -0.9955 0.0050
vn -0.0587 -0.9983 0.0029
vn -0.0613 -0.9981 0.0046
vn -0.0591 -0.9982 0.0069
vn 0.0187 -0.9997 0.0166
vn 0.0182 -0.9998 0.0124
vn 0.0195 -0.9998 0.0084
vn 0.1242 0.9921 -0.0167
vn 0.1202 0.9927 -0.0090
vn 0.1221 0.9925 -0.0057
vn 0.1591 0.9870 -0.0219
vn 0.1549 0.9879 -0.0086
vn 0.1559 0.9878 -0.0014
vn 0.2327 0.9721 -0.0289
vn 0.2296 0.9733 -0.0050
vn 0.2284 0.9735 0.0107
vn -0.0940 -0.9956 0.0005
vn -0.0976 -0.9952 0.0032
vn -0.0962 -0.9953 0.0076
vn -0.0602 -0.9981 0.0125
vn -0.0631 -0.9979 0.0137
vn -0.0614 -0.9980 0.0164
vn 0.0131 -0.9991 0.0411
vn 0.0133 -0.9992 0.0368
vn 0.0155 -0.9993 0.0332
vn 0.1197 0.9928 0.0072
vn 0.1183 0.9930 0.0031
vn 0.1217 0.9926 0.0004
vn 0.1525 0.9882 0.0156
vn 0.1509 0.9885 0.0131
vn 0.1536 0.9881 0.0119
vn 0.2242 0.9740 0.0315
vn 0.2222 0.9744 0.0350
vn 0.2219 0.9743 0.0390
vn -0.0944 -0.9955 0.0032
vn -0.0985 -0.9951 0.0052
vn -0.0979 -0.9952 0.0098
vn -0.0636 -0.9977 0.0216
vn -0.0666 -0.9975 0.0223
vn -0.0655 -0.9975 0.0252
vn 0.0028 -0.9980 0.0639
vn 0.0039 -0.9982 0.0598
vn 0.0067 -0.9984 0.0566
vn 0.1167 0.9931 0.0123
vn 0.1134 0.9935 0.0137
vn 0.1127 0.9934 0.0218
vn 0.1471 0.9887 0.0276
vn 0.1425 0.9893 0.0326
vn 0.1390 0.9893 0.0453
vn 0.2140 0.9751 0.0584
vn 0.2066 0.9758 0.0715
vn 0.1965 0.9762 0.0923
vn -0.0953 -0.9954 0.0059
vn -0.0997 -0.9950 0.0071
vn -0.0999 -0.9949 0.0116
vn -0.0686 -0.9972 0.0300
vn -0.0717 -0.9970 0.0300
vn -0.0712 -0.9969 0.0331
vn -0.0117 -0.9964 0.0843
vn -0.0099 -0.9967 0.0805
vn -0.0065 -0.9969 0.0779
vn 0.0918 0.9940 0.0597
vn 0.0908 0.9940 0.0608
vn 0.0967 0.9932 0.0644
vn 0.1119 0.9894 0.0931
vn 0.1066 0.9892 0.1008
vn 0.1102 0.9883 0.1056
vn 0.1598 0.9759 0.1488
vn 0.1477 0.9754 0.1636
vn 0.1441 0.9747 0.1707
vn -0.0967 -0.9953 0.0083
vn -0.1012 -0.9948 0.0086
vn -0.1024 -0.9947 0.0130
vn -0.0752 -0.9965 0.0371
vn -0.0783 -0.9963 0.0366
vn -0.0783 -0.9961 0.0397
vn -0.0299 -0.9944 0.1014
vn -0.0273 -0.9948 0.0981
vn -0.0236 -0.9951 0.0962
vn 0.0960 0.9926 0.0740
vn 0.1093 0.9922 0.0601
vn 0.1274 0.9904 0.0537
vn 0.1136 0.9872 0.1121
vn 0.1258 0.9869 0.1015
vn 0.1424 0.9853 0.0944
vn 0.1484 0.9741 0.1705
vn 0.1579 0.9740 0.1624
vn 0.1705 0.9731 0.1549
vn -0.0985 -0.9951 0.0104
vn -0.1030 -0.9946 0.0098
vn -0.1050 -0.9944 0.0139
vn -0.0830 -0.9956 0.0429
vn -0.0859 -0.9954 0.0417
vn -0.0866 -0.9952 0.0448
vn -0.0511 -0.9921 0.1147
vn -0.0479 -0.9926 0.1119
vn -0.0438 -0.9929 0.1108
vn 0.1307 0.9900 0.0533
vn 0.1493 0.9881 0.0368
vn 0.1744 0.9843 0.0272
vn 0.1558 0.9839 0.0873
vn 0.1751 0.9819 0.0723
vn 0.1993 0.9780 0.0610
vn 0.1925 0.9711 0.1410
vn 0.2114 0.9689 0.1286
vn 0.2342 0.9651 0.1171
vn -0.1007 -0.9948 0.0121
vn -0.1050 -0.9944 0.0107
vn -0.1078 -0.9941 0.0143
vn -0.0918 -0.9947 0.0470
vn -0.0945 -0.9945 0.0453
vn -0.0957 -0.9942 0.0482
vn -0.0744 -0.9895 0.1235
vn -0.0707 -0.9901 0.1214
vn -0.0665 -0.9904 0.1211
vn 0.1822 0.9831 0.0169
vn 0.1856 0.9826 0.0075
vn 0.1855 0.9826 0.0069
vn 0.2181 0.9749 0.0453
vn 0.2212 0.9745 0.0371
vn 0.2127 0.9764 0.0380
vn 0.2657 0.9588 0.1001
vn 0.2661 0.9590 0.0975
vn 0.2490 0.9631 0.1025
vn -0.1032 -0.9946 0.0134
vn -0.1071 -0.9942 0.0111
vn -0.1105 -0.9938 0.0141
vn -0.1012 -0.9936 0.0493
vn -0.1035 -0.9935 0.0471
vn -0.1053 -0.9932 0.0497
vn -0.0990 -0.9869 0.1276
vn -0.0950 -0.9874 0.1263
vn -0.0908 -0.9878 0.1268
vn 0.1332 0.9910 0.0122
vn 0.1220 0.9925 0.0099
vn 0.1173 0.9930 0.0126
vn 0.1469 0.9881 0.0457
vn 0.1290 0.9907 0.0444
vn 0.1198 0.9917 0.0468
vn 0.1696 0.9785 0.1173
vn 0.1404 0.9829 0.1194
vn 0.1218 0.9851 0.1215
vn -0.1059 -0.9943 0.0141
vn -0.1093 -0.9939 0.0111
vn -0.1132 -0.9935 0.0134
vn -0.1109 -0.9926 0.0497
vn -0.1127 -0.9925 0.0471
vn -0.1150 -0.9921 0.0493
vn -0.1239 -0.9842 0.1268
vn -0.1197 -0.9847 0.1263
vn -0.1157 -0.9850 0.1276
vn 0.1035 0.9946 0.0127
vn 0.1072 0.9942 0.0105
vn 0.1104 0.9938 0.0134
vn 0.1016 0.9937 0.0468
vn 0.1037 0.9936 0.0447
vn 0.1054 0.9933 0.0472
vn 0.0995 0.9876 0.1214
vn 0.0957 0.9881 0.1201
vn 0.0917 0.9885 0.1206
vn -0.1087 -0.9940 0.0143
vn -0.1114 -0.9937 0.0107
vn -0.1157 -0.9932 0.0121
vn -0.1205 -0.9915 0.0482
vn -0.1218 -0.9915 0.0453
vn -0.1244 -0.9911 0.0470
vn -0.1482 -0.9815 0.1211
vn -0.1440 -0.9821 0.1214
vn -0.1403 -0.9824 0.1235
vn 0.1011 0.9948 0.0115
vn 0.1052 0.9944 0.0101
vn 0.1078 0.9941 0.0136
vn 0.0926 0.9947 0.0446
vn 0.0952 0.9945 0.0430
vn 0.0963 0.9943 0.0458
vn 0.0761 0.9902 0.1175
vn 0.0726 0.9907 0.1155
vn 0.0686 0.9910 0.1152
vn -0.1114 -0.9937 0.0139
vn -0.1134 -0.9935 0.0098
vn -0.1179 -0.9930 0.0104
vn -0.1296 -0.9906 0.0448
vn -0.1303 -0.9906 0.0417
vn -0.1332 -0.9902 0.0429
vn -0.1709 -0.9790 0.1108
vn -0.1668 -0.9796 0.1119
vn -0.1636 -0.9798 0.1147
vn 0.0990 0.9950 0.0099
vn 0.1033 0.9946 0.0093
vn 0.1052 0.9944 0.0132
vn 0.0843 0.9956 0.0407
vn 0.0871 0.9954 0.0396
vn 0.0877 0.9952 0.0426
vn 0.0539 0.9926 0.1091
vn 0.0509 0.9930 0.1064
vn 0.0470 0.9933 0.1054
vn -0.1141 -0.9934 0.0130
vn -0.1152 -0.9933 0.0086
vn -0.1198 -0.9928 0.0083
vn -0.1379 -0.9896 0.0397
vn -0.1380 -0.9898 0.0366
vn -0.1410 -0.9893 0.0371
vn -0.1911 -0.9768 0.0962
vn -0.1874 -0.9774 0.0981
vn -0.1848 -0.9775 0.1014
vn 0.0972 0.9952 0.0079
vn 0.1016 0.9948 0.0082
vn 0.1027 0.9946 0.0124
vn 0.0768 0.9964 0.0353
vn 0.0798 0.9962 0.0348
vn 0.0798 0.9961 0.0377
vn 0.0338 0.9948 0.0965
vn 0.0314 0.9951 0.0933
vn 0.0278 0.9954 0.0915
vn -0.1165 -0.9931 0.0116
vn -0.1168 -0.9931 0.0071
vn -0.1212 -0.9926 0.0059
vn -0.1450 -0.9889 0.0331
vn -0.1445 -0.9891 0.0300
vn -0.1476 -0.9886 0.0300
vn -0.2082 -0.9750 0.0779
vn -0.2049 -0.9755 0.0805
vn -0.2030 -0.9755 0.0843
vn 0.0959 0.9954 0.0056
vn 0.1001 0.9950 0.0067
vn 0.1004 0.9949 0.0110
vn 0.0706 0.9971 0.0285
vn 0.0736 0.9969 0.0285
vn 0.0730 0.9968 0.0315
vn 0.0165 0.9966 0.0801
vn 0.0147 0.9970 0.0765
vn 0.0115 0.9972 0.0741
vn -0.1186 -0.9929 0.0098
vn -0.1180 -0.9930 0.0052
vn -0.1221 -0.9925 0.0032
vn -0.1507 -0.9883 0.0252
vn -0.1496 -0.9885 0.0223
vn -0.1526 -0.9880 0.0216
vn -0.2214 -0.9735 0.0566
vn -0.2186 -0.9740 0.0598
vn -0.2175 -0.9740 0.0639
vn 0.0932 0.9956 0.0001
vn 0.0937 0.9956 -0.0037
vn 0.0871 0.9962 -0.0093
vn 0.0635 0.9978 0.0171
vn 0.0617 0.9980 0.0101
vn 0.0526 0.9986 -0.0006
vn -0.0003 0.9984 0.0565
vn -0.0073 0.9991 0.0424
vn -0.0195 0.9996 0.0215
vn -0.1203 -0.9927 0.0076
vn -0.1188 -0.9929 0.0032
vn -0.1224 -0.9925 0.0005
vn -0.1548 -0.9878 0.0164
vn -0.1531 -0.9881 0.0137
vn -0.1560 -0.9877 0.0125
vn -0.2301 -0.9726 0.0332
vn -0.2281 -0.9729 0.0368
vn -0.2278 -0.9728 0.0411
vn 0.0685 0.9967 -0.0436
vn 0.0717 0.9968 -0.0349
vn 0.0718 0.9973 -0.0145
vn 0.0296 0.9986 -0.0448
vn 0.0311 0.9987 -0.0396
vn 0.0333 0.9993 -0.0157
vn -0.0440 0.9984 -0.0343
vn -0.0437 0.9984 -0.0348
vn -0.0387 0.9992 -0.0112
vn -0.1215 -0.9926 0.0050
vn -0.1192 -0.9929 0.0011
vn -0.1223 -0.9925 -0.0023
vn -0.1571 -0.9876 0.0069
vn -0.1549 -0.9879 0.0046
vn -0.1575 -0.9875 0.0029
vn -0.2342 -0.9721 0.0084
vn -0.2329 -0.9724 0.0124
vn -0.2334 -0.9722 0.0166
vn 0.0801 0.9964 0.0274
vn 0.0877 0.9951 0.0462
vn 0.0880 0.9946 0.0554
vn 0.0449 0.9981 0.0431
vn 0.0519 0.9965 0.0659
vn 0.0523 0.9961 0.0709
vn -0.0234 0.9975 0.0662
vn -0.0194 0.9958 0.0893
vn -0.0205 0.9959 0.0881
vn -0.1223 -0.9925 0.0023
vn -0.1192 -0.9929 -0.0011
vn -0.1215 -0.9926 -0.0050
vn -0.1575 -0.9875 -0.0029
vn -0.1549 -0.9879 -0.0046
vn -0.1571 -0.9876 -0.0069
vn -0.2334 -0.9722 -0.0166
vn -0.2329 -0.9724 -0.0124
vn -0.2342 -0.9721 -0.0084
vn 0.0920 0.9956 0.0163
vn 0.0960 0.9953 0.0088
vn 0.0938 0.9956 0.0056
vn 0.0560 0.9982 0.0204
vn 0.0599 0.9982 0.0073
vn 0.0584 0.9983 0.0004
vn -0.0216 0.9995 0.0244
vn -0.0198 0.9998 0.0003
vn -0.0201 0.9997 -0.0143
vn -0.1224 -0.9925 -0.0005
vn -0.1188 -0.9929 -0.0032
vn -0.1203 -0.9927 -0.0076
vn -0.1560 -0.9877 -0.0125
vn -0.1531 -0.9881 -0.0137
vn -0.1548 -0.9878 -0.0164
vn -0.2278 -0.9728 -0.0411
vn -0.2281 -0.9729 -0.0368
vn -0.2301 -0.9726 -0.0332
vn 0.0963 0.9953 -0.0073
vn 0.0978 0.9952 -0.0030
vn 0.0943 0.9955 -0.0002
vn 0.0616 0.9980 -0.0154
vn 0.0635 0.9979 -0.0124
vn 0.0611 0.9981 -0.0109
vn -0.0168 0.9994 -0.0307
vn -0.0138 0.9994 -0.0326
vn -0.0121 0.9993 -0.0361
vn -0.1221 -0.9925 -0.0032
vn -0.1180 -0.9930 -0.0052
vn -0.1186 -0.9929 -0.0098
vn -0.1526 -0.9880 -0.0216
vn -0.1496 -0.9885 -0.0223
vn -0.1507 -0.9883 -0.0252
vn -0.2175 -0.9740 -0.0639
vn -0.2186 -0.9740 -0.0598
vn -0.2214 -0.9735 -0.0566
vn 0.0983 0.9951 -0.0092
vn 0.0989 0.9951 -0.0050
vn 0.0951 0.9955 -0.0031
vn 0.0671 0.9975 -0.0236
vn 0.0685 0.9974 -0.0210
vn 0.0657 0.9976 -0.0205
vn -0.0027 0.9986 -0.0524
vn 0.0009 0.9984 -0.0562
vn 0.0025 0.9982 -0.0606
vn -0.1212 -0.9926 -0.0059
vn -0.1168 -0.9931 -0.0071
vn -0.1165 -0.9931 -0.0116
vn -0.1476 -0.9886 -0.0300
vn -0.1445 -0.9891 -0.0300
vn -0.1450 -0.9889 -0.0331
vn -0.2030 -0.9755 -0.0843
vn -0.2049 -0.9755 -0.0805
vn -0.2082 -0.9750 -0.0779
vn 0.1004 0.9949 -0.0110
vn 0.1001 0.9950 -0.0067
vn 0.0959 0.9954 -0.0056
vn 0.0730 0.9968 -0.0315
vn 0.0736 0.9969 -0.0285
vn 0.0706 0.9971 -0.0285
vn 0.0115 0.9972 -0.0741
vn 0.0147 0.9970 -0.0765
vn 0.0165 0.9966 -0.0801
vn -0.1198 -0.9928 -0.0083
vn -0.1152 -0.9933 -0.0086
vn -0.1141 -0.9934 -0.0130
vn -0.1410 -0.9893 -0.0371
vn -0.1380 -0.9898 -0.0366
vn -0.1379 -0.9896 -0.0397
vn -0.1848 -0.9775 -0.1014
vn -0.1874 -0.9774 -0.0981
vn -0.1911 -0.9768 -0.0962
vn 0.1027 0.9946 -0.0124
vn 0.1016 0.9948 -0.0082
vn 0.0972 0.9952 -0.0079
vn 0.0798 0.9961 -0.0377
vn 0.0798 0.9962 -0.0348
vn 0.0768 0.9964 -0.0353
vn 0.0278 0.9954 -0.0915
vn 0.0314 0.9951 -0.0933
vn 0.0338 0.9948 -0.0965
vn -0.1180 -0.9930 -0.0104
vn -0.1134 -0.9935 -0.0098
vn -0.1114 -0.9937 -0.0139
vn -0.1332 -0.9902 -0.0429
vn -0.1303 -0.9906 -0.0417
vn -0.1296 -0.9906 -0.0448
vn -0.1636 -0.9798 -0.1147
vn -0.1668 -0.9796 -0.1119
vn -0.1709 -0.9790 -0.1108
vn 0.1052 0.9944 -0.0132
vn 0.1033 0.9946 -0.0093
vn 0.0990 0.9950 -0.0099
vn 0.0877 0.9952 -0.0426
vn 0.0871 0.9954 -0.0396
vn 0.0843 0.9956 -0.0407
vn 0.0470 0.9933 -0.1054
vn 0.0509 0.9930 -0.1064
vn 0.0539 0.9926 -0.1091
vn -0.1157 -0.9932 -0.0121
vn -0.1114 -0.9937 -0.0107
vn -0.1087 -0.9940 -0.0143
vn -0.1244 -0.9911 -0.0470
vn -0.1218 -0.9915 -0.0453
vn -0.1205 -0.9915 -0.0482
vn -0.1403 -0.9824 -0.1235
vn -0.1440 -0.9821 -0.1214
vn -0.1482 -0.9815 -0.1211
vn 0.1078 0.9941 -0.0136
vn 0.1052 0.9944 -0.0101
vn 0.1011 0.9948 -0.0115
vn 0.0963 0.9943 -0.0458
vn 0.0952 0.9945 -0.0430
vn 0.0926 0.9947 -0.0446
vn 0.0686 0.9910 -0.1152
vn 0.0726 0.9907 -0.1155
vn 0.0761 0.9902 -0.1175
vn -0.1132 -0.9935 -0.0134
vn -0.1093 -0.9939 -0.0111
vn -0.1059 -0.9943 -0.0141
vn -0.1150 -0.9921 -0.0493
vn -0.1127 -0.9925 -0.0471
vn -0.1109 -0.9926 -0.0497
vn -0.1157 -0.9850 -0.1276
vn -0.1197 -0.9847 -0.1263
vn -0.1239 -0.9842 -0.1268
vn 0.1104 0.9938 -0.0134
vn 0.1072 0.9942 -0.0105
vn 0.1035 0.9946 -0.0127
vn 0.1054 0.9933 -0.0472
vn 0.1037 0.9936 -0.0447
vn 0.1016 0.9937 -0.0468
vn 0.0917 0.9885 -0.1206
vn 0.0957 0.9881 -0.1201
vn 0.0995 0.9876 -0.1214
vt 0.992188 0.877832
vt 0.992188 0.918663
vt 0.984375 0.918663
vt 0.984375 0.877832
vt 0.992188 0.959364
vt 0.984375 0.959364
vt 0.976563 0.918663
vt 0.976562 0.877832
vt 0.976563 0.959364
vt 1.000000 0.836806
vt 1.000000 0.877832
vt 0.992188 0.836806
vt 1.000000 0.918663
vt 1.000000 0.959364
vt 1.000000 1.000000
vt 0.992188 1.000000
vt 0.984375 1.000000
vt 0.976563 1.000000
vt 0.968750 1.000000
vt 0.968750 0.959364
vt 0.968750 0.918663
vt 0.968750 0.877832
vt 0.976563 0.836806
vt 0.968750 0.836806
vt 0.984375 0.836806
vt 0.960938 0.877832
vt 0.960938 0.918663
vt 0.953125 0.918663
vt 0.953125 0.877832
vt 0.960938 0.959364
vt 0.953125 0.959364
vt 0.945313 0.918663
vt 0.945312 0.877832
vt 0.945313 0.959364
vt 0.960938 0.836806
vt 0.960938 1.000000
vt 0.953125 1.000000
vt 0.945312 1.000000
vt 0.937500 1.000000
vt 0.937500 0.959364
vt 0.937500 0.918663
vt 0.937500 0.877832
vt 0.945313 0.836806
vt 0.937500 0.836806
vt 0.953125 0.836806
vt 0.929688 0.877832
vt 0.929688 0.918663
vt 0.921875 0.918663
vt 0.921875 0.877832
vt 0.929688 0.959364
vt 0.921875 0.959364
vt 0.914062 0.918663
vt 0.914063 0.877832
vt 0.914063 0.959364
vt 0.929688 0.836806
vt 0.929688 1.000000
vt 0.921875 1.000000
vt 0.914063 1.000000
vt 0.906250 1.000000
vt 0.906250 0.959364
vt 0.906250 0.918663
vt 0.906250 0.877832
vt 0.914063 0.836806
vt 0.906250 0.836806
vt 0.921875 0.836806
vt 0.898438 0.877832
vt 0.898438 0.918663
vt 0.890625 0.918663
vt 0.890625 0.877832
vt 0.898438 0.959364
vt 0.890625 0.959364
vt 0.882813 0.918663
vt 0.882813 0.877832
vt 0.882813 0.959364
vt 0.898438 0.836806
vt 0.898438 1.000000
vt 0.890625 1.000000
vt 0.882813 1.000000
vt 0.875000 1.000000
vt 0.875000 0.959364
vt 0.875000 0.918663
vt 0.875000 0.877832
vt 0.882813 0.836806
vt 0.875000 0.836806
vt 0.890625 0.836806
vt 0.867188 0.877832
vt 0.867188 0.918663
vt 0.859375 0.918663
vt 0.859375 0.877832
vt 0.867188 0.959364
vt 0.859375 0.959364
vt 0.851563 0.918663
vt 0.851562 0.877832
vt 0.851563 0.959364
vt 0.867188 0.836806
vt 0.867188 1.000000
vt 0.859375 1.000000
vt 0.851562 1.000000
vt 0.843750 1.000000
vt 0.843750 0.959364
vt 0.843750 0.918663
vt 0.843750 0.877832
vt 0.851562 0.836806
vt 0.843750 0.836806
vt 0.859375 0.836806
vt 0.835938 0.877832
vt 0.835938 0.918663
vt 0.828125 0.918663
vt 0.828125 0.877832
vt 0.835938 0.959364
vt 0.828125 0.959364
vt 0.820313 0.918663
vt 0.820313 0.877832
vt 0.820313 0.959364
vt 0.835938 0.836806
vt 0.835938 1.000000
vt 0.828125 1.000000
vt 0.820313 1.000000
vt 0.812500 1.000000
vt 0.812500 0.959364
vt 0.812500 0.918663
vt 0.812500 0.877832
vt 0.820312 0.836806
vt 0.812500 0.836806
vt 0.828125 0.836806
vt 0.804688 0.877832
vt 0.804688 0.918663
vt 0.796875 0.918663
vt 0.796875 0.877832
vt 0.804688 0.959364
vt 0.796875 0.959364
vt 0.789063 0.918663
vt 0.789063 0.877832
vt 0.789063 0.959364
vt 0.804688 0.836806
vt 0.804688 1.000000
vt 0.796875 1.000000
vt 0.789062 1.000000
vt 0.781250 1.000000
vt 0.781250 0.959364
vt 0.781250 0.918663
vt 0.781250 0.877832
vt 0.789063 0.836806
vt 0.781250 0.836806
vt 0.796875 0.836806
vt 0.773438 0.877832
vt 0.773438 0.918663
vt 0.765625 0.918663
vt 0.765625 0.877832
vt 0.773438 0.959364
vt 0.765625 0.959364
vt 0.757813 0.918663
vt 0.757813 0.877832
vt 0.757813 0.959364
vt 0.773438 0.836806
vt 0.773438 1.000000
vt 0.765625 1.000000
vt 0.757812 1.000000
vt 0.750000 1.000000
vt 0.750000 0.959364
vt 0.750000 0.918663
vt 0.750000 0.877832
vt 0.757813 0.836806
vt 0.750000 0.836806
vt 0.765625 0.836806
vt 0.742188 0.877832
vt 0.742188 0.918663
vt 0.734375 0.918663
vt 0.734375 0.877832
vt 0.742188 0.959364
vt 0.734375 0.959364
vt 0.726563 0.918663
vt 0.726563 0.877832
vt 0.726563 0.959364
vt 0.742188 0.836806
vt 0.742188 1.000000
vt 0.734375 1.000000
vt 0.726562 1.000000
vt 0.718750 1.000000
vt 0.718750 0.959364
vt 0.718750 0.918663
vt 0.718750 0.877832
vt 0.726563 0.836806
vt 0.718750 0.836806
vt 0.734375 0.836806
vt 0.710938 0.877832
vt 0.710938 0.918663
vt 0.703125 0.918663
vt 0.703125 0.877832
vt 0.710938 0.959364
vt 0.703125 0.959364
vt 0.695313 0.918663
vt 0.695312 0.877832
vt 0.695313 0.959364
vt 0.710938 0.836806
vt 0.710938 1.000000
vt 0.703125 1.000000
vt 0.695312 1.000000
vt 0.687500 1.000000
vt 0.687500 0.959364
vt 0.687500 0.918663
vt 0.687500 0.877832
vt 0.695312 0.836806
vt 0.687500 0.836806
vt 0.703125 0.836806
vt 0.679688 0.877832
vt 0.679688 0.918663
vt 0.671875 0.918663
vt 0.671875 0.877832
vt 0.679688 0.959364
vt 0.671875 0.959364
vt 0.664063 0.918663
vt 0.664063 0.877832
vt 0.664063 0.959364
vt 0.679688 0.836806
vt 0.679688 1.000000
vt 0.671875 1.000000
vt 0.664062 1.000000
vt 0.656250 1.000000
vt 0.656250 0.959364
vt 0.656250 0.918663
vt 0.656250 0.877832
vt 0.664063 0.836806
vt 0.656250 0.836806
vt 0.671875 0.836806
vt 0.648438 0.877832
vt 0.648438 0.918663
vt 0.640625 0.918663
vt 0.640625 0.877832
vt 0.648438 0.959364
vt 0.640625 0.959364
vt 0.632813 0.918663
vt 0.632812 0.877832
vt 0.632812 0.959364
vt 0.648438 0.836806
vt 0.648438 1.000000
vt 0.640625 1.000000
vt 0.632812 1.000000
vt 0.625000 1.000000
vt 0.625000 0.959364
vt 0.625000 0.918663
vt 0.625000 0.877832
vt 0.632812 0.836806
vt 0.625000 0.836806
vt 0.640625 0.836806
vt 0.617188 0.877832
vt 0.617188 0.918663
vt 0.609375 0.918663
vt 0.609375 0.877832
vt 0.617188 0.959364
vt 0.609375 0.959364
vt 0.601563 0.918663
vt 0.601562 0.877832
vt 0.601562 0.959364
vt 0.617188 0.836806
vt 0.617188 1.000000
vt 0.609375 1.000000
vt 0.601562 1.000000
vt 0.593750 1.000000
vt 0.593750 0.959364
vt 0.593750 0.918663
vt 0.593750 0.877832
vt 0.601563 0.836806
vt 0.593750 0.836806
vt 0.609375 0.836806
vt 0.585938 0.877832
vt 0.585938 0.918663
vt 0.578125 0.918663
vt 0.578125 0.877832
vt 0.585938 0.959364
vt 0.578125 0.959364
vt 0.570313 0.918663
vt 0.570312 0.877832
vt 0.570312 0.959364
vt 0.585938 0.836806
vt 0.585938 1.000000
vt 0.578125 1.000000
vt 0.570312 1.000000
vt 0.562500 1.000000
vt 0.562500 0.959364
vt 0.562500 0.918663
vt 0.562500 0.877832
vt 0.570312 0.836806
vt 0.562500 0.836806
vt 0.578125 0.836806
vt 0.554688 0.877832
vt 0.554688 0.918663
vt 0.546875 0.918663
vt 0.546875 0.877832
vt 0.554688 0.959364
vt 0.546875 0.959364
vt 0.539062 0.918663
vt 0.539062 0.877832
vt 0.539062 0.959364
vt 0.554688 0.836806
vt 0.554688 1.000000
vt 0.546875 1.000000
vt 0.539062 1.000000
vt 0.531250 1.000000
vt 0.531250 0.959364
vt 0.531250 0.918663
vt 0.531250 0.877832
vt 0.539062 0.836806
vt 0.531250 0.836806
vt 0.546875 0.836806
vt 0.523438 0.877832
vt 0.523438 0.918663
vt 0.515625 0.918663
vt 0.515625 0.877832
vt 0.523438 0.959364
vt 0.515625 0.959364
vt 0.507813 0.918663
vt 0.507813 0.877832
vt 0.507813 0.959364
vt 0.523438 0.836806
vt 0.523438 1.000000
vt 0.515625 1.000000
vt 0.507812 1.000000
vt 0.500000 1.000000
vt 0.500000 0.959364
vt 0.500000 0.918663
vt 0.500000 0.877832
vt 0.507812 0.836806
vt 0.500000 0.836806
vt 0.515625 0.836806
vt 0.492188 0.877832
vt 0.492188 0.918663
vt 0.484375 0.918663
vt 0.484375 0.877832
vt 0.492188 0.959364
vt 0.484375 0.959364
vt 0.476563 0.918663
vt 0.476562 0.877832
vt 0.476563 0.959364
vt 0.492188 0.836806
vt 0.492188 1.000000
vt 0.484375 1.000000
vt 0.476562 1.000000
vt 0.468750 1.000000
vt 0.468750 0.959364
vt 0.468750 0.918663
vt 0.468750 0.877832
vt 0.476562 0.836806
vt 0.468750 0.836806
vt 0.484375 0.836806
vt 0.460938 0.877832
vt 0.460938 0.918663
vt 0.453125 0.918663
vt 0.453125 0.877832
vt 0.460938 0.959364
vt 0.453125 0.959364
vt 0.445313 0.918663
vt 0.445312 0.877832
vt 0.445313 0.959364
vt 0.460937 0.836806
vt 0.460938 1.000000
vt 0.453125 1.000000
vt 0.445313 1.000000
vt 0.437500 1.000000
vt 0.437500 0.959364
vt 0.437500 0.918663
vt 0.437500 0.877832
vt 0.445313 0.836806
vt 0.437500 0.836806
vt 0.453125 0.836806
vt 0.429688 0.877832
vt 0.429688 0.918663
vt 0.421875 0.918663
vt 0.421875 0.877832
vt 0.429688 0.959364
vt 0.421875 0.959364
vt 0.414063 0.918663
vt 0.414063 0.877832
vt 0.414063 0.959364
vt 0.429688 0.836806
vt 0.429688 1.000000
vt 0.421875 1.000000
vt 0.414062 1.000000
vt 0.406250 1.000000
vt 0.406250 0.959364
vt 0.406250 0.918663
vt 0.406250 0.877832
vt 0.414062 0.836806
vt 0.406250 0.836806
vt 0.421875 0.836806
vt 0.398438 0.877832
vt 0.398438 0.918663
vt 0.390625 0.918663
vt 0.390625 0.877832
vt 0.398438 0.959364
vt 0.390625 0.959364
vt 0.382812 0.918663
vt 0.382813 0.877832
vt 0.382813 0.959364
vt 0.398438 0.836806
vt 0.398438 1.000000
vt 0.390625 1.000000
vt 0.382812 1.000000
vt 0.375000 1.000000
vt 0.375000 0.959364
vt 0.375000 0.918663
vt 0.375000 0.877832
vt 0.382813 0.836806
vt 0.375000 0.836806
vt 0.390625 0.836806
vt 0.367188 0.877832
vt 0.367188 0.918663
vt 0.359375 0.918663
vt 0.359375 0.877832
vt 0.367188 0.959364
vt 0.359375 0.959364
vt 0.351563 0.918663
vt 0.351563 0.877832
vt 0.351563 0.959364
vt 0.367188 0.836806
vt 0.367188 1.000000
vt 0.359375 1.000000
vt 0.351562 1.000000
vt 0.343750 1.000000
vt 0.343750 0.959364
vt 0.343750 0.918663
vt 0.343750 0.877832
vt 0.351562 0.836806
vt 0.343750 0.836806
vt 0.359375 0.836806
vt 0.335938 0.877832
vt 0.335938 0.918663
vt 0.328125 0.918663
vt 0.328125 0.877832
vt 0.335938 0.959364
vt 0.328125 0.959364
vt 0.320313 0.918663
vt 0.320313 0.877832
vt 0.320312 0.959364
vt 0.335938 0.836806
vt 0.335938 1.000000
vt 0.328125 1.000000
vt 0.320312 1.000000
vt 0.312500 1.000000
vt 0.312500 0.959364
vt 0.312500 0.918663
vt 0.312500 0.877832
vt 0.320313 0.836806
vt 0.312500 0.836806
vt 0.328125 0.836806
vt 0.304688 0.877832
vt 0.304688 0.918663
vt 0.296875 0.918663
vt 0.296875 0.877832
vt 0.304688 0.959364
vt 0.296875 0.959364
vt 0.289063 0.918663
vt 0.289062 0.877832
vt 0.289063 0.959364
vt 0.304688 0.836806
vt 0.304688 1.000000
vt 0.296875 1.000000
vt 0.289062 1.000000
vt 0.281250 1.000000
vt 0.281250 0.959364
vt 0.281250 0.918663
vt 0.281250 0.877832
vt 0.289063 0.836806
vt 0.281250 0.836806
vt 0.296875 0.836806
vt 0.273438 0.877832
vt 0.273438 0.918663
vt 0.265625 0.918663
vt 0.265625 0.877832
vt 0.273438 0.959364
vt 0.265625 0.959364
vt 0.257813 0.918663
vt 0.257812 0.877832
vt 0.257813 0.959364
vt 0.273438 0.836806
vt 0.273438 1.000000
vt 0.265625 1.000000
vt 0.257812 1.000000
vt 0.250000 1.000000
vt 0.250000 0.959364
vt 0.250000 0.918663
vt 0.250000 0.877832
vt 0.257812 0.836806
vt 0.250000 0.836806
vt 0.265625 0.836806
vt 0.242188 0.877832
vt 0.242188 0.918663
vt 0.234375 0.918663
vt 0.234375 0.877832
vt 0.242187 0.959364
vt 0.234375 0.959364
vt 0.226563 0.918663
vt 0.226563 0.877832
vt 0.226563 0.959364
vt 0.242188 0.836806
vt 0.242188 1.000000
vt 0.234375 1.000000
vt 0.226563 1.000000
vt 0.218750 1.000000
vt 0.218750 0.959364
vt 0.218750 0.918663
vt 0.218750 0.877832
vt 0.226563 0.836806
vt 0.218750 0.836806
vt 0.234375 0.836806
vt 0.210938 0.877832
vt 0.210938 0.918663
vt 0.203125 0.918663
vt 0.203125 0.877832
vt 0.210938 0.959364
vt 0.203125 0.959364
vt 0.195313 0.918663
vt 0.195313 0.877832
vt 0.195313 0.959364
vt 0.210937 0.836806
vt 0.210938 1.000000
vt 0.203125 1.000000
vt 0.195312 1.000000
vt 0.187500 1.000000
vt 0.187500 0.959364
vt 0.187500 0.918663
vt 0.187500 0.877832
vt 0.195313 0.836806
vt 0.187500 0.836806
vt 0.203125 0.836806
vt 0.179688 0.877832
vt 0.179688 0.918663
vt 0.171875 0.918663
vt 0.171875 0.877832
vt 0.179688 0.959364
vt 0.171875 0.959364
vt 0.164063 0.918663
vt 0.164063 0.877832
vt 0.164062 0.959364
vt 0.179688 0.836806
vt 0.179688 1.000000
vt 0.171875 1.000000
vt 0.164062 1.000000
vt 0.156250 1.000000
vt 0.156250 0.959364
vt 0.156250 0.918663
vt 0.156250 0.877832
vt 0.164062 0.836806
vt 0.156250 0.836806
vt 0.171875 0.836806
vt 0.148438 0.877832
vt 0.148438 0.918663
vt 0.140625 0.918663
vt 0.140625 0.877832
vt 0.148438 0.959364
vt 0.140625 0.959364
vt 0.132813 0.918663
vt 0.132812 0.877832
vt 0.132813 0.959364
vt 0.148438 0.836806
vt 0.148438 1.000000
vt 0.140625 1.000000
vt 0.132812 1.000000
vt 0.125000 1.000000
vt 0.125000 0.959364
vt 0.125000 0.918663
vt 0.125000 0.877832
vt 0.132813 0.836806
vt 0.125000 0.836806
vt 0.140625 0.836806
vt 0.117188 0.877832
vt 0.117188 0.918663
vt 0.109375 0.918663
vt 0.109375 0.877832
vt 0.117188 0.959364
vt 0.109375 0.959364
vt 0.101563 0.918663
vt 0.101562 0.877832
vt 0.101563 0.959364
vt 0.117188 0.836806
vt 0.117188 1.000000
vt 0.109375 1.000000
vt 0.101562 1.000000
vt 0.093750 1.000000
vt 0.093750 0.959364
vt 0.093750 0.918663
vt 0.093750 0.877832
vt 0.101562 0.836806
vt 0.093750 0.836806
vt 0.109375 0.836806
vt 0.085938 0.877832
vt 0.085938 0.918663
vt 0.078125 0.918663
vt 0.078125 0.877832
vt 0.085938 0.959364
vt 0.078125 0.959364
vt 0.070312 0.918663
vt 0.070312 0.877832
vt 0.070312 0.959364
vt 0.085938 0.836806
vt 0.085938 1.000000
vt 0.078125 1.000000
vt 0.070312 1.000000
vt 0.062500 1.000000
vt 0.062500 0.959364
vt 0.062500 0.918663
vt 0.062500 0.877832
vt 0.070312 0.836806
vt 0.062500 0.836806
vt 0.078125 0.836806
vt 0.267255 0.336745
vt 0.256999 0.321058
vt 0.250000 0.250000
vt 0.270727 0.318328
vt 0.250000 0.338445
vt 0.243001 0.321058
vt 0.256999 0.321058
vt 0.232745 0.336745
vt 0.229273 0.318328
vt 0.243001 0.321058
vt 0.216154 0.331712
vt 0.216341 0.312971
vt 0.200863 0.323539
vt 0.204703 0.305195
vt 0.216341 0.312971
vt 0.187460 0.312540
vt 0.194805 0.295297
vt 0.204703 0.305195
vt 0.176461 0.299137
vt 0.187029 0.283659
vt 0.194805 0.295297
vt 0.168288 0.283846
vt 0.181672 0.270727
vt 0.187029 0.283659
vt 0.163255 0.267255
vt 0.178942 0.256999
vt 0.161555 0.250000
vt 0.178942 0.243001
vt 0.178942 0.256999
vt 0.163255 0.232745
vt 0.181672 0.229273
vt 0.178942 0.243001
vt 0.168288 0.216154
vt 0.187029 0.216341
vt 0.181672 0.229273
vt 0.176461 0.200863
vt 0.194805 0.204703
vt 0.187460 0.187460
vt 0.204703 0.194805
vt 0.194805 0.204703
vt 0.200863 0.176461
vt 0.216341 0.187029
vt 0.204703 0.194805
vt 0.216154 0.168288
vt 0.229273 0.181672
vt 0.216341 0.187029
vt 0.232745 0.163255
vt 0.243001 0.178942
vt 0.250000 0.161555
vt 0.256999 0.178942
vt 0.243001 0.178942
vt 0.267255 0.163255
vt 0.270727 0.181672
vt 0.256999 0.178942
vt 0.283846 0.168288
vt 0.283659 0.187029
vt 0.299137 0.176461
vt 0.295297 0.194805
vt 0.283659 0.187029
vt 0.312540 0.187460
vt 0.305195 0.204703
vt 0.323539 0.200863
vt 0.312971 0.216341
vt 0.305195 0.204703
vt 0.331712 0.216154
vt 0.318328 0.229273
vt 0.312971 0.216341
vt 0.336745 0.232745
vt 0.321058 0.243001
vt 0.318328 0.229273
vt 0.338445 0.250000
vt 0.321058 0.256999
vt 0.336745 0.267255
vt 0.318328 0.270727
vt 0.321058 0.256999
vt 0.331712 0.283846
vt 0.312971 0.283659
vt 0.323539 0.299137
vt 0.305195 0.295297
vt 0.312971 0.283659
vt 0.312540 0.312540
vt 0.295297 0.305195
vt 0.305195 0.295297
vt 0.299137 0.323539
vt 0.283659 0.312971
vt 0.283846 0.331712
vt 0.283659 0.312971
vt 0.275112 0.376245
vt 0.268728 0.366297
vt 0.277203 0.364611
vt 0.260873 0.360399
vt 0.282202 0.356156
vt 0.250000 0.378719
vt 0.245679 0.367716
vt 0.254321 0.367716
vt 0.239127 0.360399
vt 0.224888 0.376245
vt 0.222797 0.364611
vt 0.231273 0.366297
vt 0.217798 0.356156
vt 0.200742 0.368921
vt 0.200960 0.357102
vt 0.208944 0.360409
vt 0.197707 0.347834
vt 0.217798 0.356156
vt 0.178488 0.357026
vt 0.181008 0.345477
vt 0.188193 0.350278
vt 0.179625 0.335753
vt 0.197707 0.347834
vt 0.158982 0.341018
vt 0.163707 0.330183
vt 0.169817 0.336293
vt 0.164248 0.320375
vt 0.179625 0.335753
vt 0.142974 0.321512
vt 0.149722 0.311807
vt 0.154523 0.318992
vt 0.152166 0.302294
vt 0.164248 0.320375
vt 0.131080 0.299259
vt 0.139591 0.291056
vt 0.142898 0.299040
vt 0.143844 0.282202
vt 0.123755 0.275112
vt 0.133703 0.268728
vt 0.135389 0.277203
vt 0.139601 0.260874
vt 0.143844 0.282202
vt 0.121281 0.250000
vt 0.132284 0.245679
vt 0.132284 0.254321
vt 0.139601 0.239127
vt 0.139601 0.260873
vt 0.123755 0.224888
vt 0.135389 0.222797
vt 0.133703 0.231273
vt 0.143844 0.217798
vt 0.139601 0.239127
vt 0.131080 0.200742
vt 0.142898 0.200960
vt 0.139591 0.208944
vt 0.152166 0.197707
vt 0.142974 0.178488
vt 0.154523 0.181008
vt 0.149722 0.188193
vt 0.164248 0.179625
vt 0.158982 0.158982
vt 0.169817 0.163707
vt 0.163707 0.169817
vt 0.179625 0.164248
vt 0.164248 0.179625
vt 0.178488 0.142974
vt 0.188193 0.149722
vt 0.181008 0.154523
vt 0.197707 0.152166
vt 0.179625 0.164248
vt 0.200742 0.131080
vt 0.208944 0.139591
vt 0.200960 0.142898
vt 0.217798 0.143844
vt 0.197707 0.152166
vt 0.224888 0.123755
vt 0.231272 0.133703
vt 0.222797 0.135389
vt 0.239127 0.139601
vt 0.217798 0.143844
vt 0.250000 0.121281
vt 0.254321 0.132284
vt 0.245679 0.132284
vt 0.260873 0.139601
vt 0.239127 0.139601
vt 0.275112 0.123755
vt 0.277203 0.135389
vt 0.268728 0.133703
vt 0.282202 0.143844
vt 0.260873 0.139601
vt 0.299259 0.131080
vt 0.299040 0.142898
vt 0.291056 0.139591
vt 0.302293 0.152166
vt 0.282202 0.143844
vt 0.321512 0.142974
vt 0.318992 0.154523
vt 0.311807 0.149722
vt 0.320375 0.164248
vt 0.341018 0.158982
vt 0.336293 0.169817
vt 0.330183 0.163707
vt 0.335752 0.179625
vt 0.357026 0.178488
vt 0.350278 0.188193
vt 0.345477 0.181008
vt 0.347834 0.197707
vt 0.335752 0.179625
vt 0.368921 0.200742
vt 0.360409 0.208944
vt 0.357102 0.200960
vt 0.356156 0.217798
vt 0.347834 0.197707
vt 0.376245 0.224888
vt 0.366297 0.231273
vt 0.364611 0.222797
vt 0.360399 0.239127
vt 0.356156 0.217798
vt 0.378719 0.250000
vt 0.367716 0.254321
vt 0.367716 0.245679
vt 0.360399 0.260873
vt 0.360399 0.239127
vt 0.376245 0.275112
vt 0.364611 0.277203
vt 0.366297 0.268728
vt 0.356156 0.282202
vt 0.368920 0.299259
vt 0.357102 0.299040
vt 0.360409 0.291056
vt 0.347834 0.302294
vt 0.356156 0.282202
vt 0.357026 0.321512
vt 0.345477 0.318992
vt 0.350278 0.311807
vt 0.335752 0.320375
vt 0.347834 0.302294
vt 0.341018 0.341018
vt 0.330183 0.336293
vt 0.336293 0.330183
vt 0.320375 0.335752
vt 0.321512 0.357026
vt 0.311807 0.350278
vt 0.318992 0.345477
vt 0.302294 0.347834
vt 0.299259 0.368921
vt 0.291056 0.360409
vt 0.299040 0.357102
vt 0.302294 0.347834
vt 0.054688 0.877832
vt 0.054688 0.918663
vt 0.046875 0.918663
vt 0.046875 0.877832
vt 0.054688 0.959364
vt 0.046875 0.959364
vt 0.039063 0.918663
vt 0.039062 0.877832
vt 0.039063 0.959364
vt 0.054688 0.836806
vt 0.054688 1.000000
vt 0.046875 1.000000
vt 0.039062 1.000000
vt 0.031250 1.000000
vt 0.031250 0.959364
vt 0.031250 0.918663
vt 0.031250 0.877832
vt 0.039062 0.836806
vt 0.031250 0.836806
vt 0.046875 0.836806
vt 0.023438 0.877832
vt 0.023438 0.918663
vt 0.015625 0.918663
vt 0.015625 0.877832
vt 0.023438 0.959364
vt 0.015625 0.959364
vt 0.007813 0.918663
vt 0.007813 0.877832
vt 0.007813 0.959364
vt 0.023438 0.836806
vt 0.023438 1.000000
vt 0.015625 1.000000
vt 0.007813 1.000000
vt 0.000000 1.000000
vt 0.000000 0.959364
vt 0.000000 0.918663
vt 0.000000 0.877832
vt 0.007813 0.836806
vt 0.000000 0.836806
vt 0.015625 0.836806
vt 0.750000 0.338445
vt 0.756999 0.321058
vt 0.750000 0.250000
vt 0.743001 0.321058
vt 0.767255 0.336745
vt 0.770727 0.318328
vt 0.756999 0.321058
vt 0.783846 0.331712
vt 0.783659 0.312971
vt 0.770727 0.318328
vt 0.799137 0.323539
vt 0.795297 0.305195
vt 0.783659 0.312971
vt 0.812540 0.312540
vt 0.805195 0.295297
vt 0.823539 0.299137
vt 0.812971 0.283659
vt 0.805195 0.295297
vt 0.831712 0.283846
vt 0.818328 0.270727
vt 0.812971 0.283659
vt 0.836745 0.267255
vt 0.821059 0.256999
vt 0.838445 0.250000
vt 0.821059 0.243001
vt 0.821058 0.256999
vt 0.836745 0.232745
vt 0.818328 0.229273
vt 0.831712 0.216154
vt 0.812971 0.216341
vt 0.818328 0.229273
vt 0.823539 0.200863
vt 0.805195 0.204703
vt 0.812971 0.216341
vt 0.812540 0.187460
vt 0.795297 0.194805
vt 0.805195 0.204703
vt 0.799137 0.176461
vt 0.783659 0.187029
vt 0.795297 0.194805
vt 0.783846 0.168288
vt 0.770727 0.181672
vt 0.783659 0.187029
vt 0.767255 0.163255
vt 0.756999 0.178942
vt 0.770727 0.181672
vt 0.750000 0.161555
vt 0.743001 0.178942
vt 0.756999 0.178942
vt 0.732745 0.163255
vt 0.729273 0.181672
vt 0.716154 0.168288
vt 0.716341 0.187029
vt 0.729273 0.181672
vt 0.700863 0.176461
vt 0.704703 0.194805
vt 0.716341 0.187029
vt 0.687460 0.187460
vt 0.694805 0.204703
vt 0.704703 0.194805
vt 0.676461 0.200863
vt 0.687029 0.216341
vt 0.694805 0.204703
vt 0.668288 0.216154
vt 0.681672 0.229273
vt 0.687029 0.216341
vt 0.663255 0.232745
vt 0.678942 0.243001
vt 0.681672 0.229273
vt 0.661555 0.250000
vt 0.678942 0.256999
vt 0.678942 0.243001
vt 0.663255 0.267255
vt 0.681672 0.270727
vt 0.678942 0.256999
vt 0.668288 0.283846
vt 0.687029 0.283659
vt 0.676461 0.299137
vt 0.694806 0.295297
vt 0.687029 0.283659
vt 0.687460 0.312540
vt 0.704703 0.305195
vt 0.694805 0.295297
vt 0.700863 0.323539
vt 0.716341 0.312971
vt 0.704703 0.305195
vt 0.716154 0.331712
vt 0.729273 0.318328
vt 0.716341 0.312971
vt 0.732745 0.336745
vt 0.743001 0.321058
vt 0.729273 0.318328
vt 0.750000 0.378719
vt 0.754321 0.367716
vt 0.745679 0.367716
vt 0.760873 0.360399
vt 0.739127 0.360399
vt 0.775112 0.376245
vt 0.777203 0.364611
vt 0.768728 0.366297
vt 0.782202 0.356156
vt 0.760873 0.360399
vt 0.799259 0.368920
vt 0.799040 0.357102
vt 0.791056 0.360409
vt 0.802294 0.347834
vt 0.782202 0.356156
vt 0.821512 0.357026
vt 0.818992 0.345477
vt 0.811807 0.350278
vt 0.820375 0.335752
vt 0.802294 0.347834
vt 0.841018 0.341018
vt 0.836293 0.330183
vt 0.830183 0.336293
vt 0.835752 0.320375
vt 0.857026 0.321512
vt 0.850278 0.311807
vt 0.845477 0.318992
vt 0.847834 0.302294
vt 0.835752 0.320375
vt 0.868921 0.299258
vt 0.860409 0.291056
vt 0.857102 0.299040
vt 0.856156 0.282202
vt 0.847834 0.302294
vt 0.876245 0.275112
vt 0.866297 0.268728
vt 0.864611 0.277203
vt 0.860399 0.260873
vt 0.878719 0.250000
vt 0.867716 0.245679
vt 0.867716 0.254321
vt 0.860399 0.239127
vt 0.860399 0.260873
vt 0.876245 0.224888
vt 0.864611 0.222797
vt 0.866297 0.231273
vt 0.856156 0.217798
vt 0.860399 0.239127
vt 0.868921 0.200742
vt 0.857102 0.200960
vt 0.860409 0.208944
vt 0.847834 0.197707
vt 0.856156 0.217798
vt 0.857026 0.178488
vt 0.845477 0.181008
vt 0.850278 0.188193
vt 0.835753 0.179625
vt 0.847834 0.197707
vt 0.841018 0.158982
vt 0.830183 0.163707
vt 0.836293 0.169817
vt 0.820375 0.164248
vt 0.835752 0.179625
vt 0.821512 0.142974
vt 0.811807 0.149722
vt 0.818992 0.154523
vt 0.802293 0.152166
vt 0.820375 0.164248
vt 0.799259 0.131080
vt 0.791056 0.139591
vt 0.799040 0.142898
vt 0.782202 0.143844
vt 0.802294 0.152166
vt 0.775112 0.123755
vt 0.768728 0.133703
vt 0.777203 0.135389
vt 0.760873 0.139601
vt 0.782202 0.143844
vt 0.750000 0.121281
vt 0.745679 0.132284
vt 0.754321 0.132284
vt 0.739127 0.139601
vt 0.724888 0.123755
vt 0.722797 0.135389
vt 0.731273 0.133703
vt 0.717798 0.143844
vt 0.739127 0.139601
vt 0.700742 0.131080
vt 0.700960 0.142898
vt 0.708944 0.139591
vt 0.697707 0.152166
vt 0.717798 0.143844
vt 0.678488 0.142974
vt 0.681008 0.154523
vt 0.688193 0.149722
vt 0.679625 0.164248
vt 0.697707 0.152166
vt 0.658982 0.158982
vt 0.663707 0.169817
vt 0.669817 0.163707
vt 0.664248 0.179625
vt 0.642974 0.178488
vt 0.649722 0.188193
vt 0.654523 0.181008
vt 0.652166 0.197707
vt 0.664248 0.179625
vt 0.631080 0.200742
vt 0.639591 0.208944
vt 0.642898 0.200960
vt 0.643844 0.217798
vt 0.652166 0.197707
vt 0.623755 0.224888
vt 0.633703 0.231273
vt 0.635389 0.222797
vt 0.639601 0.239127
vt 0.643844 0.217798
vt 0.621281 0.250000
vt 0.632284 0.254321
vt 0.632284 0.245679
vt 0.639601 0.260873
vt 0.639601 0.239127
vt 0.623755 0.275112
vt 0.635389 0.277203
vt 0.633703 0.268728
vt 0.643844 0.282202
vt 0.639601 0.260873
vt 0.631080 0.299259
vt 0.642898 0.299040
vt 0.639591 0.291056
vt 0.652166 0.302294
vt 0.643844 0.282202
vt 0.642975 0.321512
vt 0.654523 0.318992
vt 0.649722 0.311807
vt 0.664248 0.320375
vt 0.652166 0.302294
vt 0.658982 0.341018
vt 0.669817 0.336293
vt 0.663707 0.330183
vt 0.679625 0.335753
vt 0.664248 0.320375
vt 0.678488 0.357026
vt 0.688193 0.350278
vt 0.681008 0.345477
vt 0.697707 0.347834
vt 0.679625 0.335753
vt 0.700742 0.368921
vt 0.708944 0.360409
vt 0.700960 0.357102
vt 0.717798 0.356156
vt 0.697707 0.347834
vt 0.724889 0.376245
vt 0.731273 0.366297
vt 0.722797 0.364612
vt 0.739127 0.360399
vt 0.023438 0.542697
vt 0.023438 0.585330
vt 0.015625 0.585330
vt 0.015625 0.542698
vt 0.023438 0.627832
vt 0.015625 0.627832
vt 0.007813 0.585330
vt 0.007813 0.542697
vt 0.007813 0.627832
vt 0.031250 0.500000
vt 0.031250 0.542697
vt 0.023438 0.500000
vt 0.031250 0.585330
vt 0.031250 0.627832
vt 0.031250 0.670139
vt 0.023438 0.670139
vt 0.015625 0.670139
vt 0.007813 0.670139
vt 0.000000 0.670139
vt 0.000000 0.627832
vt 0.000000 0.585330
vt 0.000000 0.542697
vt 0.007813 0.500000
vt 0.000000 0.500000
vt 0.015625 0.500000
vt 0.023438 0.712196
vt 0.023438 0.753993
vt 0.015625 0.753993
vt 0.015625 0.712196
vt 0.023438 0.795529
vt 0.015625 0.795530
vt 0.007813 0.753993
vt 0.007813 0.712196
vt 0.007813 0.795530
vt 0.031250 0.712196
vt 0.031250 0.753993
vt 0.031250 0.795529
vt 0.000000 0.795529
vt 0.000000 0.753993
vt 0.000000 0.712196
vt 0.054688 0.542698
vt 0.054688 0.585330
vt 0.046875 0.585330
vt 0.046875 0.542697
vt 0.054688 0.627832
vt 0.046875 0.627832
vt 0.039063 0.585330
vt 0.039063 0.542698
vt 0.039063 0.627832
vt 0.062500 0.500000
vt 0.062500 0.542697
vt 0.054688 0.500000
vt 0.062500 0.585330
vt 0.062500 0.627832
vt 0.062500 0.670139
vt 0.054688 0.670139
vt 0.046875 0.670139
vt 0.039063 0.670139
vt 0.039062 0.500000
vt 0.046875 0.500000
vt 0.054688 0.712196
vt 0.054687 0.753993
vt 0.046875 0.753993
vt 0.046875 0.712196
vt 0.054688 0.795530
vt 0.046875 0.795530
vt 0.039063 0.753993
vt 0.039063 0.712196
vt 0.039063 0.795530
vt 0.062500 0.712196
vt 0.062500 0.753993
vt 0.062500 0.795530
vt 0.085938 0.542698
vt 0.085938 0.585330
vt 0.078125 0.585330
vt 0.078125 0.542697
vt 0.085938 0.627832
vt 0.078125 0.627832
vt 0.070313 0.585330
vt 0.070313 0.542698
vt 0.070313 0.627832
vt 0.093750 0.500000
vt 0.093750 0.542697
vt 0.085938 0.500000
vt 0.093750 0.585330
vt 0.093750 0.627832
vt 0.093750 0.670139
vt 0.085938 0.670139
vt 0.078125 0.670139
vt 0.070313 0.670139
vt 0.070312 0.500000
vt 0.078125 0.500000
vt 0.085938 0.712196
vt 0.085938 0.753993
vt 0.078125 0.753993
vt 0.078125 0.712196
vt 0.085938 0.795530
vt 0.078125 0.795530
vt 0.070313 0.753993
vt 0.070313 0.712196
vt 0.070313 0.795530
vt 0.093750 0.712196
vt 0.093750 0.753993
vt 0.093750 0.795529
vt 0.117188 0.542698
vt 0.117188 0.585330
vt 0.109375 0.585330
vt 0.109375 0.542697
vt 0.117187 0.627832
vt 0.109375 0.627832
vt 0.101563 0.585330
vt 0.101563 0.542698
vt 0.101563 0.627832
vt 0.125000 0.500000
vt 0.125000 0.542697
vt 0.117188 0.500000
vt 0.125000 0.585330
vt 0.125000 0.627832
vt 0.125000 0.670139
vt 0.117188 0.670139
vt 0.109375 0.670139
vt 0.101562 0.670139
vt 0.101562 0.500000
vt 0.109375 0.500000
vt 0.117188 0.712196
vt 0.117188 0.753993
vt 0.109375 0.753993
vt 0.109375 0.712196
vt 0.117188 0.795530
vt 0.109375 0.795530
vt 0.101563 0.753993
vt 0.101563 0.712196
vt 0.101563 0.795530
vt 0.125000 0.712196
vt 0.125000 0.753993
vt 0.125000 0.795529
vt 0.148438 0.542698
vt 0.148438 0.585330
vt 0.140625 0.585330
vt 0.140625 0.542697
vt 0.148438 0.627832
vt 0.140625 0.627832
vt 0.132813 0.585330
vt 0.132813 0.542698
vt 0.132812 0.627832
vt 0.156250 0.500000
vt 0.156250 0.542697
vt 0.148438 0.500000
vt 0.156250 0.585330
vt 0.156250 0.627832
vt 0.156250 0.670139
vt 0.148438 0.670139
vt 0.140625 0.670139
vt 0.132812 0.670139
vt 0.132812 0.500000
vt 0.140625 0.500000
vt 0.148438 0.712196
vt 0.148438 0.753993
vt 0.140625 0.753993
vt 0.140625 0.712196
vt 0.148438 0.795530
vt 0.140625 0.795530
vt 0.132812 0.753993
vt 0.132813 0.712196
vt 0.132812 0.795530
vt 0.156250 0.712196
vt 0.156250 0.753993
vt 0.156250 0.795529
vt 0.179688 0.542698
vt 0.179688 0.585330
vt 0.171875 0.585330
vt 0.171875 0.542697
vt 0.179688 0.627832
vt 0.171875 0.627832
vt 0.164063 0.585330
vt 0.164062 0.542698
vt 0.164063 0.627832
vt 0.187500 0.500000
vt 0.187500 0.542697
vt 0.179688 0.500000
vt 0.187500 0.585330
vt 0.187500 0.627832
vt 0.187500 0.670139
vt 0.179688 0.670139
vt 0.171875 0.670139
vt 0.164062 0.670139
vt 0.164062 0.500000
vt 0.171875 0.500000
vt 0.179688 0.712196
vt 0.179688 0.753993
vt 0.171875 0.753993
vt 0.171875 0.712196
vt 0.179688 0.795530
vt 0.171875 0.795529
vt 0.164063 0.753993
vt 0.164063 0.712196
vt 0.164062 0.795530
vt 0.187500 0.712196
vt 0.187500 0.753993
vt 0.187500 0.795529
vt 0.210938 0.542698
vt 0.210938 0.585330
vt 0.203125 0.585330
vt 0.203125 0.542697
vt 0.210938 0.627832
vt 0.203125 0.627832
vt 0.195313 0.585330
vt 0.195313 0.542698
vt 0.195313 0.627832
vt 0.218750 0.500000
vt 0.218750 0.542697
vt 0.210938 0.500000
vt 0.218750 0.585330
vt 0.218750 0.627832
vt 0.218750 0.670139
vt 0.210937 0.670139
vt 0.203125 0.670139
vt 0.195313 0.670139
vt 0.195312 0.500000
vt 0.203125 0.500000
vt 0.210938 0.712196
vt 0.210938 0.753993
vt 0.203125 0.753993
vt 0.203125 0.712196
vt 0.210938 0.795530
vt 0.203125 0.795530
vt 0.195313 0.753993
vt 0.195313 0.712196
vt 0.195313 0.795530
vt 0.218750 0.712196
vt 0.218750 0.753993
vt 0.218750 0.795530
vt 0.242188 0.542698
vt 0.242188 0.585330
vt 0.234375 0.585330
vt 0.234375 0.542697
vt 0.242188 0.627832
vt 0.234375 0.627832
vt 0.226562 0.585330
vt 0.226563 0.542698
vt 0.226563 0.627832
vt 0.250000 0.500000
vt 0.250000 0.542697
vt 0.242188 0.500000
vt 0.250000 0.585330
vt 0.250000 0.627832
vt 0.250000 0.670139
vt 0.242188 0.670139
vt 0.234375 0.670139
vt 0.226563 0.670139
vt 0.226563 0.500000
vt 0.234375 0.500000
vt 0.242188 0.712196
vt 0.242188 0.753993
vt 0.234375 0.753993
vt 0.234375 0.712196
vt 0.242187 0.795530
vt 0.234375 0.795530
vt 0.226562 0.753993
vt 0.226563 0.712196
vt 0.226563 0.795530
vt 0.250000 0.712196
vt 0.250000 0.753993
vt 0.250000 0.795529
vt 0.273438 0.542698
vt 0.273438 0.585330
vt 0.265625 0.585330
vt 0.265625 0.542697
vt 0.273438 0.627832
vt 0.265625 0.627832
vt 0.257813 0.585330
vt 0.257813 0.542698
vt 0.257812 0.627832
vt 0.281250 0.500000
vt 0.281250 0.542697
vt 0.273438 0.500000
vt 0.281250 0.585330
vt 0.281250 0.627832
vt 0.281250 0.670139
vt 0.273438 0.670139
vt 0.265625 0.670139
vt 0.257812 0.670139
vt 0.257812 0.500000
vt 0.265625 0.500000
vt 0.273438 0.712196
vt 0.273438 0.753993
vt 0.265625 0.753993
vt 0.265625 0.712196
vt 0.273438 0.795530
vt 0.265625 0.795530
vt 0.257813 0.753993
vt 0.257813 0.712196
vt 0.257813 0.795530
vt 0.281250 0.712196
vt 0.281250 0.753993
vt 0.281250 0.795529
vt 0.304688 0.542698
vt 0.304688 0.585330
vt 0.296875 0.585330
vt 0.296875 0.542697
vt 0.304688 0.627832
vt 0.296875 0.627832
vt 0.289063 0.585330
vt 0.289063 0.542698
vt 0.289063 0.627832
vt 0.312500 0.500000
vt 0.312500 0.542697
vt 0.304688 0.500000
vt 0.312500 0.585330
vt 0.312500 0.627832
vt 0.312500 0.670139
vt 0.304688 0.670139
vt 0.296875 0.670139
vt 0.289063 0.670139
vt 0.289062 0.500000
vt 0.296875 0.500000
vt 0.304688 0.712196
vt 0.304688 0.753993
vt 0.296875 0.753993
vt 0.296875 0.712196
vt 0.304688 0.795530
vt 0.296875 0.795530
vt 0.289063 0.753993
vt 0.289063 0.712196
vt 0.289063 0.795530
vt 0.312500 0.712196
vt 0.312500 0.753993
vt 0.312500 0.795529
vt 0.335938 0.542698
vt 0.335938 0.585330
vt 0.328125 0.585330
vt 0.328125 0.542697
vt 0.335938 0.627832
vt 0.328125 0.627832
vt 0.320313 0.585330
vt 0.320313 0.542698
vt 0.320312 0.627832
vt 0.343750 0.500000
vt 0.343750 0.542697
vt 0.335938 0.500000
vt 0.343750 0.585330
vt 0.343750 0.627832
vt 0.343750 0.670139
vt 0.335938 0.670139
vt 0.328125 0.670139
vt 0.320313 0.670139
vt 0.320312 0.500000
vt 0.328125 0.500000
vt 0.335938 0.712196
vt 0.335938 0.753993
vt 0.328125 0.753993
vt 0.328125 0.712196
vt 0.335938 0.795530
vt 0.328125 0.795529
vt 0.320313 0.753993
vt 0.320313 0.712196
vt 0.320313 0.795530
vt 0.343750 0.712196
vt 0.343750 0.753993
vt 0.343750 0.795529
vt 0.367188 0.542698
vt 0.367188 0.585330
vt 0.359375 0.585330
vt 0.359375 0.542697
vt 0.367188 0.627832
vt 0.359375 0.627832
vt 0.351563 0.585330
vt 0.351563 0.542698
vt 0.351563 0.627832
vt 0.375000 0.500000
vt 0.375000 0.542697
vt 0.367188 0.500000
vt 0.375000 0.585330
vt 0.375000 0.627832
vt 0.375000 0.670139
vt 0.367188 0.670139
vt 0.359375 0.670139
vt 0.351562 0.670139
vt 0.351562 0.500000
vt 0.359375 0.500000
vt 0.367188 0.712196
vt 0.367188 0.753993
vt 0.359375 0.753993
vt 0.359375 0.712196
vt 0.367188 0.795530
vt 0.359375 0.795529
vt 0.351563 0.753993
vt 0.351563 0.712196
vt 0.351563 0.795530
vt 0.375000 0.712196
vt 0.375000 0.753993
vt 0.375000 0.795529
vt 0.398438 0.542698
vt 0.398438 0.585330
vt 0.390625 0.585330
vt 0.390625 0.542697
vt 0.398438 0.627832
vt 0.390625 0.627832
vt 0.382813 0.585330
vt 0.382813 0.542698
vt 0.382813 0.627832
vt 0.406250 0.500000
vt 0.406250 0.542697
vt 0.398438 0.500000
vt 0.406250 0.585330
vt 0.406250 0.627832
vt 0.406250 0.670139
vt 0.398438 0.670139
vt 0.390625 0.670139
vt 0.382813 0.670139
vt 0.382812 0.500000
vt 0.390625 0.500000
vt 0.398438 0.712196
vt 0.398438 0.753993
vt 0.390625 0.753993
vt 0.390625 0.712196
vt 0.398438 0.795530
vt 0.390625 0.795529
vt 0.382813 0.753993
vt 0.382813 0.712196
vt 0.382813 0.795530
vt 0.406250 0.712196
vt 0.406250 0.753993
vt 0.406250 0.795529
vt 0.429688 0.542698
vt 0.429688 0.585330
vt 0.421875 0.585330
vt 0.421875 0.542697
vt 0.429688 0.627832
vt 0.421875 0.627832
vt 0.414063 0.585330
vt 0.414062 0.542698
vt 0.414063 0.627832
vt 0.437500 0.500000
vt 0.437500 0.542697
vt 0.429688 0.500000
vt 0.437500 0.585330
vt 0.437500 0.627832
vt 0.437500 0.670139
vt 0.429688 0.670139
vt 0.421875 0.670139
vt 0.414062 0.670139
vt 0.414062 0.500000
vt 0.421875 0.500000
vt 0.429688 0.712196
vt 0.429688 0.753993
vt 0.421875 0.753993
vt 0.421875 0.712196
vt 0.429688 0.795530
vt 0.421875 0.795529
vt 0.414063 0.753993
vt 0.414062 0.712196
vt 0.414063 0.795530
vt 0.437500 0.712196
vt 0.437500 0.753993
vt 0.437500 0.795530
vt 0.460938 0.542698
vt 0.460938 0.585330
vt 0.453125 0.585330
vt 0.453125 0.542697
vt 0.460938 0.627832
vt 0.453125 0.627832
vt 0.445313 0.585330
vt 0.445313 0.542698
vt 0.445313 0.627832
vt 0.468750 0.500000
vt 0.468750 0.542697
vt 0.460938 0.500000
vt 0.468750 0.585330
vt 0.468750 0.627832
vt 0.468750 0.670139
vt 0.460937 0.670139
vt 0.453125 0.670139
vt 0.445313 0.670139
vt 0.445313 0.500000
vt 0.453125 0.500000
vt 0.460938 0.712196
vt 0.460938 0.753993
vt 0.453125 0.753993
vt 0.453125 0.712196
vt 0.460938 0.795530
vt 0.453125 0.795530
vt 0.445313 0.753993
vt 0.445313 0.712196
vt 0.445313 0.795530
vt 0.468750 0.712196
vt 0.468750 0.753993
vt 0.468750 0.795529
vt 0.492188 0.542698
vt 0.492188 0.585330
vt 0.484375 0.585330
vt 0.484375 0.542697
vt 0.492188 0.627832
vt 0.484375 0.627832
vt 0.476563 0.585330
vt 0.476563 0.542698
vt 0.476563 0.627832
vt 0.500000 0.500000
vt 0.500000 0.542697
vt 0.492188 0.500000
vt 0.500000 0.585330
vt 0.500000 0.627832
vt 0.500000 0.670139
vt 0.492188 0.670139
vt 0.484375 0.670139
vt 0.476562 0.670139
vt 0.476562 0.500000
vt 0.484375 0.500000
vt 0.492188 0.712196
vt 0.492188 0.753993
vt 0.484375 0.753993
vt 0.484375 0.712196
vt 0.492188 0.795530
vt 0.484375 0.795530
vt 0.476563 0.753993
vt 0.476563 0.712196
vt 0.476562 0.795530
vt 0.500000 0.712196
vt 0.500000 0.753993
vt 0.500000 0.795529
vt 0.523438 0.542698
vt 0.523438 0.585330
vt 0.515625 0.585330
vt 0.515625 0.542697
vt 0.523438 0.627832
vt 0.515625 0.627832
vt 0.507813 0.585330
vt 0.507813 0.542698
vt 0.507812 0.627832
vt 0.531250 0.500000
vt 0.531250 0.542697
vt 0.523438 0.500000
vt 0.531250 0.585330
vt 0.531250 0.627832
vt 0.531250 0.670139
vt 0.523438 0.670139
vt 0.515625 0.670139
vt 0.507812 0.670139
vt 0.507812 0.500000
vt 0.515625 0.500000
vt 0.523438 0.712196
vt 0.523438 0.753993
vt 0.515625 0.753993
vt 0.515625 0.712196
vt 0.523438 0.795530
vt 0.515625 0.795530
vt 0.507813 0.753993
vt 0.507813 0.712196
vt 0.507813 0.795530
vt 0.531250 0.712196
vt 0.531250 0.753993
vt 0.531250 0.795529
vt 0.554688 0.542698
vt 0.554688 0.585330
vt 0.546875 0.585330
vt 0.546875 0.542697
vt 0.554688 0.627832
vt 0.546875 0.627832
vt 0.539063 0.585330
vt 0.539062 0.542698
vt 0.539062 0.627832
vt 0.562500 0.500000
vt 0.562500 0.542697
vt 0.554688 0.500000
vt 0.562500 0.585330
vt 0.562500 0.627832
vt 0.562500 0.670139
vt 0.554688 0.670139
vt 0.546875 0.670139
vt 0.539062 0.670139
vt 0.539062 0.500000
vt 0.546875 0.500000
vt 0.554688 0.712196
vt 0.554688 0.753993
vt 0.546875 0.753993
vt 0.546875 0.712196
vt 0.554688 0.795530
vt 0.546875 0.795530
vt 0.539063 0.753993
vt 0.539062 0.712196
vt 0.539062 0.795530
vt 0.562500 0.712196
vt 0.562500 0.753993
vt 0.562500 0.795529
vt 0.585938 0.542698
vt 0.585938 0.585330
vt 0.578125 0.585330
vt 0.578125 0.542697
vt 0.585938 0.627832
vt 0.578125 0.627832
vt 0.570312 0.585330
vt 0.570313 0.542698
vt 0.570313 0.627832
vt 0.593750 0.500000
vt 0.593750 0.542697
vt 0.585938 0.500000
vt 0.593750 0.585330
vt 0.593750 0.627832
vt 0.593750 0.670139
vt 0.585938 0.670139
vt 0.578125 0.670139
vt 0.570312 0.670139
vt 0.570312 0.500000
vt 0.578125 0.500000
vt 0.585938 0.712196
vt 0.585938 0.753993
vt 0.578125 0.753993
vt 0.578125 0.712196
vt 0.585938 0.795530
vt 0.578125 0.795530
vt 0.570312 0.753993
vt 0.570312 0.712196
vt 0.570312 0.795530
vt 0.593750 0.712196
vt 0.593750 0.753993
vt 0.593750 0.795529
vt 0.617188 0.542698
vt 0.617188 0.585330
vt 0.609375 0.585330
vt 0.609375 0.542697
vt 0.617188 0.627832
vt 0.609375 0.627832
vt 0.601563 0.585330
vt 0.601563 0.542698
vt 0.601562 0.627832
vt 0.625000 0.500000
vt 0.625000 0.542697
vt 0.617188 0.500000
vt 0.625000 0.585330
vt 0.625000 0.627832
vt 0.625000 0.670139
vt 0.617188 0.670139
vt 0.609375 0.670139
vt 0.601563 0.670139
vt 0.601562 0.500000
vt 0.609375 0.500000
vt 0.617188 0.712196
vt 0.617188 0.753993
vt 0.609375 0.753993
vt 0.609375 0.712196
vt 0.617188 0.795530
vt 0.609375 0.795529
vt 0.601562 0.753993
vt 0.601563 0.712196
vt 0.601563 0.795530
vt 0.625000 0.712196
vt 0.625000 0.753993
vt 0.625000 0.795529
vt 0.648438 0.542698
vt 0.648438 0.585330
vt 0.640625 0.585330
vt 0.640625 0.542697
vt 0.648438 0.627832
vt 0.640625 0.627832
vt 0.632813 0.585330
vt 0.632813 0.542698
vt 0.632812 0.627832
vt 0.656250 0.500000
vt 0.656250 0.542698
vt 0.648438 0.500000
vt 0.656250 0.585330
vt 0.656250 0.627832
vt 0.656250 0.670139
vt 0.648438 0.670139
vt 0.640625 0.670139
vt 0.632812 0.670139
vt 0.632812 0.500000
vt 0.640625 0.500000
vt 0.648438 0.712196
vt 0.648438 0.753993
vt 0.640625 0.753993
vt 0.640625 0.712196
vt 0.648438 0.795530
vt 0.640625 0.795530
vt 0.632813 0.753993
vt 0.632813 0.712196
vt 0.632813 0.795530
vt 0.656250 0.712196
vt 0.656250 0.753993
vt 0.656250 0.795530
vt 0.679688 0.542698
vt 0.679688 0.585330
vt 0.671875 0.585330
vt 0.671875 0.542697
vt 0.679688 0.627832
vt 0.671875 0.627832
vt 0.664063 0.585330
vt 0.664063 0.542698
vt 0.664063 0.627832
vt 0.687500 0.500000
vt 0.687500 0.542697
vt 0.679688 0.500000
vt 0.687500 0.585330
vt 0.687500 0.627832
vt 0.687500 0.670139
vt 0.679688 0.670139
vt 0.671875 0.670139
vt 0.664063 0.670139
vt 0.664062 0.500000
vt 0.671875 0.500000
vt 0.679688 0.712196
vt 0.679688 0.753993
vt 0.671875 0.753993
vt 0.671875 0.712196
vt 0.679688 0.795530
vt 0.671875 0.795530
vt 0.664063 0.753993
vt 0.664063 0.712196
vt 0.664063 0.795530
vt 0.687500 0.712196
vt 0.687500 0.753993
vt 0.687500 0.795530
vt 0.710938 0.542698
vt 0.710938 0.585330
vt 0.703125 0.585330
vt 0.703125 0.542697
vt 0.710938 0.627832
vt 0.703125 0.627832
vt 0.695313 0.585330
vt 0.695313 0.542698
vt 0.695312 0.627832
vt 0.718750 0.500000
vt 0.718750 0.542697
vt 0.710938 0.500000
vt 0.718750 0.585330
vt 0.718750 0.627832
vt 0.718750 0.670139
vt 0.710938 0.670139
vt 0.703125 0.670139
vt 0.695312 0.670139
vt 0.695312 0.500000
vt 0.703125 0.500000
vt 0.710938 0.712196
vt 0.710938 0.753993
vt 0.703125 0.753993
vt 0.703125 0.712196
vt 0.710938 0.795530
vt 0.703125 0.795530
vt 0.695313 0.753993
vt 0.695313 0.712196
vt 0.695313 0.795530
vt 0.718750 0.712196
vt 0.718750 0.753993
vt 0.718750 0.795529
vt 0.742188 0.542698
vt 0.742188 0.585330
vt 0.734375 0.585330
vt 0.734375 0.542697
vt 0.742188 0.627832
vt 0.734375 0.627832
vt 0.726563 0.585330
vt 0.726563 0.542698
vt 0.726563 0.627832
vt 0.750000 0.500000
vt 0.750000 0.542697
vt 0.742188 0.500000
vt 0.750000 0.585330
vt 0.750000 0.627832
vt 0.750000 0.670139
vt 0.742188 0.670139
vt 0.734375 0.670139
vt 0.726563 0.670139
vt 0.726562 0.500000
vt 0.734375 0.500000
vt 0.742188 0.712196
vt 0.742188 0.753993
vt 0.734375 0.753993
vt 0.734375 0.712196
vt 0.742188 0.795530
vt 0.734375 0.795530
vt 0.726563 0.753993
vt 0.726563 0.712196
vt 0.726563 0.795530
vt 0.750000 0.712196
vt 0.750000 0.753993
vt 0.750000 0.795529
vt 0.773438 0.542698
vt 0.773438 0.585330
vt 0.765625 0.585330
vt 0.765625 0.542697
vt 0.773438 0.627832
vt 0.765625 0.627832
vt 0.757813 0.585330
vt 0.757813 0.542698
vt 0.757813 0.627832
vt 0.781250 0.500000
vt 0.781250 0.542697
vt 0.773438 0.500000
vt 0.781250 0.585330
vt 0.781250 0.627832
vt 0.781250 0.670139
vt 0.773438 0.670139
vt 0.765625 0.670139
vt 0.757813 0.670139
vt 0.757812 0.500000
vt 0.765625 0.500000
vt 0.773438 0.712196
vt 0.773438 0.753993
vt 0.765625 0.753993
vt 0.765625 0.712196
vt 0.773438 0.795530
vt 0.765625 0.795530
vt 0.757813 0.753993
vt 0.757813 0.712196
vt 0.757812 0.795530
vt 0.781250 0.712196
vt 0.781250 0.753993
vt 0.781250 0.795529
vt 0.804688 0.542698
vt 0.804688 0.585330
vt 0.796875 0.585330
vt 0.796875 0.542697
vt 0.804688 0.627832
vt 0.796875 0.627832
vt 0.789063 0.585330
vt 0.789063 0.542698
vt 0.789063 0.627832
vt 0.812500 0.500000
vt 0.812500 0.542697
vt 0.804688 0.500000
vt 0.812500 0.585330
vt 0.812500 0.627832
vt 0.812500 0.670139
vt 0.804688 0.670139
vt 0.796875 0.670139
vt 0.789063 0.670139
vt 0.789062 0.500000
vt 0.796875 0.500000
vt 0.804687 0.712196
vt 0.804688 0.753993
vt 0.796875 0.753993
vt 0.796875 0.712196
vt 0.804688 0.795530
vt 0.796875 0.795529
vt 0.789063 0.753993
vt 0.789063 0.712196
vt 0.789063 0.795530
vt 0.812500 0.712196
vt 0.812500 0.753993
vt 0.812500 0.795529
vt 0.835938 0.542698
vt 0.835938 0.585330
vt 0.828125 0.585330
vt 0.828125 0.542697
vt 0.835938 0.627832
vt 0.828125 0.627832
vt 0.820313 0.585330
vt 0.820312 0.542698
vt 0.820313 0.627832
vt 0.843750 0.500000
vt 0.843750 0.542697
vt 0.835938 0.500000
vt 0.843750 0.585330
vt 0.843750 0.627832
vt 0.843750 0.670139
vt 0.835938 0.670139
vt 0.828125 0.670139
vt 0.820312 0.670139
vt 0.820313 0.500000
vt 0.828125 0.500000
vt 0.835938 0.712196
vt 0.835938 0.753993
vt 0.828125 0.753993
vt 0.828125 0.712196
vt 0.835938 0.795530
vt 0.828125 0.795529
vt 0.820313 0.753993
vt 0.820312 0.712196
vt 0.820313 0.795530
vt 0.843750 0.712196
vt 0.843750 0.753993
vt 0.843750 0.795529
vt 0.867188 0.542698
vt 0.867188 0.585330
vt 0.859375 0.585330
vt 0.859375 0.542697
vt 0.867188 0.627832
vt 0.859375 0.627832
vt 0.851563 0.585330
vt 0.851562 0.542698
vt 0.851563 0.627832
vt 0.875000 0.500000
vt 0.875000 0.542697
vt 0.867188 0.500000
vt 0.875000 0.585330
vt 0.875000 0.627832
vt 0.875000 0.670139
vt 0.867188 0.670139
vt 0.859375 0.670139
vt 0.851563 0.670139
vt 0.851562 0.500000
vt 0.859375 0.500000
vt 0.867188 0.712196
vt 0.867188 0.753993
vt 0.859375 0.753993
vt 0.859375 0.712196
vt 0.867188 0.795530
vt 0.859375 0.795530
vt 0.851563 0.753993
vt 0.851562 0.712196
vt 0.851563 0.795530
vt 0.875000 0.712196
vt 0.875000 0.753993
vt 0.875000 0.795529
vt 0.898438 0.542698
vt 0.898438 0.585330
vt 0.890625 0.585330
vt 0.890625 0.542697
vt 0.898438 0.627832
vt 0.890625 0.627832
vt 0.882813 0.585330
vt 0.882813 0.542698
vt 0.882813 0.627832
vt 0.906250 0.500000
vt 0.906250 0.542697
vt 0.898438 0.500000
vt 0.906250 0.585330
vt 0.906250 0.627832
vt 0.906250 0.670139
vt 0.898438 0.670139
vt 0.890625 0.670139
vt 0.882813 0.670139
vt 0.882813 0.500000
vt 0.890625 0.500000
vt 0.898438 0.712196
vt 0.898438 0.753993
vt 0.890625 0.753993
vt 0.890625 0.712196
vt 0.898438 0.795530
vt 0.890625 0.795530
vt 0.882812 0.753993
vt 0.882813 0.712196
vt 0.882813 0.795530
vt 0.906250 0.712196
vt 0.906250 0.753993
vt 0.906250 0.795529
vt 0.929688 0.542698
vt 0.929688 0.585330
vt 0.921875 0.585330
vt 0.921875 0.542697
vt 0.929688 0.627832
vt 0.921875 0.627832
vt 0.914063 0.585330
vt 0.914063 0.542698
vt 0.914063 0.627832
vt 0.937500 0.500000
vt 0.937500 0.542697
vt 0.929688 0.500000
vt 0.937500 0.585330
vt 0.937500 0.627832
vt 0.937500 0.670139
vt 0.929688 0.670139
vt 0.921875 0.670139
vt 0.914063 0.670139
vt 0.914063 0.500000
vt 0.921875 0.500000
vt 0.929688 0.712196
vt 0.929688 0.753993
vt 0.921875 0.753993
vt 0.921875 0.712196
vt 0.929688 0.795530
vt 0.921875 0.795530
vt 0.914063 0.753993
vt 0.914063 0.712196
vt 0.914062 0.795530
vt 0.937500 0.712196
vt 0.937500 0.753993
vt 0.937500 0.795529
vt 0.960938 0.542698
vt 0.960938 0.585330
vt 0.953125 0.585330
vt 0.953125 0.542697
vt 0.960938 0.627832
vt 0.953125 0.627832
vt 0.945313 0.585330
vt 0.945313 0.542698
vt 0.945313 0.627832
vt 0.968750 0.500000
vt 0.968750 0.542697
vt 0.960938 0.500000
vt 0.968750 0.585330
vt 0.968750 0.627832
vt 0.968750 0.670139
vt 0.960938 0.670139
vt 0.953125 0.670139
vt 0.945313 0.670139
vt 0.945312 0.500000
vt 0.953125 0.500000
vt 0.960938 0.712196
vt 0.960938 0.753993
vt 0.953125 0.753993
vt 0.953125 0.712196
vt 0.960938 0.795530
vt 0.953125 0.795530
vt 0.945312 0.753993
vt 0.945313 0.712196
vt 0.945312 0.795530
vt 0.968750 0.712196
vt 0.968750 0.753993
vt 0.968750 0.795529
vt 0.992188 0.542697
vt 0.992188 0.585330
vt 0.984375 0.585330
vt 0.984375 0.542697
vt 0.992188 0.627832
vt 0.984375 0.627832
vt 0.976563 0.585330
vt 0.976562 0.542698
vt 0.976563 0.627832
vt 1.000000 0.500000
vt 1.000000 0.542697
vt 0.992188 0.500000
vt 1.000000 0.585330
vt 1.000000 0.627832
vt 1.000000 0.670139
vt 0.992188 0.670139
vt 0.984375 0.670139
vt 0.976563 0.670139
vt 0.976563 0.500000
vt 0.984375 0.500000
vt 0.992188 0.712196
vt 0.992188 0.753993
vt 0.984375 0.753993
vt 0.984375 0.712196
vt 0.992188 0.795530
vt 0.984375 0.795530
vt 0.976563 0.753993
vt 0.976562 0.712196
vt 0.976563 0.795530
vt 1.000000 0.712196
vt 1.000000 0.753993
vt 1.000000 0.795529
vt 0.772136 0.396546
vt 0.764262 0.394805
vt 0.767414 0.426810
vt 0.776278 0.426499
vt 0.756879 0.398049
vt 0.758661 0.428234
vt 0.770427 0.457400
vt 0.780605 0.456243
vt 0.760219 0.458250
vt 0.779480 0.398203
vt 0.760873 0.360399
vt 0.754321 0.367716
vt 0.750000 0.401107
vt 0.750000 0.429224
vt 0.750000 0.458599
vt 0.750000 0.488463
vt 0.761701 0.488175
vt 0.773373 0.487314
vt 0.784990 0.485881
vt 0.790696 0.454591
vt 0.796522 0.483881
vt 0.784965 0.425781
vt 0.256879 0.398049
vt 0.264262 0.394805
vt 0.267414 0.426810
vt 0.258661 0.428234
vt 0.272136 0.396546
vt 0.276277 0.426499
vt 0.270427 0.457400
vt 0.260219 0.458250
vt 0.280605 0.456243
vt 0.254321 0.367716
vt 0.250000 0.401107
vt 0.260873 0.360399
vt 0.279479 0.398203
vt 0.284965 0.425781
vt 0.290696 0.454591
vt 0.296522 0.483881
vt 0.284990 0.485881
vt 0.273373 0.487314
vt 0.261701 0.488175
vt 0.250000 0.458599
vt 0.250000 0.488463
vt 0.250000 0.429224
vt 0.800300 0.389412
vt 0.792238 0.389240
vt 0.801573 0.420015
vt 0.810206 0.417981
vt 0.785630 0.393862
vt 0.793266 0.423120
vt 0.810496 0.449429
vt 0.820253 0.446309
vt 0.800650 0.452255
vt 0.791056 0.360409
vt 0.807826 0.389604
vt 0.777203 0.364611
vt 0.807942 0.481316
vt 0.819222 0.478194
vt 0.830336 0.474523
vt 0.829827 0.442720
vt 0.841256 0.470311
vt 0.818586 0.415582
vt 0.285630 0.393862
vt 0.292238 0.389240
vt 0.301573 0.420015
vt 0.293266 0.423120
vt 0.300300 0.389412
vt 0.310206 0.417981
vt 0.310496 0.449429
vt 0.300650 0.452255
vt 0.320253 0.446309
vt 0.282202 0.356156
vt 0.291056 0.360409
vt 0.307826 0.389604
vt 0.318586 0.415582
vt 0.329827 0.442720
vt 0.341256 0.470311
vt 0.330336 0.474523
vt 0.319222 0.478194
vt 0.307942 0.481316
vt 0.826532 0.376920
vt 0.818591 0.378325
vt 0.833751 0.406687
vt 0.841821 0.403008
vt 0.813011 0.384146
vt 0.826209 0.411353
vt 0.848241 0.433795
vt 0.857201 0.428831
vt 0.839135 0.438488
vt 0.833951 0.375641
vt 0.799040 0.357102
vt 0.851956 0.465567
vt 0.862410 0.460305
vt 0.872594 0.454536
vt 0.865891 0.423444
vt 0.882483 0.448275
vt 0.849572 0.399020
vt 0.313011 0.384146
vt 0.318591 0.378325
vt 0.333751 0.406687
vt 0.326209 0.411353
vt 0.326532 0.376920
vt 0.341821 0.403008
vt 0.348241 0.433795
vt 0.339135 0.438488
vt 0.357201 0.428831
vt 0.299040 0.357102
vt 0.302294 0.347834
vt 0.311807 0.350278
vt 0.333950 0.375641
vt 0.349572 0.399020
vt 0.365891 0.423444
vt 0.382483 0.448275
vt 0.372594 0.454536
vt 0.362410 0.460305
vt 0.351956 0.465567
vt 0.849822 0.359550
vt 0.842308 0.362477
vt 0.862710 0.387337
vt 0.869907 0.382155
vt 0.837971 0.369276
vt 0.856223 0.393385
vt 0.882210 0.411098
vt 0.890030 0.404481
vt 0.874194 0.417477
vt 0.830183 0.336293
vt 0.856849 0.356849
vt 0.820375 0.335752
vt 0.818992 0.345477
vt 0.892052 0.441535
vt 0.901279 0.434334
vt 0.910142 0.426689
vt 0.897502 0.397502
vt 0.918619 0.418619
vt 0.876731 0.376731
vt 0.337971 0.369276
vt 0.342308 0.362477
vt 0.362710 0.387337
vt 0.356223 0.393385
vt 0.349822 0.359551
vt 0.369907 0.382155
vt 0.382210 0.411098
vt 0.374194 0.417477
vt 0.390030 0.404481
vt 0.318992 0.345477
vt 0.320375 0.335752
vt 0.330183 0.336293
vt 0.356849 0.356849
vt 0.376731 0.376731
vt 0.397502 0.397502
vt 0.418619 0.418619
vt 0.410142 0.426689
vt 0.401279 0.434334
vt 0.392052 0.441535
vt 0.869276 0.337971
vt 0.862477 0.342308
vt 0.887337 0.362710
vt 0.893385 0.356223
vt 0.859550 0.349822
vt 0.882155 0.369907
vt 0.911098 0.382210
vt 0.917477 0.374194
vt 0.904481 0.390030
vt 0.875641 0.333950
vt 0.835752 0.320375
vt 0.926689 0.410142
vt 0.934334 0.401279
vt 0.941535 0.392052
vt 0.923444 0.365891
vt 0.948275 0.382483
vt 0.899020 0.349572
vt 0.359550 0.349822
vt 0.362477 0.342308
vt 0.387337 0.362710
vt 0.382155 0.369907
vt 0.369276 0.337971
vt 0.393385 0.356223
vt 0.411098 0.382210
vt 0.404481 0.390030
vt 0.417477 0.374194
vt 0.336293 0.330183
vt 0.345477 0.318992
vt 0.375641 0.333950
vt 0.399020 0.349572
vt 0.423444 0.365891
vt 0.448275 0.382483
vt 0.441535 0.392052
vt 0.434334 0.401279
vt 0.426689 0.410142
vt 0.884147 0.313011
vt 0.878325 0.318591
vt 0.906687 0.333751
vt 0.911353 0.326209
vt 0.876920 0.326531
vt 0.903008 0.341821
vt 0.933795 0.348241
vt 0.938488 0.339135
vt 0.928831 0.357201
vt 0.857102 0.299040
vt 0.889605 0.307826
vt 0.850278 0.311807
vt 0.954536 0.372594
vt 0.960305 0.362410
vt 0.965567 0.351956
vt 0.942720 0.329827
vt 0.970311 0.341256
vt 0.915582 0.318586
vt 0.376920 0.326531
vt 0.378325 0.318591
vt 0.406687 0.333751
vt 0.403008 0.341821
vt 0.384146 0.313011
vt 0.411353 0.326209
vt 0.433795 0.348241
vt 0.428831 0.357201
vt 0.438488 0.339135
vt 0.350278 0.311807
vt 0.357102 0.299040
vt 0.389604 0.307826
vt 0.415582 0.318586
vt 0.442720 0.329827
vt 0.470311 0.341256
vt 0.465567 0.351956
vt 0.460305 0.362410
vt 0.454536 0.372594
vt 0.893862 0.285630
vt 0.889240 0.292238
vt 0.920015 0.301573
vt 0.923120 0.293266
vt 0.889412 0.300300
vt 0.917981 0.310206
vt 0.949429 0.310496
vt 0.952255 0.300650
vt 0.946309 0.320253
vt 0.864611 0.277203
vt 0.898203 0.279479
vt 0.860409 0.291056
vt 0.974523 0.330336
vt 0.978194 0.319222
vt 0.981316 0.307942
vt 0.954591 0.290696
vt 0.983881 0.296522
vt 0.925781 0.284965
vt 0.389412 0.300300
vt 0.389240 0.292238
vt 0.420015 0.301573
vt 0.417981 0.310206
vt 0.393862 0.285630
vt 0.423120 0.293266
vt 0.449429 0.310496
vt 0.446309 0.320253
vt 0.452255 0.300650
vt 0.360409 0.291056
vt 0.364611 0.277203
vt 0.398203 0.279479
vt 0.425781 0.284965
vt 0.454591 0.290696
vt 0.483881 0.296522
vt 0.481316 0.307942
vt 0.478194 0.319222
vt 0.474523 0.330336
vt 0.898049 0.256879
vt 0.894805 0.264262
vt 0.926810 0.267414
vt 0.928234 0.258661
vt 0.896546 0.272136
vt 0.926499 0.276277
vt 0.957400 0.270427
vt 0.958251 0.260219
vt 0.956243 0.280605
vt 0.867716 0.254321
vt 0.901107 0.250000
vt 0.985881 0.284990
vt 0.987314 0.273373
vt 0.988175 0.261701
vt 0.958599 0.250000
vt 0.988463 0.250000
vt 0.929224 0.250000
vt 0.396546 0.272136
vt 0.394805 0.264262
vt 0.426810 0.267414
vt 0.426499 0.276278
vt 0.398049 0.256879
vt 0.428234 0.258661
vt 0.457400 0.270427
vt 0.456243 0.280605
vt 0.458250 0.260219
vt 0.366297 0.268728
vt 0.360399 0.260873
vt 0.367716 0.254321
vt 0.401107 0.250000
vt 0.429224 0.250000
vt 0.458599 0.250000
vt 0.488463 0.250000
vt 0.488175 0.261701
vt 0.487314 0.273373
vt 0.485881 0.284990
vt 0.896546 0.227864
vt 0.894805 0.235738
vt 0.926810 0.232586
vt 0.926499 0.223723
vt 0.898049 0.243121
vt 0.928234 0.241339
vt 0.957400 0.229573
vt 0.956243 0.219395
vt 0.958250 0.239781
vt 0.866297 0.231273
vt 0.898203 0.220521
vt 0.860399 0.239127
vt 0.867716 0.245679
vt 0.988175 0.238299
vt 0.987314 0.226627
vt 0.985881 0.215010
vt 0.954591 0.209304
vt 0.983881 0.203478
vt 0.925781 0.215035
vt 0.398049 0.243121
vt 0.394805 0.235738
vt 0.426810 0.232586
vt 0.428234 0.241339
vt 0.396546 0.227864
vt 0.426499 0.223723
vt 0.457400 0.229573
vt 0.458250 0.239781
vt 0.456243 0.219395
vt 0.367716 0.245679
vt 0.360399 0.239127
vt 0.366297 0.231273
vt 0.398203 0.220521
vt 0.425781 0.215035
vt 0.454591 0.209304
vt 0.483881 0.203478
vt 0.485881 0.215010
vt 0.487314 0.226627
vt 0.488175 0.238299
vt 0.889412 0.199700
vt 0.889240 0.207762
vt 0.920015 0.198427
vt 0.917982 0.189794
vt 0.893862 0.214370
vt 0.923120 0.206734
vt 0.949430 0.189504
vt 0.946309 0.179747
vt 0.952255 0.199350
vt 0.860409 0.208944
vt 0.889605 0.192174
vt 0.856156 0.217798
vt 0.864612 0.222797
vt 0.981316 0.192058
vt 0.978194 0.180778
vt 0.974523 0.169664
vt 0.942720 0.170173
vt 0.970311 0.158744
vt 0.915582 0.181414
vt 0.393862 0.214370
vt 0.389240 0.207762
vt 0.420015 0.198427
vt 0.423120 0.206734
vt 0.389412 0.199700
vt 0.417982 0.189794
vt 0.449430 0.189504
vt 0.452255 0.199350
vt 0.446309 0.179747
vt 0.356156 0.217798
vt 0.360409 0.208944
vt 0.389604 0.192174
vt 0.415582 0.181414
vt 0.442720 0.170173
vt 0.470311 0.158744
vt 0.474523 0.169664
vt 0.478194 0.180778
vt 0.481316 0.192058
vt 0.876920 0.173469
vt 0.878325 0.181409
vt 0.906687 0.166249
vt 0.903008 0.158179
vt 0.884147 0.186989
vt 0.911353 0.173791
vt 0.933795 0.151759
vt 0.928831 0.142799
vt 0.938488 0.160865
vt 0.850278 0.188193
vt 0.875641 0.166050
vt 0.847834 0.197707
vt 0.857102 0.200960
vt 0.965567 0.148044
vt 0.960305 0.137590
vt 0.954536 0.127406
vt 0.923444 0.134109
vt 0.948275 0.117517
vt 0.899020 0.150428
vt 0.384146 0.186989
vt 0.378325 0.181409
vt 0.406687 0.166249
vt 0.411353 0.173791
vt 0.376920 0.173469
vt 0.403008 0.158179
vt 0.433795 0.151759
vt 0.438488 0.160865
vt 0.428831 0.142799
vt 0.357102 0.200960
vt 0.347834 0.197707
vt 0.350278 0.188193
vt 0.375641 0.166050
vt 0.399020 0.150428
vt 0.423444 0.134109
vt 0.448275 0.117517
vt 0.454536 0.127406
vt 0.460305 0.137590
vt 0.465567 0.148044
vt 0.859551 0.150178
vt 0.862478 0.157692
vt 0.887337 0.137290
vt 0.882155 0.130093
vt 0.869276 0.162029
vt 0.893385 0.143777
vt 0.911098 0.117790
vt 0.904481 0.109970
vt 0.917477 0.125806
vt 0.836293 0.169817
vt 0.856849 0.143151
vt 0.835752 0.179625
vt 0.845477 0.181008
vt 0.941535 0.107948
vt 0.934334 0.098721
vt 0.926689 0.089858
vt 0.897502 0.102498
vt 0.918619 0.081381
vt 0.876731 0.123269
vt 0.369276 0.162029
vt 0.362477 0.157692
vt 0.387337 0.137290
vt 0.393385 0.143777
vt 0.359550 0.150178
vt 0.382155 0.130093
vt 0.411098 0.117790
vt 0.417477 0.125806
vt 0.404481 0.109970
vt 0.345477 0.181008
vt 0.335752 0.179625
vt 0.356849 0.143151
vt 0.376731 0.123269
vt 0.397502 0.102498
vt 0.418619 0.081381
vt 0.426689 0.089858
vt 0.434334 0.098721
vt 0.441535 0.107948
vt 0.837971 0.130724
vt 0.842308 0.137523
vt 0.862710 0.112663
vt 0.856223 0.106615
vt 0.849822 0.140450
vt 0.869907 0.117845
vt 0.882210 0.088902
vt 0.874194 0.082523
vt 0.890030 0.095519
vt 0.818992 0.154523
vt 0.833950 0.124359
vt 0.820375 0.164248
vt 0.910142 0.073311
vt 0.901279 0.065666
vt 0.892052 0.058465
vt 0.865891 0.076556
vt 0.882483 0.051725
vt 0.849572 0.100980
vt 0.349822 0.140450
vt 0.342308 0.137523
vt 0.362710 0.112663
vt 0.369907 0.117845
vt 0.337971 0.130724
vt 0.356223 0.106615
vt 0.382210 0.088902
vt 0.390030 0.095519
vt 0.374194 0.082523
vt 0.330183 0.163707
vt 0.320375 0.164248
vt 0.318992 0.154523
vt 0.333950 0.124359
vt 0.349572 0.100980
vt 0.365891 0.076556
vt 0.382483 0.051725
vt 0.392052 0.058465
vt 0.401279 0.065666
vt 0.410142 0.073311
vt 0.813011 0.115854
vt 0.818591 0.121676
vt 0.833751 0.093313
vt 0.826209 0.088647
vt 0.826532 0.123080
vt 0.841821 0.096992
vt 0.848241 0.066205
vt 0.839135 0.061512
vt 0.857201 0.071169
vt 0.807826 0.110396
vt 0.802294 0.152166
vt 0.811807 0.149722
vt 0.872594 0.045464
vt 0.862410 0.039695
vt 0.851956 0.034433
vt 0.829827 0.057280
vt 0.841256 0.029689
vt 0.818586 0.084418
vt 0.326531 0.123080
vt 0.318591 0.121676
vt 0.333751 0.093313
vt 0.341821 0.096992
vt 0.313011 0.115854
vt 0.326209 0.088647
vt 0.348241 0.066205
vt 0.357201 0.071169
vt 0.339135 0.061512
vt 0.311807 0.149722
vt 0.299040 0.142898
vt 0.307826 0.110396
vt 0.318586 0.084418
vt 0.329827 0.057280
vt 0.341256 0.029689
vt 0.351956 0.034433
vt 0.362410 0.039695
vt 0.372594 0.045464
vt 0.785630 0.106138
vt 0.792238 0.110760
vt 0.801573 0.079985
vt 0.793266 0.076880
vt 0.800300 0.110588
vt 0.810206 0.082019
vt 0.810496 0.050571
vt 0.800650 0.047745
vt 0.820253 0.053691
vt 0.777203 0.135389
vt 0.779480 0.101797
vt 0.791056 0.139591
vt 0.830336 0.025477
vt 0.819222 0.021806
vt 0.807942 0.018684
vt 0.790696 0.045409
vt 0.796522 0.016119
vt 0.784965 0.074219
vt 0.300300 0.110588
vt 0.292238 0.110760
vt 0.301573 0.079985
vt 0.310206 0.082019
vt 0.285630 0.106138
vt 0.293266 0.076880
vt 0.310496 0.050571
vt 0.320253 0.053691
vt 0.300650 0.047745
vt 0.277203 0.135389
vt 0.279479 0.101797
vt 0.284965 0.074219
vt 0.290696 0.045409
vt 0.296522 0.016119
vt 0.307942 0.018684
vt 0.319222 0.021806
vt 0.330336 0.025477
vt 0.756879 0.101952
vt 0.764262 0.105195
vt 0.767414 0.073190
vt 0.758661 0.071766
vt 0.772136 0.103454
vt 0.776278 0.073501
vt 0.770427 0.042600
vt 0.760219 0.041750
vt 0.780605 0.043757
vt 0.750000 0.098893
vt 0.768728 0.133703
vt 0.784990 0.014119
vt 0.773373 0.012686
vt 0.761701 0.011825
vt 0.750000 0.041401
vt 0.750000 0.011537
vt 0.750000 0.070776
vt 0.272136 0.103454
vt 0.264262 0.105195
vt 0.267414 0.073190
vt 0.276277 0.073501
vt 0.256879 0.101952
vt 0.258661 0.071766
vt 0.270427 0.042600
vt 0.280605 0.043757
vt 0.260219 0.041750
vt 0.268728 0.133703
vt 0.260873 0.139601
vt 0.254321 0.132284
vt 0.250000 0.098893
vt 0.250000 0.070776
vt 0.250000 0.041401
vt 0.250000 0.011537
vt 0.261701 0.011825
vt 0.273373 0.012686
vt 0.284990 0.014119
vt 0.727864 0.103454
vt 0.735738 0.105195
vt 0.732586 0.073190
vt 0.723723 0.073501
vt 0.743121 0.101952
vt 0.741339 0.071766
vt 0.729573 0.042600
vt 0.719395 0.043757
vt 0.739781 0.041750
vt 0.731273 0.133703
vt 0.720521 0.101797
vt 0.739127 0.139601
vt 0.745679 0.132284
vt 0.738299 0.011825
vt 0.726627 0.012686
vt 0.715010 0.014119
vt 0.709304 0.045409
vt 0.703478 0.016119
vt 0.715035 0.074219
vt 0.243121 0.101952
vt 0.235738 0.105195
vt 0.232586 0.073190
vt 0.241339 0.071766
vt 0.227864 0.103454
vt 0.223722 0.073501
vt 0.229573 0.042600
vt 0.239781 0.041750
vt 0.219395 0.043757
vt 0.245679 0.132284
vt 0.239127 0.139601
vt 0.231272 0.133703
vt 0.220521 0.101797
vt 0.215035 0.074219
vt 0.209304 0.045409
vt 0.203478 0.016119
vt 0.215010 0.014119
vt 0.226627 0.012686
vt 0.238299 0.011825
vt 0.699700 0.110589
vt 0.707762 0.110760
vt 0.698427 0.079985
vt 0.689794 0.082019
vt 0.714370 0.106138
vt 0.706734 0.076880
vt 0.689504 0.050571
vt 0.679747 0.053691
vt 0.699350 0.047745
vt 0.708944 0.139591
vt 0.692174 0.110396
vt 0.722797 0.135389
vt 0.692058 0.018684
vt 0.680778 0.021806
vt 0.669664 0.025477
vt 0.670173 0.057280
vt 0.658744 0.029689
vt 0.681414 0.084418
vt 0.214370 0.106138
vt 0.207762 0.110760
vt 0.198426 0.079985
vt 0.206734 0.076880
vt 0.199700 0.110589
vt 0.189794 0.082019
vt 0.189504 0.050571
vt 0.199350 0.047745
vt 0.179747 0.053691
vt 0.222797 0.135389
vt 0.217798 0.143844
vt 0.208944 0.139591
vt 0.192174 0.110396
vt 0.181414 0.084418
vt 0.170173 0.057280
vt 0.158744 0.029689
vt 0.169664 0.025477
vt 0.180778 0.021806
vt 0.192058 0.018684
vt 0.673468 0.123080
vt 0.681409 0.121676
vt 0.666249 0.093313
vt 0.658179 0.096992
vt 0.686989 0.115854
vt 0.673791 0.088647
vt 0.651759 0.066205
vt 0.642799 0.071169
vt 0.660865 0.061512
vt 0.688193 0.149722
vt 0.666050 0.124359
vt 0.697707 0.152166
vt 0.700960 0.142898
vt 0.648044 0.034433
vt 0.637590 0.039695
vt 0.627406 0.045464
vt 0.634109 0.076556
vt 0.617517 0.051725
vt 0.650428 0.100980
vt 0.186989 0.115854
vt 0.181409 0.121676
vt 0.166249 0.093313
vt 0.173791 0.088647
vt 0.173468 0.123080
vt 0.158179 0.096992
vt 0.151759 0.066205
vt 0.160865 0.061512
vt 0.142799 0.071169
vt 0.200960 0.142898
vt 0.188193 0.149722
vt 0.166050 0.124359
vt 0.150428 0.100980
vt 0.134109 0.076556
vt 0.117517 0.051725
vt 0.127406 0.045464
vt 0.137590 0.039695
vt 0.148044 0.034433
vt 0.650178 0.140450
vt 0.657692 0.137523
vt 0.637290 0.112663
vt 0.630093 0.117845
vt 0.662029 0.130724
vt 0.643777 0.106615
vt 0.617790 0.088902
vt 0.609970 0.095519
vt 0.625806 0.082523
vt 0.643151 0.143152
vt 0.681008 0.154523
vt 0.607948 0.058465
vt 0.598721 0.065667
vt 0.589858 0.073311
vt 0.602498 0.102498
vt 0.581381 0.081381
vt 0.623269 0.123269
vt 0.162029 0.130724
vt 0.157692 0.137523
vt 0.137290 0.112663
vt 0.143777 0.106615
vt 0.150178 0.140450
vt 0.130093 0.117845
vt 0.117790 0.088902
vt 0.125806 0.082523
vt 0.109970 0.095519
vt 0.181008 0.154523
vt 0.169817 0.163707
vt 0.143151 0.143152
vt 0.123269 0.123269
vt 0.102498 0.102498
vt 0.081381 0.081381
vt 0.089858 0.073311
vt 0.098721 0.065667
vt 0.107948 0.058465
vt 0.630724 0.162029
vt 0.637523 0.157692
vt 0.612663 0.137291
vt 0.606615 0.143777
vt 0.640449 0.150178
vt 0.617845 0.130093
vt 0.588902 0.117791
vt 0.582523 0.125806
vt 0.595519 0.109971
vt 0.654523 0.181008
vt 0.624359 0.166050
vt 0.664248 0.179625
vt 0.663707 0.169817
vt 0.573311 0.089859
vt 0.565666 0.098722
vt 0.558465 0.107948
vt 0.576556 0.134109
vt 0.551725 0.117517
vt 0.600980 0.150428
vt 0.140450 0.150178
vt 0.137523 0.157692
vt 0.112663 0.137291
vt 0.117845 0.130093
vt 0.130724 0.162029
vt 0.106615 0.143777
vt 0.088902 0.117791
vt 0.095519 0.109971
vt 0.082523 0.125806
vt 0.164248 0.179625
vt 0.154523 0.181008
vt 0.124359 0.166050
vt 0.100980 0.150428
vt 0.076556 0.134109
vt 0.051725 0.117517
vt 0.058465 0.107948
vt 0.065666 0.098722
vt 0.073311 0.089859
vt 0.615854 0.186989
vt 0.621676 0.181409
vt 0.593313 0.166249
vt 0.588647 0.173791
vt 0.623080 0.173469
vt 0.596992 0.158180
vt 0.566205 0.151760
vt 0.561512 0.160865
vt 0.571169 0.142799
vt 0.642898 0.200960
vt 0.610396 0.192174
vt 0.652166 0.197707
vt 0.545464 0.127406
vt 0.539695 0.137590
vt 0.534433 0.148044
vt 0.557280 0.170173
vt 0.529689 0.158744
vt 0.584418 0.181414
vt 0.123080 0.173469
vt 0.121676 0.181409
vt 0.093313 0.166249
vt 0.096992 0.158180
vt 0.115854 0.186989
vt 0.088647 0.173791
vt 0.066205 0.151760
vt 0.071169 0.142799
vt 0.061512 0.160865
vt 0.149722 0.188193
vt 0.152166 0.197707
vt 0.110396 0.192174
vt 0.084418 0.181414
vt 0.057280 0.170173
vt 0.029689 0.158744
vt 0.034433 0.148044
vt 0.039695 0.137590
vt 0.045464 0.127406
vt 0.606138 0.214370
vt 0.610760 0.207762
vt 0.579985 0.198427
vt 0.576880 0.206734
vt 0.610588 0.199700
vt 0.582019 0.189794
vt 0.550571 0.189504
vt 0.547745 0.199350
vt 0.553691 0.179747
vt 0.635389 0.222797
vt 0.601797 0.220521
vt 0.643844 0.217798
vt 0.639591 0.208944
vt 0.525477 0.169665
vt 0.521806 0.180778
vt 0.518684 0.192059
vt 0.545409 0.209305
vt 0.516119 0.203478
vt 0.574219 0.215035
vt 0.110588 0.199700
vt 0.110760 0.207762
vt 0.079985 0.198427
vt 0.082019 0.189794
vt 0.106138 0.214370
vt 0.076880 0.206734
vt 0.050571 0.189504
vt 0.053691 0.179747
vt 0.047745 0.199350
vt 0.143844 0.217798
vt 0.135389 0.222797
vt 0.101797 0.220521
vt 0.074219 0.215035
vt 0.045409 0.209305
vt 0.016119 0.203478
vt 0.018684 0.192059
vt 0.021806 0.180778
vt 0.025477 0.169665
vt 0.601952 0.243121
vt 0.605195 0.235738
vt 0.573190 0.232586
vt 0.571766 0.241339
vt 0.603454 0.227864
vt 0.573501 0.223723
vt 0.542600 0.229573
vt 0.541750 0.239781
vt 0.543757 0.219395
vt 0.632284 0.245679
vt 0.598893 0.250000
vt 0.633703 0.231273
vt 0.514119 0.215010
vt 0.512686 0.226627
vt 0.511825 0.238300
vt 0.541401 0.250000
vt 0.511537 0.250000
vt 0.570776 0.250000
vt 0.103454 0.227864
vt 0.105195 0.235738
vt 0.073190 0.232586
vt 0.073501 0.223723
vt 0.101952 0.243121
vt 0.071766 0.241339
vt 0.042600 0.229573
vt 0.043757 0.219395
vt 0.041750 0.239781
vt 0.133703 0.231273
vt 0.132284 0.245679
vt 0.098893 0.250000
vt 0.070776 0.250000
vt 0.041401 0.250000
vt 0.011537 0.250000
vt 0.011825 0.238300
vt 0.012686 0.226627
vt 0.014119 0.215010
vt 0.603454 0.272136
vt 0.605195 0.264262
vt 0.573191 0.267414
vt 0.573501 0.276278
vt 0.601952 0.256879
vt 0.571766 0.258661
vt 0.542600 0.270427
vt 0.543758 0.280605
vt 0.541750 0.260219
vt 0.633703 0.268728
vt 0.601797 0.279480
vt 0.632284 0.254321
vt 0.511825 0.261701
vt 0.512686 0.273374
vt 0.514119 0.284990
vt 0.545409 0.290696
vt 0.516119 0.296522
vt 0.574220 0.284965
vt 0.101952 0.256879
vt 0.105195 0.264262
vt 0.073190 0.267414
vt 0.071766 0.258661
vt 0.103454 0.272136
vt 0.073501 0.276278
vt 0.042600 0.270427
vt 0.041750 0.260219
vt 0.043758 0.280606
vt 0.132284 0.254321
vt 0.139601 0.260874
vt 0.133703 0.268728
vt 0.101797 0.279480
vt 0.074219 0.284965
vt 0.045409 0.290696
vt 0.016119 0.296522
vt 0.014119 0.284990
vt 0.012686 0.273374
vt 0.011825 0.261701
vt 0.610589 0.300300
vt 0.610760 0.292238
vt 0.579985 0.301574
vt 0.582019 0.310206
vt 0.606138 0.285630
vt 0.576880 0.293266
vt 0.550571 0.310497
vt 0.553691 0.320253
vt 0.547745 0.300650
vt 0.639591 0.291056
vt 0.610396 0.307826
vt 0.635389 0.277203
vt 0.518684 0.307942
vt 0.521806 0.319222
vt 0.525477 0.330336
vt 0.557280 0.329828
vt 0.529689 0.341256
vt 0.584418 0.318586
vt 0.106138 0.285630
vt 0.110760 0.292238
vt 0.079985 0.301574
vt 0.076880 0.293266
vt 0.110589 0.300300
vt 0.082019 0.310206
vt 0.050571 0.310497
vt 0.047745 0.300650
vt 0.053691 0.320253
vt 0.135389 0.277203
vt 0.139591 0.291056
vt 0.110396 0.307826
vt 0.084418 0.318586
vt 0.057280 0.329828
vt 0.029689 0.341256
vt 0.025477 0.330336
vt 0.021806 0.319222
vt 0.018684 0.307942
vt 0.623080 0.326532
vt 0.621676 0.318591
vt 0.593314 0.333751
vt 0.596992 0.341821
vt 0.615854 0.313011
vt 0.588647 0.326209
vt 0.566205 0.348241
vt 0.571169 0.357201
vt 0.561512 0.339135
vt 0.649722 0.311807
vt 0.624359 0.333951
vt 0.652166 0.302294
vt 0.642898 0.299040
vt 0.534433 0.351956
vt 0.539696 0.362410
vt 0.545464 0.372594
vt 0.576557 0.365892
vt 0.551726 0.382483
vt 0.600981 0.349572
vt 0.115854 0.313011
vt 0.121676 0.318591
vt 0.093314 0.333751
vt 0.088647 0.326209
vt 0.123080 0.326532
vt 0.096992 0.341821
vt 0.066205 0.348241
vt 0.061512 0.339135
vt 0.071169 0.357201
vt 0.142898 0.299040
vt 0.152166 0.302294
vt 0.149722 0.311807
vt 0.124359 0.333951
vt 0.100981 0.349572
vt 0.076557 0.365892
vt 0.051726 0.382483
vt 0.045464 0.372594
vt 0.039696 0.362410
vt 0.034433 0.351956
vt 0.640450 0.349822
vt 0.637523 0.342308
vt 0.612663 0.362710
vt 0.617845 0.369907
vt 0.630724 0.337971
vt 0.606615 0.356223
vt 0.588902 0.382210
vt 0.595519 0.390030
vt 0.582524 0.374195
vt 0.643152 0.356849
vt 0.664248 0.320375
vt 0.654523 0.318992
vt 0.558465 0.392052
vt 0.565667 0.401279
vt 0.573311 0.410142
vt 0.602499 0.397502
vt 0.581382 0.418619
vt 0.623269 0.376731
vt 0.130724 0.337971
vt 0.137523 0.342308
vt 0.112663 0.362710
vt 0.106615 0.356223
vt 0.140450 0.349822
vt 0.117845 0.369907
vt 0.088902 0.382210
vt 0.082523 0.374195
vt 0.095519 0.390030
vt 0.154523 0.318992
vt 0.163707 0.330183
vt 0.143152 0.356849
vt 0.123269 0.376731
vt 0.102499 0.397502
vt 0.081382 0.418619
vt 0.073311 0.410142
vt 0.065667 0.401279
vt 0.058465 0.392052
vt 0.662029 0.369276
vt 0.657692 0.362477
vt 0.637291 0.387337
vt 0.643777 0.393385
vt 0.650178 0.359551
vt 0.630094 0.382155
vt 0.617791 0.411098
vt 0.625806 0.417477
vt 0.609971 0.404481
vt 0.681008 0.345477
vt 0.666050 0.375641
vt 0.679625 0.335753
vt 0.669818 0.336293
vt 0.589859 0.426689
vt 0.598722 0.434334
vt 0.607949 0.441535
vt 0.634109 0.423444
vt 0.617517 0.448275
vt 0.650429 0.399020
vt 0.150178 0.359551
vt 0.157692 0.362477
vt 0.137291 0.387337
vt 0.130094 0.382155
vt 0.162029 0.369276
vt 0.143777 0.393385
vt 0.117791 0.411098
vt 0.109971 0.404481
vt 0.125806 0.417477
vt 0.169817 0.336293
vt 0.179625 0.335753
vt 0.166050 0.375641
vt 0.150429 0.399020
vt 0.134109 0.423444
vt 0.117517 0.448275
vt 0.107948 0.441535
vt 0.098722 0.434334
vt 0.089859 0.426689
vt 0.686989 0.384147
vt 0.681409 0.378325
vt 0.666250 0.406687
vt 0.673792 0.411353
vt 0.673469 0.376920
vt 0.658180 0.403008
vt 0.651760 0.433795
vt 0.660865 0.438488
vt 0.642799 0.428831
vt 0.700960 0.357102
vt 0.692174 0.389605
vt 0.697707 0.347834
vt 0.688193 0.350278
vt 0.627406 0.454536
vt 0.637590 0.460305
vt 0.648045 0.465568
vt 0.670173 0.442720
vt 0.658745 0.470311
vt 0.681414 0.415582
vt 0.173469 0.376920
vt 0.181409 0.378325
vt 0.166249 0.406687
vt 0.158180 0.403008
vt 0.186989 0.384147
vt 0.173791 0.411353
vt 0.151760 0.433795
vt 0.142799 0.428831
vt 0.160865 0.438488
vt 0.188193 0.350278
vt 0.197707 0.347834
vt 0.200960 0.357102
vt 0.192174 0.389605
vt 0.181414 0.415582
vt 0.170173 0.442720
vt 0.158745 0.470311
vt 0.148045 0.465568
vt 0.137590 0.460305
vt 0.127406 0.454536
vt 0.714370 0.393862
vt 0.707762 0.389240
vt 0.698427 0.420015
vt 0.706734 0.423120
vt 0.699700 0.389412
vt 0.689794 0.417982
vt 0.689504 0.449430
vt 0.699350 0.452255
vt 0.679747 0.446309
vt 0.722797 0.364612
vt 0.720521 0.398203
vt 0.708944 0.360409
vt 0.669665 0.474523
vt 0.680779 0.478194
vt 0.692059 0.481316
vt 0.709305 0.454591
vt 0.703479 0.483881
vt 0.715035 0.425781
vt 0.199700 0.389412
vt 0.207762 0.389240
vt 0.198427 0.420015
vt 0.189794 0.417982
vt 0.214370 0.393862
vt 0.206734 0.423120
vt 0.189504 0.449430
vt 0.179747 0.446309
vt 0.199350 0.452255
vt 0.208944 0.360409
vt 0.222797 0.364611
vt 0.220521 0.398203
vt 0.215035 0.425781
vt 0.209305 0.454591
vt 0.203479 0.483881
vt 0.192059 0.481316
vt 0.180779 0.478194
vt 0.169665 0.474523
vt 0.743121 0.398049
vt 0.735738 0.394805
vt 0.732586 0.426810
vt 0.741339 0.428234
vt 0.727864 0.396546
vt 0.723723 0.426499
vt 0.729573 0.457400
vt 0.739781 0.458250
vt 0.719395 0.456243
vt 0.745679 0.367716
vt 0.739127 0.360399
vt 0.731273 0.366297
vt 0.715011 0.485881
vt 0.726627 0.487314
vt 0.738299 0.488175
vt 0.227864 0.396546
vt 0.235738 0.394805
vt 0.232586 0.426810
vt 0.223723 0.426499
vt 0.243121 0.398049
vt 0.241339 0.428234
vt 0.229573 0.457400
vt 0.219395 0.456243
vt 0.239781 0.458250
vt 0.239127 0.360399
vt 0.245679 0.367716
vt 0.238299 0.488175
vt 0.226627 0.487314
vt 0.215011 0.485881
s 1
usemtl Material.006
f 1249/1/1237 1250/2/1238 1253/3/1241 1252/4/1240
f 1250/2/1238 1251/5/1239 1254/6/1242 1253/3/1241
f 1252/4/1240 1253/3/1241 1256/7/1244 1255/8/1243
f 1253/3/1241 1254/6/1242 1257/9/1245 1256/7/1244
f 66/10/66 199/11/199 1249/1/1237 862/12/862
f 199/11/199 200/13/200 1250/2/1238 1249/1/1237
f 200/13/200 201/14/201 1251/5/1239 1250/2/1238
f 201/14/201 132/15/132 198/16/198 1251/5/1239
f 1251/5/1239 198/16/198 197/17/197 1254/6/1242
f 1254/6/1242 197/17/197 196/18/196 1257/9/1245
f 1257/9/1245 196/18/196 131/19/131 487/20/487
f 1256/7/1244 1257/9/1245 487/20/487 488/21/488
f 1255/8/1243 1256/7/1244 488/21/488 489/22/489
f 864/23/864 1255/8/1243 489/22/489 67/24/67
f 863/25/863 1252/4/1240 1255/8/1243 864/23/864
f 862/12/862 1249/1/1237 1252/4/1240 863/25/863
f 1258/26/1246 1259/27/1247 1262/28/1250 1261/29/1249
f 1259/27/1247 1260/30/1248 1263/31/1251 1262/28/1250
f 1261/29/1249 1262/28/1250 1265/32/1253 1264/33/1252
f 1262/28/1250 1263/31/1251 1266/34/1254 1265/32/1253
f 67/24/67 489/22/489 1258/26/1246 856/35/856
f 489/22/489 488/21/488 1259/27/1247 1258/26/1246
f 488/21/488 487/20/487 1260/30/1248 1259/27/1247
f 487/20/487 131/19/131 210/36/210 1260/30/1248
f 1260/30/1248 210/36/210 209/37/209 1263/31/1251
f 1263/31/1251 209/37/209 208/38/208 1266/34/1254
f 1266/34/1254 208/38/208 134/39/134 493/40/493
f 1265/32/1253 1266/34/1254 493/40/493 494/41/494
f 1264/33/1252 1265/32/1253 494/41/494 495/42/495
f 858/43/858 1264/33/1252 495/42/495 69/44/69
f 857/45/857 1261/29/1249 1264/33/1252 858/43/858
f 856/35/856 1258/26/1246 1261/29/1249 857/45/857
f 1267/46/1255 1268/47/1256 1271/48/1259 1270/49/1258
f 1268/47/1256 1269/50/1257 1272/51/1260 1271/48/1259
f 1270/49/1258 1271/48/1259 1274/52/1262 1273/53/1261
f 1271/48/1259 1272/51/1260 1275/54/1263 1274/52/1262
f 69/44/69 495/42/495 1267/46/1255 850/55/850
f 495/42/495 494/41/494 1268/47/1256 1267/46/1255
f 494/41/494 493/40/493 1269/50/1257 1268/47/1256
f 493/40/493 134/39/134 219/56/219 1269/50/1257
f 1269/50/1257 219/56/219 218/57/218 1272/51/1260
f 1272/51/1260 218/57/218 217/58/217 1275/54/1263
f 1275/54/1263 217/58/217 136/59/136 499/60/499
f 1274/52/1262 1275/54/1263 499/60/499 500/61/500
f 1273/53/1261 1274/52/1262 500/61/500 501/62/501
f 852/63/852 1273/53/1261 501/62/501 71/64/71
f 851/65/851 1270/49/1258 1273/53/1261 852/63/852
f 850/55/850 1267/46/1255 1270/49/1258 851/65/851
f 1276/66/1264 1277/67/1265 1280/68/1268 1279/69/1267
f 1277/67/1265 1278/70/1266 1281/71/1269 1280/68/1268
f 1279/69/1267 1280/68/1268 1283/72/1271 1282/73/1270
f 1280/68/1268 1281/71/1269 1284/74/1272 1283/72/1271
f 71/64/71 501/62/501 1276/66/1264 844/75/844
f 501/62/501 500/61/500 1277/67/1265 1276/66/1264
f 500/61/500 499/60/499 1278/70/1266 1277/67/1265
f 499/60/499 136/59/136 228/76/228 1278/70/1266
f 1278/70/1266 228/76/228 227/77/227 1281/71/1269
f 1281/71/1269 227/77/227 226/78/226 1284/74/1272
f 1284/74/1272 226/78/226 138/79/138 505/80/505
f 1283/72/1271 1284/74/1272 505/80/505 506/81/506
f 1282/73/1270 1283/72/1271 506/81/506 507/82/507
f 846/83/846 1282/73/1270 507/82/507 73/84/73
f 845/85/845 1279/69/1267 1282/73/1270 846/83/846
f 844/75/844 1276/66/1264 1279/69/1267 845/85/845
f 1285/86/1273 1286/87/1274 1289/88/1277 1288/89/1276
f 1286/87/1274 1287/90/1275 1290/91/1278 1289/88/1277
f 1288/89/1276 1289/88/1277 1292/92/1280 1291/93/1279
f 1289/88/1277 1290/91/1278 1293/94/1281 1292/92/1280
f 73/84/73 507/82/507 1285/86/1273 838/95/838
f 507/82/507 506/81/506 1286/87/1274 1285/86/1273
f 506/81/506 505/80/505 1287/90/1275 1286/87/1274
f 505/80/505 138/79/138 237/96/237 1287/90/1275
f 1287/90/1275 237/96/237 236/97/236 1290/91/1278
f 1290/91/1278 236/97/236 235/98/235 1293/94/1281
f 1293/94/1281 235/98/235 140/99/140 511/100/511
f 1292/92/1280 1293/94/1281 511/100/511 512/101/512
f 1291/93/1279 1292/92/1280 512/101/512 513/102/513
f 840/103/840 1291/93/1279 513/102/513 75/104/75
f 839/105/839 1288/89/1276 1291/93/1279 840/103/840
f 838/95/838 1285/86/1273 1288/89/1276 839/105/839
f 1294/106/1282 1295/107/1283 1298/108/1286 1297/109/1285
f 1295/107/1283 1296/110/1284 1299/111/1287 1298/108/1286
f 1297/109/1285 1298/108/1286 1301/112/1289 1300/113/1288
f 1298/108/1286 1299/111/1287 1302/114/1290 1301/112/1289
f 75/104/75 513/102/513 1294/106/1282 832/115/832
f 513/102/513 512/101/512 1295/107/1283 1294/106/1282
f 512/101/512 511/100/511 1296/110/1284 1295/107/1283
f 511/100/511 140/99/140 246/116/246 1296/110/1284
f 1296/110/1284 246/116/246 245/117/245 1299/111/1287
f 1299/111/1287 245/117/245 244/118/244 1302/114/1290
f 1302/114/1290 244/118/244 142/119/142 517/120/517
f 1301/112/1289 1302/114/1290 517/120/517 518/121/518
f 1300/113/1288 1301/112/1289 518/121/518 519/122/519
f 834/123/834 1300/113/1288 519/122/519 77/124/77
f 833/125/833 1297/109/1285 1300/113/1288 834/123/834
f 832/115/832 1294/106/1282 1297/109/1285 833/125/833
f 1303/126/1291 1304/127/1292 1307/128/1295 1306/129/1294
f 1304/127/1292 1305/130/1293 1308/131/1296 1307/128/1295
f 1306/129/1294 1307/128/1295 1310/132/1298 1309/133/1297
f 1307/128/1295 1308/131/1296 1311/134/1299 1310/132/1298
f 77/124/77 519/122/519 1303/126/1291 826/135/826
f 519/122/519 518/121/518 1304/127/1292 1303/126/1291
f 518/121/518 517/120/517 1305/130/1293 1304/127/1292
f 517/120/517 142/119/142 255/136/255 1305/130/1293
f 1305/130/1293 255/136/255 254/137/254 1308/131/1296
f 1308/131/1296 254/137/254 253/138/253 1311/134/1299
f 1311/134/1299 253/138/253 144/139/144 523/140/523
f 1310/132/1298 1311/134/1299 523/140/523 524/141/524
f 1309/133/1297 1310/132/1298 524/141/524 525/142/525
f 828/143/828 1309/133/1297 525/142/525 79/144/79
f 827/145/827 1306/129/1294 1309/133/1297 828/143/828
f 826/135/826 1303/126/1291 1306/129/1294 827/145/827
f 1312/146/1300 1313/147/1301 1316/148/1304 1315/149/1303
f 1313/147/1301 1314/150/1302 1317/151/1305 1316/148/1304
f 1315/149/1303 1316/148/1304 1319/152/1307 1318/153/1306
f 1316/148/1304 1317/151/1305 1320/154/1308 1319/152/1307
f 79/144/79 525/142/525 1312/146/1300 820/155/820
f 525/142/525 524/141/524 1313/147/1301 1312/146/1300
f 524/141/524 523/140/523 1314/150/1302 1313/147/1301
f 523/140/523 144/139/144 264/156/264 1314/150/1302
f 1314/150/1302 264/156/264 263/157/263 1317/151/1305
f 1317/151/1305 263/157/263 262/158/262 1320/154/1308
f 1320/154/1308 262/158/262 146/159/146 529/160/529
f 1319/152/1307 1320/154/1308 529/160/529 530/161/530
f 1318/153/1306 1319/152/1307 530/161/530 531/162/531
f 822/163/822 1318/153/1306 531/162/531 81/164/81
f 821/165/821 1315/149/1303 1318/153/1306 822/163/822
f 820/155/820 1312/146/1300 1315/149/1303 821/165/821
f 1321/166/1309 1322/167/1310 1325/168/1313 1324/169/1312
f 1322/167/1310 1323/170/1311 1326/171/1314 1325/168/1313
f 1324/169/1312 1325/168/1313 1328/172/1316 1327/173/1315
f 1325/168/1313 1326/171/1314 1329/174/1317 1328/172/1316
f 81/164/81 531/162/531 1321/166/1309 814/175/814
f 531/162/531 530/161/530 1322/167/1310 1321/166/1309
f 530/161/530 529/160/529 1323/170/1311 1322/167/1310
f 529/160/529 146/159/146 273/176/273 1323/170/1311
f 1323/170/1311 273/176/273 272/177/272 1326/171/1314
f 1326/171/1314 272/177/272 271/178/271 1329/174/1317
f 1329/174/1317 271/178/271 148/179/148 535/180/535
f 1328/172/1316 1329/174/1317 535/180/535 536/181/536
f 1327/173/1315 1328/172/1316 536/181/536 537/182/537
f 816/183/816 1327/173/1315 537/182/537 83/184/83
f 815/185/815 1324/169/1312 1327/173/1315 816/183/816
f 814/175/814 1321/166/1309 1324/169/1312 815/185/815
f 1330/186/1318 1331/187/1319 1334/188/1322 1333/189/1321
f 1331/187/1319 1332/190/1320 1335/191/1323 1334/188/1322
f 1333/189/1321 1334/188/1322 1337/192/1325 1336/193/1324
f 1334/188/1322 1335/191/1323 1338/194/1326 1337/192/1325
f 83/184/83 537/182/537 1330/186/1318 808/195/808
f 537/182/537 536/181/536 1331/187/1319 1330/186/1318
f 536/181/536 535/180/535 1332/190/1320 1331/187/1319
f 535/180/535 148/179/148 282/196/282 1332/190/1320
f 1332/190/1320 282/196/282 281/197/281 1335/191/1323
f 1335/191/1323 281/197/281 280/198/280 1338/194/1326
f 1338/194/1326 280/198/280 150/199/150 541/200/541
f 1337/192/1325 1338/194/1326 541/200/541 542/201/542
f 1336/193/1324 1337/192/1325 542/201/542 543/202/543
f 810/203/810 1336/193/1324 543/202/543 85/204/85
f 809/205/809 1333/189/1321 1336/193/1324 810/203/810
f 808/195/808 1330/186/1318 1333/189/1321 809/205/809
f 1339/206/1327 1340/207/1328 1343/208/1331 1342/209/1330
f 1340/207/1328 1341/210/1329 1344/211/1332 1343/208/1331
f 1342/209/1330 1343/208/1331 1346/212/1334 1345/213/1333
f 1343/208/1331 1344/211/1332 1347/214/1335 1346/212/1334
f 85/204/85 543/202/543 1339/206/1327 802/215/802
f 543/202/543 542/201/542 1340/207/1328 1339/206/1327
f 542/201/542 541/200/541 1341/210/1329 1340/207/1328
f 541/200/541 150/199/150 291/216/291 1341/210/1329
f 1341/210/1329 291/216/291 290/217/290 1344/211/1332
f 1344/211/1332 290/217/290 289/218/289 1347/214/1335
f 1347/214/1335 289/218/289 152/219/152 547/220/547
f 1346/212/1334 1347/214/1335 547/220/547 548/221/548
f 1345/213/1333 1346/212/1334 548/221/548 549/222/549
f 804/223/804 1345/213/1333 549/222/549 87/224/87
f 803/225/803 1342/209/1330 1345/213/1333 804/223/804
f 802/215/802 1339/206/1327 1342/209/1330 803/225/803
f 1348/226/1336 1349/227/1337 1352/228/1340 1351/229/1339
f 1349/227/1337 1350/230/1338 1353/231/1341 1352/228/1340
f 1351/229/1339 1352/228/1340 1355/232/1343 1354/233/1342
f 1352/228/1340 1353/231/1341 1356/234/1344 1355/232/1343
f 87/224/87 549/222/549 1348/226/1336 796/235/796
f 549/222/549 548/221/548 1349/227/1337 1348/226/1336
f 548/221/548 547/220/547 1350/230/1338 1349/227/1337
f 547/220/547 152/219/152 300/236/300 1350/230/1338
f 1350/230/1338 300/236/300 299/237/299 1353/231/1341
f 1353/231/1341 299/237/299 298/238/298 1356/234/1344
f 1356/234/1344 298/238/298 154/239/154 553/240/553
f 1355/232/1343 1356/234/1344 553/240/553 554/241/554
f 1354/233/1342 1355/232/1343 554/241/554 555/242/555
f 798/243/798 1354/233/1342 555/242/555 89/244/89
f 797/245/797 1351/229/1339 1354/233/1342 798/243/798
f 796/235/796 1348/226/1336 1351/229/1339 797/245/797
f 1357/246/1345 1358/247/1346 1361/248/1349 1360/249/1348
f 1358/247/1346 1359/250/1347 1362/251/1350 1361/248/1349
f 1360/249/1348 1361/248/1349 1364/252/1352 1363/253/1351
f 1361/248/1349 1362/251/1350 1365/254/1353 1364/252/1352
f 89/244/89 555/242/555 1357/246/1345 790/255/790
f 555/242/555 554/241/554 1358/247/1346 1357/246/1345
f 554/241/554 553/240/553 1359/250/1347 1358/247/1346
f 553/240/553 154/239/154 309/256/309 1359/250/1347
f 1359/250/1347 309/256/309 308/257/308 1362/251/1350
f 1362/251/1350 308/257/308 307/258/307 1365/254/1353
f 1365/254/1353 307/258/307 156/259/156 559/260/559
f 1364/252/1352 1365/254/1353 559/260/559 560/261/560
f 1363/253/1351 1364/252/1352 560/261/560 561/262/561
f 792/263/792 1363/253/1351 561/262/561 91/264/91
f 791/265/791 1360/249/1348 1363/253/1351 792/263/792
f 790/255/790 1357/246/1345 1360/249/1348 791/265/791
f 1366/266/1354 1367/267/1355 1370/268/1358 1369/269/1357
f 1367/267/1355 1368/270/1356 1371/271/1359 1370/268/1358
f 1369/269/1357 1370/268/1358 1373/272/1361 1372/273/1360
f 1370/268/1358 1371/271/1359 1374/274/1362 1373/272/1361
f 91/264/91 561/262/561 1366/266/1354 784/275/784
f 561/262/561 560/261/560 1367/267/1355 1366/266/1354
f 560/261/560 559/260/559 1368/270/1356 1367/267/1355
f 559/260/559 156/259/156 318/276/318 1368/270/1356
f 1368/270/1356 318/276/318 317/277/317 1371/271/1359
f 1371/271/1359 317/277/317 316/278/316 1374/274/1362
f 1374/274/1362 316/278/316 158/279/158 565/280/565
f 1373/272/1361 1374/274/1362 565/280/565 566/281/566
f 1372/273/1360 1373/272/1361 566/281/566 567/282/567
f 786/283/786 1372/273/1360 567/282/567 93/284/93
f 785/285/785 1369/269/1357 1372/273/1360 786/283/786
f 784/275/784 1366/266/1354 1369/269/1357 785/285/785
f 1375/286/1363 1376/287/1364 1379/288/1367 1378/289/1366
f 1376/287/1364 1377/290/1365 1380/291/1368 1379/288/1367
f 1378/289/1366 1379/288/1367 1382/292/1370 1381/293/1369
f 1379/288/1367 1380/291/1368 1383/294/1371 1382/292/1370
f 93/284/93 567/282/567 1375/286/1363 778/295/778
f 567/282/567 566/281/566 1376/287/1364 1375/286/1363
f 566/281/566 565/280/565 1377/290/1365 1376/287/1364
f 565/280/565 158/279/158 327/296/327 1377/290/1365
f 1377/290/1365 327/296/327 326/297/326 1380/291/1368
f 1380/291/1368 326/297/326 325/298/325 1383/294/1371
f 1383/294/1371 325/298/325 160/299/160 571/300/571
f 1382/292/1370 1383/294/1371 571/300/571 572/301/572
f 1381/293/1369 1382/292/1370 572/301/572 573/302/573
f 780/303/780 1381/293/1369 573/302/573 95/304/95
f 779/305/779 1378/289/1366 1381/293/1369 780/303/780
f 778/295/778 1375/286/1363 1378/289/1366 779/305/779
f 1384/306/1372 1385/307/1373 1388/308/1376 1387/309/1375
f 1385/307/1373 1386/310/1374 1389/311/1377 1388/308/1376
f 1387/309/1375 1388/308/1376 1391/312/1379 1390/313/1378
f 1388/308/1376 1389/311/1377 1392/314/1380 1391/312/1379
f 95/304/95 573/302/573 1384/306/1372 772/315/772
f 573/302/573 572/301/572 1385/307/1373 1384/306/1372
f 572/301/572 571/300/571 1386/310/1374 1385/307/1373
f 571/300/571 160/299/160 336/316/336 1386/310/1374
f 1386/310/1374 336/316/336 335/317/335 1389/311/1377
f 1389/311/1377 335/317/335 334/318/334 1392/314/1380
f 1392/314/1380 334/318/334 162/319/162 577/320/577
f 1391/312/1379 1392/314/1380 577/320/577 578/321/578
f 1390/313/1378 1391/312/1379 578/321/578 579/322/579
f 774/323/774 1390/313/1378 579/322/579 97/324/97
f 773/325/773 1387/309/1375 1390/313/1378 774/323/774
f 772/315/772 1384/306/1372 1387/309/1375 773/325/773
f 1393/326/1381 1394/327/1382 1397/328/1385 1396/329/1384
f 1394/327/1382 1395/330/1383 1398/331/1386 1397/328/1385
f 1396/329/1384 1397/328/1385 1400/332/1388 1399/333/1387
f 1397/328/1385 1398/331/1386 1401/334/1389 1400/332/1388
f 97/324/97 579/322/579 1393/326/1381 766/335/766
f 579/322/579 578/321/578 1394/327/1382 1393/326/1381
f 578/321/578 577/320/577 1395/330/1383 1394/327/1382
f 577/320/577 162/319/162 345/336/345 1395/330/1383
f 1395/330/1383 345/336/345 344/337/344 1398/331/1386
f 1398/331/1386 344/337/344 343/338/343 1401/334/1389
f 1401/334/1389 343/338/343 164/339/164 583/340/583
f 1400/332/1388 1401/334/1389 583/340/583 584/341/584
f 1399/333/1387 1400/332/1388 584/341/584 585/342/585
f 768/343/768 1399/333/1387 585/342/585 99/344/99
f 767/345/767 1396/329/1384 1399/333/1387 768/343/768
f 766/335/766 1393/326/1381 1396/329/1384 767/345/767
f 1402/346/1390 1403/347/1391 1406/348/1394 1405/349/1393
f 1403/347/1391 1404/350/1392 1407/351/1395 1406/348/1394
f 1405/349/1393 1406/348/1394 1409/352/1397 1408/353/1396
f 1406/348/1394 1407/351/1395 1410/354/1398 1409/352/1397
f 99/344/99 585/342/585 1402/346/1390 760/355/760
f 585/342/585 584/341/584 1403/347/1391 1402/346/1390
f 584/341/584 583/340/583 1404/350/1392 1403/347/1391
f 583/340/583 164/339/164 354/356/354 1404/350/1392
f 1404/350/1392 354/356/354 353/357/353 1407/351/1395
f 1407/351/1395 353/357/353 352/358/352 1410/354/1398
f 1410/354/1398 352/358/352 166/359/166 589/360/589
f 1409/352/1397 1410/354/1398 589/360/589 590/361/590
f 1408/353/1396 1409/352/1397 590/361/590 591/362/591
f 762/363/762 1408/353/1396 591/362/591 101/364/101
f 761/365/761 1405/349/1393 1408/353/1396 762/363/762
f 760/355/760 1402/346/1390 1405/349/1393 761/365/761
f 1411/366/1399 1412/367/1400 1415/368/1403 1414/369/1402
f 1412/367/1400 1413/370/1401 1416/371/1404 1415/368/1403
f 1414/369/1402 1415/368/1403 1418/372/1406 1417/373/1405
f 1415/368/1403 1416/371/1404 1419/374/1407 1418/372/1406
f 101/364/101 591/362/591 1411/366/1399 754/375/754
f 591/362/591 590/361/590 1412/367/1400 1411/366/1399
f 590/361/590 589/360/589 1413/370/1401 1412/367/1400
f 589/360/589 166/359/166 363/376/363 1413/370/1401
f 1413/370/1401 363/376/363 362/377/362 1416/371/1404
f 1416/371/1404 362/377/362 361/378/361 1419/374/1407
f 1419/374/1407 361/378/361 168/379/168 595/380/595
f 1418/372/1406 1419/374/1407 595/380/595 596/381/596
f 1417/373/1405 1418/372/1406 596/381/596 597/382/597
f 756/383/756 1417/373/1405 597/382/597 103/384/103
f 755/385/755 1414/369/1402 1417/373/1405 756/383/756
f 754/375/754 1411/366/1399 1414/369/1402 755/385/755
f 1420/386/1408 1421/387/1409 1424/388/1412 1423/389/1411
f 1421/387/1409 1422/390/1410 1425/391/1413 1424/388/1412
f 1423/389/1411 1424/388/1412 1427/392/1415 1426/393/1414
f 1424/388/1412 1425/391/1413 1428/394/1416 1427/392/1415
f 103/384/103 597/382/597 1420/386/1408 748/395/748
f 597/382/597 596/381/596 1421/387/1409 1420/386/1408
f 596/381/596 595/380/595 1422/390/1410 1421/387/1409
f 595/380/595 168/379/168 372/396/372 1422/390/1410
f 1422/390/1410 372/396/372 371/397/371 1425/391/1413
f 1425/391/1413 371/397/371 370/398/370 1428/394/1416
f 1428/394/1416 370/398/370 170/399/170 601/400/601
f 1427/392/1415 1428/394/1416 601/400/601 602/401/602
f 1426/393/1414 1427/392/1415 602/401/602 603/402/603
f 750/403/750 1426/393/1414 603/402/603 105/404/105
f 749/405/749 1423/389/1411 1426/393/1414 750/403/750
f 748/395/748 1420/386/1408 1423/389/1411 749/405/749
f 1429/406/1417 1430/407/1418 1433/408/1421 1432/409/1420
f 1430/407/1418 1431/410/1419 1434/411/1422 1433/408/1421
f 1432/409/1420 1433/408/1421 1436/412/1424 1435/413/1423
f 1433/408/1421 1434/411/1422 1437/414/1425 1436/412/1424
f 105/404/105 603/402/603 1429/406/1417 742/415/742
f 603/402/603 602/401/602 1430/407/1418 1429/406/1417
f 602/401/602 601/400/601 1431/410/1419 1430/407/1418
f 601/400/601 170/399/170 381/416/381 1431/410/1419
f 1431/410/1419 381/416/381 380/417/380 1434/411/1422
f 1434/411/1422 380/417/380 379/418/379 1437/414/1425
f 1437/414/1425 379/418/379 172/419/172 607/420/607
f 1436/412/1424 1437/414/1425 607/420/607 608/421/608
f 1435/413/1423 1436/412/1424 608/421/608 609/422/609
f 744/423/744 1435/413/1423 609/422/609 107/424/107
f 743/425/743 1432/409/1420 1435/413/1423 744/423/744
f 742/415/742 1429/406/1417 1432/409/1420 743/425/743
f 1438/426/1426 1439/427/1427 1442/428/1430 1441/429/1429
f 1439/427/1427 1440/430/1428 1443/431/1431 1442/428/1430
f 1441/429/1429 1442/428/1430 1445/432/1433 1444/433/1432
f 1442/428/1430 1443/431/1431 1446/434/1434 1445/432/1433
f 107/424/107 609/422/609 1438/426/1426 736/435/736
f 609/422/609 608/421/608 1439/427/1427 1438/426/1426
f 608/421/608 607/420/607 1440/430/1428 1439/427/1427
f 607/420/607 172/419/172 390/436/390 1440/430/1428
f 1440/430/1428 390/436/390 389/437/389 1443/431/1431
f 1443/431/1431 389/437/389 388/438/388 1446/434/1434
f 1446/434/1434 388/438/388 174/439/174 613/440/613
f 1445/432/1433 1446/434/1434 613/440/613 614/441/614
f 1444/433/1432 1445/432/1433 614/441/614 615/442/615
f 738/443/738 1444/433/1432 615/442/615 109/444/109
f 737/445/737 1441/429/1429 1444/433/1432 738/443/738
f 736/435/736 1438/426/1426 1441/429/1429 737/445/737
f 1447/446/1435 1448/447/1436 1451/448/1439 1450/449/1438
f 1448/447/1436 1449/450/1437 1452/451/1440 1451/448/1439
f 1450/449/1438 1451/448/1439 1454/452/1442 1453/453/1441
f 1451/448/1439 1452/451/1440 1455/454/1443 1454/452/1442
f 109/444/109 615/442/615 1447/446/1435 730/455/730
f 615/442/615 614/441/614 1448/447/1436 1447/446/1435
f 614/441/614 613/440/613 1449/450/1437 1448/447/1436
f 613/440/613 174/439/174 399/456/399 1449/450/1437
f 1449/450/1437 399/456/399 398/457/398 1452/451/1440
f 1452/451/1440 398/457/398 397/458/397 1455/454/1443
f 1455/454/1443 397/458/397 176/459/176 619/460/619
f 1454/452/1442 1455/454/1443 619/460/619 620/461/620
f 1453/453/1441 1454/452/1442 620/461/620 621/462/621
f 732/463/732 1453/453/1441 621/462/621 111/464/111
f 731/465/731 1450/449/1438 1453/453/1441 732/463/732
f 730/455/730 1447/446/1435 1450/449/1438 731/465/731
f 1456/466/1444 1457/467/1445 1460/468/1448 1459/469/1447
f 1457/467/1445 1458/470/1446 1461/471/1449 1460/468/1448
f 1459/469/1447 1460/468/1448 1463/472/1451 1462/473/1450
f 1460/468/1448 1461/471/1449 1464/474/1452 1463/472/1451
f 111/464/111 621/462/621 1456/466/1444 724/475/724
f 621/462/621 620/461/620 1457/467/1445 1456/466/1444
f 620/461/620 619/460/619 1458/470/1446 1457/467/1445
f 619/460/619 176/459/176 408/476/408 1458/470/1446
f 1458/470/1446 408/476/408 407/477/407 1461/471/1449
f 1461/471/1449 407/477/407 406/478/406 1464/474/1452
f 1464/474/1452 406/478/406 178/479/178 625/480/625
f 1463/472/1451 1464/474/1452 625/480/625 626/481/626
f 1462/473/1450 1463/472/1451 626/481/626 627/482/627
f 726/483/726 1462/473/1450 627/482/627 113/484/113
f 725/485/725 1459/469/1447 1462/473/1450 726/483/726
f 724/475/724 1456/466/1444 1459/469/1447 725/485/725
f 1465/486/1453 1466/487/1454 1469/488/1457 1468/489/1456
f 1466/487/1454 1467/490/1455 1470/491/1458 1469/488/1457
f 1468/489/1456 1469/488/1457 1472/492/1460 1471/493/1459
f 1469/488/1457 1470/491/1458 1473/494/1461 1472/492/1460
f 113/484/113 627/482/627 1465/486/1453 718/495/718
f 627/482/627 626/481/626 1466/487/1454 1465/486/1453
f 626/481/626 625/480/625 1467/490/1455 1466/487/1454
f 625/480/625 178/479/178 417/496/417 1467/490/1455
f 1467/490/1455 417/496/417 416/497/416 1470/491/1458
f 1470/491/1458 416/497/416 415/498/415 1473/494/1461
f 1473/494/1461 415/498/415 180/499/180 631/500/631
f 1472/492/1460 1473/494/1461 631/500/631 632/501/632
f 1471/493/1459 1472/492/1460 632/501/632 633/502/633
f 720/503/720 1471/493/1459 633/502/633 115/504/115
f 719/505/719 1468/489/1456 1471/493/1459 720/503/720
f 718/495/718 1465/486/1453 1468/489/1456 719/505/719
f 1474/506/1462 1475/507/1463 1478/508/1466 1477/509/1465
f 1475/507/1463 1476/510/1464 1479/511/1467 1478/508/1466
f 1477/509/1465 1478/508/1466 1481/512/1469 1480/513/1468
f 1478/508/1466 1479/511/1467 1482/514/1470 1481/512/1469
f 115/504/115 633/502/633 1474/506/1462 712/515/712
f 633/502/633 632/501/632 1475/507/1463 1474/506/1462
f 632/501/632 631/500/631 1476/510/1464 1475/507/1463
f 631/500/631 180/499/180 426/516/426 1476/510/1464
f 1476/510/1464 426/516/426 425/517/425 1479/511/1467
f 1479/511/1467 425/517/425 424/518/424 1482/514/1470
f 1482/514/1470 424/518/424 182/519/182 637/520/637
f 1481/512/1469 1482/514/1470 637/520/637 638/521/638
f 1480/513/1468 1481/512/1469 638/521/638 639/522/639
f 714/523/714 1480/513/1468 639/522/639 117/524/117
f 713/525/713 1477/509/1465 1480/513/1468 714/523/714
f 712/515/712 1474/506/1462 1477/509/1465 713/525/713
f 1483/526/1471 1484/527/1472 1487/528/1475 1486/529/1474
f 1484/527/1472 1485/530/1473 1488/531/1476 1487/528/1475
f 1486/529/1474 1487/528/1475 1490/532/1478 1489/533/1477
f 1487/528/1475 1488/531/1476 1491/534/1479 1490/532/1478
f 117/524/117 639/522/639 1483/526/1471 706/535/706
f 639/522/639 638/521/638 1484/527/1472 1483/526/1471
f 638/521/638 637/520/637 1485/530/1473 1484/527/1472
f 637/520/637 182/519/182 435/536/435 1485/530/1473
f 1485/530/1473 435/536/435 434/537/434 1488/531/1476
f 1488/531/1476 434/537/434 433/538/433 1491/534/1479
f 1491/534/1479 433/538/433 184/539/184 643/540/643
f 1490/532/1478 1491/534/1479 643/540/643 644/541/644
f 1489/533/1477 1490/532/1478 644/541/644 645/542/645
f 708/543/708 1489/533/1477 645/542/645 119/544/119
f 707/545/707 1486/529/1474 1489/533/1477 708/543/708
f 706/535/706 1483/526/1471 1486/529/1474 707/545/707
f 1492/546/1480 1493/547/1481 1496/548/1484 1495/549/1483
f 1493/547/1481 1494/550/1482 1497/551/1485 1496/548/1484
f 1495/549/1483 1496/548/1484 1499/552/1487 1498/553/1486
f 1496/548/1484 1497/551/1485 1500/554/1488 1499/552/1487
f 119/544/119 645/542/645 1492/546/1480 700/555/700
f 645/542/645 644/541/644 1493/547/1481 1492/546/1480
f 644/541/644 643/540/643 1494/550/1482 1493/547/1481
f 643/540/643 184/539/184 444/556/444 1494/550/1482
f 1494/550/1482 444/556/444 443/557/443 1497/551/1485
f 1497/551/1485 443/557/443 442/558/442 1500/554/1488
f 1500/554/1488 442/558/442 186/559/186 649/560/649
f 1499/552/1487 1500/554/1488 649/560/649 650/561/650
f 1498/553/1486 1499/552/1487 650/561/650 651/562/651
f 702/563/702 1498/553/1486 651/562/651 121/564/121
f 701/565/701 1495/549/1483 1498/553/1486 702/563/702
f 700/555/700 1492/546/1480 1495/549/1483 701/565/701
f 1501/566/1489 1502/567/1490 1505/568/1493 1504/569/1492
f 1502/567/1490 1503/570/1491 1506/571/1494 1505/568/1493
f 1504/569/1492 1505/568/1493 1508/572/1496 1507/573/1495
f 1505/568/1493 1506/571/1494 1509/574/1497 1508/572/1496
f 121/564/121 651/562/651 1501/566/1489 694/575/694
f 651/562/651 650/561/650 1502/567/1490 1501/566/1489
f 650/561/650 649/560/649 1503/570/1491 1502/567/1490
f 649/560/649 186/559/186 453/576/453 1503/570/1491
f 1503/570/1491 453/576/453 452/577/452 1506/571/1494
f 1506/571/1494 452/577/452 451/578/451 1509/574/1497
f 1509/574/1497 451/578/451 188/579/188 655/580/655
f 1508/572/1496 1509/574/1497 655/580/655 656/581/656
f 1507/573/1495 1508/572/1496 656/581/656 657/582/657
f 696/583/696 1507/573/1495 657/582/657 123/584/123
f 695/585/695 1504/569/1492 1507/573/1495 696/583/696
f 694/575/694 1501/566/1489 1504/569/1492 695/585/695
f 1510/586/1498 1511/587/1499 1514/588/1502 1513/589/1501
f 1511/587/1499 1512/590/1500 1515/591/1503 1514/588/1502
f 1513/589/1501 1514/588/1502 1517/592/1505 1516/593/1504
f 1514/588/1502 1515/591/1503 1518/594/1506 1517/592/1505
f 123/584/123 657/582/657 1510/586/1498 688/595/688
f 657/582/657 656/581/656 1511/587/1499 1510/586/1498
f 656/581/656 655/580/655 1512/590/1500 1511/587/1499
f 655/580/655 188/579/188 462/596/462 1512/590/1500
f 1512/590/1500 462/596/462 461/597/461 1515/591/1503
f 1515/591/1503 461/597/461 460/598/460 1518/594/1506
f 1518/594/1506 460/598/460 190/599/190 661/600/661
f 1517/592/1505 1518/594/1506 661/600/661 662/601/662
f 1516/593/1504 1517/592/1505 662/601/662 663/602/663
f 690/603/690 1516/593/1504 663/602/663 125/604/125
f 689/605/689 1513/589/1501 1516/593/1504 690/603/690
f 688/595/688 1510/586/1498 1513/589/1501 689/605/689
f 1520/606/1508 1521/607/1509 1519/608/1507 1583/609/1558
f 1522/610/1508 1523/611/1510 1519/608/1507 1521/612/1509
f 1524/613/1508 1525/614/1510 1519/608/1507 1523/615/1510
f 1526/616/1511 1527/617/1510 1519/608/1507 1525/614/1510
f 1528/618/1511 1529/619/1512 1519/608/1507 1527/620/1510
f 1530/621/1511 1531/622/1512 1519/608/1507 1529/623/1512
f 1532/624/1511 1533/625/1513 1519/608/1507 1531/626/1512
f 1534/627/1511 1535/628/1514 1519/608/1507 1533/629/1513
f 1536/630/1515 1537/631/1516 1519/608/1507 1535/628/1514
f 1538/632/1517 1539/633/1518 1519/608/1507 1537/634/1516
f 1540/635/1519 1541/636/1520 1519/608/1507 1539/637/1518
f 1542/638/1521 1543/639/1522 1519/608/1507 1541/640/1520
f 1544/641/1523 1545/642/1524 1519/608/1507 1543/639/1522
f 1546/643/1525 1547/644/1526 1519/608/1507 1545/645/1524
f 1548/646/1511 1549/647/1527 1519/608/1507 1547/648/1526
f 1550/649/1511 1551/650/1527 1519/608/1507 1549/651/1527
f 1552/652/1525 1553/653/1528 1519/608/1507 1551/650/1527
f 1554/654/1529 1555/655/1530 1519/608/1507 1553/656/1528
f 1556/657/1531 1557/658/1532 1519/608/1507 1555/659/1530
f 1558/660/1533 1559/661/1534 1519/608/1507 1557/658/1532
f 1560/662/1535 1561/663/1536 1519/608/1507 1559/664/1534
f 1562/665/1537 1563/666/1538 1519/608/1507 1561/663/1536
f 1564/667/1539 1565/668/1540 1519/608/1507 1563/669/1538
f 1566/670/1541 1567/671/1542 1519/608/1507 1565/672/1540
f 1568/673/1543 1569/674/1544 1519/608/1507 1567/675/1542
f 1570/676/1545 1571/677/1546 1519/608/1507 1569/674/1544
f 1572/678/1547 1573/679/1548 1519/608/1507 1571/680/1546
f 1574/681/1549 1575/682/1550 1519/608/1507 1573/679/1548
f 1576/683/1551 1577/684/1552 1519/608/1507 1575/685/1550
f 1578/686/1553 1579/687/1554 1519/608/1507 1577/688/1552
f 1580/689/1555 1581/690/1556 1519/608/1507 1579/687/1554
f 1582/691/1557 1583/609/1558 1519/608/1507 1581/692/1556
f 4/693/4 868/694/868 1520/606/1508 876/695/876
f 868/694/868 869/696/869 1521/607/1509 1520/606/1508
f 876/695/876 1520/606/1508 1583/609/1558 875/697/875
f 2/698/2 1054/699/1042 1522/610/1508 870/700/870
f 1054/699/1042 1055/701/1043 1523/611/1510 1522/610/1508
f 870/700/870 1522/610/1508 1521/612/1509 869/696/869
f 64/702/64 1048/703/1037 1524/613/1508 1056/704/1044
f 1048/703/1037 1049/705/1038 1525/614/1510 1524/613/1508
f 1056/704/1044 1524/613/1508 1523/615/1510 1055/701/1043
f 62/706/62 1042/707/1031 1526/616/1511 1050/708/1039
f 1042/707/1031 1043/709/1032 1527/617/1510 1526/616/1511
f 1050/708/1039 1526/616/1511 1525/614/1510 1049/710/1038
f 60/711/60 1036/712/1025 1528/618/1511 1044/713/1033
f 1036/712/1025 1037/714/1026 1529/619/1512 1528/618/1511
f 1044/713/1033 1528/618/1511 1527/620/1510 1043/715/1032
f 58/716/58 1030/717/1021 1530/621/1511 1038/718/1027
f 1030/717/1021 1031/719/1022 1531/622/1512 1530/621/1511
f 1038/718/1027 1530/621/1511 1529/623/1512 1037/720/1026
f 56/721/56 1024/722/1015 1532/624/1511 1032/723/1023
f 1024/722/1015 1025/724/1016 1533/625/1513 1532/624/1511
f 1032/723/1023 1532/624/1511 1531/626/1512 1031/725/1022
f 54/726/54 1018/727/1009 1534/627/1511 1026/728/1017
f 1018/727/1009 1019/729/1010 1535/628/1514 1534/627/1511
f 1026/728/1017 1534/627/1511 1533/629/1513 1025/724/1016
f 52/730/52 1012/731/1004 1536/630/1515 1020/732/1011
f 1012/731/1004 1013/733/1005 1537/631/1516 1536/630/1515
f 1020/732/1011 1536/630/1515 1535/628/1514 1019/734/1010
f 50/735/50 1006/736/998 1538/632/1517 1014/737/1006
f 1006/736/998 1007/738/999 1539/633/1518 1538/632/1517
f 1014/737/1006 1538/632/1517 1537/634/1516 1013/739/1005
f 48/740/48 1000/741/992 1540/635/1519 1008/742/1000
f 1000/741/992 1001/743/993 1541/636/1520 1540/635/1519
f 1008/742/1000 1540/635/1519 1539/637/1518 1007/744/999
f 46/745/46 994/746/987 1542/638/1521 1002/747/994
f 994/746/987 995/748/988 1543/639/1522 1542/638/1521
f 1002/747/994 1542/638/1521 1541/640/1520 1001/743/993
f 44/749/44 988/750/981 1544/641/1523 996/751/989
f 988/750/981 989/752/982 1545/642/1524 1544/641/1523
f 996/751/989 1544/641/1523 1543/639/1522 995/748/988
f 42/753/42 982/754/975 1546/643/1525 990/755/983
f 982/754/975 983/756/976 1547/644/1526 1546/643/1525
f 990/755/983 1546/643/1525 1545/645/1524 989/757/982
f 40/758/40 976/759/970 1548/646/1511 984/760/977
f 976/759/970 977/761/971 1549/647/1527 1548/646/1511
f 984/760/977 1548/646/1511 1547/648/1526 983/762/976
f 38/763/38 970/764/964 1550/649/1511 978/765/972
f 970/764/964 971/766/965 1551/650/1527 1550/649/1511
f 978/765/972 1550/649/1511 1549/651/1527 977/767/971
f 36/768/36 964/769/958 1552/652/1525 972/770/966
f 964/769/958 965/771/959 1553/653/1528 1552/652/1525
f 972/770/966 1552/652/1525 1551/650/1527 971/772/965
f 34/773/34 958/774/952 1554/654/1529 966/775/960
f 958/774/952 959/776/953 1555/655/1530 1554/654/1529
f 966/775/960 1554/654/1529 1553/656/1528 965/777/959
f 32/778/32 952/779/946 1556/657/1531 960/780/954
f 952/779/946 953/781/947 1557/658/1532 1556/657/1531
f 960/780/954 1556/657/1531 1555/659/1530 959/782/953
f 30/783/30 946/784/941 1558/660/1533 954/785/948
f 946/784/941 947/786/942 1559/661/1534 1558/660/1533
f 954/785/948 1558/660/1533 1557/658/1532 953/787/947
f 28/788/28 940/789/936 1560/662/1535 948/790/943
f 940/789/936 941/791/937 1561/663/1536 1560/662/1535
f 948/790/943 1560/662/1535 1559/664/1534 947/786/942
f 26/792/26 934/793/931 1562/665/1537 942/794/938
f 934/793/931 935/795/932 1563/666/1538 1562/665/1537
f 942/794/938 1562/665/1537 1561/663/1536 941/791/937
f 24/796/24 928/797/925 1564/667/1539 936/798/933
f 928/797/925 929/799/926 1565/668/1540 1564/667/1539
f 936/798/933 1564/667/1539 1563/669/1538 935/800/932
f 22/801/22 922/802/919 1566/670/1541 930/803/927
f 922/802/919 923/804/920 1567/671/1542 1566/670/1541
f 930/803/927 1566/670/1541 1565/672/1540 929/805/926
f 20/806/20 916/807/914 1568/673/1543 924/808/921
f 916/807/914 917/809/915 1569/674/1544 1568/673/1543
f 924/808/921 1568/673/1543 1567/675/1542 923/810/920
f 18/811/18 910/812/909 1570/676/1545 918/813/916
f 910/812/909 911/814/910 1571/677/1546 1570/676/1545
f 918/813/916 1570/676/1545 1569/674/1544 917/815/915
f 16/816/16 904/817/904 1572/678/1547 912/818/911
f 904/817/904 905/819/905 1573/679/1548 1572/678/1547
f 912/818/911 1572/678/1547 1571/680/1546 911/814/910
f 14/820/14 898/821/898 1574/681/1549 906/822/906
f 898/821/898 899/823/899 1575/682/1550 1574/681/1549
f 906/822/906 1574/681/1549 1573/679/1548 905/824/905
f 12/825/12 892/826/892 1576/683/1551 900/827/900
f 892/826/892 893/828/893 1577/684/1552 1576/683/1551
f 900/827/900 1576/683/1551 1575/685/1550 899/829/899
f 10/830/10 886/831/886 1578/686/1553 894/832/894
f 886/831/886 887/833/887 1579/687/1554 1578/686/1553
f 894/832/894 1578/686/1553 1577/688/1552 893/828/893
f 8/834/8 880/835/880 1580/689/1555 888/836/888
f 880/835/880 881/837/881 1581/690/1556 1580/689/1555
f 888/836/888 1580/689/1555 1579/687/1554 887/833/887
f 6/838/6 874/839/874 1582/691/1557 882/840/882
f 874/839/874 875/697/875 1583/609/1558 1582/691/1557
f 882/840/882 1582/691/1557 1581/692/1556 881/841/881
f 1584/842/1559 1585/843/1560 1588/844/1563 1587/845/1562
f 1585/843/1560 1586/846/1561 1589/847/1564 1588/844/1563
f 1587/845/1562 1588/844/1563 1591/848/1566 1590/849/1565
f 1588/844/1563 1589/847/1564 1592/850/1567 1591/848/1566
f 125/604/125 663/602/663 1584/842/1559 682/851/682
f 663/602/663 662/601/662 1585/843/1560 1584/842/1559
f 662/601/662 661/600/661 1586/846/1561 1585/843/1560
f 661/600/661 190/599/190 471/852/471 1586/846/1561
f 1586/846/1561 471/852/471 470/853/470 1589/847/1564
f 1589/847/1564 470/853/470 469/854/469 1592/850/1567
f 1592/850/1567 469/854/469 192/855/192 667/856/667
f 1591/848/1566 1592/850/1567 667/856/667 668/857/668
f 1590/849/1565 1591/848/1566 668/857/668 669/858/669
f 684/859/684 1590/849/1565 669/858/669 127/860/127
f 683/861/683 1587/845/1562 1590/849/1565 684/859/684
f 682/851/682 1584/842/1559 1587/845/1562 683/861/683
f 1593/862/1568 1594/863/1569 1597/864/1572 1596/865/1571
f 1594/863/1569 1595/866/1570 1598/867/1573 1597/864/1572
f 1596/865/1571 1597/864/1572 1600/868/1575 1599/869/1574
f 1597/864/1572 1598/867/1573 1601/870/1576 1600/868/1575
f 127/860/127 669/858/669 1593/862/1568 676/871/676
f 669/858/669 668/857/668 1594/863/1569 1593/862/1568
f 668/857/668 667/856/667 1595/866/1570 1594/863/1569
f 667/856/667 192/855/192 480/872/480 1595/866/1570
f 1595/866/1570 480/872/480 479/873/479 1598/867/1573
f 1598/867/1573 479/873/479 478/874/478 1601/870/1576
f 1601/870/1576 478/874/478 132/875/132 201/876/201
f 1600/868/1575 1601/870/1576 201/876/201 200/877/200
f 1599/869/1574 1600/868/1575 200/877/200 199/878/199
f 678/879/678 1599/869/1574 199/878/199 66/880/66
f 677/881/677 1596/865/1571 1599/869/1574 678/879/678
f 676/871/676 1593/862/1568 1596/865/1571 677/881/677
f 1603/882/1577 1604/883/1577 1602/884/1577 1666/885/1577
f 1605/886/1577 1606/887/1577 1602/884/1577 1604/888/1577
f 1607/889/1577 1608/890/1577 1602/884/1577 1606/891/1577
f 1609/892/1577 1610/893/1577 1602/884/1577 1608/894/1577
f 1611/895/1577 1612/896/1577 1602/884/1577 1610/893/1577
f 1613/897/1577 1614/898/1577 1602/884/1577 1612/899/1577
f 1615/900/1577 1616/901/1577 1602/884/1577 1614/902/1577
f 1617/903/1577 1618/904/1577 1602/884/1577 1616/901/1577
f 1619/905/1577 1620/906/1577 1602/884/1577 1618/907/1577
f 1621/908/1577 1622/909/1577 1602/884/1577 1620/906/1577
f 1623/910/1577 1624/911/1577 1602/884/1577 1622/912/1577
f 1625/913/1577 1626/914/1577 1602/884/1577 1624/915/1577
f 1627/916/1577 1628/917/1577 1602/884/1577 1626/918/1577
f 1629/919/1577 1630/920/1577 1602/884/1577 1628/921/1577
f 1631/922/1577 1632/923/1577 1602/884/1577 1630/924/1577
f 1633/925/1577 1634/926/1577 1602/884/1577 1632/927/1577
f 1635/928/1577 1636/929/1577 1602/884/1577 1634/930/1577
f 1637/931/1577 1638/932/1577 1602/884/1577 1636/929/1577
f 1639/933/1577 1640/934/1577 1602/884/1577 1638/935/1577
f 1641/936/1577 1642/937/1577 1602/884/1577 1640/938/1577
f 1643/939/1577 1644/940/1577 1602/884/1577 1642/941/1577
f 1645/942/1577 1646/943/1577 1602/884/1577 1644/944/1577
f 1647/945/1577 1648/946/1577 1602/884/1577 1646/947/1577
f 1649/948/1577 1650/949/1577 1602/884/1577 1648/950/1577
f 1651/951/1577 1652/952/1577 1602/884/1577 1650/953/1577
f 1653/954/1577 1654/955/1577 1602/884/1577 1652/956/1577
f 1655/957/1577 1656/958/1577 1602/884/1577 1654/955/1577
f 1657/959/1577 1658/960/1577 1602/884/1577 1656/961/1577
f 1659/962/1577 1660/963/1577 1602/884/1577 1658/964/1577
f 1661/965/1577 1662/966/1577 1602/884/1577 1660/967/1577
f 1663/968/1577 1664/969/1577 1602/884/1577 1662/970/1577
f 1665/971/1577 1666/972/1577 1602/884/1577 1664/973/1577
f 1/974/1 865/975/865 1603/882/1577 1053/976/1007
f 865/975/865 866/977/866 1604/883/1577 1603/882/1577
f 1053/976/1007 1603/882/1577 1666/885/1577 1052/978/1041
f 3/979/3 871/980/871 1605/886/1577 867/981/867
f 871/980/871 872/982/872 1606/887/1577 1605/886/1577
f 867/981/867 1605/886/1577 1604/888/1577 866/983/866
f 5/984/5 877/985/877 1607/889/1577 873/986/873
f 877/985/877 878/987/878 1608/890/1577 1607/889/1577
f 873/986/873 1607/889/1577 1606/891/1577 872/988/872
f 7/989/7 883/990/883 1609/892/1577 879/991/879
f 883/990/883 884/992/884 1610/893/1577 1609/892/1577
f 879/991/879 1609/892/1577 1608/894/1577 878/993/878
f 9/994/9 889/995/889 1611/895/1577 885/996/885
f 889/995/889 890/997/890 1612/896/1577 1611/895/1577
f 885/996/885 1611/895/1577 1610/893/1577 884/992/884
f 11/998/11 895/999/895 1613/897/1577 891/1000/891
f 895/999/895 896/1001/896 1614/898/1577 1613/897/1577
f 891/1000/891 1613/897/1577 1612/899/1577 890/1002/890
f 13/1003/13 901/1004/901 1615/900/1577 897/1005/897
f 901/1004/901 902/1006/902 1616/901/1577 1615/900/1577
f 897/1005/897 1615/900/1577 1614/902/1577 896/1007/896
f 15/1008/15 907/1009/907 1617/903/1577 903/1010/903
f 907/1009/907 908/1011/908 1618/904/1577 1617/903/1577
f 903/1010/903 1617/903/1577 1616/901/1577 902/1006/902
f 17/1012/17 913/1013/912 1619/905/1577 909/1014/871
f 913/1013/912 914/1015/913 1620/906/1577 1619/905/1577
f 909/1014/871 1619/905/1577 1618/907/1577 908/1016/908
f 19/1017/19 919/1018/917 1621/908/1577 915/1019/877
f 919/1018/917 920/1020/918 1622/909/1577 1621/908/1577
f 915/1019/877 1621/908/1577 1620/906/1577 914/1021/913
f 21/1022/21 925/1023/922 1623/910/1577 921/1024/883
f 925/1023/922 926/1025/923 1624/911/1577 1623/910/1577
f 921/1024/883 1623/910/1577 1622/912/1577 920/1026/918
f 23/1027/23 931/1028/928 1625/913/1577 927/1029/924
f 931/1028/928 932/1030/929 1626/914/1577 1625/913/1577
f 927/1029/924 1625/913/1577 1624/915/1577 926/1031/923
f 25/1032/25 937/1033/934 1627/916/1577 933/1034/930
f 937/1033/934 938/1035/935 1628/917/1577 1627/916/1577
f 933/1034/930 1627/916/1577 1626/918/1577 932/1036/929
f 27/1037/27 943/1038/939 1629/919/1577 939/1039/901
f 943/1038/939 944/1040/940 1630/920/1577 1629/919/1577
f 939/1039/901 1629/919/1577 1628/921/1577 938/1041/935
f 29/1042/29 949/1043/944 1631/922/1577 945/1044/907
f 949/1043/944 950/1045/945 1632/923/1577 1631/922/1577
f 945/1044/907 1631/922/1577 1630/924/1577 944/1046/940
f 31/1047/31 955/1048/949 1633/925/1577 951/1049/912
f 955/1048/949 956/1050/950 1634/926/1577 1633/925/1577
f 951/1049/912 1633/925/1577 1632/927/1577 950/1051/945
f 33/1052/33 961/1053/955 1635/928/1577 957/1054/951
f 961/1053/955 962/1055/956 1636/929/1577 1635/928/1577
f 957/1054/951 1635/928/1577 1634/930/1577 956/1050/950
f 35/1056/35 967/1057/961 1637/931/1577 963/1058/957
f 967/1057/961 968/1059/962 1638/932/1577 1637/931/1577
f 963/1058/957 1637/931/1577 1636/929/1577 962/1060/956
f 37/1061/37 973/1062/967 1639/933/1577 969/1063/963
f 973/1062/967 974/1064/968 1640/934/1577 1639/933/1577
f 969/1063/963 1639/933/1577 1638/935/1577 968/1065/962
f 39/1066/39 979/1067/973 1641/936/1577 975/1068/969
f 979/1067/973 980/1069/974 1642/937/1577 1641/936/1577
f 975/1068/969 1641/936/1577 1640/938/1577 974/1070/968
f 41/1071/41 985/1072/978 1643/939/1577 981/1073/939
f 985/1072/978 986/1074/979 1644/940/1577 1643/939/1577
f 981/1073/939 1643/939/1577 1642/941/1577 980/1069/974
f 43/1075/43 991/1076/984 1645/942/1577 987/1077/980
f 991/1076/984 992/1078/985 1646/943/1577 1645/942/1577
f 987/1077/980 1645/942/1577 1644/944/1577 986/1079/979
f 45/1080/45 997/1081/990 1647/945/1577 993/1082/986
f 997/1081/990 998/1083/991 1648/946/1577 1647/945/1577
f 993/1082/986 1647/945/1577 1646/947/1577 992/1084/985
f 47/1085/47 1003/1086/995 1649/948/1577 999/1087/955
f 1003/1086/995 1004/1088/996 1650/949/1577 1649/948/1577
f 999/1087/955 1649/948/1577 1648/950/1577 998/1089/991
f 49/1090/49 1009/1091/1001 1651/951/1577 1005/1092/997
f 1009/1091/1001 1010/1093/1002 1652/952/1577 1651/951/1577
f 1005/1092/997 1651/951/1577 1650/953/1577 1004/1094/996
f 51/1095/51 1015/1096/1007 1653/954/1577 1011/1097/1003
f 1015/1096/1007 1016/1098/1008 1654/955/1577 1653/954/1577
f 1011/1097/1003 1653/954/1577 1652/956/1577 1010/1099/1002
f 53/1100/53 1021/1101/1012 1655/957/1577 1017/1102/973
f 1021/1101/1012 1022/1103/1013 1656/958/1577 1655/957/1577
f 1017/1102/973 1655/957/1577 1654/955/1577 1016/1104/1008
f 55/1105/55 1027/1106/1018 1657/959/1577 1023/1107/1014
f 1027/1106/1018 1028/1108/1019 1658/960/1577 1657/959/1577
f 1023/1107/1014 1657/959/1577 1656/961/1577 1022/1109/1013
f 57/1110/57 1033/1111/879 1659/962/1577 1029/1112/1020
f 1033/1111/879 1034/1113/1024 1660/963/1577 1659/962/1577
f 1029/1112/1020 1659/962/1577 1658/964/1577 1028/1114/1019
f 59/1115/59 1039/1116/1028 1661/965/1577 1035/1117/990
f 1039/1116/1028 1040/1118/1029 1662/966/1577 1661/965/1577
f 1035/1117/990 1661/965/1577 1660/967/1577 1034/1119/1024
f 61/1120/61 1045/1121/1034 1663/968/1577 1041/1122/1030
f 1045/1121/1034 1046/1123/1035 1664/969/1577 1663/968/1577
f 1041/1122/1030 1663/968/1577 1662/970/1577 1040/1124/1029
f 63/1125/63 1051/1126/1040 1665/971/1577 1047/1127/1036
f 1051/1126/1040 1052/1128/1041 1666/972/1577 1665/971/1577
f 1047/1127/1036 1665/971/1577 1664/973/1577 1046/1123/1035
f 1667/1129/1578 1668/1130/1579 1671/1131/1582 1670/1132/1581
f 1668/1130/1579 1669/1133/1580 1672/1134/1583 1671/1131/1582
f 1670/1132/1581 1671/1131/1582 1674/1135/1585 1673/1136/1584
f 1671/1131/1582 1672/1134/1583 1675/1137/1586 1674/1135/1585
f 191/1138/191 474/1139/474 1667/1129/1578 475/1140/475
f 474/1139/474 473/1141/473 1668/1130/1579 1667/1129/1578
f 473/1141/473 472/1142/472 1669/1133/1580 1668/1130/1579
f 472/1142/472 128/1143/128 673/1144/673 1669/1133/1580
f 1669/1133/1580 673/1144/673 674/1145/674 1672/1134/1583
f 1672/1134/1583 674/1145/674 675/1146/675 1675/1137/1586
f 1675/1137/1586 675/1146/675 65/1147/65 483/1148/483
f 1674/1135/1585 1675/1137/1586 483/1148/483 482/1149/482
f 1673/1136/1584 1674/1135/1585 482/1149/482 481/1150/481
f 477/1151/477 1673/1136/1584 481/1150/481 129/1152/129
f 476/1153/476 1670/1132/1581 1673/1136/1584 477/1151/477
f 475/1140/475 1667/1129/1578 1670/1132/1581 476/1153/476
f 1676/1154/1587 1677/1155/1588 1680/1156/1591 1679/1157/1590
f 1677/1155/1588 1678/1158/1589 1681/1159/1592 1680/1156/1591
f 1679/1157/1590 1680/1156/1591 1683/1160/1594 1682/1161/1593
f 1680/1156/1591 1681/1159/1592 1684/1162/1595 1683/1160/1594
f 128/1143/128 672/1163/672 1676/1154/1587 673/1144/673
f 672/1163/672 671/1164/671 1677/1155/1588 1676/1154/1587
f 671/1164/671 670/1165/670 1678/1158/1589 1677/1155/1588
f 670/1165/670 127/860/127 676/871/676 1678/1158/1589
f 1678/1158/1589 676/871/676 677/881/677 1681/1159/1592
f 1681/1159/1592 677/881/677 678/879/678 1684/1162/1595
f 1684/1162/1595 678/879/678 66/880/66 486/1166/486
f 1683/1160/1594 1684/1162/1595 486/1166/486 485/1167/485
f 1682/1161/1593 1683/1160/1594 485/1167/485 484/1168/484
f 675/1146/675 1682/1161/1593 484/1168/484 65/1147/65
f 674/1145/674 1679/1157/1590 1682/1161/1593 675/1146/675
f 673/1144/673 1676/1154/1587 1679/1157/1590 674/1145/674
f 1685/1169/1596 1686/1170/1597 1689/1171/1600 1688/1172/1599
f 1686/1170/1597 1687/1173/1598 1690/1174/1601 1689/1171/1600
f 1688/1172/1599 1689/1171/1600 1692/1175/1603 1691/1176/1602
f 1689/1171/1600 1690/1174/1601 1693/1177/1604 1692/1175/1603
f 189/1178/189 465/1179/465 1685/1169/1596 466/1180/466
f 465/1179/465 464/1181/464 1686/1170/1597 1685/1169/1596
f 464/1181/464 463/1182/463 1687/1173/1598 1686/1170/1597
f 463/1182/463 126/1183/126 679/1184/679 1687/1173/1598
f 1687/1173/1598 679/1184/679 680/1185/680 1690/1174/1601
f 1690/1174/1601 680/1185/680 681/1186/681 1693/1177/1604
f 1693/1177/1604 681/1186/681 128/1143/128 472/1142/472
f 1692/1175/1603 1693/1177/1604 472/1142/472 473/1141/473
f 1691/1176/1602 1692/1175/1603 473/1141/473 474/1139/474
f 468/1187/468 1691/1176/1602 474/1139/474 191/1138/191
f 467/1188/467 1688/1172/1599 1691/1176/1602 468/1187/468
f 466/1180/466 1685/1169/1596 1688/1172/1599 467/1188/467
f 1694/1189/1605 1695/1190/1606 1698/1191/1609 1697/1192/1608
f 1695/1190/1606 1696/1193/1607 1699/1194/1610 1698/1191/1609
f 1697/1192/1608 1698/1191/1609 1701/1195/1612 1700/1196/1611
f 1698/1191/1609 1699/1194/1610 1702/1197/1613 1701/1195/1612
f 126/1183/126 666/1198/666 1694/1189/1605 679/1184/679
f 666/1198/666 665/1199/665 1695/1190/1606 1694/1189/1605
f 665/1199/665 664/1200/664 1696/1193/1607 1695/1190/1606
f 664/1200/664 125/604/125 682/851/682 1696/1193/1607
f 1696/1193/1607 682/851/682 683/861/683 1699/1194/1610
f 1699/1194/1610 683/861/683 684/859/684 1702/1197/1613
f 1702/1197/1613 684/859/684 127/860/127 670/1165/670
f 1701/1195/1612 1702/1197/1613 670/1165/670 671/1164/671
f 1700/1196/1611 1701/1195/1612 671/1164/671 672/1163/672
f 681/1186/681 1700/1196/1611 672/1163/672 128/1143/128
f 680/1185/680 1697/1192/1608 1700/1196/1611 681/1186/681
f 679/1184/679 1694/1189/1605 1697/1192/1608 680/1185/680
f 1703/1201/1614 1704/1202/1615 1707/1203/1618 1706/1204/1617
f 1704/1202/1615 1705/1205/1616 1708/1206/1619 1707/1203/1618
f 1706/1204/1617 1707/1203/1618 1710/1207/1621 1709/1208/1620
f 1707/1203/1618 1708/1206/1619 1711/1209/1622 1710/1207/1621
f 187/1210/187 456/1211/456 1703/1201/1614 457/1212/457
f 456/1211/456 455/1213/455 1704/1202/1615 1703/1201/1614
f 455/1213/455 454/1214/454 1705/1205/1616 1704/1202/1615
f 454/1214/454 124/1215/124 685/1216/685 1705/1205/1616
f 1705/1205/1616 685/1216/685 686/1217/686 1708/1206/1619
f 1708/1206/1619 686/1217/686 687/1218/687 1711/1209/1622
f 1711/1209/1622 687/1218/687 126/1183/126 463/1182/463
f 1710/1207/1621 1711/1209/1622 463/1182/463 464/1181/464
f 1709/1208/1620 1710/1207/1621 464/1181/464 465/1179/465
f 459/1219/459 1709/1208/1620 465/1179/465 189/1178/189
f 458/1220/458 1706/1204/1617 1709/1208/1620 459/1219/459
f 457/1212/457 1703/1201/1614 1706/1204/1617 458/1220/458
f 1712/1221/1623 1713/1222/1624 1716/1223/1627 1715/1224/1626
f 1713/1222/1624 1714/1225/1625 1717/1226/1628 1716/1223/1627
f 1715/1224/1626 1716/1223/1627 1719/1227/1630 1718/1228/1629
f 1716/1223/1627 1717/1226/1628 1720/1229/1631 1719/1227/1630
f 124/1215/124 660/1230/660 1712/1221/1623 685/1216/685
f 660/1230/660 659/1231/659 1713/1222/1624 1712/1221/1623
f 659/1231/659 658/1232/658 1714/1225/1625 1713/1222/1624
f 658/1232/658 123/584/123 688/595/688 1714/1225/1625
f 1714/1225/1625 688/595/688 689/605/689 1717/1226/1628
f 1717/1226/1628 689/605/689 690/603/690 1720/1229/1631
f 1720/1229/1631 690/603/690 125/604/125 664/1200/664
f 1719/1227/1630 1720/1229/1631 664/1200/664 665/1199/665
f 1718/1228/1629 1719/1227/1630 665/1199/665 666/1198/666
f 687/1218/687 1718/1228/1629 666/1198/666 126/1183/126
f 686/1217/686 1715/1224/1626 1718/1228/1629 687/1218/687
f 685/1216/685 1712/1221/1623 1715/1224/1626 686/1217/686
f 1721/1233/1632 1722/1234/1633 1725/1235/1636 1724/1236/1635
f 1722/1234/1633 1723/1237/1634 1726/1238/1637 1725/1235/1636
f 1724/1236/1635 1725/1235/1636 1728/1239/1639 1727/1240/1638
f 1725/1235/1636 1726/1238/1637 1729/1241/1640 1728/1239/1639
f 185/1242/185 447/1243/447 1721/1233/1632 448/1244/448
f 447/1243/447 446/1245/446 1722/1234/1633 1721/1233/1632
f 446/1245/446 445/1246/445 1723/1237/1634 1722/1234/1633
f 445/1246/445 122/1247/122 691/1248/691 1723/1237/1634
f 1723/1237/1634 691/1248/691 692/1249/692 1726/1238/1637
f 1726/1238/1637 692/1249/692 693/1250/693 1729/1241/1640
f 1729/1241/1640 693/1250/693 124/1215/124 454/1214/454
f 1728/1239/1639 1729/1241/1640 454/1214/454 455/1213/455
f 1727/1240/1638 1728/1239/1639 455/1213/455 456/1211/456
f 450/1251/450 1727/1240/1638 456/1211/456 187/1210/187
f 449/1252/449 1724/1236/1635 1727/1240/1638 450/1251/450
f 448/1244/448 1721/1233/1632 1724/1236/1635 449/1252/449
f 1730/1253/1641 1731/1254/1642 1734/1255/1645 1733/1256/1644
f 1731/1254/1642 1732/1257/1643 1735/1258/1646 1734/1255/1645
f 1733/1256/1644 1734/1255/1645 1737/1259/1648 1736/1260/1647
f 1734/1255/1645 1735/1258/1646 1738/1261/1649 1737/1259/1648
f 122/1247/122 654/1262/654 1730/1253/1641 691/1248/691
f 654/1262/654 653/1263/653 1731/1254/1642 1730/1253/1641
f 653/1263/653 652/1264/652 1732/1257/1643 1731/1254/1642
f 652/1264/652 121/564/121 694/575/694 1732/1257/1643
f 1732/1257/1643 694/575/694 695/585/695 1735/1258/1646
f 1735/1258/1646 695/585/695 696/583/696 1738/1261/1649
f 1738/1261/1649 696/583/696 123/584/123 658/1232/658
f 1737/1259/1648 1738/1261/1649 658/1232/658 659/1231/659
f 1736/1260/1647 1737/1259/1648 659/1231/659 660/1230/660
f 693/1250/693 1736/1260/1647 660/1230/660 124/1215/124
f 692/1249/692 1733/1256/1644 1736/1260/1647 693/1250/693
f 691/1248/691 1730/1253/1641 1733/1256/1644 692/1249/692
f 1739/1265/1650 1740/1266/1651 1743/1267/1654 1742/1268/1653
f 1740/1266/1651 1741/1269/1652 1744/1270/1655 1743/1267/1654
f 1742/1268/1653 1743/1267/1654 1746/1271/1657 1745/1272/1656
f 1743/1267/1654 1744/1270/1655 1747/1273/1658 1746/1271/1657
f 183/1274/183 438/1275/438 1739/1265/1650 439/1276/439
f 438/1275/438 437/1277/437 1740/1266/1651 1739/1265/1650
f 437/1277/437 436/1278/436 1741/1269/1652 1740/1266/1651
f 436/1278/436 120/1279/120 697/1280/697 1741/1269/1652
f 1741/1269/1652 697/1280/697 698/1281/698 1744/1270/1655
f 1744/1270/1655 698/1281/698 699/1282/699 1747/1273/1658
f 1747/1273/1658 699/1282/699 122/1247/122 445/1246/445
f 1746/1271/1657 1747/1273/1658 445/1246/445 446/1245/446
f 1745/1272/1656 1746/1271/1657 446/1245/446 447/1243/447
f 441/1283/441 1745/1272/1656 447/1243/447 185/1242/185
f 440/1284/440 1742/1268/1653 1745/1272/1656 441/1283/441
f 439/1276/439 1739/1265/1650 1742/1268/1653 440/1284/440
f 1748/1285/1659 1749/1286/1660 1752/1287/1663 1751/1288/1662
f 1749/1286/1660 1750/1289/1661 1753/1290/1664 1752/1287/1663
f 1751/1288/1662 1752/1287/1663 1755/1291/1666 1754/1292/1665
f 1752/1287/1663 1753/1290/1664 1756/1293/1667 1755/1291/1666
f 120/1279/120 648/1294/648 1748/1285/1659 697/1280/697
f 648/1294/648 647/1295/647 1749/1286/1660 1748/1285/1659
f 647/1295/647 646/1296/646 1750/1289/1661 1749/1286/1660
f 646/1296/646 119/544/119 700/555/700 1750/1289/1661
f 1750/1289/1661 700/555/700 701/565/701 1753/1290/1664
f 1753/1290/1664 701/565/701 702/563/702 1756/1293/1667
f 1756/1293/1667 702/563/702 121/564/121 652/1264/652
f 1755/1291/1666 1756/1293/1667 652/1264/652 653/1263/653
f 1754/1292/1665 1755/1291/1666 653/1263/653 654/1262/654
f 699/1282/699 1754/1292/1665 654/1262/654 122/1247/122
f 698/1281/698 1751/1288/1662 1754/1292/1665 699/1282/699
f 697/1280/697 1748/1285/1659 1751/1288/1662 698/1281/698
f 1757/1297/1668 1758/1298/1669 1761/1299/1672 1760/1300/1671
f 1758/1298/1669 1759/1301/1670 1762/1302/1673 1761/1299/1672
f 1760/1300/1671 1761/1299/1672 1764/1303/1675 1763/1304/1674
f 1761/1299/1672 1762/1302/1673 1765/1305/1676 1764/1303/1675
f 181/1306/181 429/1307/429 1757/1297/1668 430/1308/430
f 429/1307/429 428/1309/428 1758/1298/1669 1757/1297/1668
f 428/1309/428 427/1310/427 1759/1301/1670 1758/1298/1669
f 427/1310/427 118/1311/118 703/1312/703 1759/1301/1670
f 1759/1301/1670 703/1312/703 704/1313/704 1762/1302/1673
f 1762/1302/1673 704/1313/704 705/1314/705 1765/1305/1676
f 1765/1305/1676 705/1314/705 120/1279/120 436/1278/436
f 1764/1303/1675 1765/1305/1676 436/1278/436 437/1277/437
f 1763/1304/1674 1764/1303/1675 437/1277/437 438/1275/438
f 432/1315/432 1763/1304/1674 438/1275/438 183/1274/183
f 431/1316/431 1760/1300/1671 1763/1304/1674 432/1315/432
f 430/1308/430 1757/1297/1668 1760/1300/1671 431/1316/431
f 1766/1317/1677 1767/1318/1678 1770/1319/1681 1769/1320/1680
f 1767/1318/1678 1768/1321/1679 1771/1322/1682 1770/1319/1681
f 1769/1320/1680 1770/1319/1681 1773/1323/1684 1772/1324/1683
f 1770/1319/1681 1771/1322/1682 1774/1325/1685 1773/1323/1684
f 118/1311/118 642/1326/642 1766/1317/1677 703/1312/703
f 642/1326/642 641/1327/641 1767/1318/1678 1766/1317/1677
f 641/1327/641 640/1328/640 1768/1321/1679 1767/1318/1678
f 640/1328/640 117/524/117 706/535/706 1768/1321/1679
f 1768/1321/1679 706/535/706 707/545/707 1771/1322/1682
f 1771/1322/1682 707/545/707 708/543/708 1774/1325/1685
f 1774/1325/1685 708/543/708 119/544/119 646/1296/646
f 1773/1323/1684 1774/1325/1685 646/1296/646 647/1295/647
f 1772/1324/1683 1773/1323/1684 647/1295/647 648/1294/648
f 705/1314/705 1772/1324/1683 648/1294/648 120/1279/120
f 704/1313/704 1769/1320/1680 1772/1324/1683 705/1314/705
f 703/1312/703 1766/1317/1677 1769/1320/1680 704/1313/704
f 1775/1329/1686 1776/1330/1687 1779/1331/1690 1778/1332/1689
f 1776/1330/1687 1777/1333/1688 1780/1334/1691 1779/1331/1690
f 1778/1332/1689 1779/1331/1690 1782/1335/1693 1781/1336/1692
f 1779/1331/1690 1780/1334/1691 1783/1337/1694 1782/1335/1693
f 179/1338/179 420/1339/420 1775/1329/1686 421/1340/421
f 420/1339/420 419/1341/419 1776/1330/1687 1775/1329/1686
f 419/1341/419 418/1342/418 1777/1333/1688 1776/1330/1687
f 418/1342/418 116/1343/116 709/1344/709 1777/1333/1688
f 1777/1333/1688 709/1344/709 710/1345/710 1780/1334/1691
f 1780/1334/1691 710/1345/710 711/1346/711 1783/1337/1694
f 1783/1337/1694 711/1346/711 118/1311/118 427/1310/427
f 1782/1335/1693 1783/1337/1694 427/1310/427 428/1309/428
f 1781/1336/1692 1782/1335/1693 428/1309/428 429/1307/429
f 423/1347/423 1781/1336/1692 429/1307/429 181/1306/181
f 422/1348/422 1778/1332/1689 1781/1336/1692 423/1347/423
f 421/1340/421 1775/1329/1686 1778/1332/1689 422/1348/422
f 1784/1349/1695 1785/1350/1696 1788/1351/1699 1787/1352/1698
f 1785/1350/1696 1786/1353/1697 1789/1354/1700 1788/1351/1699
f 1787/1352/1698 1788/1351/1699 1791/1355/1702 1790/1356/1701
f 1788/1351/1699 1789/1354/1700 1792/1357/1703 1791/1355/1702
f 116/1343/116 636/1358/636 1784/1349/1695 709/1344/709
f 636/1358/636 635/1359/635 1785/1350/1696 1784/1349/1695
f 635/1359/635 634/1360/634 1786/1353/1697 1785/1350/1696
f 634/1360/634 115/504/115 712/515/712 1786/1353/1697
f 1786/1353/1697 712/515/712 713/525/713 1789/1354/1700
f 1789/1354/1700 713/525/713 714/523/714 1792/1357/1703
f 1792/1357/1703 714/523/714 117/524/117 640/1328/640
f 1791/1355/1702 1792/1357/1703 640/1328/640 641/1327/641
f 1790/1356/1701 1791/1355/1702 641/1327/641 642/1326/642
f 711/1346/711 1790/1356/1701 642/1326/642 118/1311/118
f 710/1345/710 1787/1352/1698 1790/1356/1701 711/1346/711
f 709/1344/709 1784/1349/1695 1787/1352/1698 710/1345/710
f 1793/1361/1704 1794/1362/1705 1797/1363/1708 1796/1364/1707
f 1794/1362/1705 1795/1365/1706 1798/1366/1709 1797/1363/1708
f 1796/1364/1707 1797/1363/1708 1800/1367/1711 1799/1368/1710
f 1797/1363/1708 1798/1366/1709 1801/1369/1712 1800/1367/1711
f 177/1370/177 411/1371/411 1793/1361/1704 412/1372/412
f 411/1371/411 410/1373/410 1794/1362/1705 1793/1361/1704
f 410/1373/410 409/1374/409 1795/1365/1706 1794/1362/1705
f 409/1374/409 114/1375/114 715/1376/715 1795/1365/1706
f 1795/1365/1706 715/1376/715 716/1377/716 1798/1366/1709
f 1798/1366/1709 716/1377/716 717/1378/717 1801/1369/1712
f 1801/1369/1712 717/1378/717 116/1343/116 418/1342/418
f 1800/1367/1711 1801/1369/1712 418/1342/418 419/1341/419
f 1799/1368/1710 1800/1367/1711 419/1341/419 420/1339/420
f 414/1379/414 1799/1368/1710 420/1339/420 179/1338/179
f 413/1380/413 1796/1364/1707 1799/1368/1710 414/1379/414
f 412/1372/412 1793/1361/1704 1796/1364/1707 413/1380/413
f 1802/1381/1713 1803/1382/1714 1806/1383/1717 1805/1384/1716
f 1803/1382/1714 1804/1385/1715 1807/1386/1718 1806/1383/1717
f 1805/1384/1716 1806/1383/1717 1809/1387/1720 1808/1388/1719
f 1806/1383/1717 1807/1386/1718 1810/1389/1721 1809/1387/1720
f 114/1375/114 630/1390/630 1802/1381/1713 715/1376/715
f 630/1390/630 629/1391/629 1803/1382/1714 1802/1381/1713
f 629/1391/629 628/1392/628 1804/1385/1715 1803/1382/1714
f 628/1392/628 113/484/113 718/495/718 1804/1385/1715
f 1804/1385/1715 718/495/718 719/505/719 1807/1386/1718
f 1807/1386/1718 719/505/719 720/503/720 1810/1389/1721
f 1810/1389/1721 720/503/720 115/504/115 634/1360/634
f 1809/1387/1720 1810/1389/1721 634/1360/634 635/1359/635
f 1808/1388/1719 1809/1387/1720 635/1359/635 636/1358/636
f 717/1378/717 1808/1388/1719 636/1358/636 116/1343/116
f 716/1377/716 1805/1384/1716 1808/1388/1719 717/1378/717
f 715/1376/715 1802/1381/1713 1805/1384/1716 716/1377/716
f 1811/1393/1722 1812/1394/1723 1815/1395/1726 1814/1396/1725
f 1812/1394/1723 1813/1397/1724 1816/1398/1727 1815/1395/1726
f 1814/1396/1725 1815/1395/1726 1818/1399/1729 1817/1400/1728
f 1815/1395/1726 1816/1398/1727 1819/1401/1730 1818/1399/1729
f 175/1402/175 402/1403/402 1811/1393/1722 403/1404/403
f 402/1403/402 401/1405/401 1812/1394/1723 1811/1393/1722
f 401/1405/401 400/1406/400 1813/1397/1724 1812/1394/1723
f 400/1406/400 112/1407/112 721/1408/721 1813/1397/1724
f 1813/1397/1724 721/1408/721 722/1409/722 1816/1398/1727
f 1816/1398/1727 722/1409/722 723/1410/723 1819/1401/1730
f 1819/1401/1730 723/1410/723 114/1375/114 409/1374/409
f 1818/1399/1729 1819/1401/1730 409/1374/409 410/1373/410
f 1817/1400/1728 1818/1399/1729 410/1373/410 411/1371/411
f 405/1411/405 1817/1400/1728 411/1371/411 177/1370/177
f 404/1412/404 1814/1396/1725 1817/1400/1728 405/1411/405
f 403/1404/403 1811/1393/1722 1814/1396/1725 404/1412/404
f 1820/1413/1731 1821/1414/1732 1824/1415/1735 1823/1416/1734
f 1821/1414/1732 1822/1417/1733 1825/1418/1736 1824/1415/1735
f 1823/1416/1734 1824/1415/1735 1827/1419/1738 1826/1420/1737
f 1824/1415/1735 1825/1418/1736 1828/1421/1739 1827/1419/1738
f 112/1407/112 624/1422/624 1820/1413/1731 721/1408/721
f 624/1422/624 623/1423/623 1821/1414/1732 1820/1413/1731
f 623/1423/623 622/1424/622 1822/1417/1733 1821/1414/1732
f 622/1424/622 111/464/111 724/475/724 1822/1417/1733
f 1822/1417/1733 724/475/724 725/485/725 1825/1418/1736
f 1825/1418/1736 725/485/725 726/483/726 1828/1421/1739
f 1828/1421/1739 726/483/726 113/484/113 628/1392/628
f 1827/1419/1738 1828/1421/1739 628/1392/628 629/1391/629
f 1826/1420/1737 1827/1419/1738 629/1391/629 630/1390/630
f 723/1410/723 1826/1420/1737 630/1390/630 114/1375/114
f 722/1409/722 1823/1416/1734 1826/1420/1737 723/1410/723
f 721/1408/721 1820/1413/1731 1823/1416/1734 722/1409/722
f 1829/1425/1740 1830/1426/1741 1833/1427/1744 1832/1428/1743
f 1830/1426/1741 1831/1429/1742 1834/1430/1745 1833/1427/1744
f 1832/1428/1743 1833/1427/1744 1836/1431/1747 1835/1432/1746
f 1833/1427/1744 1834/1430/1745 1837/1433/1748 1836/1431/1747
f 173/1434/173 393/1435/393 1829/1425/1740 394/1436/394
f 393/1435/393 392/1437/392 1830/1426/1741 1829/1425/1740
f 392/1437/392 391/1438/391 1831/1429/1742 1830/1426/1741
f 391/1438/391 110/1439/110 727/1440/727 1831/1429/1742
f 1831/1429/1742 727/1440/727 728/1441/728 1834/1430/1745
f 1834/1430/1745 728/1441/728 729/1442/729 1837/1433/1748
f 1837/1433/1748 729/1442/729 112/1407/112 400/1406/400
f 1836/1431/1747 1837/1433/1748 400/1406/400 401/1405/401
f 1835/1432/1746 1836/1431/1747 401/1405/401 402/1403/402
f 396/1443/396 1835/1432/1746 402/1403/402 175/1402/175
f 395/1444/395 1832/1428/1743 1835/1432/1746 396/1443/396
f 394/1436/394 1829/1425/1740 1832/1428/1743 395/1444/395
f 1838/1445/1749 1839/1446/1750 1842/1447/1753 1841/1448/1752
f 1839/1446/1750 1840/1449/1751 1843/1450/1754 1842/1447/1753
f 1841/1448/1752 1842/1447/1753 1845/1451/1756 1844/1452/1755
f 1842/1447/1753 1843/1450/1754 1846/1453/1757 1845/1451/1756
f 110/1439/110 618/1454/618 1838/1445/1749 727/1440/727
f 618/1454/618 617/1455/617 1839/1446/1750 1838/1445/1749
f 617/1455/617 616/1456/616 1840/1449/1751 1839/1446/1750
f 616/1456/616 109/444/109 730/455/730 1840/1449/1751
f 1840/1449/1751 730/455/730 731/465/731 1843/1450/1754
f 1843/1450/1754 731/465/731 732/463/732 1846/1453/1757
f 1846/1453/1757 732/463/732 111/464/111 622/1424/622
f 1845/1451/1756 1846/1453/1757 622/1424/622 623/1423/623
f 1844/1452/1755 1845/1451/1756 623/1423/623 624/1422/624
f 729/1442/729 1844/1452/1755 624/1422/624 112/1407/112
f 728/1441/728 1841/1448/1752 1844/1452/1755 729/1442/729
f 727/1440/727 1838/1445/1749 1841/1448/1752 728/1441/728
f 1847/1457/1758 1848/1458/1759 1851/1459/1762 1850/1460/1761
f 1848/1458/1759 1849/1461/1760 1852/1462/1763 1851/1459/1762
f 1850/1460/1761 1851/1459/1762 1854/1463/1765 1853/1464/1764
f 1851/1459/1762 1852/1462/1763 1855/1465/1766 1854/1463/1765
f 171/1466/171 384/1467/384 1847/1457/1758 385/1468/385
f 384/1467/384 383/1469/383 1848/1458/1759 1847/1457/1758
f 383/1469/383 382/1470/382 1849/1461/1760 1848/1458/1759
f 382/1470/382 108/1471/108 733/1472/733 1849/1461/1760
f 1849/1461/1760 733/1472/733 734/1473/734 1852/1462/1763
f 1852/1462/1763 734/1473/734 735/1474/735 1855/1465/1766
f 1855/1465/1766 735/1474/735 110/1439/110 391/1438/391
f 1854/1463/1765 1855/1465/1766 391/1438/391 392/1437/392
f 1853/1464/1764 1854/1463/1765 392/1437/392 393/1435/393
f 387/1475/387 1853/1464/1764 393/1435/393 173/1434/173
f 386/1476/386 1850/1460/1761 1853/1464/1764 387/1475/387
f 385/1468/385 1847/1457/1758 1850/1460/1761 386/1476/386
f 1856/1477/1767 1857/1478/1768 1860/1479/1771 1859/1480/1770
f 1857/1478/1768 1858/1481/1769 1861/1482/1772 1860/1479/1771
f 1859/1480/1770 1860/1479/1771 1863/1483/1774 1862/1484/1773
f 1860/1479/1771 1861/1482/1772 1864/1485/1775 1863/1483/1774
f 108/1471/108 612/1486/612 1856/1477/1767 733/1472/733
f 612/1486/612 611/1487/611 1857/1478/1768 1856/1477/1767
f 611/1487/611 610/1488/610 1858/1481/1769 1857/1478/1768
f 610/1488/610 107/424/107 736/435/736 1858/1481/1769
f 1858/1481/1769 736/435/736 737/445/737 1861/1482/1772
f 1861/1482/1772 737/445/737 738/443/738 1864/1485/1775
f 1864/1485/1775 738/443/738 109/444/109 616/1456/616
f 1863/1483/1774 1864/1485/1775 616/1456/616 617/1455/617
f 1862/1484/1773 1863/1483/1774 617/1455/617 618/1454/618
f 735/1474/735 1862/1484/1773 618/1454/618 110/1439/110
f 734/1473/734 1859/1480/1770 1862/1484/1773 735/1474/735
f 733/1472/733 1856/1477/1767 1859/1480/1770 734/1473/734
f 1865/1489/1776 1866/1490/1777 1869/1491/1780 1868/1492/1779
f 1866/1490/1777 1867/1493/1778 1870/1494/1781 1869/1491/1780
f 1868/1492/1779 1869/1491/1780 1872/1495/1783 1871/1496/1782
f 1869/1491/1780 1870/1494/1781 1873/1497/1784 1872/1495/1783
f 169/1498/169 375/1499/375 1865/1489/1776 376/1500/376
f 375/1499/375 374/1501/374 1866/1490/1777 1865/1489/1776
f 374/1501/374 373/1502/373 1867/1493/1778 1866/1490/1777
f 373/1502/373 106/1503/106 739/1504/739 1867/1493/1778
f 1867/1493/1778 739/1504/739 740/1505/740 1870/1494/1781
f 1870/1494/1781 740/1505/740 741/1506/741 1873/1497/1784
f 1873/1497/1784 741/1506/741 108/1471/108 382/1470/382
f 1872/1495/1783 1873/1497/1784 382/1470/382 383/1469/383
f 1871/1496/1782 1872/1495/1783 383/1469/383 384/1467/384
f 378/1507/378 1871/1496/1782 384/1467/384 171/1466/171
f 377/1508/377 1868/1492/1779 1871/1496/1782 378/1507/378
f 376/1500/376 1865/1489/1776 1868/1492/1779 377/1508/377
f 1874/1509/1785 1875/1510/1786 1878/1511/1789 1877/1512/1788
f 1875/1510/1786 1876/1513/1787 1879/1514/1790 1878/1511/1789
f 1877/1512/1788 1878/1511/1789 1881/1515/1792 1880/1516/1791
f 1878/1511/1789 1879/1514/1790 1882/1517/1793 1881/1515/1792
f 106/1503/106 606/1518/606 1874/1509/1785 739/1504/739
f 606/1518/606 605/1519/605 1875/1510/1786 1874/1509/1785
f 605/1519/605 604/1520/604 1876/1513/1787 1875/1510/1786
f 604/1520/604 105/404/105 742/415/742 1876/1513/1787
f 1876/1513/1787 742/415/742 743/425/743 1879/1514/1790
f 1879/1514/1790 743/425/743 744/423/744 1882/1517/1793
f 1882/1517/1793 744/423/744 107/424/107 610/1488/610
f 1881/1515/1792 1882/1517/1793 610/1488/610 611/1487/611
f 1880/1516/1791 1881/1515/1792 611/1487/611 612/1486/612
f 741/1506/741 1880/1516/1791 612/1486/612 108/1471/108
f 740/1505/740 1877/1512/1788 1880/1516/1791 741/1506/741
f 739/1504/739 1874/1509/1785 1877/1512/1788 740/1505/740
f 1883/1521/1794 1884/1522/1795 1887/1523/1798 1886/1524/1797
f 1884/1522/1795 1885/1525/1796 1888/1526/1799 1887/1523/1798
f 1886/1524/1797 1887/1523/1798 1890/1527/1801 1889/1528/1800
f 1887/1523/1798 1888/1526/1799 1891/1529/1802 1890/1527/1801
f 167/1530/167 366/1531/366 1883/1521/1794 367/1532/367
f 366/1531/366 365/1533/365 1884/1522/1795 1883/1521/1794
f 365/1533/365 364/1534/364 1885/1525/1796 1884/1522/1795
f 364/1534/364 104/1535/104 745/1536/745 1885/1525/1796
f 1885/1525/1796 745/1536/745 746/1537/746 1888/1526/1799
f 1888/1526/1799 746/1537/746 747/1538/747 1891/1529/1802
f 1891/1529/1802 747/1538/747 106/1503/106 373/1502/373
f 1890/1527/1801 1891/1529/1802 373/1502/373 374/1501/374
f 1889/1528/1800 1890/1527/1801 374/1501/374 375/1499/375
f 369/1539/369 1889/1528/1800 375/1499/375 169/1498/169
f 368/1540/368 1886/1524/1797 1889/1528/1800 369/1539/369
f 367/1532/367 1883/1521/1794 1886/1524/1797 368/1540/368
f 1892/1541/1803 1893/1542/1804 1896/1543/1807 1895/1544/1806
f 1893/1542/1804 1894/1545/1805 1897/1546/1808 1896/1543/1807
f 1895/1544/1806 1896/1543/1807 1899/1547/1810 1898/1548/1809
f 1896/1543/1807 1897/1546/1808 1900/1549/1811 1899/1547/1810
f 104/1535/104 600/1550/600 1892/1541/1803 745/1536/745
f 600/1550/600 599/1551/599 1893/1542/1804 1892/1541/1803
f 599/1551/599 598/1552/598 1894/1545/1805 1893/1542/1804
f 598/1552/598 103/384/103 748/395/748 1894/1545/1805
f 1894/1545/1805 748/395/748 749/405/749 1897/1546/1808
f 1897/1546/1808 749/405/749 750/403/750 1900/1549/1811
f 1900/1549/1811 750/403/750 105/404/105 604/1520/604
f 1899/1547/1810 1900/1549/1811 604/1520/604 605/1519/605
f 1898/1548/1809 1899/1547/1810 605/1519/605 606/1518/606
f 747/1538/747 1898/1548/1809 606/1518/606 106/1503/106
f 746/1537/746 1895/1544/1806 1898/1548/1809 747/1538/747
f 745/1536/745 1892/1541/1803 1895/1544/1806 746/1537/746
f 1901/1553/1812 1902/1554/1813 1905/1555/1816 1904/1556/1815
f 1902/1554/1813 1903/1557/1814 1906/1558/1817 1905/1555/1816
f 1904/1556/1815 1905/1555/1816 1908/1559/1819 1907/1560/1818
f 1905/1555/1816 1906/1558/1817 1909/1561/1820 1908/1559/1819
f 165/1562/165 357/1563/357 1901/1553/1812 358/1564/358
f 357/1563/357 356/1565/356 1902/1554/1813 1901/1553/1812
f 356/1565/356 355/1566/355 1903/1557/1814 1902/1554/1813
f 355/1566/355 102/1567/102 751/1568/751 1903/1557/1814
f 1903/1557/1814 751/1568/751 752/1569/752 1906/1558/1817
f 1906/1558/1817 752/1569/752 753/1570/753 1909/1561/1820
f 1909/1561/1820 753/1570/753 104/1535/104 364/1534/364
f 1908/1559/1819 1909/1561/1820 364/1534/364 365/1533/365
f 1907/1560/1818 1908/1559/1819 365/1533/365 366/1531/366
f 360/1571/360 1907/1560/1818 366/1531/366 167/1530/167
f 359/1572/359 1904/1556/1815 1907/1560/1818 360/1571/360
f 358/1564/358 1901/1553/1812 1904/1556/1815 359/1572/359
f 1910/1573/1821 1911/1574/1822 1914/1575/1825 1913/1576/1824
f 1911/1574/1822 1912/1577/1823 1915/1578/1826 1914/1575/1825
f 1913/1576/1824 1914/1575/1825 1917/1579/1828 1916/1580/1827
f 1914/1575/1825 1915/1578/1826 1918/1581/1829 1917/1579/1828
f 102/1567/102 594/1582/594 1910/1573/1821 751/1568/751
f 594/1582/594 593/1583/593 1911/1574/1822 1910/1573/1821
f 593/1583/593 592/1584/592 1912/1577/1823 1911/1574/1822
f 592/1584/592 101/364/101 754/375/754 1912/1577/1823
f 1912/1577/1823 754/375/754 755/385/755 1915/1578/1826
f 1915/1578/1826 755/385/755 756/383/756 1918/1581/1829
f 1918/1581/1829 756/383/756 103/384/103 598/1552/598
f 1917/1579/1828 1918/1581/1829 598/1552/598 599/1551/599
f 1916/1580/1827 1917/1579/1828 599/1551/599 600/1550/600
f 753/1570/753 1916/1580/1827 600/1550/600 104/1535/104
f 752/1569/752 1913/1576/1824 1916/1580/1827 753/1570/753
f 751/1568/751 1910/1573/1821 1913/1576/1824 752/1569/752
f 1919/1585/1830 1920/1586/1831 1923/1587/1834 1922/1588/1833
f 1920/1586/1831 1921/1589/1832 1924/1590/1835 1923/1587/1834
f 1922/1588/1833 1923/1587/1834 1926/1591/1837 1925/1592/1836
f 1923/1587/1834 1924/1590/1835 1927/1593/1838 1926/1591/1837
f 163/1594/163 348/1595/348 1919/1585/1830 349/1596/349
f 348/1595/348 347/1597/347 1920/1586/1831 1919/1585/1830
f 347/1597/347 346/1598/346 1921/1589/1832 1920/1586/1831
f 346/1598/346 100/1599/100 757/1600/757 1921/1589/1832
f 1921/1589/1832 757/1600/757 758/1601/758 1924/1590/1835
f 1924/1590/1835 758/1601/758 759/1602/759 1927/1593/1838
f 1927/1593/1838 759/1602/759 102/1567/102 355/1566/355
f 1926/1591/1837 1927/1593/1838 355/1566/355 356/1565/356
f 1925/1592/1836 1926/1591/1837 356/1565/356 357/1563/357
f 351/1603/351 1925/1592/1836 357/1563/357 165/1562/165
f 350/1604/350 1922/1588/1833 1925/1592/1836 351/1603/351
f 349/1596/349 1919/1585/1830 1922/1588/1833 350/1604/350
f 1928/1605/1839 1929/1606/1840 1932/1607/1843 1931/1608/1842
f 1929/1606/1840 1930/1609/1841 1933/1610/1844 1932/1607/1843
f 1931/1608/1842 1932/1607/1843 1935/1611/1846 1934/1612/1845
f 1932/1607/1843 1933/1610/1844 1936/1613/1847 1935/1611/1846
f 100/1599/100 588/1614/588 1928/1605/1839 757/1600/757
f 588/1614/588 587/1615/587 1929/1606/1840 1928/1605/1839
f 587/1615/587 586/1616/586 1930/1609/1841 1929/1606/1840
f 586/1616/586 99/344/99 760/355/760 1930/1609/1841
f 1930/1609/1841 760/355/760 761/365/761 1933/1610/1844
f 1933/1610/1844 761/365/761 762/363/762 1936/1613/1847
f 1936/1613/1847 762/363/762 101/364/101 592/1584/592
f 1935/1611/1846 1936/1613/1847 592/1584/592 593/1583/593
f 1934/1612/1845 1935/1611/1846 593/1583/593 594/1582/594
f 759/1602/759 1934/1612/1845 594/1582/594 102/1567/102
f 758/1601/758 1931/1608/1842 1934/1612/1845 759/1602/759
f 757/1600/757 1928/1605/1839 1931/1608/1842 758/1601/758
f 1937/1617/1848 1938/1618/1849 1941/1619/1852 1940/1620/1851
f 1938/1618/1849 1939/1621/1850 1942/1622/1853 1941/1619/1852
f 1940/1620/1851 1941/1619/1852 1944/1623/1855 1943/1624/1854
f 1941/1619/1852 1942/1622/1853 1945/1625/1856 1944/1623/1855
f 161/1626/161 339/1627/339 1937/1617/1848 340/1628/340
f 339/1627/339 338/1629/338 1938/1618/1849 1937/1617/1848
f 338/1629/338 337/1630/337 1939/1621/1850 1938/1618/1849
f 337/1630/337 98/1631/98 763/1632/763 1939/1621/1850
f 1939/1621/1850 763/1632/763 764/1633/764 1942/1622/1853
f 1942/1622/1853 764/1633/764 765/1634/765 1945/1625/1856
f 1945/1625/1856 765/1634/765 100/1599/100 346/1598/346
f 1944/1623/1855 1945/1625/1856 346/1598/346 347/1597/347
f 1943/1624/1854 1944/1623/1855 347/1597/347 348/1595/348
f 342/1635/342 1943/1624/1854 348/1595/348 163/1594/163
f 341/1636/341 1940/1620/1851 1943/1624/1854 342/1635/342
f 340/1628/340 1937/1617/1848 1940/1620/1851 341/1636/341
f 1946/1637/1857 1947/1638/1858 1950/1639/1861 1949/1640/1860
f 1947/1638/1858 1948/1641/1859 1951/1642/1862 1950/1639/1861
f 1949/1640/1860 1950/1639/1861 1953/1643/1864 1952/1644/1863
f 1950/1639/1861 1951/1642/1862 1954/1645/1865 1953/1643/1864
f 98/1631/98 582/1646/582 1946/1637/1857 763/1632/763
f 582/1646/582 581/1647/581 1947/1638/1858 1946/1637/1857
f 581/1647/581 580/1648/580 1948/1641/1859 1947/1638/1858
f 580/1648/580 97/324/97 766/335/766 1948/1641/1859
f 1948/1641/1859 766/335/766 767/345/767 1951/1642/1862
f 1951/1642/1862 767/345/767 768/343/768 1954/1645/1865
f 1954/1645/1865 768/343/768 99/344/99 586/1616/586
f 1953/1643/1864 1954/1645/1865 586/1616/586 587/1615/587
f 1952/1644/1863 1953/1643/1864 587/1615/587 588/1614/588
f 765/1634/765 1952/1644/1863 588/1614/588 100/1599/100
f 764/1633/764 1949/1640/1860 1952/1644/1863 765/1634/765
f 763/1632/763 1946/1637/1857 1949/1640/1860 764/1633/764
f 1955/1649/1866 1956/1650/1867 1959/1651/1870 1958/1652/1869
f 1956/1650/1867 1957/1653/1868 1960/1654/1871 1959/1651/1870
f 1958/1652/1869 1959/1651/1870 1962/1655/1873 1961/1656/1872
f 1959/1651/1870 1960/1654/1871 1963/1657/1874 1962/1655/1873
f 159/1658/159 330/1659/330 1955/1649/1866 331/1660/331
f 330/1659/330 329/1661/329 1956/1650/1867 1955/1649/1866
f 329/1661/329 328/1662/328 1957/1653/1868 1956/1650/1867
f 328/1662/328 96/1663/96 769/1664/769 1957/1653/1868
f 1957/1653/1868 769/1664/769 770/1665/770 1960/1654/1871
f 1960/1654/1871 770/1665/770 771/1666/771 1963/1657/1874
f 1963/1657/1874 771/1666/771 98/1631/98 337/1630/337
f 1962/1655/1873 1963/1657/1874 337/1630/337 338/1629/338
f 1961/1656/1872 1962/1655/1873 338/1629/338 339/1627/339
f 333/1667/333 1961/1656/1872 339/1627/339 161/1626/161
f 332/1668/332 1958/1652/1869 1961/1656/1872 333/1667/333
f 331/1660/331 1955/1649/1866 1958/1652/1869 332/1668/332
f 1964/1669/1875 1965/1670/1876 1968/1671/1879 1967/1672/1878
f 1965/1670/1876 1966/1673/1877 1969/1674/1880 1968/1671/1879
f 1967/1672/1878 1968/1671/1879 1971/1675/1882 1970/1676/1881
f 1968/1671/1879 1969/1674/1880 1972/1677/1883 1971/1675/1882
f 96/1663/96 576/1678/576 1964/1669/1875 769/1664/769
f 576/1678/576 575/1679/575 1965/1670/1876 1964/1669/1875
f 575/1679/575 574/1680/574 1966/1673/1877 1965/1670/1876
f 574/1680/574 95/304/95 772/315/772 1966/1673/1877
f 1966/1673/1877 772/315/772 773/325/773 1969/1674/1880
f 1969/1674/1880 773/325/773 774/323/774 1972/1677/1883
f 1972/1677/1883 774/323/774 97/324/97 580/1648/580
f 1971/1675/1882 1972/1677/1883 580/1648/580 581/1647/581
f 1970/1676/1881 1971/1675/1882 581/1647/581 582/1646/582
f 771/1666/771 1970/1676/1881 582/1646/582 98/1631/98
f 770/1665/770 1967/1672/1878 1970/1676/1881 771/1666/771
f 769/1664/769 1964/1669/1875 1967/1672/1878 770/1665/770
f 1973/1681/1884 1974/1682/1885 1977/1683/1888 1976/1684/1887
f 1974/1682/1885 1975/1685/1886 1978/1686/1889 1977/1683/1888
f 1976/1684/1887 1977/1683/1888 1980/1687/1891 1979/1688/1890
f 1977/1683/1888 1978/1686/1889 1981/1689/1892 1980/1687/1891
f 157/1690/157 321/1691/321 1973/1681/1884 322/1692/322
f 321/1691/321 320/1693/320 1974/1682/1885 1973/1681/1884
f 320/1693/320 319/1694/319 1975/1685/1886 1974/1682/1885
f 319/1694/319 94/1695/94 775/1696/775 1975/1685/1886
f 1975/1685/1886 775/1696/775 776/1697/776 1978/1686/1889
f 1978/1686/1889 776/1697/776 777/1698/777 1981/1689/1892
f 1981/1689/1892 777/1698/777 96/1663/96 328/1662/328
f 1980/1687/1891 1981/1689/1892 328/1662/328 329/1661/329
f 1979/1688/1890 1980/1687/1891 329/1661/329 330/1659/330
f 324/1699/324 1979/1688/1890 330/1659/330 159/1658/159
f 323/1700/323 1976/1684/1887 1979/1688/1890 324/1699/324
f 322/1692/322 1973/1681/1884 1976/1684/1887 323/1700/323
f 1982/1701/1893 1983/1702/1894 1986/1703/1897 1985/1704/1896
f 1983/1702/1894 1984/1705/1895 1987/1706/1898 1986/1703/1897
f 1985/1704/1896 1986/1703/1897 1989/1707/1900 1988/1708/1899
f 1986/1703/1897 1987/1706/1898 1990/1709/1901 1989/1707/1900
f 94/1695/94 570/1710/570 1982/1701/1893 775/1696/775
f 570/1710/570 569/1711/569 1983/1702/1894 1982/1701/1893
f 569/1711/569 568/1712/568 1984/1705/1895 1983/1702/1894
f 568/1712/568 93/284/93 778/295/778 1984/1705/1895
f 1984/1705/1895 778/295/778 779/305/779 1987/1706/1898
f 1987/1706/1898 779/305/779 780/303/780 1990/1709/1901
f 1990/1709/1901 780/303/780 95/304/95 574/1680/574
f 1989/1707/1900 1990/1709/1901 574/1680/574 575/1679/575
f 1988/1708/1899 1989/1707/1900 575/1679/575 576/1678/576
f 777/1698/777 1988/1708/1899 576/1678/576 96/1663/96
f 776/1697/776 1985/1704/1896 1988/1708/1899 777/1698/777
f 775/1696/775 1982/1701/1893 1985/1704/1896 776/1697/776
f 1991/1713/1902 1992/1714/1903 1995/1715/1906 1994/1716/1905
f 1992/1714/1903 1993/1717/1904 1996/1718/1907 1995/1715/1906
f 1994/1716/1905 1995/1715/1906 1998/1719/1909 1997/1720/1908
f 1995/1715/1906 1996/1718/1907 1999/1721/1910 1998/1719/1909
f 155/1722/155 312/1723/312 1991/1713/1902 313/1724/313
f 312/1723/312 311/1725/311 1992/1714/1903 1991/1713/1902
f 311/1725/311 310/1726/310 1993/1717/1904 1992/1714/1903
f 310/1726/310 92/1727/92 781/1728/781 1993/1717/1904
f 1993/1717/1904 781/1728/781 782/1729/782 1996/1718/1907
f 1996/1718/1907 782/1729/782 783/1730/783 1999/1721/1910
f 1999/1721/1910 783/1730/783 94/1695/94 319/1694/319
f 1998/1719/1909 1999/1721/1910 319/1694/319 320/1693/320
f 1997/1720/1908 1998/1719/1909 320/1693/320 321/1691/321
f 315/1731/315 1997/1720/1908 321/1691/321 157/1690/157
f 314/1732/314 1994/1716/1905 1997/1720/1908 315/1731/315
f 313/1724/313 1991/1713/1902 1994/1716/1905 314/1732/314
f 2000/1733/1911 2001/1734/1912 2004/1735/1915 2003/1736/1914
f 2001/1734/1912 2002/1737/1913 2005/1738/1916 2004/1735/1915
f 2003/1736/1914 2004/1735/1915 2007/1739/1918 2006/1740/1917
f 2004/1735/1915 2005/1738/1916 2008/1741/1919 2007/1739/1918
f 92/1727/92 564/1742/564 2000/1733/1911 781/1728/781
f 564/1742/564 563/1743/563 2001/1734/1912 2000/1733/1911
f 563/1743/563 562/1744/562 2002/1737/1913 2001/1734/1912
f 562/1744/562 91/264/91 784/275/784 2002/1737/1913
f 2002/1737/1913 784/275/784 785/285/785 2005/1738/1916
f 2005/1738/1916 785/285/785 786/283/786 2008/1741/1919
f 2008/1741/1919 786/283/786 93/284/93 568/1712/568
f 2007/1739/1918 2008/1741/1919 568/1712/568 569/1711/569
f 2006/1740/1917 2007/1739/1918 569/1711/569 570/1710/570
f 783/1730/783 2006/1740/1917 570/1710/570 94/1695/94
f 782/1729/782 2003/1736/1914 2006/1740/1917 783/1730/783
f 781/1728/781 2000/1733/1911 2003/1736/1914 782/1729/782
f 2009/1745/1920 2010/1746/1921 2013/1747/1924 2012/1748/1923
f 2010/1746/1921 2011/1749/1922 2014/1750/1925 2013/1747/1924
f 2012/1748/1923 2013/1747/1924 2016/1751/1927 2015/1752/1926
f 2013/1747/1924 2014/1750/1925 2017/1753/1928 2016/1751/1927
f 153/1754/153 303/1755/303 2009/1745/1920 304/1756/304
f 303/1755/303 302/1757/302 2010/1746/1921 2009/1745/1920
f 302/1757/302 301/1758/301 2011/1749/1922 2010/1746/1921
f 301/1758/301 90/1759/90 787/1760/787 2011/1749/1922
f 2011/1749/1922 787/1760/787 788/1761/788 2014/1750/1925
f 2014/1750/1925 788/1761/788 789/1762/789 2017/1753/1928
f 2017/1753/1928 789/1762/789 92/1727/92 310/1726/310
f 2016/1751/1927 2017/1753/1928 310/1726/310 311/1725/311
f 2015/1752/1926 2016/1751/1927 311/1725/311 312/1723/312
f 306/1763/306 2015/1752/1926 312/1723/312 155/1722/155
f 305/1764/305 2012/1748/1923 2015/1752/1926 306/1763/306
f 304/1756/304 2009/1745/1920 2012/1748/1923 305/1764/305
f 2018/1765/1929 2019/1766/1930 2022/1767/1933 2021/1768/1932
f 2019/1766/1930 2020/1769/1931 2023/1770/1934 2022/1767/1933
f 2021/1768/1932 2022/1767/1933 2025/1771/1936 2024/1772/1935
f 2022/1767/1933 2023/1770/1934 2026/1773/1937 2025/1771/1936
f 90/1759/90 558/1774/558 2018/1765/1929 787/1760/787
f 558/1774/558 557/1775/557 2019/1766/1930 2018/1765/1929
f 557/1775/557 556/1776/556 2020/1769/1931 2019/1766/1930
f 556/1776/556 89/244/89 790/255/790 2020/1769/1931
f 2020/1769/1931 790/255/790 791/265/791 2023/1770/1934
f 2023/1770/1934 791/265/791 792/263/792 2026/1773/1937
f 2026/1773/1937 792/263/792 91/264/91 562/1744/562
f 2025/1771/1936 2026/1773/1937 562/1744/562 563/1743/563
f 2024/1772/1935 2025/1771/1936 563/1743/563 564/1742/564
f 789/1762/789 2024/1772/1935 564/1742/564 92/1727/92
f 788/1761/788 2021/1768/1932 2024/1772/1935 789/1762/789
f 787/1760/787 2018/1765/1929 2021/1768/1932 788/1761/788
f 2027/1777/1938 2028/1778/1939 2031/1779/1942 2030/1780/1941
f 2028/1778/1939 2029/1781/1940 2032/1782/1943 2031/1779/1942
f 2030/1780/1941 2031/1779/1942 2034/1783/1945 2033/1784/1944
f 2031/1779/1942 2032/1782/1943 2035/1785/1946 2034/1783/1945
f 151/1786/151 294/1787/294 2027/1777/1938 295/1788/295
f 294/1787/294 293/1789/293 2028/1778/1939 2027/1777/1938
f 293/1789/293 292/1790/292 2029/1781/1940 2028/1778/1939
f 292/1790/292 88/1791/88 793/1792/793 2029/1781/1940
f 2029/1781/1940 793/1792/793 794/1793/794 2032/1782/1943
f 2032/1782/1943 794/1793/794 795/1794/795 2035/1785/1946
f 2035/1785/1946 795/1794/795 90/1759/90 301/1758/301
f 2034/1783/1945 2035/1785/1946 301/1758/301 302/1757/302
f 2033/1784/1944 2034/1783/1945 302/1757/302 303/1755/303
f 297/1795/297 2033/1784/1944 303/1755/303 153/1754/153
f 296/1796/296 2030/1780/1941 2033/1784/1944 297/1795/297
f 295/1788/295 2027/1777/1938 2030/1780/1941 296/1796/296
f 2036/1797/1947 2037/1798/1948 2040/1799/1951 2039/1800/1950
f 2037/1798/1948 2038/1801/1949 2041/1802/1952 2040/1799/1951
f 2039/1800/1950 2040/1799/1951 2043/1803/1954 2042/1804/1953
f 2040/1799/1951 2041/1802/1952 2044/1805/1955 2043/1803/1954
f 88/1791/88 552/1806/552 2036/1797/1947 793/1792/793
f 552/1806/552 551/1807/551 2037/1798/1948 2036/1797/1947
f 551/1807/551 550/1808/550 2038/1801/1949 2037/1798/1948
f 550/1808/550 87/224/87 796/235/796 2038/1801/1949
f 2038/1801/1949 796/235/796 797/245/797 2041/1802/1952
f 2041/1802/1952 797/245/797 798/243/798 2044/1805/1955
f 2044/1805/1955 798/243/798 89/244/89 556/1776/556
f 2043/1803/1954 2044/1805/1955 556/1776/556 557/1775/557
f 2042/1804/1953 2043/1803/1954 557/1775/557 558/1774/558
f 795/1794/795 2042/1804/1953 558/1774/558 90/1759/90
f 794/1793/794 2039/1800/1950 2042/1804/1953 795/1794/795
f 793/1792/793 2036/1797/1947 2039/1800/1950 794/1793/794
f 2045/1809/1956 2046/1810/1957 2049/1811/1960 2048/1812/1959
f 2046/1810/1957 2047/1813/1958 2050/1814/1961 2049/1811/1960
f 2048/1812/1959 2049/1811/1960 2052/1815/1963 2051/1816/1962
f 2049/1811/1960 2050/1814/1961 2053/1817/1964 2052/1815/1963
f 149/1818/149 285/1819/285 2045/1809/1956 286/1820/286
f 285/1819/285 284/1821/284 2046/1810/1957 2045/1809/1956
f 284/1821/284 283/1822/283 2047/1813/1958 2046/1810/1957
f 283/1822/283 86/1823/86 799/1824/799 2047/1813/1958
f 2047/1813/1958 799/1824/799 800/1825/800 2050/1814/1961
f 2050/1814/1961 800/1825/800 801/1826/801 2053/1817/1964
f 2053/1817/1964 801/1826/801 88/1791/88 292/1790/292
f 2052/1815/1963 2053/1817/1964 292/1790/292 293/1789/293
f 2051/1816/1962 2052/1815/1963 293/1789/293 294/1787/294
f 288/1827/288 2051/1816/1962 294/1787/294 151/1786/151
f 287/1828/287 2048/1812/1959 2051/1816/1962 288/1827/288
f 286/1820/286 2045/1809/1956 2048/1812/1959 287/1828/287
f 2054/1829/1965 2055/1830/1966 2058/1831/1969 2057/1832/1968
f 2055/1830/1966 2056/1833/1967 2059/1834/1970 2058/1831/1969
f 2057/1832/1968 2058/1831/1969 2061/1835/1972 2060/1836/1971
f 2058/1831/1969 2059/1834/1970 2062/1837/1973 2061/1835/1972
f 86/1823/86 546/1838/546 2054/1829/1965 799/1824/799
f 546/1838/546 545/1839/545 2055/1830/1966 2054/1829/1965
f 545/1839/545 544/1840/544 2056/1833/1967 2055/1830/1966
f 544/1840/544 85/204/85 802/215/802 2056/1833/1967
f 2056/1833/1967 802/215/802 803/225/803 2059/1834/1970
f 2059/1834/1970 803/225/803 804/223/804 2062/1837/1973
f 2062/1837/1973 804/223/804 87/224/87 550/1808/550
f 2061/1835/1972 2062/1837/1973 550/1808/550 551/1807/551
f 2060/1836/1971 2061/1835/1972 551/1807/551 552/1806/552
f 801/1826/801 2060/1836/1971 552/1806/552 88/1791/88
f 800/1825/800 2057/1832/1968 2060/1836/1971 801/1826/801
f 799/1824/799 2054/1829/1965 2057/1832/1968 800/1825/800
f 2063/1841/1974 2064/1842/1975 2067/1843/1978 2066/1844/1977
f 2064/1842/1975 2065/1845/1976 2068/1846/1979 2067/1843/1978
f 2066/1844/1977 2067/1843/1978 2070/1847/1981 2069/1848/1980
f 2067/1843/1978 2068/1846/1979 2071/1849/1982 2070/1847/1981
f 147/1850/147 276/1851/276 2063/1841/1974 277/1852/277
f 276/1851/276 275/1853/275 2064/1842/1975 2063/1841/1974
f 275/1853/275 274/1854/274 2065/1845/1976 2064/1842/1975
f 274/1854/274 84/1855/84 805/1856/805 2065/1845/1976
f 2065/1845/1976 805/1856/805 806/1857/806 2068/1846/1979
f 2068/1846/1979 806/1857/806 807/1858/807 2071/1849/1982
f 2071/1849/1982 807/1858/807 86/1823/86 283/1822/283
f 2070/1847/1981 2071/1849/1982 283/1822/283 284/1821/284
f 2069/1848/1980 2070/1847/1981 284/1821/284 285/1819/285
f 279/1859/279 2069/1848/1980 285/1819/285 149/1818/149
f 278/1860/278 2066/1844/1977 2069/1848/1980 279/1859/279
f 277/1852/277 2063/1841/1974 2066/1844/1977 278/1860/278
f 2072/1861/1983 2073/1862/1984 2076/1863/1987 2075/1864/1986
f 2073/1862/1984 2074/1865/1985 2077/1866/1988 2076/1863/1987
f 2075/1864/1986 2076/1863/1987 2079/1867/1990 2078/1868/1989
f 2076/1863/1987 2077/1866/1988 2080/1869/1991 2079/1867/1990
f 84/1855/84 540/1870/540 2072/1861/1983 805/1856/805
f 540/1870/540 539/1871/539 2073/1862/1984 2072/1861/1983
f 539/1871/539 538/1872/538 2074/1865/1985 2073/1862/1984
f 538/1872/538 83/184/83 808/195/808 2074/1865/1985
f 2074/1865/1985 808/195/808 809/205/809 2077/1866/1988
f 2077/1866/1988 809/205/809 810/203/810 2080/1869/1991
f 2080/1869/1991 810/203/810 85/204/85 544/1840/544
f 2079/1867/1990 2080/1869/1991 544/1840/544 545/1839/545
f 2078/1868/1989 2079/1867/1990 545/1839/545 546/1838/546
f 807/1858/807 2078/1868/1989 546/1838/546 86/1823/86
f 806/1857/806 2075/1864/1986 2078/1868/1989 807/1858/807
f 805/1856/805 2072/1861/1983 2075/1864/1986 806/1857/806
f 2081/1873/1992 2082/1874/1993 2085/1875/1996 2084/1876/1995
f 2082/1874/1993 2083/1877/1994 2086/1878/1997 2085/1875/1996
f 2084/1876/1995 2085/1875/1996 2088/1879/1999 2087/1880/1998
f 2085/1875/1996 2086/1878/1997 2089/1881/2000 2088/1879/1999
f 145/1882/145 267/1883/267 2081/1873/1992 268/1884/268
f 267/1883/267 266/1885/266 2082/1874/1993 2081/1873/1992
f 266/1885/266 265/1886/265 2083/1877/1994 2082/1874/1993
f 265/1886/265 82/1887/82 811/1888/811 2083/1877/1994
f 2083/1877/1994 811/1888/811 812/1889/812 2086/1878/1997
f 2086/1878/1997 812/1889/812 813/1890/813 2089/1881/2000
f 2089/1881/2000 813/1890/813 84/1855/84 274/1854/274
f 2088/1879/1999 2089/1881/2000 274/1854/274 275/1853/275
f 2087/1880/1998 2088/1879/1999 275/1853/275 276/1851/276
f 270/1891/270 2087/1880/1998 276/1851/276 147/1850/147
f 269/1892/269 2084/1876/1995 2087/1880/1998 270/1891/270
f 268/1884/268 2081/1873/1992 2084/1876/1995 269/1892/269
f 2090/1893/2001 2091/1894/2002 2094/1895/2005 2093/1896/2004
f 2091/1894/2002 2092/1897/2003 2095/1898/2006 2094/1895/2005
f 2093/1896/2004 2094/1895/2005 2097/1899/2008 2096/1900/2007
f 2094/1895/2005 2095/1898/2006 2098/1901/2009 2097/1899/2008
f 82/1887/82 534/1902/534 2090/1893/2001 811/1888/811
f 534/1902/534 533/1903/533 2091/1894/2002 2090/1893/2001
f 533/1903/533 532/1904/532 2092/1897/2003 2091/1894/2002
f 532/1904/532 81/164/81 814/175/814 2092/1897/2003
f 2092/1897/2003 814/175/814 815/185/815 2095/1898/2006
f 2095/1898/2006 815/185/815 816/183/816 2098/1901/2009
f 2098/1901/2009 816/183/816 83/184/83 538/1872/538
f 2097/1899/2008 2098/1901/2009 538/1872/538 539/1871/539
f 2096/1900/2007 2097/1899/2008 539/1871/539 540/1870/540
f 813/1890/813 2096/1900/2007 540/1870/540 84/1855/84
f 812/1889/812 2093/1896/2004 2096/1900/2007 813/1890/813
f 811/1888/811 2090/1893/2001 2093/1896/2004 812/1889/812
f 2099/1905/2010 2100/1906/2011 2103/1907/2014 2102/1908/2013
f 2100/1906/2011 2101/1909/2012 2104/1910/2015 2103/1907/2014
f 2102/1908/2013 2103/1907/2014 2106/1911/2017 2105/1912/2016
f 2103/1907/2014 2104/1910/2015 2107/1913/2018 2106/1911/2017
f 143/1914/143 258/1915/258 2099/1905/2010 259/1916/259
f 258/1915/258 257/1917/257 2100/1906/2011 2099/1905/2010
f 257/1917/257 256/1918/256 2101/1909/2012 2100/1906/2011
f 256/1918/256 80/1919/80 817/1920/817 2101/1909/2012
f 2101/1909/2012 817/1920/817 818/1921/818 2104/1910/2015
f 2104/1910/2015 818/1921/818 819/1922/819 2107/1913/2018
f 2107/1913/2018 819/1922/819 82/1887/82 265/1886/265
f 2106/1911/2017 2107/1913/2018 265/1886/265 266/1885/266
f 2105/1912/2016 2106/1911/2017 266/1885/266 267/1883/267
f 261/1923/261 2105/1912/2016 267/1883/267 145/1882/145
f 260/1924/260 2102/1908/2013 2105/1912/2016 261/1923/261
f 259/1916/259 2099/1905/2010 2102/1908/2013 260/1924/260
f 2108/1925/2019 2109/1926/2020 2112/1927/2023 2111/1928/2022
f 2109/1926/2020 2110/1929/2021 2113/1930/2024 2112/1927/2023
f 2111/1928/2022 2112/1927/2023 2115/1931/2026 2114/1932/2025
f 2112/1927/2023 2113/1930/2024 2116/1933/2027 2115/1931/2026
f 80/1919/80 528/1934/528 2108/1925/2019 817/1920/817
f 528/1934/528 527/1935/527 2109/1926/2020 2108/1925/2019
f 527/1935/527 526/1936/526 2110/1929/2021 2109/1926/2020
f 526/1936/526 79/144/79 820/155/820 2110/1929/2021
f 2110/1929/2021 820/155/820 821/165/821 2113/1930/2024
f 2113/1930/2024 821/165/821 822/163/822 2116/1933/2027
f 2116/1933/2027 822/163/822 81/164/81 532/1904/532
f 2115/1931/2026 2116/1933/2027 532/1904/532 533/1903/533
f 2114/1932/2025 2115/1931/2026 533/1903/533 534/1902/534
f 819/1922/819 2114/1932/2025 534/1902/534 82/1887/82
f 818/1921/818 2111/1928/2022 2114/1932/2025 819/1922/819
f 817/1920/817 2108/1925/2019 2111/1928/2022 818/1921/818
f 2117/1937/2028 2118/1938/2029 2121/1939/2032 2120/1940/2031
f 2118/1938/2029 2119/1941/2030 2122/1942/2033 2121/1939/2032
f 2120/1940/2031 2121/1939/2032 2124/1943/2035 2123/1944/2034
f 2121/1939/2032 2122/1942/2033 2125/1945/2036 2124/1943/2035
f 141/1946/141 249/1947/249 2117/1937/2028 250/1948/250
f 249/1947/249 248/1949/248 2118/1938/2029 2117/1937/2028
f 248/1949/248 247/1950/247 2119/1941/2030 2118/1938/2029
f 247/1950/247 78/1951/78 823/1952/823 2119/1941/2030
f 2119/1941/2030 823/1952/823 824/1953/824 2122/1942/2033
f 2122/1942/2033 824/1953/824 825/1954/825 2125/1945/2036
f 2125/1945/2036 825/1954/825 80/1919/80 256/1918/256
f 2124/1943/2035 2125/1945/2036 256/1918/256 257/1917/257
f 2123/1944/2034 2124/1943/2035 257/1917/257 258/1915/258
f 252/1955/252 2123/1944/2034 258/1915/258 143/1914/143
f 251/1956/251 2120/1940/2031 2123/1944/2034 252/1955/252
f 250/1948/250 2117/1937/2028 2120/1940/2031 251/1956/251
f 2126/1957/2037 2127/1958/2038 2130/1959/2041 2129/1960/2040
f 2127/1958/2038 2128/1961/2039 2131/1962/2042 2130/1959/2041
f 2129/1960/2040 2130/1959/2041 2133/1963/2044 2132/1964/2043
f 2130/1959/2041 2131/1962/2042 2134/1965/2045 2133/1963/2044
f 78/1951/78 522/1966/522 2126/1957/2037 823/1952/823
f 522/1966/522 521/1967/521 2127/1958/2038 2126/1957/2037
f 521/1967/521 520/1968/520 2128/1961/2039 2127/1958/2038
f 520/1968/520 77/124/77 826/135/826 2128/1961/2039
f 2128/1961/2039 826/135/826 827/145/827 2131/1962/2042
f 2131/1962/2042 827/145/827 828/143/828 2134/1965/2045
f 2134/1965/2045 828/143/828 79/144/79 526/1936/526
f 2133/1963/2044 2134/1965/2045 526/1936/526 527/1935/527
f 2132/1964/2043 2133/1963/2044 527/1935/527 528/1934/528
f 825/1954/825 2132/1964/2043 528/1934/528 80/1919/80
f 824/1953/824 2129/1960/2040 2132/1964/2043 825/1954/825
f 823/1952/823 2126/1957/2037 2129/1960/2040 824/1953/824
f 2135/1969/2046 2136/1970/2047 2139/1971/2050 2138/1972/2049
f 2136/1970/2047 2137/1973/2048 2140/1974/2051 2139/1971/2050
f 2138/1972/2049 2139/1971/2050 2142/1975/2053 2141/1976/2052
f 2139/1971/2050 2140/1974/2051 2143/1977/2054 2142/1975/2053
f 139/1978/139 240/1979/240 2135/1969/2046 241/1980/241
f 240/1979/240 239/1981/239 2136/1970/2047 2135/1969/2046
f 239/1981/239 238/1982/238 2137/1973/2048 2136/1970/2047
f 238/1982/238 76/1983/76 829/1984/829 2137/1973/2048
f 2137/1973/2048 829/1984/829 830/1985/830 2140/1974/2051
f 2140/1974/2051 830/1985/830 831/1986/831 2143/1977/2054
f 2143/1977/2054 831/1986/831 78/1951/78 247/1950/247
f 2142/1975/2053 2143/1977/2054 247/1950/247 248/1949/248
f 2141/1976/2052 2142/1975/2053 248/1949/248 249/1947/249
f 243/1987/243 2141/1976/2052 249/1947/249 141/1946/141
f 242/1988/242 2138/1972/2049 2141/1976/2052 243/1987/243
f 241/1980/241 2135/1969/2046 2138/1972/2049 242/1988/242
f 2144/1989/2055 2145/1990/2056 2148/1991/2059 2147/1992/2058
f 2145/1990/2056 2146/1993/2057 2149/1994/2060 2148/1991/2059
f 2147/1992/2058 2148/1991/2059 2151/1995/2062 2150/1996/2061
f 2148/1991/2059 2149/1994/2060 2152/1997/2063 2151/1995/2062
f 76/1983/76 516/1998/516 2144/1989/2055 829/1984/829
f 516/1998/516 515/1999/515 2145/1990/2056 2144/1989/2055
f 515/1999/515 514/2000/514 2146/1993/2057 2145/1990/2056
f 514/2000/514 75/104/75 832/115/832 2146/1993/2057
f 2146/1993/2057 832/115/832 833/125/833 2149/1994/2060
f 2149/1994/2060 833/125/833 834/123/834 2152/1997/2063
f 2152/1997/2063 834/123/834 77/124/77 520/1968/520
f 2151/1995/2062 2152/1997/2063 520/1968/520 521/1967/521
f 2150/1996/2061 2151/1995/2062 521/1967/521 522/1966/522
f 831/1986/831 2150/1996/2061 522/1966/522 78/1951/78
f 830/1985/830 2147/1992/2058 2150/1996/2061 831/1986/831
f 829/1984/829 2144/1989/2055 2147/1992/2058 830/1985/830
f 2153/2001/2064 2154/2002/2065 2157/2003/2068 2156/2004/2067
f 2154/2002/2065 2155/2005/2066 2158/2006/2069 2157/2003/2068
f 2156/2004/2067 2157/2003/2068 2160/2007/2071 2159/2008/2070
f 2157/2003/2068 2158/2006/2069 2161/2009/2072 2160/2007/2071
f 137/2010/137 231/2011/231 2153/2001/2064 232/2012/232
f 231/2011/231 230/2013/230 2154/2002/2065 2153/2001/2064
f 230/2013/230 229/2014/229 2155/2005/2066 2154/2002/2065
f 229/2014/229 74/2015/74 835/2016/835 2155/2005/2066
f 2155/2005/2066 835/2016/835 836/2017/836 2158/2006/2069
f 2158/2006/2069 836/2017/836 837/2018/837 2161/2009/2072
f 2161/2009/2072 837/2018/837 76/1983/76 238/1982/238
f 2160/2007/2071 2161/2009/2072 238/1982/238 239/1981/239
f 2159/2008/2070 2160/2007/2071 239/1981/239 240/1979/240
f 234/2019/234 2159/2008/2070 240/1979/240 139/1978/139
f 233/2020/233 2156/2004/2067 2159/2008/2070 234/2019/234
f 232/2012/232 2153/2001/2064 2156/2004/2067 233/2020/233
f 2162/2021/2073 2163/2022/2074 2166/2023/2077 2165/2024/2076
f 2163/2022/2074 2164/2025/2075 2167/2026/2078 2166/2023/2077
f 2165/2024/2076 2166/2023/2077 2169/2027/2080 2168/2028/2079
f 2166/2023/2077 2167/2026/2078 2170/2029/2081 2169/2027/2080
f 74/2015/74 510/2030/510 2162/2021/2073 835/2016/835
f 510/2030/510 509/2031/509 2163/2022/2074 2162/2021/2073
f 509/2031/509 508/2032/508 2164/2025/2075 2163/2022/2074
f 508/2032/508 73/84/73 838/95/838 2164/2025/2075
f 2164/2025/2075 838/95/838 839/105/839 2167/2026/2078
f 2167/2026/2078 839/105/839 840/103/840 2170/2029/2081
f 2170/2029/2081 840/103/840 75/104/75 514/2000/514
f 2169/2027/2080 2170/2029/2081 514/2000/514 515/1999/515
f 2168/2028/2079 2169/2027/2080 515/1999/515 516/1998/516
f 837/2018/837 2168/2028/2079 516/1998/516 76/1983/76
f 836/2017/836 2165/2024/2076 2168/2028/2079 837/2018/837
f 835/2016/835 2162/2021/2073 2165/2024/2076 836/2017/836
f 2171/2033/2082 2172/2034/2083 2175/2035/2086 2174/2036/2085
f 2172/2034/2083 2173/2037/2084 2176/2038/2087 2175/2035/2086
f 2174/2036/2085 2175/2035/2086 2178/2039/2089 2177/2040/2088
f 2175/2035/2086 2176/2038/2087 2179/2041/2090 2178/2039/2089
f 135/2042/135 222/2043/222 2171/2033/2082 223/2044/223
f 222/2043/222 221/2045/221 2172/2034/2083 2171/2033/2082
f 221/2045/221 220/2046/220 2173/2037/2084 2172/2034/2083
f 220/2046/220 72/2047/72 841/2048/841 2173/2037/2084
f 2173/2037/2084 841/2048/841 842/2049/842 2176/2038/2087
f 2176/2038/2087 842/2049/842 843/2050/843 2179/2041/2090
f 2179/2041/2090 843/2050/843 74/2015/74 229/2014/229
f 2178/2039/2089 2179/2041/2090 229/2014/229 230/2013/230
f 2177/2040/2088 2178/2039/2089 230/2013/230 231/2011/231
f 225/2051/225 2177/2040/2088 231/2011/231 137/2010/137
f 224/2052/224 2174/2036/2085 2177/2040/2088 225/2051/225
f 223/2044/223 2171/2033/2082 2174/2036/2085 224/2052/224
f 2180/2053/2091 2181/2054/2092 2184/2055/2095 2183/2056/2094
f 2181/2054/2092 2182/2057/2093 2185/2058/2096 2184/2055/2095
f 2183/2056/2094 2184/2055/2095 2187/2059/2098 2186/2060/2097
f 2184/2055/2095 2185/2058/2096 2188/2061/2099 2187/2059/2098
f 72/2047/72 504/2062/504 2180/2053/2091 841/2048/841
f 504/2062/504 503/2063/503 2181/2054/2092 2180/2053/2091
f 503/2063/503 502/2064/502 2182/2057/2093 2181/2054/2092
f 502/2064/502 71/64/71 844/75/844 2182/2057/2093
f 2182/2057/2093 844/75/844 845/85/845 2185/2058/2096
f 2185/2058/2096 845/85/845 846/83/846 2188/2061/2099
f 2188/2061/2099 846/83/846 73/84/73 508/2032/508
f 2187/2059/2098 2188/2061/2099 508/2032/508 509/2031/509
f 2186/2060/2097 2187/2059/2098 509/2031/509 510/2030/510
f 843/2050/843 2186/2060/2097 510/2030/510 74/2015/74
f 842/2049/842 2183/2056/2094 2186/2060/2097 843/2050/843
f 841/2048/841 2180/2053/2091 2183/2056/2094 842/2049/842
f 2189/2065/2100 2190/2066/2101 2193/2067/2104 2192/2068/2103
f 2190/2066/2101 2191/2069/2102 2194/2070/2105 2193/2067/2104
f 2192/2068/2103 2193/2067/2104 2196/2071/2107 2195/2072/2106
f 2193/2067/2104 2194/2070/2105 2197/2073/2108 2196/2071/2107
f 133/2074/133 213/2075/213 2189/2065/2100 214/2076/214
f 213/2075/213 212/2077/212 2190/2066/2101 2189/2065/2100
f 212/2077/212 211/2078/211 2191/2069/2102 2190/2066/2101
f 211/2078/211 70/2079/70 847/2080/847 2191/2069/2102
f 2191/2069/2102 847/2080/847 848/2081/848 2194/2070/2105
f 2194/2070/2105 848/2081/848 849/2082/849 2197/2073/2108
f 2197/2073/2108 849/2082/849 72/2047/72 220/2046/220
f 2196/2071/2107 2197/2073/2108 220/2046/220 221/2045/221
f 2195/2072/2106 2196/2071/2107 221/2045/221 222/2043/222
f 216/2083/216 2195/2072/2106 222/2043/222 135/2042/135
f 215/2084/215 2192/2068/2103 2195/2072/2106 216/2083/216
f 214/2076/214 2189/2065/2100 2192/2068/2103 215/2084/215
f 2198/2085/2109 2199/2086/2110 2202/2087/2113 2201/2088/2112
f 2199/2086/2110 2200/2089/2111 2203/2090/2114 2202/2087/2113
f 2201/2088/2112 2202/2087/2113 2205/2091/2116 2204/2092/2115
f 2202/2087/2113 2203/2090/2114 2206/2093/2117 2205/2091/2116
f 70/2079/70 498/2094/498 2198/2085/2109 847/2080/847
f 498/2094/498 497/2095/497 2199/2086/2110 2198/2085/2109
f 497/2095/497 496/2096/496 2200/2089/2111 2199/2086/2110
f 496/2096/496 69/44/69 850/55/850 2200/2089/2111
f 2200/2089/2111 850/55/850 851/65/851 2203/2090/2114
f 2203/2090/2114 851/65/851 852/63/852 2206/2093/2117
f 2206/2093/2117 852/63/852 71/64/71 502/2064/502
f 2205/2091/2116 2206/2093/2117 502/2064/502 503/2063/503
f 2204/2092/2115 2205/2091/2116 503/2063/503 504/2062/504
f 849/2082/849 2204/2092/2115 504/2062/504 72/2047/72
f 848/2081/848 2201/2088/2112 2204/2092/2115 849/2082/849
f 847/2080/847 2198/2085/2109 2201/2088/2112 848/2081/848
f 2207/2097/2118 2208/2098/2119 2211/2099/2122 2210/2100/2121
f 2208/2098/2119 2209/2101/2120 2212/2102/2123 2211/2099/2122
f 2210/2100/2121 2211/2099/2122 2214/2103/2125 2213/2104/2124
f 2211/2099/2122 2212/2102/2123 2215/2105/2126 2214/2103/2125
f 130/2106/130 204/2107/204 2207/2097/2118 205/2108/205
f 204/2107/204 203/2109/203 2208/2098/2119 2207/2097/2118
f 203/2109/203 202/2110/202 2209/2101/2120 2208/2098/2119
f 202/2110/202 68/2111/68 853/2112/853 2209/2101/2120
f 2209/2101/2120 853/2112/853 854/2113/854 2212/2102/2123
f 2212/2102/2123 854/2113/854 855/2114/855 2215/2105/2126
f 2215/2105/2126 855/2114/855 70/2079/70 211/2078/211
f 2214/2103/2125 2215/2105/2126 211/2078/211 212/2077/212
f 2213/2104/2124 2214/2103/2125 212/2077/212 213/2075/213
f 207/2115/207 2213/2104/2124 213/2075/213 133/2074/133
f 206/2116/206 2210/2100/2121 2213/2104/2124 207/2115/207
f 205/2108/205 2207/2097/2118 2210/2100/2121 206/2116/206
f 2216/2117/2127 2217/2118/2128 2220/2119/2131 2219/2120/2130
f 2217/2118/2128 2218/2121/2129 2221/2122/2132 2220/2119/2131
f 2219/2120/2130 2220/2119/2131 2223/2123/2134 2222/2124/2133
f 2220/2119/2131 2221/2122/2132 2224/2125/2135 2223/2123/2134
f 68/2111/68 492/2126/492 2216/2117/2127 853/2112/853
f 492/2126/492 491/2127/491 2217/2118/2128 2216/2117/2127
f 491/2127/491 490/2128/490 2218/2121/2129 2217/2118/2128
f 490/2128/490 67/24/67 856/35/856 2218/2121/2129
f 2218/2121/2129 856/35/856 857/45/857 2221/2122/2132
f 2221/2122/2132 857/45/857 858/43/858 2224/2125/2135
f 2224/2125/2135 858/43/858 69/44/69 496/2096/496
f 2223/2123/2134 2224/2125/2135 496/2096/496 497/2095/497
f 2222/2124/2133 2223/2123/2134 497/2095/497 498/2094/498
f 855/2114/855 2222/2124/2133 498/2094/498 70/2079/70
f 854/2113/854 2219/2120/2130 2222/2124/2133 855/2114/855
f 853/2112/853 2216/2117/2127 2219/2120/2130 854/2113/854
f 2225/2129/2136 2226/2130/2137 2229/2131/2140 2228/2132/2139
f 2226/2130/2137 2227/2133/2138 2230/2134/2141 2229/2131/2140
f 2228/2132/2139 2229/2131/2140 2232/2135/2143 2231/2136/2142
f 2229/2131/2140 2230/2134/2141 2233/2137/2144 2232/2135/2143
f 129/2138/129 481/2139/481 2225/2129/2136 193/2140/193
f 481/2139/481 482/2141/482 2226/2130/2137 2225/2129/2136
f 482/2141/482 483/2142/483 2227/2133/2138 2226/2130/2137
f 483/2142/483 65/2143/65 859/2144/859 2227/2133/2138
f 2227/2133/2138 859/2144/859 860/2145/860 2230/2134/2141
f 2230/2134/2141 860/2145/860 861/2146/861 2233/2137/2144
f 2233/2137/2144 861/2146/861 68/2111/68 202/2110/202
f 2232/2135/2143 2233/2137/2144 202/2110/202 203/2109/203
f 2231/2136/2142 2232/2135/2143 203/2109/203 204/2107/204
f 195/2147/195 2231/2136/2142 204/2107/204 130/2106/130
f 194/2148/194 2228/2132/2139 2231/2136/2142 195/2147/195
f 193/2140/193 2225/2129/2136 2228/2132/2139 194/2148/194
f 2234/2149/2145 2235/2150/2146 2238/2151/2149 2237/2152/2148
f 2235/2150/2146 2236/2153/2147 2239/2154/2150 2238/2151/2149
f 2237/2152/2148 2238/2151/2149 2241/2155/2152 2240/2156/2151
f 2238/2151/2149 2239/2154/2150 2242/2157/2153 2241/2155/2152
f 65/2143/65 484/2158/484 2234/2149/2145 859/2144/859
f 484/2158/484 485/2159/485 2235/2150/2146 2234/2149/2145
f 485/2159/485 486/2160/486 2236/2153/2147 2235/2150/2146
f 486/2160/486 66/10/66 862/12/862 2236/2153/2147
f 2236/2153/2147 862/12/862 863/25/863 2239/2154/2150
f 2239/2154/2150 863/25/863 864/23/864 2242/2157/2153
f 2242/2157/2153 864/23/864 67/24/67 490/2128/490
f 2241/2155/2152 2242/2157/2153 490/2128/490 491/2127/491
f 2240/2156/2151 2241/2155/2152 491/2127/491 492/2126/492
f 861/2146/861 2240/2156/2151 492/2126/492 68/2111/68
f 860/2145/860 2237/2152/2148 2240/2156/2151 861/2146/861
f 859/2144/859 2234/2149/2145 2237/2152/2148 860/2145/860
f 2243/2161/2154 2244/2162/2155 2247/2163/2158 2246/2164/2157
f 2244/2162/2155 2245/2165/2156 2248/2166/2159 2247/2163/2158
f 2246/2164/2157 2247/2163/2158 2250/2167/2161 2249/2168/2160
f 2247/2163/2158 2248/2166/2159 2251/2169/2162 2250/2167/2161
f 3/979/3 867/981/867 2243/2161/2154 1059/2170/1047
f 867/981/867 866/2171/866 2244/2162/2155 2243/2161/2154
f 866/2171/866 865/2172/865 2245/2165/2156 2244/2162/2155
f 865/2172/865 1/974/1 1060/2173/1048 2245/2165/2156
f 2245/2165/2156 1060/2173/1048 1061/2174/1049 2248/2166/2159
f 2248/2166/2159 1061/2174/1049 1062/2175/1050 2251/2169/2162
f 2251/2169/2162 1062/2175/1050 129/2176/129 193/2177/193
f 2250/2167/2161 2251/2169/2162 193/2177/193 194/2178/194
f 2249/2168/2160 2250/2167/2161 194/2178/194 195/2179/195
f 1057/2180/1045 2249/2168/2160 195/2179/195 130/2181/130
f 1058/2182/1046 2246/2164/2157 2249/2168/2160 1057/2180/1045
f 1059/2170/1047 2243/2161/2154 2246/2164/2157 1058/2182/1046
f 2252/2183/2163 2253/2184/2164 2256/2185/2167 2255/2186/2166
f 2253/2184/2164 2254/2187/2165 2257/2188/2168 2256/2185/2167
f 2255/2186/2166 2256/2185/2167 2259/2189/2170 2258/2190/2169
f 2256/2185/2167 2257/2188/2168 2260/2191/2171 2259/2189/2170
f 2/698/2 870/2192/870 2252/2183/2163 1065/2193/1053
f 870/2192/870 869/2194/869 2253/2184/2164 2252/2183/2163
f 869/2194/869 868/694/868 2254/2187/2165 2253/2184/2164
f 868/694/868 4/693/4 1066/2195/1054 2254/2187/2165
f 2254/2187/2165 1066/2195/1054 1067/2196/1055 2257/2188/2168
f 2257/2188/2168 1067/2196/1055 1068/2197/1056 2260/2191/2171
f 2260/2191/2171 1068/2197/1056 131/2198/131 196/2199/196
f 2259/2189/2170 2260/2191/2171 196/2199/196 197/2200/197
f 2258/2190/2169 2259/2189/2170 197/2200/197 198/2201/198
f 1063/2202/1051 2258/2190/2169 198/2201/198 132/2203/132
f 1064/2204/1052 2255/2186/2166 2258/2190/2169 1063/2202/1051
f 1065/2193/1053 2252/2183/2163 2255/2186/2166 1064/2204/1052
f 2261/2205/2172 2262/2206/2173 2265/2207/2176 2264/2208/2175
f 2262/2206/2173 2263/2209/2174 2266/2210/2177 2265/2207/2176
f 2264/2208/2175 2265/2207/2176 2268/2211/2179 2267/2212/2178
f 2265/2207/2176 2266/2210/2177 2269/2213/2180 2268/2211/2179
f 5/984/5 873/2214/873 2261/2205/2172 1071/2215/1059
f 873/2214/873 872/988/872 2262/2206/2173 2261/2205/2172
f 872/988/872 871/2216/871 2263/2209/2174 2262/2206/2173
f 871/2216/871 3/979/3 1059/2170/1047 2263/2209/2174
f 2263/2209/2174 1059/2170/1047 1058/2182/1046 2266/2210/2177
f 2266/2210/2177 1058/2182/1046 1057/2180/1045 2269/2213/2180
f 2269/2213/2180 1057/2180/1045 130/2181/130 205/2217/205
f 2268/2211/2179 2269/2213/2180 205/2217/205 206/2218/206
f 2267/2212/2178 2268/2211/2179 206/2218/206 207/2219/207
f 1069/2220/1057 2267/2212/2178 207/2219/207 133/2221/133
f 1070/2222/1058 2264/2208/2175 2267/2212/2178 1069/2220/1057
f 1071/2215/1059 2261/2205/2172 2264/2208/2175 1070/2222/1058
f 2270/2223/2181 2271/2224/2182 2274/2225/2185 2273/2226/2184
f 2271/2224/2182 2272/2227/2183 2275/2228/2186 2274/2225/2185
f 2273/2226/2184 2274/2225/2185 2277/2229/2188 2276/2230/2187
f 2274/2225/2185 2275/2228/2186 2278/2231/2189 2277/2229/2188
f 4/693/4 876/695/876 2270/2223/2181 1066/2195/1054
f 876/695/876 875/2232/875 2271/2224/2182 2270/2223/2181
f 875/2232/875 874/2233/874 2272/2227/2183 2271/2224/2182
f 874/2233/874 6/838/6 1072/2234/1060 2272/2227/2183
f 2272/2227/2183 1072/2234/1060 1073/2235/1061 2275/2228/2186
f 2275/2228/2186 1073/2235/1061 1074/2236/1062 2278/2231/2189
f 2278/2231/2189 1074/2236/1062 134/2237/134 208/2238/208
f 2277/2229/2188 2278/2231/2189 208/2238/208 209/2239/209
f 2276/2230/2187 2277/2229/2188 209/2239/209 210/2240/210
f 1068/2197/1056 2276/2230/2187 210/2240/210 131/2198/131
f 1067/2196/1055 2273/2226/2184 2276/2230/2187 1068/2197/1056
f 1066/2195/1054 2270/2223/2181 2273/2226/2184 1067/2196/1055
f 2279/2241/2190 2280/2242/2191 2283/2243/2194 2282/2244/2193
f 2280/2242/2191 2281/2245/2192 2284/2246/2195 2283/2243/2194
f 2282/2244/2193 2283/2243/2194 2286/2247/2197 2285/2248/2196
f 2283/2243/2194 2284/2246/2195 2287/2249/2198 2286/2247/2197
f 7/989/7 879/991/879 2279/2241/2190 1077/2250/1065
f 879/991/879 878/987/878 2280/2242/2191 2279/2241/2190
f 878/987/878 877/2251/877 2281/2245/2192 2280/2242/2191
f 877/2251/877 5/984/5 1071/2215/1059 2281/2245/2192
f 2281/2245/2192 1071/2215/1059 1070/2222/1058 2284/2246/2195
f 2284/2246/2195 1070/2222/1058 1069/2220/1057 2287/2249/2198
f 2287/2249/2198 1069/2220/1057 133/2221/133 214/2252/214
f 2286/2247/2197 2287/2249/2198 214/2252/214 215/2253/215
f 2285/2248/2196 2286/2247/2197 215/2253/215 216/2254/216
f 1075/2255/1063 2285/2248/2196 216/2254/216 135/2256/135
f 1076/2257/1064 2282/2244/2193 2285/2248/2196 1075/2255/1063
f 1077/2250/1065 2279/2241/2190 2282/2244/2193 1076/2257/1064
f 2288/2258/2199 2289/2259/2200 2292/2260/2203 2291/2261/2202
f 2289/2259/2200 2290/2262/2201 2293/2263/2204 2292/2260/2203
f 2291/2261/2202 2292/2260/2203 2295/2264/2206 2294/2265/2205
f 2292/2260/2203 2293/2263/2204 2296/2266/2207 2295/2264/2206
f 6/838/6 882/2267/882 2288/2258/2199 1072/2234/1060
f 882/2267/882 881/2268/881 2289/2259/2200 2288/2258/2199
f 881/2268/881 880/2269/880 2290/2262/2201 2289/2259/2200
f 880/2269/880 8/834/8 1078/2270/1066 2290/2262/2201
f 2290/2262/2201 1078/2270/1066 1079/2271/1067 2293/2263/2204
f 2293/2263/2204 1079/2271/1067 1080/2272/1068 2296/2266/2207
f 2296/2266/2207 1080/2272/1068 136/2273/136 217/2274/217
f 2295/2264/2206 2296/2266/2207 217/2274/217 218/2275/218
f 2294/2265/2205 2295/2264/2206 218/2275/218 219/2276/219
f 1074/2236/1062 2294/2265/2205 219/2276/219 134/2237/134
f 1073/2235/1061 2291/2261/2202 2294/2265/2205 1074/2236/1062
f 1072/2234/1060 2288/2258/2199 2291/2261/2202 1073/2235/1061
f 2297/2277/2208 2298/2278/2209 2301/2279/2212 2300/2280/2211
f 2298/2278/2209 2299/2281/2210 2302/2282/2213 2301/2279/2212
f 2300/2280/2211 2301/2279/2212 2304/2283/2215 2303/2284/2214
f 2301/2279/2212 2302/2282/2213 2305/2285/2216 2304/2283/2215
f 9/994/9 885/2286/885 2297/2277/2208 1083/2287/1071
f 885/2286/885 884/2288/884 2298/2278/2209 2297/2277/2208
f 884/2288/884 883/2289/883 2299/2281/2210 2298/2278/2209
f 883/2289/883 7/989/7 1077/2250/1065 2299/2281/2210
f 2299/2281/2210 1077/2250/1065 1076/2257/1064 2302/2282/2213
f 2302/2282/2213 1076/2257/1064 1075/2255/1063 2305/2285/2216
f 2305/2285/2216 1075/2255/1063 135/2256/135 223/2290/223
f 2304/2283/2215 2305/2285/2216 223/2290/223 224/2291/224
f 2303/2284/2214 2304/2283/2215 224/2291/224 225/2292/225
f 1081/2293/1069 2303/2284/2214 225/2292/225 137/2294/137
f 1082/2295/1070 2300/2280/2211 2303/2284/2214 1081/2293/1069
f 1083/2287/1071 2297/2277/2208 2300/2280/2211 1082/2295/1070
f 2306/2296/2217 2307/2297/2218 2310/2298/2221 2309/2299/2220
f 2307/2297/2218 2308/2300/2219 2311/2301/2222 2310/2298/2221
f 2309/2299/2220 2310/2298/2221 2313/2302/2224 2312/2303/2223
f 2310/2298/2221 2311/2301/2222 2314/2304/2225 2313/2302/2224
f 8/834/8 888/2305/888 2306/2296/2217 1078/2270/1066
f 888/2305/888 887/2306/887 2307/2297/2218 2306/2296/2217
f 887/2306/887 886/2307/886 2308/2300/2219 2307/2297/2218
f 886/2307/886 10/830/10 1084/2308/1072 2308/2300/2219
f 2308/2300/2219 1084/2308/1072 1085/2309/1073 2311/2301/2222
f 2311/2301/2222 1085/2309/1073 1086/2310/1074 2314/2304/2225
f 2314/2304/2225 1086/2310/1074 138/2311/138 226/2312/226
f 2313/2302/2224 2314/2304/2225 226/2312/226 227/2313/227
f 2312/2303/2223 2313/2302/2224 227/2313/227 228/2314/228
f 1080/2272/1068 2312/2303/2223 228/2314/228 136/2273/136
f 1079/2271/1067 2309/2299/2220 2312/2303/2223 1080/2272/1068
f 1078/2270/1066 2306/2296/2217 2309/2299/2220 1079/2271/1067
f 2315/2315/2226 2316/2316/2227 2319/2317/2230 2318/2318/2229
f 2316/2316/2227 2317/2319/2228 2320/2320/2231 2319/2317/2230
f 2318/2318/2229 2319/2317/2230 2322/2321/2233 2321/2322/2232
f 2319/2317/2230 2320/2320/2231 2323/2323/2234 2322/2321/2233
f 11/998/11 891/1000/891 2315/2315/2226 1089/2324/1077
f 891/1000/891 890/2325/890 2316/2316/2227 2315/2315/2226
f 890/2325/890 889/995/889 2317/2319/2228 2316/2316/2227
f 889/995/889 9/994/9 1083/2287/1071 2317/2319/2228
f 2317/2319/2228 1083/2287/1071 1082/2295/1070 2320/2320/2231
f 2320/2320/2231 1082/2295/1070 1081/2293/1069 2323/2323/2234
f 2323/2323/2234 1081/2293/1069 137/2294/137 232/2326/232
f 2322/2321/2233 2323/2323/2234 232/2326/232 233/2327/233
f 2321/2322/2232 2322/2321/2233 233/2327/233 234/2328/234
f 1087/2329/1075 2321/2322/2232 234/2328/234 139/2330/139
f 1088/2331/1076 2318/2318/2229 2321/2322/2232 1087/2329/1075
f 1089/2324/1077 2315/2315/2226 2318/2318/2229 1088/2331/1076
f 2324/2332/2235 2325/2333/2236 2328/2334/2239 2327/2335/2238
f 2325/2333/2236 2326/2336/2237 2329/2337/2240 2328/2334/2239
f 2327/2335/2238 2328/2334/2239 2331/2338/2242 2330/2339/2241
f 2328/2334/2239 2329/2337/2240 2332/2340/2243 2331/2338/2242
f 10/830/10 894/2341/894 2324/2332/2235 1084/2308/1072
f 894/2341/894 893/828/893 2325/2333/2236 2324/2332/2235
f 893/828/893 892/2342/892 2326/2336/2237 2325/2333/2236
f 892/2342/892 12/825/12 1090/2343/1078 2326/2336/2237
f 2326/2336/2237 1090/2343/1078 1091/2344/1079 2329/2337/2240
f 2329/2337/2240 1091/2344/1079 1092/2345/1080 2332/2340/2243
f 2332/2340/2243 1092/2345/1080 140/2346/140 235/2347/235
f 2331/2338/2242 2332/2340/2243 235/2347/235 236/2348/236
f 2330/2339/2241 2331/2338/2242 236/2348/236 237/2349/237
f 1086/2310/1074 2330/2339/2241 237/2349/237 138/2311/138
f 1085/2309/1073 2327/2335/2238 2330/2339/2241 1086/2310/1074
f 1084/2308/1072 2324/2332/2235 2327/2335/2238 1085/2309/1073
f 2333/2350/2244 2334/2351/2245 2337/2352/2248 2336/2353/2247
f 2334/2351/2245 2335/2354/2246 2338/2355/2249 2337/2352/2248
f 2336/2353/2247 2337/2352/2248 2340/2356/2251 2339/2357/2250
f 2337/2352/2248 2338/2355/2249 2341/2358/2252 2340/2356/2251
f 13/1003/13 897/2359/897 2333/2350/2244 1095/2360/1083
f 897/2359/897 896/1001/896 2334/2351/2245 2333/2350/2244
f 896/1001/896 895/2361/895 2335/2354/2246 2334/2351/2245
f 895/2361/895 11/998/11 1089/2324/1077 2335/2354/2246
f 2335/2354/2246 1089/2324/1077 1088/2331/1076 2338/2355/2249
f 2338/2355/2249 1088/2331/1076 1087/2329/1075 2341/2358/2252
f 2341/2358/2252 1087/2329/1075 139/2330/139 241/2362/241
f 2340/2356/2251 2341/2358/2252 241/2362/241 242/2363/242
f 2339/2357/2250 2340/2356/2251 242/2363/242 243/2364/243
f 1093/2365/1081 2339/2357/2250 243/2364/243 141/2366/141
f 1094/2367/1082 2336/2353/2247 2339/2357/2250 1093/2365/1081
f 1095/2360/1083 2333/2350/2244 2336/2353/2247 1094/2367/1082
f 2342/2368/2253 2343/2369/2254 2346/2370/2257 2345/2371/2256
f 2343/2369/2254 2344/2372/2255 2347/2373/2258 2346/2370/2257
f 2345/2371/2256 2346/2370/2257 2349/2374/2260 2348/2375/2259
f 2346/2370/2257 2347/2373/2258 2350/2376/2261 2349/2374/2260
f 12/825/12 900/2377/900 2342/2368/2253 1090/2343/1078
f 900/2377/900 899/823/899 2343/2369/2254 2342/2368/2253
f 899/823/899 898/2378/898 2344/2372/2255 2343/2369/2254
f 898/2378/898 14/820/14 1096/2379/1084 2344/2372/2255
f 2344/2372/2255 1096/2379/1084 1097/2380/1085 2347/2373/2258
f 2347/2373/2258 1097/2380/1085 1098/2381/1086 2350/2376/2261
f 2350/2376/2261 1098/2381/1086 142/2382/142 244/2383/244
f 2349/2374/2260 2350/2376/2261 244/2383/244 245/2384/245
f 2348/2375/2259 2349/2374/2260 245/2384/245 246/2385/246
f 1092/2345/1080 2348/2375/2259 246/2385/246 140/2346/140
f 1091/2344/1079 2345/2371/2256 2348/2375/2259 1092/2345/1080
f 1090/2343/1078 2342/2368/2253 2345/2371/2256 1091/2344/1079
f 2351/2386/2262 2352/2387/2263 2355/2388/2266 2354/2389/2265
f 2352/2387/2263 2353/2390/2264 2356/2391/2267 2355/2388/2266
f 2354/2389/2265 2355/2388/2266 2358/2392/2269 2357/2393/2268
f 2355/2388/2266 2356/2391/2267 2359/2394/2270 2358/2392/2269
f 15/1008/15 903/2395/903 2351/2386/2262 1101/2396/1089
f 903/2395/903 902/1006/902 2352/2387/2263 2351/2386/2262
f 902/1006/902 901/2397/901 2353/2390/2264 2352/2387/2263
f 901/2397/901 13/1003/13 1095/2360/1083 2353/2390/2264
f 2353/2390/2264 1095/2360/1083 1094/2367/1082 2356/2391/2267
f 2356/2391/2267 1094/2367/1082 1093/2365/1081 2359/2394/2270
f 2359/2394/2270 1093/2365/1081 141/2366/141 250/2398/250
f 2358/2392/2269 2359/2394/2270 250/2398/250 251/2399/251
f 2357/2393/2268 2358/2392/2269 251/2399/251 252/2400/252
f 1099/2401/1087 2357/2393/2268 252/2400/252 143/2402/143
f 1100/2403/1088 2354/2389/2265 2357/2393/2268 1099/2401/1087
f 1101/2396/1089 2351/2386/2262 2354/2389/2265 1100/2403/1088
f 2360/2404/2271 2361/2405/2272 2364/2406/2275 2363/2407/2274
f 2361/2405/2272 2362/2408/2273 2365/2409/2276 2364/2406/2275
f 2363/2407/2274 2364/2406/2275 2367/2410/2278 2366/2411/2277
f 2364/2406/2275 2365/2409/2276 2368/2412/2279 2367/2410/2278
f 14/820/14 906/2413/906 2360/2404/2271 1096/2379/1084
f 906/2413/906 905/819/905 2361/2405/2272 2360/2404/2271
f 905/819/905 904/2414/904 2362/2408/2273 2361/2405/2272
f 904/2414/904 16/816/16 1102/2415/1090 2362/2408/2273
f 2362/2408/2273 1102/2415/1090 1103/2416/1091 2365/2409/2276
f 2365/2409/2276 1103/2416/1091 1104/2417/1092 2368/2412/2279
f 2368/2412/2279 1104/2417/1092 144/2418/144 253/2419/253
f 2367/2410/2278 2368/2412/2279 253/2419/253 254/2420/254
f 2366/2411/2277 2367/2410/2278 254/2420/254 255/2421/255
f 1098/2381/1086 2366/2411/2277 255/2421/255 142/2382/142
f 1097/2380/1085 2363/2407/2274 2366/2411/2277 1098/2381/1086
f 1096/2379/1084 2360/2404/2271 2363/2407/2274 1097/2380/1085
f 2369/2422/2280 2370/2423/2281 2373/2424/2284 2372/2425/2283
f 2370/2423/2281 2371/2426/2282 2374/2427/2285 2373/2424/2284
f 2372/2425/2283 2373/2424/2284 2376/2428/2287 2375/2429/2286
f 2373/2424/2284 2374/2427/2285 2377/2430/2288 2376/2428/2287
f 17/1012/17 909/2431/871 2369/2422/2280 1107/2432/1095
f 909/2431/871 908/1016/908 2370/2423/2281 2369/2422/2280
f 908/1016/908 907/1009/907 2371/2426/2282 2370/2423/2281
f 907/1009/907 15/1008/15 1101/2396/1089 2371/2426/2282
f 2371/2426/2282 1101/2396/1089 1100/2403/1088 2374/2427/2285
f 2374/2427/2285 1100/2403/1088 1099/2401/1087 2377/2430/2288
f 2377/2430/2288 1099/2401/1087 143/2402/143 259/2433/259
f 2376/2428/2287 2377/2430/2288 259/2433/259 260/2434/260
f 2375/2429/2286 2376/2428/2287 260/2434/260 261/2435/261
f 1105/2436/1093 2375/2429/2286 261/2435/261 145/2437/145
f 1106/2438/1094 2372/2425/2283 2375/2429/2286 1105/2436/1093
f 1107/2432/1095 2369/2422/2280 2372/2425/2283 1106/2438/1094
f 2378/2439/2289 2379/2440/2290 2382/2441/2293 2381/2442/2292
f 2379/2440/2290 2380/2443/2291 2383/2444/2294 2382/2441/2293
f 2381/2442/2292 2382/2441/2293 2385/2445/2296 2384/2446/2295
f 2382/2441/2293 2383/2444/2294 2386/2447/2297 2385/2445/2296
f 16/816/16 912/2448/911 2378/2439/2289 1102/2415/1090
f 912/2448/911 911/2449/910 2379/2440/2290 2378/2439/2289
f 911/2449/910 910/2450/909 2380/2443/2291 2379/2440/2290
f 910/2450/909 18/811/18 1108/2451/1096 2380/2443/2291
f 2380/2443/2291 1108/2451/1096 1109/2452/1097 2383/2444/2294
f 2383/2444/2294 1109/2452/1097 1110/2453/1098 2386/2447/2297
f 2386/2447/2297 1110/2453/1098 146/2454/146 262/2455/262
f 2385/2445/2296 2386/2447/2297 262/2455/262 263/2456/263
f 2384/2446/2295 2385/2445/2296 263/2456/263 264/2457/264
f 1104/2417/1092 2384/2446/2295 264/2457/264 144/2418/144
f 1103/2416/1091 2381/2442/2292 2384/2446/2295 1104/2417/1092
f 1102/2415/1090 2378/2439/2289 2381/2442/2292 1103/2416/1091
f 2387/2458/2298 2388/2459/2299 2391/2460/2302 2390/2461/2301
f 2388/2459/2299 2389/2462/2300 2392/2463/2303 2391/2460/2302
f 2390/2461/2301 2391/2460/2302 2394/2464/2305 2393/2465/2304
f 2391/2460/2302 2392/2463/2303 2395/2466/2306 2394/2464/2305
f 19/1017/19 915/2467/877 2387/2458/2298 1113/2468/1101
f 915/2467/877 914/2469/913 2388/2459/2299 2387/2458/2298
f 914/2469/913 913/2470/912 2389/2462/2300 2388/2459/2299
f 913/2470/912 17/1012/17 1107/2432/1095 2389/2462/2300
f 2389/2462/2300 1107/2432/1095 1106/2438/1094 2392/2463/2303
f 2392/2463/2303 1106/2438/1094 1105/2436/1093 2395/2466/2306
f 2395/2466/2306 1105/2436/1093 145/2437/145 268/2471/268
f 2394/2464/2305 2395/2466/2306 268/2471/268 269/2472/269
f 2393/2465/2304 2394/2464/2305 269/2472/269 270/2473/270
f 1111/2474/1099 2393/2465/2304 270/2473/270 147/2475/147
f 1112/2476/1100 2390/2461/2301 2393/2465/2304 1111/2474/1099
f 1113/2468/1101 2387/2458/2298 2390/2461/2301 1112/2476/1100
f 2396/2477/2307 2397/2478/2308 2400/2479/2311 2399/2480/2310
f 2397/2478/2308 2398/2481/2309 2401/2482/2312 2400/2479/2311
f 2399/2480/2310 2400/2479/2311 2403/2483/2314 2402/2484/2313
f 2400/2479/2311 2401/2482/2312 2404/2485/2315 2403/2483/2314
f 18/811/18 918/2486/916 2396/2477/2307 1108/2451/1096
f 918/2486/916 917/2487/915 2397/2478/2308 2396/2477/2307
f 917/2487/915 916/2488/914 2398/2481/2309 2397/2478/2308
f 916/2488/914 20/806/20 1114/2489/1102 2398/2481/2309
f 2398/2481/2309 1114/2489/1102 1115/2490/1103 2401/2482/2312
f 2401/2482/2312 1115/2490/1103 1116/2491/1104 2404/2485/2315
f 2404/2485/2315 1116/2491/1104 148/2492/148 271/2493/271
f 2403/2483/2314 2404/2485/2315 271/2493/271 272/2494/272
f 2402/2484/2313 2403/2483/2314 272/2494/272 273/2495/273
f 1110/2453/1098 2402/2484/2313 273/2495/273 146/2454/146
f 1109/2452/1097 2399/2480/2310 2402/2484/2313 1110/2453/1098
f 1108/2451/1096 2396/2477/2307 2399/2480/2310 1109/2452/1097
f 2405/2496/2316 2406/2497/2317 2409/2498/2320 2408/2499/2319
f 2406/2497/2317 2407/2500/2318 2410/2501/2321 2409/2498/2320
f 2408/2499/2319 2409/2498/2320 2412/2502/2323 2411/2503/2322
f 2409/2498/2320 2410/2501/2321 2413/2504/2324 2412/2502/2323
f 21/1022/21 921/2505/883 2405/2496/2316 1119/2506/1107
f 921/2505/883 920/2507/918 2406/2497/2317 2405/2496/2316
f 920/2507/918 919/2508/917 2407/2500/2318 2406/2497/2317
f 919/2508/917 19/1017/19 1113/2468/1101 2407/2500/2318
f 2407/2500/2318 1113/2468/1101 1112/2476/1100 2410/2501/2321
f 2410/2501/2321 1112/2476/1100 1111/2474/1099 2413/2504/2324
f 2413/2504/2324 1111/2474/1099 147/2475/147 277/2509/277
f 2412/2502/2323 2413/2504/2324 277/2509/277 278/2510/278
f 2411/2503/2322 2412/2502/2323 278/2510/278 279/2511/279
f 1117/2512/1105 2411/2503/2322 279/2511/279 149/2513/149
f 1118/2514/1106 2408/2499/2319 2411/2503/2322 1117/2512/1105
f 1119/2506/1107 2405/2496/2316 2408/2499/2319 1118/2514/1106
f 2414/2515/2325 2415/2516/2326 2418/2517/2329 2417/2518/2328
f 2415/2516/2326 2416/2519/2327 2419/2520/2330 2418/2517/2329
f 2417/2518/2328 2418/2517/2329 2421/2521/2332 2420/2522/2331
f 2418/2517/2329 2419/2520/2330 2422/2523/2333 2421/2521/2332
f 20/806/20 924/808/921 2414/2515/2325 1114/2489/1102
f 924/808/921 923/2524/920 2415/2516/2326 2414/2515/2325
f 923/2524/920 922/2525/919 2416/2519/2327 2415/2516/2326
f 922/2525/919 22/801/22 1120/2526/1108 2416/2519/2327
f 2416/2519/2327 1120/2526/1108 1121/2527/1109 2419/2520/2330
f 2419/2520/2330 1121/2527/1109 1122/2528/1110 2422/2523/2333
f 2422/2523/2333 1122/2528/1110 150/2529/150 280/2530/280
f 2421/2521/2332 2422/2523/2333 280/2530/280 281/2531/281
f 2420/2522/2331 2421/2521/2332 281/2531/281 282/2532/282
f 1116/2491/1104 2420/2522/2331 282/2532/282 148/2492/148
f 1115/2490/1103 2417/2518/2328 2420/2522/2331 1116/2491/1104
f 1114/2489/1102 2414/2515/2325 2417/2518/2328 1115/2490/1103
f 2423/2533/2334 2424/2534/2335 2427/2535/2338 2426/2536/2337
f 2424/2534/2335 2425/2537/2336 2428/2538/2339 2427/2535/2338
f 2426/2536/2337 2427/2535/2338 2430/2539/2341 2429/2540/2340
f 2427/2535/2338 2428/2538/2339 2431/2541/2342 2430/2539/2341
f 23/1027/23 927/2542/924 2423/2533/2334 1125/2543/1113
f 927/2542/924 926/2544/923 2424/2534/2335 2423/2533/2334
f 926/2544/923 925/2545/922 2425/2537/2336 2424/2534/2335
f 925/2545/922 21/1022/21 1119/2506/1107 2425/2537/2336
f 2425/2537/2336 1119/2506/1107 1118/2514/1106 2428/2538/2339
f 2428/2538/2339 1118/2514/1106 1117/2512/1105 2431/2541/2342
f 2431/2541/2342 1117/2512/1105 149/2513/149 286/2546/286
f 2430/2539/2341 2431/2541/2342 286/2546/286 287/2547/287
f 2429/2540/2340 2430/2539/2341 287/2547/287 288/2548/288
f 1123/2549/1111 2429/2540/2340 288/2548/288 151/2550/151
f 1124/2551/1112 2426/2536/2337 2429/2540/2340 1123/2549/1111
f 1125/2543/1113 2423/2533/2334 2426/2536/2337 1124/2551/1112
f 2432/2552/2343 2433/2553/2344 2436/2554/2347 2435/2555/2346
f 2433/2553/2344 2434/2556/2345 2437/2557/2348 2436/2554/2347
f 2435/2555/2346 2436/2554/2347 2439/2558/2350 2438/2559/2349
f 2436/2554/2347 2437/2557/2348 2440/2560/2351 2439/2558/2350
f 22/801/22 930/2561/927 2432/2552/2343 1120/2526/1108
f 930/2561/927 929/2562/926 2433/2553/2344 2432/2552/2343
f 929/2562/926 928/2563/925 2434/2556/2345 2433/2553/2344
f 928/2563/925 24/796/24 1126/2564/1114 2434/2556/2345
f 2434/2556/2345 1126/2564/1114 1127/2565/1115 2437/2557/2348
f 2437/2557/2348 1127/2565/1115 1128/2566/1116 2440/2560/2351
f 2440/2560/2351 1128/2566/1116 152/2567/152 289/2568/289
f 2439/2558/2350 2440/2560/2351 289/2568/289 290/2569/290
f 2438/2559/2349 2439/2558/2350 290/2569/290 291/2570/291
f 1122/2528/1110 2438/2559/2349 291/2570/291 150/2529/150
f 1121/2527/1109 2435/2555/2346 2438/2559/2349 1122/2528/1110
f 1120/2526/1108 2432/2552/2343 2435/2555/2346 1121/2527/1109
f 2441/2571/2352 2442/2572/2353 2445/2573/2356 2444/2574/2355
f 2442/2572/2353 2443/2575/2354 2446/2576/2357 2445/2573/2356
f 2444/2574/2355 2445/2573/2356 2448/2577/2359 2447/2578/2358
f 2445/2573/2356 2446/2576/2357 2449/2579/2360 2448/2577/2359
f 25/1032/25 933/2580/930 2441/2571/2352 1131/2581/1119
f 933/2580/930 932/2582/929 2442/2572/2353 2441/2571/2352
f 932/2582/929 931/2583/928 2443/2575/2354 2442/2572/2353
f 931/2583/928 23/1027/23 1125/2543/1113 2443/2575/2354
f 2443/2575/2354 1125/2543/1113 1124/2551/1112 2446/2576/2357
f 2446/2576/2357 1124/2551/1112 1123/2549/1111 2449/2579/2360
f 2449/2579/2360 1123/2549/1111 151/2550/151 295/2584/295
f 2448/2577/2359 2449/2579/2360 295/2584/295 296/2585/296
f 2447/2578/2358 2448/2577/2359 296/2585/296 297/2586/297
f 1129/2587/1117 2447/2578/2358 297/2586/297 153/2588/153
f 1130/2589/1118 2444/2574/2355 2447/2578/2358 1129/2587/1117
f 1131/2581/1119 2441/2571/2352 2444/2574/2355 1130/2589/1118
f 2450/2590/2361 2451/2591/2362 2454/2592/2365 2453/2593/2364
f 2451/2591/2362 2452/2594/2363 2455/2595/2366 2454/2592/2365
f 2453/2593/2364 2454/2592/2365 2457/2596/2368 2456/2597/2367
f 2454/2592/2365 2455/2595/2366 2458/2598/2369 2457/2596/2368
f 24/796/24 936/2599/933 2450/2590/2361 1126/2564/1114
f 936/2599/933 935/2600/932 2451/2591/2362 2450/2590/2361
f 935/2600/932 934/793/931 2452/2594/2363 2451/2591/2362
f 934/793/931 26/792/26 1132/2601/1120 2452/2594/2363
f 2452/2594/2363 1132/2601/1120 1133/2602/1121 2455/2595/2366
f 2455/2595/2366 1133/2602/1121 1134/2603/1122 2458/2598/2369
f 2458/2598/2369 1134/2603/1122 154/2604/154 298/2605/298
f 2457/2596/2368 2458/2598/2369 298/2605/298 299/2606/299
f 2456/2597/2367 2457/2596/2368 299/2606/299 300/2607/300
f 1128/2566/1116 2456/2597/2367 300/2607/300 152/2567/152
f 1127/2565/1115 2453/2593/2364 2456/2597/2367 1128/2566/1116
f 1126/2564/1114 2450/2590/2361 2453/2593/2364 1127/2565/1115
f 2459/2608/2370 2460/2609/2371 2463/2610/2374 2462/2611/2373
f 2460/2609/2371 2461/2612/2372 2464/2613/2375 2463/2610/2374
f 2462/2611/2373 2463/2610/2374 2466/2614/2377 2465/2615/2376
f 2463/2610/2374 2464/2613/2375 2467/2616/2378 2466/2614/2377
f 27/1037/27 939/2617/901 2459/2608/2370 1137/2618/1125
f 939/2617/901 938/2619/935 2460/2609/2371 2459/2608/2370
f 938/2619/935 937/1033/934 2461/2612/2372 2460/2609/2371
f 937/1033/934 25/1032/25 1131/2581/1119 2461/2612/2372
f 2461/2612/2372 1131/2581/1119 1130/2589/1118 2464/2613/2375
f 2464/2613/2375 1130/2589/1118 1129/2587/1117 2467/2616/2378
f 2467/2616/2378 1129/2587/1117 153/2588/153 304/2620/304
f 2466/2614/2377 2467/2616/2378 304/2620/304 305/2621/305
f 2465/2615/2376 2466/2614/2377 305/2621/305 306/2622/306
f 1135/2623/1123 2465/2615/2376 306/2622/306 155/2624/155
f 1136/2625/1124 2462/2611/2373 2465/2615/2376 1135/2623/1123
f 1137/2618/1125 2459/2608/2370 2462/2611/2373 1136/2625/1124
f 2468/2626/2379 2469/2627/2380 2472/2628/2383 2471/2629/2382
f 2469/2627/2380 2470/2630/2381 2473/2631/2384 2472/2628/2383
f 2471/2629/2382 2472/2628/2383 2475/2632/2386 2474/2633/2385
f 2472/2628/2383 2473/2631/2384 2476/2634/2387 2475/2632/2386
f 26/792/26 942/2635/938 2468/2626/2379 1132/2601/1120
f 942/2635/938 941/2636/937 2469/2627/2380 2468/2626/2379
f 941/2636/937 940/2637/936 2470/2630/2381 2469/2627/2380
f 940/2637/936 28/788/28 1138/2638/1126 2470/2630/2381
f 2470/2630/2381 1138/2638/1126 1139/2639/1127 2473/2631/2384
f 2473/2631/2384 1139/2639/1127 1140/2640/1128 2476/2634/2387
f 2476/2634/2387 1140/2640/1128 156/2641/156 307/2642/307
f 2475/2632/2386 2476/2634/2387 307/2642/307 308/2643/308
f 2474/2633/2385 2475/2632/2386 308/2643/308 309/2644/309
f 1134/2603/1122 2474/2633/2385 309/2644/309 154/2604/154
f 1133/2602/1121 2471/2629/2382 2474/2633/2385 1134/2603/1122
f 1132/2601/1120 2468/2626/2379 2471/2629/2382 1133/2602/1121
f 2477/2645/2388 2478/2646/2389 2481/2647/2392 2480/2648/2391
f 2478/2646/2389 2479/2649/2390 2482/2650/2393 2481/2647/2392
f 2480/2648/2391 2481/2647/2392 2484/2651/2395 2483/2652/2394
f 2481/2647/2392 2482/2650/2393 2485/2653/2396 2484/2651/2395
f 29/1042/29 945/1044/907 2477/2645/2388 1143/2654/1131
f 945/1044/907 944/2655/940 2478/2646/2389 2477/2645/2388
f 944/2655/940 943/2656/939 2479/2649/2390 2478/2646/2389
f 943/2656/939 27/1037/27 1137/2618/1125 2479/2649/2390
f 2479/2649/2390 1137/2618/1125 1136/2625/1124 2482/2650/2393
f 2482/2650/2393 1136/2625/1124 1135/2623/1123 2485/2653/2396
f 2485/2653/2396 1135/2623/1123 155/2624/155 313/2657/313
f 2484/2651/2395 2485/2653/2396 313/2657/313 314/2658/314
f 2483/2652/2394 2484/2651/2395 314/2658/314 315/2659/315
f 1141/2660/1129 2483/2652/2394 315/2659/315 157/2661/157
f 1142/2662/1130 2480/2648/2391 2483/2652/2394 1141/2660/1129
f 1143/2654/1131 2477/2645/2388 2480/2648/2391 1142/2662/1130
f 2486/2663/2397 2487/2664/2398 2490/2665/2401 2489/2666/2400
f 2487/2664/2398 2488/2667/2399 2491/2668/2402 2490/2665/2401
f 2489/2666/2400 2490/2665/2401 2493/2669/2404 2492/2670/2403
f 2490/2665/2401 2491/2668/2402 2494/2671/2405 2493/2669/2404
f 28/788/28 948/2672/943 2486/2663/2397 1138/2638/1126
f 948/2672/943 947/786/942 2487/2664/2398 2486/2663/2397
f 947/786/942 946/2673/941 2488/2667/2399 2487/2664/2398
f 946/2673/941 30/783/30 1144/2674/1132 2488/2667/2399
f 2488/2667/2399 1144/2674/1132 1145/2675/1133 2491/2668/2402
f 2491/2668/2402 1145/2675/1133 1146/2676/1134 2494/2671/2405
f 2494/2671/2405 1146/2676/1134 158/2677/158 316/2678/316
f 2493/2669/2404 2494/2671/2405 316/2678/316 317/2679/317
f 2492/2670/2403 2493/2669/2404 317/2679/317 318/2680/318
f 1140/2640/1128 2492/2670/2403 318/2680/318 156/2641/156
f 1139/2639/1127 2489/2666/2400 2492/2670/2403 1140/2640/1128
f 1138/2638/1126 2486/2663/2397 2489/2666/2400 1139/2639/1127
f 2495/2681/2406 2496/2682/2407 2499/2683/2410 2498/2684/2409
f 2496/2682/2407 2497/2685/2408 2500/2686/2411 2499/2683/2410
f 2498/2684/2409 2499/2683/2410 2502/2687/2413 2501/2688/2412
f 2499/2683/2410 2500/2686/2411 2503/2689/2414 2502/2687/2413
f 31/1047/31 951/2690/912 2495/2681/2406 1149/2691/1137
f 951/2690/912 950/1045/945 2496/2682/2407 2495/2681/2406
f 950/1045/945 949/2692/944 2497/2685/2408 2496/2682/2407
f 949/2692/944 29/1042/29 1143/2654/1131 2497/2685/2408
f 2497/2685/2408 1143/2654/1131 1142/2662/1130 2500/2686/2411
f 2500/2686/2411 1142/2662/1130 1141/2660/1129 2503/2689/2414
f 2503/2689/2414 1141/2660/1129 157/2661/157 322/2693/322
f 2502/2687/2413 2503/2689/2414 322/2693/322 323/2694/323
f 2501/2688/2412 2502/2687/2413 323/2694/323 324/2695/324
f 1147/2696/1135 2501/2688/2412 324/2695/324 159/2697/159
f 1148/2698/1136 2498/2684/2409 2501/2688/2412 1147/2696/1135
f 1149/2691/1137 2495/2681/2406 2498/2684/2409 1148/2698/1136
f 2504/2699/2415 2505/2700/2416 2508/2701/2419 2507/2702/2418
f 2505/2700/2416 2506/2703/2417 2509/2704/2420 2508/2701/2419
f 2507/2702/2418 2508/2701/2419 2511/2705/2422 2510/2706/2421
f 2508/2701/2419 2509/2704/2420 2512/2707/2423 2511/2705/2422
f 30/783/30 954/785/948 2504/2699/2415 1144/2674/1132
f 954/785/948 953/781/947 2505/2700/2416 2504/2699/2415
f 953/781/947 952/2708/946 2506/2703/2417 2505/2700/2416
f 952/2708/946 32/778/32 1150/2709/1138 2506/2703/2417
f 2506/2703/2417 1150/2709/1138 1151/2710/1139 2509/2704/2420
f 2509/2704/2420 1151/2710/1139 1152/2711/1140 2512/2707/2423
f 2512/2707/2423 1152/2711/1140 160/2712/160 325/2713/325
f 2511/2705/2422 2512/2707/2423 325/2713/325 326/2714/326
f 2510/2706/2421 2511/2705/2422 326/2714/326 327/2715/327
f 1146/2676/1134 2510/2706/2421 327/2715/327 158/2677/158
f 1145/2675/1133 2507/2702/2418 2510/2706/2421 1146/2676/1134
f 1144/2674/1132 2504/2699/2415 2507/2702/2418 1145/2675/1133
f 2513/2716/2424 2514/2717/2425 2517/2718/2428 2516/2719/2427
f 2514/2717/2425 2515/2720/2426 2518/2721/2429 2517/2718/2428
f 2516/2719/2427 2517/2718/2428 2520/2722/2431 2519/2723/2430
f 2517/2718/2428 2518/2721/2429 2521/2724/2432 2520/2722/2431
f 33/1052/33 957/1054/951 2513/2716/2424 1155/2725/1143
f 957/1054/951 956/1050/950 2514/2717/2425 2513/2716/2424
f 956/1050/950 955/2726/949 2515/2720/2426 2514/2717/2425
f 955/2726/949 31/1047/31 1149/2691/1137 2515/2720/2426
f 2515/2720/2426 1149/2691/1137 1148/2698/1136 2518/2721/2429
f 2518/2721/2429 1148/2698/1136 1147/2696/1135 2521/2724/2432
f 2521/2724/2432 1147/2696/1135 159/2697/159 331/2727/331
f 2520/2722/2431 2521/2724/2432 331/2727/331 332/2728/332
f 2519/2723/2430 2520/2722/2431 332/2728/332 333/2729/333
f 1153/2730/1141 2519/2723/2430 333/2729/333 161/2731/161
f 1154/2732/1142 2516/2719/2427 2519/2723/2430 1153/2730/1141
f 1155/2725/1143 2513/2716/2424 2516/2719/2427 1154/2732/1142
f 2522/2733/2433 2523/2734/2434 2526/2735/2437 2525/2736/2436
f 2523/2734/2434 2524/2737/2435 2527/2738/2438 2526/2735/2437
f 2525/2736/2436 2526/2735/2437 2529/2739/2440 2528/2740/2439
f 2526/2735/2437 2527/2738/2438 2530/2741/2441 2529/2739/2440
f 32/778/32 960/2742/954 2522/2733/2433 1150/2709/1138
f 960/2742/954 959/2743/953 2523/2734/2434 2522/2733/2433
f 959/2743/953 958/2744/952 2524/2737/2435 2523/2734/2434
f 958/2744/952 34/773/34 1156/2745/1144 2524/2737/2435
f 2524/2737/2435 1156/2745/1144 1157/2746/1145 2527/2738/2438
f 2527/2738/2438 1157/2746/1145 1158/2747/1146 2530/2741/2441
f 2530/2741/2441 1158/2747/1146 162/2748/162 334/2749/334
f 2529/2739/2440 2530/2741/2441 334/2749/334 335/2750/335
f 2528/2740/2439 2529/2739/2440 335/2750/335 336/2751/336
f 1152/2711/1140 2528/2740/2439 336/2751/336 160/2712/160
f 1151/2710/1139 2525/2736/2436 2528/2740/2439 1152/2711/1140
f 1150/2709/1138 2522/2733/2433 2525/2736/2436 1151/2710/1139
f 2531/2752/2442 2532/2753/2443 2535/2754/2446 2534/2755/2445
f 2532/2753/2443 2533/2756/2444 2536/2757/2447 2535/2754/2446
f 2534/2755/2445 2535/2754/2446 2538/2758/2449 2537/2759/2448
f 2535/2754/2446 2536/2757/2447 2539/2760/2450 2538/2758/2449
f 35/1056/35 963/2761/957 2531/2752/2442 1161/2762/1149
f 963/2761/957 962/2763/956 2532/2753/2443 2531/2752/2442
f 962/2763/956 961/2764/955 2533/2756/2444 2532/2753/2443
f 961/2764/955 33/1052/33 1155/2725/1143 2533/2756/2444
f 2533/2756/2444 1155/2725/1143 1154/2732/1142 2536/2757/2447
f 2536/2757/2447 1154/2732/1142 1153/2730/1141 2539/2760/2450
f 2539/2760/2450 1153/2730/1141 161/2731/161 340/2765/340
f 2538/2758/2449 2539/2760/2450 340/2765/340 341/2766/341
f 2537/2759/2448 2538/2758/2449 341/2766/341 342/2767/342
f 1159/2768/1147 2537/2759/2448 342/2767/342 163/2769/163
f 1160/2770/1148 2534/2755/2445 2537/2759/2448 1159/2768/1147
f 1161/2762/1149 2531/2752/2442 2534/2755/2445 1160/2770/1148
f 2540/2771/2451 2541/2772/2452 2544/2773/2455 2543/2774/2454
f 2541/2772/2452 2542/2775/2453 2545/2776/2456 2544/2773/2455
f 2543/2774/2454 2544/2773/2455 2547/2777/2458 2546/2778/2457
f 2544/2773/2455 2545/2776/2456 2548/2779/2459 2547/2777/2458
f 34/773/34 966/2780/960 2540/2771/2451 1156/2745/1144
f 966/2780/960 965/2781/959 2541/2772/2452 2540/2771/2451
f 965/2781/959 964/2782/958 2542/2775/2453 2541/2772/2452
f 964/2782/958 36/768/36 1162/2783/1150 2542/2775/2453
f 2542/2775/2453 1162/2783/1150 1163/2784/1151 2545/2776/2456
f 2545/2776/2456 1163/2784/1151 1164/2785/1152 2548/2779/2459
f 2548/2779/2459 1164/2785/1152 164/2786/164 343/2787/343
f 2547/2777/2458 2548/2779/2459 343/2787/343 344/2788/344
f 2546/2778/2457 2547/2777/2458 344/2788/344 345/2789/345
f 1158/2747/1146 2546/2778/2457 345/2789/345 162/2748/162
f 1157/2746/1145 2543/2774/2454 2546/2778/2457 1158/2747/1146
f 1156/2745/1144 2540/2771/2451 2543/2774/2454 1157/2746/1145
f 2549/2790/2460 2550/2791/2461 2553/2792/2464 2552/2793/2463
f 2550/2791/2461 2551/2794/2462 2554/2795/2465 2553/2792/2464
f 2552/2793/2463 2553/2792/2464 2556/2796/2467 2555/2797/2466
f 2553/2792/2464 2554/2795/2465 2557/2798/2468 2556/2796/2467
f 37/1061/37 969/2799/963 2549/2790/2460 1167/2800/1155
f 969/2799/963 968/1059/962 2550/2791/2461 2549/2790/2460
f 968/1059/962 967/2801/961 2551/2794/2462 2550/2791/2461
f 967/2801/961 35/1056/35 1161/2762/1149 2551/2794/2462
f 2551/2794/2462 1161/2762/1149 1160/2770/1148 2554/2795/2465
f 2554/2795/2465 1160/2770/1148 1159/2768/1147 2557/2798/2468
f 2557/2798/2468 1159/2768/1147 163/2769/163 349/2802/349
f 2556/2796/2467 2557/2798/2468 349/2802/349 350/2803/350
f 2555/2797/2466 2556/2796/2467 350/2803/350 351/2804/351
f 1165/2805/1153 2555/2797/2466 351/2804/351 165/2806/165
f 1166/2807/1154 2552/2793/2463 2555/2797/2466 1165/2805/1153
f 1167/2800/1155 2549/2790/2460 2552/2793/2463 1166/2807/1154
f 2558/2808/2469 2559/2809/2470 2562/2810/2473 2561/2811/2472
f 2559/2809/2470 2560/2812/2471 2563/2813/2474 2562/2810/2473
f 2561/2811/2472 2562/2810/2473 2565/2814/2476 2564/2815/2475
f 2562/2810/2473 2563/2813/2474 2566/2816/2477 2565/2814/2476
f 36/768/36 972/2817/966 2558/2808/2469 1162/2783/1150
f 972/2817/966 971/2818/965 2559/2809/2470 2558/2808/2469
f 971/2818/965 970/2819/964 2560/2812/2471 2559/2809/2470
f 970/2819/964 38/763/38 1168/2820/1156 2560/2812/2471
f 2560/2812/2471 1168/2820/1156 1169/2821/1157 2563/2813/2474
f 2563/2813/2474 1169/2821/1157 1170/2822/1158 2566/2816/2477
f 2566/2816/2477 1170/2822/1158 166/2823/166 352/2824/352
f 2565/2814/2476 2566/2816/2477 352/2824/352 353/2825/353
f 2564/2815/2475 2565/2814/2476 353/2825/353 354/2826/354
f 1164/2785/1152 2564/2815/2475 354/2826/354 164/2786/164
f 1163/2784/1151 2561/2811/2472 2564/2815/2475 1164/2785/1152
f 1162/2783/1150 2558/2808/2469 2561/2811/2472 1163/2784/1151
f 2567/2827/2478 2568/2828/2479 2571/2829/2482 2570/2830/2481
f 2568/2828/2479 2569/2831/2480 2572/2832/2483 2571/2829/2482
f 2570/2830/2481 2571/2829/2482 2574/2833/2485 2573/2834/2484
f 2571/2829/2482 2572/2832/2483 2575/2835/2486 2574/2833/2485
f 39/1066/39 975/2836/969 2567/2827/2478 1173/2837/1161
f 975/2836/969 974/2838/968 2568/2828/2479 2567/2827/2478
f 974/2838/968 973/2839/967 2569/2831/2480 2568/2828/2479
f 973/2839/967 37/1061/37 1167/2800/1155 2569/2831/2480
f 2569/2831/2480 1167/2800/1155 1166/2807/1154 2572/2832/2483
f 2572/2832/2483 1166/2807/1154 1165/2805/1153 2575/2835/2486
f 2575/2835/2486 1165/2805/1153 165/2806/165 358/2840/358
f 2574/2833/2485 2575/2835/2486 358/2840/358 359/2841/359
f 2573/2834/2484 2574/2833/2485 359/2841/359 360/2842/360
f 1171/2843/1159 2573/2834/2484 360/2842/360 167/2844/167
f 1172/2845/1160 2570/2830/2481 2573/2834/2484 1171/2843/1159
f 1173/2837/1161 2567/2827/2478 2570/2830/2481 1172/2845/1160
f 2576/2846/2487 2577/2847/2488 2580/2848/2491 2579/2849/2490
f 2577/2847/2488 2578/2850/2489 2581/2851/2492 2580/2848/2491
f 2579/2849/2490 2580/2848/2491 2583/2852/2494 2582/2853/2493
f 2580/2848/2491 2581/2851/2492 2584/2854/2495 2583/2852/2494
f 38/763/38 978/2855/972 2576/2846/2487 1168/2820/1156
f 978/2855/972 977/767/971 2577/2847/2488 2576/2846/2487
f 977/767/971 976/2856/970 2578/2850/2489 2577/2847/2488
f 976/2856/970 40/758/40 1174/2857/1162 2578/2850/2489
f 2578/2850/2489 1174/2857/1162 1175/2858/1163 2581/2851/2492
f 2581/2851/2492 1175/2858/1163 1176/2859/1164 2584/2854/2495
f 2584/2854/2495 1176/2859/1164 168/2860/168 361/2861/361
f 2583/2852/2494 2584/2854/2495 361/2861/361 362/2862/362
f 2582/2853/2493 2583/2852/2494 362/2862/362 363/2863/363
f 1170/2822/1158 2582/2853/2493 363/2863/363 166/2823/166
f 1169/2821/1157 2579/2849/2490 2582/2853/2493 1170/2822/1158
f 1168/2820/1156 2576/2846/2487 2579/2849/2490 1169/2821/1157
f 2585/2864/2496 2586/2865/2497 2589/2866/2500 2588/2867/2499
f 2586/2865/2497 2587/2868/2498 2590/2869/2501 2589/2866/2500
f 2588/2867/2499 2589/2866/2500 2592/2870/2503 2591/2871/2502
f 2589/2866/2500 2590/2869/2501 2593/2872/2504 2592/2870/2503
f 41/1071/41 981/1073/939 2585/2864/2496 1179/2873/1167
f 981/1073/939 980/1069/974 2586/2865/2497 2585/2864/2496
f 980/1069/974 979/2874/973 2587/2868/2498 2586/2865/2497
f 979/2874/973 39/1066/39 1173/2837/1161 2587/2868/2498
f 2587/2868/2498 1173/2837/1161 1172/2845/1160 2590/2869/2501
f 2590/2869/2501 1172/2845/1160 1171/2843/1159 2593/2872/2504
f 2593/2872/2504 1171/2843/1159 167/2844/167 367/2875/367
f 2592/2870/2503 2593/2872/2504 367/2875/367 368/2876/368
f 2591/2871/2502 2592/2870/2503 368/2876/368 369/2877/369
f 1177/2878/1165 2591/2871/2502 369/2877/369 169/2879/169
f 1178/2880/1166 2588/2867/2499 2591/2871/2502 1177/2878/1165
f 1179/2873/1167 2585/2864/2496 2588/2867/2499 1178/2880/1166
f 2594/2881/2505 2595/2882/2506 2598/2883/2509 2597/2884/2508
f 2595/2882/2506 2596/2885/2507 2599/2886/2510 2598/2883/2509
f 2597/2884/2508 2598/2883/2509 2601/2887/2512 2600/2888/2511
f 2598/2883/2509 2599/2886/2510 2602/2889/2513 2601/2887/2512
f 40/758/40 984/2890/977 2594/2881/2505 1174/2857/1162
f 984/2890/977 983/762/976 2595/2882/2506 2594/2881/2505
f 983/762/976 982/2891/975 2596/2885/2507 2595/2882/2506
f 982/2891/975 42/753/42 1180/2892/1168 2596/2885/2507
f 2596/2885/2507 1180/2892/1168 1181/2893/1169 2599/2886/2510
f 2599/2886/2510 1181/2893/1169 1182/2894/1170 2602/2889/2513
f 2602/2889/2513 1182/2894/1170 170/2895/170 370/2896/370
f 2601/2887/2512 2602/2889/2513 370/2896/370 371/2897/371
f 2600/2888/2511 2601/2887/2512 371/2897/371 372/2898/372
f 1176/2859/1164 2600/2888/2511 372/2898/372 168/2860/168
f 1175/2858/1163 2597/2884/2508 2600/2888/2511 1176/2859/1164
f 1174/2857/1162 2594/2881/2505 2597/2884/2508 1175/2858/1163
f 2603/2899/2514 2604/2900/2515 2607/2901/2518 2606/2902/2517
f 2604/2900/2515 2605/2903/2516 2608/2904/2519 2607/2901/2518
f 2606/2902/2517 2607/2901/2518 2610/2905/2521 2609/2906/2520
f 2607/2901/2518 2608/2904/2519 2611/2907/2522 2610/2905/2521
f 43/1075/43 987/2908/980 2603/2899/2514 1185/2909/1173
f 987/2908/980 986/2910/979 2604/2900/2515 2603/2899/2514
f 986/2910/979 985/2911/978 2605/2903/2516 2604/2900/2515
f 985/2911/978 41/1071/41 1179/2873/1167 2605/2903/2516
f 2605/2903/2516 1179/2873/1167 1178/2880/1166 2608/2904/2519
f 2608/2904/2519 1178/2880/1166 1177/2878/1165 2611/2907/2522
f 2611/2907/2522 1177/2878/1165 169/2879/169 376/2912/376
f 2610/2905/2521 2611/2907/2522 376/2912/376 377/2913/377
f 2609/2906/2520 2610/2905/2521 377/2913/377 378/2914/378
f 1183/2915/1171 2609/2906/2520 378/2914/378 171/2916/171
f 1184/2917/1172 2606/2902/2517 2609/2906/2520 1183/2915/1171
f 1185/2909/1173 2603/2899/2514 2606/2902/2517 1184/2917/1172
f 2612/2918/2523 2613/2919/2524 2616/2920/2527 2615/2921/2526
f 2613/2919/2524 2614/2922/2525 2617/2923/2528 2616/2920/2527
f 2615/2921/2526 2616/2920/2527 2619/2924/2530 2618/2925/2529
f 2616/2920/2527 2617/2923/2528 2620/2926/2531 2619/2924/2530
f 42/753/42 990/755/983 2612/2918/2523 1180/2892/1168
f 990/755/983 989/2927/982 2613/2919/2524 2612/2918/2523
f 989/2927/982 988/2928/981 2614/2922/2525 2613/2919/2524
f 988/2928/981 44/749/44 1186/2929/1174 2614/2922/2525
f 2614/2922/2525 1186/2929/1174 1187/2930/1175 2617/2923/2528
f 2617/2923/2528 1187/2930/1175 1188/2931/1176 2620/2926/2531
f 2620/2926/2531 1188/2931/1176 172/2932/172 379/2933/379
f 2619/2924/2530 2620/2926/2531 379/2933/379 380/2934/380
f 2618/2925/2529 2619/2924/2530 380/2934/380 381/2935/381
f 1182/2894/1170 2618/2925/2529 381/2935/381 170/2895/170
f 1181/2893/1169 2615/2921/2526 2618/2925/2529 1182/2894/1170
f 1180/2892/1168 2612/2918/2523 2615/2921/2526 1181/2893/1169
f 2621/2936/2532 2622/2937/2533 2625/2938/2536 2624/2939/2535
f 2622/2937/2533 2623/2940/2534 2626/2941/2537 2625/2938/2536
f 2624/2939/2535 2625/2938/2536 2628/2942/2539 2627/2943/2538
f 2625/2938/2536 2626/2941/2537 2629/2944/2540 2628/2942/2539
f 45/1080/45 993/2945/986 2621/2936/2532 1191/2946/1179
f 993/2945/986 992/2947/985 2622/2937/2533 2621/2936/2532
f 992/2947/985 991/1076/984 2623/2940/2534 2622/2937/2533
f 991/1076/984 43/1075/43 1185/2909/1173 2623/2940/2534
f 2623/2940/2534 1185/2909/1173 1184/2917/1172 2626/2941/2537
f 2626/2941/2537 1184/2917/1172 1183/2915/1171 2629/2944/2540
f 2629/2944/2540 1183/2915/1171 171/2916/171 385/2948/385
f 2628/2942/2539 2629/2944/2540 385/2948/385 386/2949/386
f 2627/2943/2538 2628/2942/2539 386/2949/386 387/2950/387
f 1189/2951/1177 2627/2943/2538 387/2950/387 173/2952/173
f 1190/2953/1178 2624/2939/2535 2627/2943/2538 1189/2951/1177
f 1191/2946/1179 2621/2936/2532 2624/2939/2535 1190/2953/1178
f 2630/2954/2541 2631/2955/2542 2634/2956/2545 2633/2957/2544
f 2631/2955/2542 2632/2958/2543 2635/2959/2546 2634/2956/2545
f 2633/2957/2544 2634/2956/2545 2637/2960/2548 2636/2961/2547
f 2634/2956/2545 2635/2959/2546 2638/2962/2549 2637/2960/2548
f 44/749/44 996/2963/989 2630/2954/2541 1186/2929/1174
f 996/2963/989 995/2964/988 2631/2955/2542 2630/2954/2541
f 995/2964/988 994/746/987 2632/2958/2543 2631/2955/2542
f 994/746/987 46/745/46 1192/2965/1180 2632/2958/2543
f 2632/2958/2543 1192/2965/1180 1193/2966/1181 2635/2959/2546
f 2635/2959/2546 1193/2966/1181 1194/2967/1182 2638/2962/2549
f 2638/2962/2549 1194/2967/1182 174/2968/174 388/2969/388
f 2637/2960/2548 2638/2962/2549 388/2969/388 389/2970/389
f 2636/2961/2547 2637/2960/2548 389/2970/389 390/2971/390
f 1188/2931/1176 2636/2961/2547 390/2971/390 172/2932/172
f 1187/2930/1175 2633/2957/2544 2636/2961/2547 1188/2931/1176
f 1186/2929/1174 2630/2954/2541 2633/2957/2544 1187/2930/1175
f 2639/2972/2550 2640/2973/2551 2643/2974/2554 2642/2975/2553
f 2640/2973/2551 2641/2976/2552 2644/2977/2555 2643/2974/2554
f 2642/2975/2553 2643/2974/2554 2646/2978/2557 2645/2979/2556
f 2643/2974/2554 2644/2977/2555 2647/2980/2558 2646/2978/2557
f 47/1085/47 999/2981/955 2639/2972/2550 1197/2982/1185
f 999/2981/955 998/2983/991 2640/2973/2551 2639/2972/2550
f 998/2983/991 997/2984/990 2641/2976/2552 2640/2973/2551
f 997/2984/990 45/1080/45 1191/2946/1179 2641/2976/2552
f 2641/2976/2552 1191/2946/1179 1190/2953/1178 2644/2977/2555
f 2644/2977/2555 1190/2953/1178 1189/2951/1177 2647/2980/2558
f 2647/2980/2558 1189/2951/1177 173/2952/173 394/2985/394
f 2646/2978/2557 2647/2980/2558 394/2985/394 395/2986/395
f 2645/2979/2556 2646/2978/2557 395/2986/395 396/2987/396
f 1195/2988/1183 2645/2979/2556 396/2987/396 175/2989/175
f 1196/2990/1184 2642/2975/2553 2645/2979/2556 1195/2988/1183
f 1197/2982/1185 2639/2972/2550 2642/2975/2553 1196/2990/1184
f 2648/2991/2559 2649/2992/2560 2652/2993/2563 2651/2994/2562
f 2649/2992/2560 2650/2995/2561 2653/2996/2564 2652/2993/2563
f 2651/2994/2562 2652/2993/2563 2655/2997/2566 2654/2998/2565
f 2652/2993/2563 2653/2996/2564 2656/2999/2567 2655/2997/2566
f 46/745/46 1002/747/994 2648/2991/2559 1192/2965/1180
f 1002/747/994 1001/3000/993 2649/2992/2560 2648/2991/2559
f 1001/3000/993 1000/3001/992 2650/2995/2561 2649/2992/2560
f 1000/3001/992 48/740/48 1198/3002/1186 2650/2995/2561
f 2650/2995/2561 1198/3002/1186 1199/3003/1187 2653/2996/2564
f 2653/2996/2564 1199/3003/1187 1200/3004/1188 2656/2999/2567
f 2656/2999/2567 1200/3004/1188 176/3005/176 397/3006/397
f 2655/2997/2566 2656/2999/2567 397/3006/397 398/3007/398
f 2654/2998/2565 2655/2997/2566 398/3007/398 399/3008/399
f 1194/2967/1182 2654/2998/2565 399/3008/399 174/2968/174
f 1193/2966/1181 2651/2994/2562 2654/2998/2565 1194/2967/1182
f 1192/2965/1180 2648/2991/2559 2651/2994/2562 1193/2966/1181
f 2657/3009/2568 2658/3010/2569 2661/3011/2572 2660/3012/2571
f 2658/3010/2569 2659/3013/2570 2662/3014/2573 2661/3011/2572
f 2660/3012/2571 2661/3011/2572 2664/3015/2575 2663/3016/2574
f 2661/3011/2572 2662/3014/2573 2665/3017/2576 2664/3015/2575
f 49/1090/49 1005/3018/997 2657/3009/2568 1203/3019/1191
f 1005/3018/997 1004/1094/996 2658/3010/2569 2657/3009/2568
f 1004/1094/996 1003/3020/995 2659/3013/2570 2658/3010/2569
f 1003/3020/995 47/1085/47 1197/2982/1185 2659/3013/2570
f 2659/3013/2570 1197/2982/1185 1196/2990/1184 2662/3014/2573
f 2662/3014/2573 1196/2990/1184 1195/2988/1183 2665/3017/2576
f 2665/3017/2576 1195/2988/1183 175/2989/175 403/3021/403
f 2664/3015/2575 2665/3017/2576 403/3021/403 404/3022/404
f 2663/3016/2574 2664/3015/2575 404/3022/404 405/3023/405
f 1201/3024/1189 2663/3016/2574 405/3023/405 177/3025/177
f 1202/3026/1190 2660/3012/2571 2663/3016/2574 1201/3024/1189
f 1203/3019/1191 2657/3009/2568 2660/3012/2571 1202/3026/1190
f 2666/3027/2577 2667/3028/2578 2670/3029/2581 2669/3030/2580
f 2667/3028/2578 2668/3031/2579 2671/3032/2582 2670/3029/2581
f 2669/3030/2580 2670/3029/2581 2673/3033/2584 2672/3034/2583
f 2670/3029/2581 2671/3032/2582 2674/3035/2585 2673/3033/2584
f 48/740/48 1008/3036/1000 2666/3027/2577 1198/3002/1186
f 1008/3036/1000 1007/738/999 2667/3028/2578 2666/3027/2577
f 1007/738/999 1006/3037/998 2668/3031/2579 2667/3028/2578
f 1006/3037/998 50/735/50 1204/3038/1192 2668/3031/2579
f 2668/3031/2579 1204/3038/1192 1205/3039/1193 2671/3032/2582
f 2671/3032/2582 1205/3039/1193 1206/3040/1194 2674/3035/2585
f 2674/3035/2585 1206/3040/1194 178/3041/178 406/3042/406
f 2673/3033/2584 2674/3035/2585 406/3042/406 407/3043/407
f 2672/3034/2583 2673/3033/2584 407/3043/407 408/3044/408
f 1200/3004/1188 2672/3034/2583 408/3044/408 176/3005/176
f 1199/3003/1187 2669/3030/2580 2672/3034/2583 1200/3004/1188
f 1198/3002/1186 2666/3027/2577 2669/3030/2580 1199/3003/1187
f 2675/3045/2586 2676/3046/2587 2679/3047/2590 2678/3048/2589
f 2676/3046/2587 2677/3049/2588 2680/3050/2591 2679/3047/2590
f 2678/3048/2589 2679/3047/2590 2682/3051/2593 2681/3052/2592
f 2679/3047/2590 2680/3050/2591 2683/3053/2594 2682/3051/2593
f 51/1095/51 1011/3054/1003 2675/3045/2586 1209/3055/1197
f 1011/3054/1003 1010/1093/1002 2676/3046/2587 2675/3045/2586
f 1010/1093/1002 1009/3056/1001 2677/3049/2588 2676/3046/2587
f 1009/3056/1001 49/1090/49 1203/3019/1191 2677/3049/2588
f 2677/3049/2588 1203/3019/1191 1202/3026/1190 2680/3050/2591
f 2680/3050/2591 1202/3026/1190 1201/3024/1189 2683/3053/2594
f 2683/3053/2594 1201/3024/1189 177/3025/177 412/3057/412
f 2682/3051/2593 2683/3053/2594 412/3057/412 413/3058/413
f 2681/3052/2592 2682/3051/2593 413/3058/413 414/3059/414
f 1207/3060/1195 2681/3052/2592 414/3059/414 179/3061/179
f 1208/3062/1196 2678/3048/2589 2681/3052/2592 1207/3060/1195
f 1209/3055/1197 2675/3045/2586 2678/3048/2589 1208/3062/1196
f 2684/3063/2595 2685/3064/2596 2688/3065/2599 2687/3066/2598
f 2685/3064/2596 2686/3067/2597 2689/3068/2600 2688/3065/2599
f 2687/3066/2598 2688/3065/2599 2691/3069/2602 2690/3070/2601
f 2688/3065/2599 2689/3068/2600 2692/3071/2603 2691/3069/2602
f 50/735/50 1014/3072/1006 2684/3063/2595 1204/3038/1192
f 1014/3072/1006 1013/3073/1005 2685/3064/2596 2684/3063/2595
f 1013/3073/1005 1012/3074/1004 2686/3067/2597 2685/3064/2596
f 1012/3074/1004 52/730/52 1210/3075/1198 2686/3067/2597
f 2686/3067/2597 1210/3075/1198 1211/3076/1199 2689/3068/2600
f 2689/3068/2600 1211/3076/1199 1212/3077/1200 2692/3071/2603
f 2692/3071/2603 1212/3077/1200 180/3078/180 415/3079/415
f 2691/3069/2602 2692/3071/2603 415/3079/415 416/3080/416
f 2690/3070/2601 2691/3069/2602 416/3080/416 417/3081/417
f 1206/3040/1194 2690/3070/2601 417/3081/417 178/3041/178
f 1205/3039/1193 2687/3066/2598 2690/3070/2601 1206/3040/1194
f 1204/3038/1192 2684/3063/2595 2687/3066/2598 1205/3039/1193
f 2693/3082/2604 2694/3083/2605 2697/3084/2608 2696/3085/2607
f 2694/3083/2605 2695/3086/2606 2698/3087/2609 2697/3084/2608
f 2696/3085/2607 2697/3084/2608 2700/3088/2611 2699/3089/2610
f 2697/3084/2608 2698/3087/2609 2701/3090/2612 2700/3088/2611
f 53/1100/53 1017/3091/973 2693/3082/2604 1215/3092/1203
f 1017/3091/973 1016/1104/1008 2694/3083/2605 2693/3082/2604
f 1016/1104/1008 1015/3093/1007 2695/3086/2606 2694/3083/2605
f 1015/3093/1007 51/1095/51 1209/3055/1197 2695/3086/2606
f 2695/3086/2606 1209/3055/1197 1208/3062/1196 2698/3087/2609
f 2698/3087/2609 1208/3062/1196 1207/3060/1195 2701/3090/2612
f 2701/3090/2612 1207/3060/1195 179/3061/179 421/3094/421
f 2700/3088/2611 2701/3090/2612 421/3094/421 422/3095/422
f 2699/3089/2610 2700/3088/2611 422/3095/422 423/3096/423
f 1213/3097/1201 2699/3089/2610 423/3096/423 181/3098/181
f 1214/3099/1202 2696/3085/2607 2699/3089/2610 1213/3097/1201
f 1215/3092/1203 2693/3082/2604 2696/3085/2607 1214/3099/1202
f 2702/3100/2613 2703/3101/2614 2706/3102/2617 2705/3103/2616
f 2703/3101/2614 2704/3104/2615 2707/3105/2618 2706/3102/2617
f 2705/3103/2616 2706/3102/2617 2709/3106/2620 2708/3107/2619
f 2706/3102/2617 2707/3105/2618 2710/3108/2621 2709/3106/2620
f 52/730/52 1020/3109/1011 2702/3100/2613 1210/3075/1198
f 1020/3109/1011 1019/734/1010 2703/3101/2614 2702/3100/2613
f 1019/734/1010 1018/3110/1009 2704/3104/2615 2703/3101/2614
f 1018/3110/1009 54/726/54 1216/3111/1204 2704/3104/2615
f 2704/3104/2615 1216/3111/1204 1217/3112/1205 2707/3105/2618
f 2707/3105/2618 1217/3112/1205 1218/3113/1206 2710/3108/2621
f 2710/3108/2621 1218/3113/1206 182/3114/182 424/3115/424
f 2709/3106/2620 2710/3108/2621 424/3115/424 425/3116/425
f 2708/3107/2619 2709/3106/2620 425/3116/425 426/3117/426
f 1212/3077/1200 2708/3107/2619 426/3117/426 180/3078/180
f 1211/3076/1199 2705/3103/2616 2708/3107/2619 1212/3077/1200
f 1210/3075/1198 2702/3100/2613 2705/3103/2616 1211/3076/1199
f 2711/3118/2622 2712/3119/2623 2715/3120/2626 2714/3121/2625
f 2712/3119/2623 2713/3122/2624 2716/3123/2627 2715/3120/2626
f 2714/3121/2625 2715/3120/2626 2718/3124/2629 2717/3125/2628
f 2715/3120/2626 2716/3123/2627 2719/3126/2630 2718/3124/2629
f 55/1105/55 1023/3127/1014 2711/3118/2622 1221/3128/1209
f 1023/3127/1014 1022/3129/1013 2712/3119/2623 2711/3118/2622
f 1022/3129/1013 1021/3130/1012 2713/3122/2624 2712/3119/2623
f 1021/3130/1012 53/1100/53 1215/3092/1203 2713/3122/2624
f 2713/3122/2624 1215/3092/1203 1214/3099/1202 2716/3123/2627
f 2716/3123/2627 1214/3099/1202 1213/3097/1201 2719/3126/2630
f 2719/3126/2630 1213/3097/1201 181/3098/181 430/3131/430
f 2718/3124/2629 2719/3126/2630 430/3131/430 431/3132/431
f 2717/3125/2628 2718/3124/2629 431/3132/431 432/3133/432
f 1219/3134/1207 2717/3125/2628 432/3133/432 183/3135/183
f 1220/3136/1208 2714/3121/2625 2717/3125/2628 1219/3134/1207
f 1221/3128/1209 2711/3118/2622 2714/3121/2625 1220/3136/1208
f 2720/3137/2631 2721/3138/2632 2724/3139/2635 2723/3140/2634
f 2721/3138/2632 2722/3141/2633 2725/3142/2636 2724/3139/2635
f 2723/3140/2634 2724/3139/2635 2727/3143/2638 2726/3144/2637
f 2724/3139/2635 2725/3142/2636 2728/3145/2639 2727/3143/2638
f 54/726/54 1026/3146/1017 2720/3137/2631 1216/3111/1204
f 1026/3146/1017 1025/3147/1016 2721/3138/2632 2720/3137/2631
f 1025/3147/1016 1024/3148/1015 2722/3141/2633 2721/3138/2632
f 1024/3148/1015 56/721/56 1222/3149/1210 2722/3141/2633
f 2722/3141/2633 1222/3149/1210 1223/3150/1211 2725/3142/2636
f 2725/3142/2636 1223/3150/1211 1224/3151/1212 2728/3145/2639
f 2728/3145/2639 1224/3151/1212 184/3152/184 433/3153/433
f 2727/3143/2638 2728/3145/2639 433/3153/433 434/3154/434
f 2726/3144/2637 2727/3143/2638 434/3154/434 435/3155/435
f 1218/3113/1206 2726/3144/2637 435/3155/435 182/3114/182
f 1217/3112/1205 2723/3140/2634 2726/3144/2637 1218/3113/1206
f 1216/3111/1204 2720/3137/2631 2723/3140/2634 1217/3112/1205
f 2729/3156/2640 2730/3157/2641 2733/3158/2644 2732/3159/2643
f 2730/3157/2641 2731/3160/2642 2734/3161/2645 2733/3158/2644
f 2732/3159/2643 2733/3158/2644 2736/3162/2647 2735/3163/2646
f 2733/3158/2644 2734/3161/2645 2737/3164/2648 2736/3162/2647
f 57/1110/57 1029/1112/1020 2729/3156/2640 1227/3165/1215
f 1029/1112/1020 1028/3166/1019 2730/3157/2641 2729/3156/2640
f 1028/3166/1019 1027/3167/1018 2731/3160/2642 2730/3157/2641
f 1027/3167/1018 55/1105/55 1221/3128/1209 2731/3160/2642
f 2731/3160/2642 1221/3128/1209 1220/3136/1208 2734/3161/2645
f 2734/3161/2645 1220/3136/1208 1219/3134/1207 2737/3164/2648
f 2737/3164/2648 1219/3134/1207 183/3135/183 439/3168/439
f 2736/3162/2647 2737/3164/2648 439/3168/439 440/3169/440
f 2735/3163/2646 2736/3162/2647 440/3169/440 441/3170/441
f 1225/3171/1213 2735/3163/2646 441/3170/441 185/3172/185
f 1226/3173/1214 2732/3159/2643 2735/3163/2646 1225/3171/1213
f 1227/3165/1215 2729/3156/2640 2732/3159/2643 1226/3173/1214
f 2738/3174/2649 2739/3175/2650 2742/3176/2653 2741/3177/2652
f 2739/3175/2650 2740/3178/2651 2743/3179/2654 2742/3176/2653
f 2741/3177/2652 2742/3176/2653 2745/3180/2656 2744/3181/2655
f 2742/3176/2653 2743/3179/2654 2746/3182/2657 2745/3180/2656
f 56/721/56 1032/3183/1023 2738/3174/2649 1222/3149/1210
f 1032/3183/1023 1031/719/1022 2739/3175/2650 2738/3174/2649
f 1031/719/1022 1030/3184/1021 2740/3178/2651 2739/3175/2650
f 1030/3184/1021 58/716/58 1228/3185/1216 2740/3178/2651
f 2740/3178/2651 1228/3185/1216 1229/3186/1217 2743/3179/2654
f 2743/3179/2654 1229/3186/1217 1230/3187/1218 2746/3182/2657
f 2746/3182/2657 1230/3187/1218 186/3188/186 442/3189/442
f 2745/3180/2656 2746/3182/2657 442/3189/442 443/3190/443
f 2744/3181/2655 2745/3180/2656 443/3190/443 444/3191/444
f 1224/3151/1212 2744/3181/2655 444/3191/444 184/3152/184
f 1223/3150/1211 2741/3177/2652 2744/3181/2655 1224/3151/1212
f 1222/3149/1210 2738/3174/2649 2741/3177/2652 1223/3150/1211
f 2747/3192/2658 2748/3193/2659 2751/3194/2662 2750/3195/2661
f 2748/3193/2659 2749/3196/2660 2752/3197/2663 2751/3194/2662
f 2750/3195/2661 2751/3194/2662 2754/3198/2665 2753/3199/2664
f 2751/3194/2662 2752/3197/2663 2755/3200/2666 2754/3198/2665
f 59/1115/59 1035/3201/990 2747/3192/2658 1233/3202/1221
f 1035/3201/990 1034/3203/1024 2748/3193/2659 2747/3192/2658
f 1034/3203/1024 1033/3204/879 2749/3196/2660 2748/3193/2659
f 1033/3204/879 57/1110/57 1227/3165/1215 2749/3196/2660
f 2749/3196/2660 1227/3165/1215 1226/3173/1214 2752/3197/2663
f 2752/3197/2663 1226/3173/1214 1225/3171/1213 2755/3200/2666
f 2755/3200/2666 1225/3171/1213 185/3172/185 448/3205/448
f 2754/3198/2665 2755/3200/2666 448/3205/448 449/3206/449
f 2753/3199/2664 2754/3198/2665 449/3206/449 450/3207/450
f 1231/3208/1219 2753/3199/2664 450/3207/450 187/3209/187
f 1232/3210/1220 2750/3195/2661 2753/3199/2664 1231/3208/1219
f 1233/3202/1221 2747/3192/2658 2750/3195/2661 1232/3210/1220
f 2756/3211/2667 2757/3212/2668 2760/3213/2671 2759/3214/2670
f 2757/3212/2668 2758/3215/2669 2761/3216/2672 2760/3213/2671
f 2759/3214/2670 2760/3213/2671 2763/3217/2674 2762/3218/2673
f 2760/3213/2671 2761/3216/2672 2764/3219/2675 2763/3217/2674
f 58/716/58 1038/3220/1027 2756/3211/2667 1228/3185/1216
f 1038/3220/1027 1037/3221/1026 2757/3212/2668 2756/3211/2667
f 1037/3221/1026 1036/712/1025 2758/3215/2669 2757/3212/2668
f 1036/712/1025 60/711/60 1234/3222/1222 2758/3215/2669
f 2758/3215/2669 1234/3222/1222 1235/3223/1223 2761/3216/2672
f 2761/3216/2672 1235/3223/1223 1236/3224/1224 2764/3219/2675
f 2764/3219/2675 1236/3224/1224 188/3225/188 451/3226/451
f 2763/3217/2674 2764/3219/2675 451/3226/451 452/3227/452
f 2762/3218/2673 2763/3217/2674 452/3227/452 453/3228/453
f 1230/3187/1218 2762/3218/2673 453/3228/453 186/3188/186
f 1229/3186/1217 2759/3214/2670 2762/3218/2673 1230/3187/1218
f 1228/3185/1216 2756/3211/2667 2759/3214/2670 1229/3186/1217
f 2765/3229/2676 2766/3230/2677 2769/3231/2680 2768/3232/2679
f 2766/3230/2677 2767/3233/2678 2770/3234/2681 2769/3231/2680
f 2768/3232/2679 2769/3231/2680 2772/3235/2683 2771/3236/2682
f 2769/3231/2680 2770/3234/2681 2773/3237/2684 2772/3235/2683
f 61/1120/61 1041/3238/1030 2765/3229/2676 1239/3239/1227
f 1041/3238/1030 1040/3240/1029 2766/3230/2677 2765/3229/2676
f 1040/3240/1029 1039/3241/1028 2767/3233/2678 2766/3230/2677
f 1039/3241/1028 59/1115/59 1233/3202/1221 2767/3233/2678
f 2767/3233/2678 1233/3202/1221 1232/3210/1220 2770/3234/2681
f 2770/3234/2681 1232/3210/1220 1231/3208/1219 2773/3237/2684
f 2773/3237/2684 1231/3208/1219 187/3209/187 457/3242/457
f 2772/3235/2683 2773/3237/2684 457/3242/457 458/3243/458
f 2771/3236/2682 2772/3235/2683 458/3243/458 459/3244/459
f 1237/3245/1225 2771/3236/2682 459/3244/459 189/3246/189
f 1238/3247/1226 2768/3232/2679 2771/3236/2682 1237/3245/1225
f 1239/3239/1227 2765/3229/2676 2768/3232/2679 1238/3247/1226
f 2774/3248/2685 2775/3249/2686 2778/3250/2689 2777/3251/2688
f 2775/3249/2686 2776/3252/2687 2779/3253/2690 2778/3250/2689
f 2777/3251/2688 2778/3250/2689 2781/3254/2692 2780/3255/2691
f 2778/3250/2689 2779/3253/2690 2782/3256/2693 2781/3254/2692
f 60/711/60 1044/3257/1033 2774/3248/2685 1234/3222/1222
f 1044/3257/1033 1043/3258/1032 2775/3249/2686 2774/3248/2685
f 1043/3258/1032 1042/3259/1031 2776/3252/2687 2775/3249/2686
f 1042/3259/1031 62/706/62 1240/3260/1228 2776/3252/2687
f 2776/3252/2687 1240/3260/1228 1241/3261/1229 2779/3253/2690
f 2779/3253/2690 1241/3261/1229 1242/3262/1230 2782/3256/2693
f 2782/3256/2693 1242/3262/1230 190/3263/190 460/3264/460
f 2781/3254/2692 2782/3256/2693 460/3264/460 461/3265/461
f 2780/3255/2691 2781/3254/2692 461/3265/461 462/3266/462
f 1236/3224/1224 2780/3255/2691 462/3266/462 188/3225/188
f 1235/3223/1223 2777/3251/2688 2780/3255/2691 1236/3224/1224
f 1234/3222/1222 2774/3248/2685 2777/3251/2688 1235/3223/1223
f 2783/3267/2694 2784/3268/2695 2787/3269/2698 2786/3270/2697
f 2784/3268/2695 2785/3271/2696 2788/3272/2699 2787/3269/2698
f 2786/3270/2697 2787/3269/2698 2790/3273/2701 2789/3274/2700
f 2787/3269/2698 2788/3272/2699 2791/3275/2702 2790/3273/2701
f 63/1125/63 1047/3276/1036 2783/3267/2694 1245/3277/1233
f 1047/3276/1036 1046/1123/1035 2784/3268/2695 2783/3267/2694
f 1046/1123/1035 1045/3278/1034 2785/3271/2696 2784/3268/2695
f 1045/3278/1034 61/1120/61 1239/3239/1227 2785/3271/2696
f 2785/3271/2696 1239/3239/1227 1238/3247/1226 2788/3272/2699
f 2788/3272/2699 1238/3247/1226 1237/3245/1225 2791/3275/2702
f 2791/3275/2702 1237/3245/1225 189/3246/189 466/3279/466
f 2790/3273/2701 2791/3275/2702 466/3279/466 467/3280/467
f 2789/3274/2700 2790/3273/2701 467/3280/467 468/3281/468
f 1243/3282/1231 2789/3274/2700 468/3281/468 191/3283/191
f 1244/3284/1232 2786/3270/2697 2789/3274/2700 1243/3282/1231
f 1245/3277/1233 2783/3267/2694 2786/3270/2697 1244/3284/1232
f 2792/3285/2703 2793/3286/2704 2796/3287/2707 2795/3288/2706
f 2793/3286/2704 2794/3289/2705 2797/3290/2708 2796/3287/2707
f 2795/3288/2706 2796/3287/2707 2799/3291/2710 2798/3292/2709
f 2796/3287/2707 2797/3290/2708 2800/3293/2711 2799/3291/2710
f 62/706/62 1050/3294/1039 2792/3285/2703 1240/3260/1228
f 1050/3294/1039 1049/710/1038 2793/3286/2704 2792/3285/2703
f 1049/710/1038 1048/3295/1037 2794/3289/2705 2793/3286/2704
f 1048/3295/1037 64/702/64 1246/3296/1234 2794/3289/2705
f 2794/3289/2705 1246/3296/1234 1247/3297/1235 2797/3290/2708
f 2797/3290/2708 1247/3297/1235 1248/3298/1236 2800/3293/2711
f 2800/3293/2711 1248/3298/1236 192/3299/192 469/3300/469
f 2799/3291/2710 2800/3293/2711 469/3300/469 470/3301/470
f 2798/3292/2709 2799/3291/2710 470/3301/470 471/3302/471
f 1242/3262/1230 2798/3292/2709 471/3302/471 190/3263/190
f 1241/3261/1229 2795/3288/2706 2798/3292/2709 1242/3262/1230
f 1240/3260/1228 2792/3285/2703 2795/3288/2706 1241/3261/1229
f 2801/3303/2712 2802/3304/2713 2805/3305/2716 2804/3306/2715
f 2802/3304/2713 2803/3307/2714 2806/3308/2717 2805/3305/2716
f 2804/3306/2715 2805/3305/2716 2808/3309/2719 2807/3310/2718
f 2805/3305/2716 2806/3308/2717 2809/3311/2720 2808/3309/2719
f 1/974/1 1053/3312/1007 2801/3303/2712 1060/2173/1048
f 1053/3312/1007 1052/3313/1041 2802/3304/2713 2801/3303/2712
f 1052/3313/1041 1051/3314/1040 2803/3307/2714 2802/3304/2713
f 1051/3314/1040 63/1125/63 1245/3277/1233 2803/3307/2714
f 2803/3307/2714 1245/3277/1233 1244/3284/1232 2806/3308/2717
f 2806/3308/2717 1244/3284/1232 1243/3282/1231 2809/3311/2720
f 2809/3311/2720 1243/3282/1231 191/3283/191 475/3315/475
f 2808/3309/2719 2809/3311/2720 475/3315/475 476/3316/476
f 2807/3310/2718 2808/3309/2719 476/3316/476 477/3317/477
f 1062/2175/1050 2807/3310/2718 477/3317/477 129/2176/129
f 1061/2174/1049 2804/3306/2715 2807/3310/2718 1062/2175/1050
f 1060/2173/1048 2801/3303/2712 2804/3306/2715 1061/2174/1049
f 2810/3318/2721 2811/3319/2722 2814/3320/2725 2813/3321/2724
f 2811/3319/2722 2812/3322/2723 2815/3323/2726 2814/3320/2725
f 2813/3321/2724 2814/3320/2725 2817/3324/2728 2816/3325/2727
f 2814/3320/2725 2815/3323/2726 2818/3326/2729 2817/3324/2728
f 64/702/64 1056/704/1044 2810/3318/2721 1246/3296/1234
f 1056/704/1044 1055/3327/1043 2811/3319/2722 2810/3318/2721
f 1055/3327/1043 1054/3328/1042 2812/3322/2723 2811/3319/2722
f 1054/3328/1042 2/698/2 1065/2193/1053 2812/3322/2723
f 2812/3322/2723 1065/2193/1053 1064/2204/1052 2815/3323/2726
f 2815/3323/2726 1064/2204/1052 1063/2202/1051 2818/3326/2729
f 2818/3326/2729 1063/2202/1051 132/2203/132 478/3329/478
f 2817/3324/2728 2818/3326/2729 478/3329/478 479/3330/479
f 2816/3325/2727 2817/3324/2728 479/3330/479 480/3331/480
f 1248/3298/1236 2816/3325/2727 480/3331/480 192/3299/192
f 1247/3297/1235 2813/3321/2724 2816/3325/2727 1248/3298/1236
f 1246/3296/1234 2810/3318/2721 2813/3321/2724 1247/3297/1235
